# Blender 4.2.1 LTS
# www.blender.org
mtllib Dragon.mtl
o Dragon_Cuerpo
v 0.763718 3.151720 2.474756
v 0.702500 3.154000 2.401400
v 0.712118 3.159520 2.512156
v 0.805018 3.115520 2.442156
v 0.734100 3.113200 2.355600
v 0.838918 3.071320 2.416556
v 0.782600 3.073400 2.338400
v 0.871218 3.028420 2.391756
v 0.820600 3.037000 2.314700
v 0.893618 2.981720 2.371256
v 0.847300 2.991800 2.297600
v 0.913318 2.932320 2.351456
v 0.870000 2.942300 2.279800
v 0.949718 2.891320 2.323556
v 0.979718 2.838720 2.299456
v 0.902400 2.895500 2.252000
v 0.935200 2.844400 2.222400
v 0.864400 2.894400 2.160700
v 0.826500 2.938100 2.199000
v 0.890100 2.839000 2.117800
v 0.832500 2.885300 2.083900
v 0.794200 2.930000 2.129800
v 0.857400 2.832500 2.024700
v 0.808100 2.872900 2.043000
v 0.773100 2.919800 2.089500
v 0.836200 2.831800 1.976000
v 0.795200 2.870200 2.015600
v 0.756000 2.901900 2.067800
v 0.714500 2.945100 2.079800
v 0.746800 2.896600 2.039400
v 0.786200 2.870200 1.988400
v 0.706900 2.936000 2.056900
v 0.757800 2.911700 2.009200
v 0.784800 2.877100 1.965800
v 0.716100 2.949200 2.028100
v 0.768500 2.928200 1.970400
v 0.783300 2.892600 1.948100
v 0.731800 2.969600 1.983800
v 0.771200 2.943100 1.905700
v 0.793300 2.893200 1.896900
v 0.737600 2.988200 1.917300
v 0.774400 2.969900 1.827500
v 0.806700 2.904500 1.826600
v 0.741100 3.016600 1.844300
v 0.756200 2.987000 1.729100
v 0.731900 3.039300 1.779300
v 0.777900 3.010500 1.702700
v 0.773500 2.909400 1.619200
v 0.811500 2.900000 1.735900
v 0.793800 2.857600 1.630500
v 0.795600 2.823300 1.757700
v 0.797400 2.836600 1.838100
v 0.797800 2.783700 1.783000
v 0.770800 2.762900 1.679600
v 0.782500 2.799400 1.653500
v 0.749500 2.771400 1.538800
v 0.742700 2.744100 1.558000
v 0.729600 2.728400 1.427000
v 0.720600 2.749900 1.418300
v 0.752600 2.809500 1.521500
v 0.706800 2.781900 1.410400
v 0.717600 2.813700 1.407200
v 0.749700 2.844300 1.511800
v 0.761300 2.862900 1.510400
v 0.734200 2.831400 1.428200
v 0.783600 2.931000 1.611800
v 0.776900 2.879400 1.492100
v 0.725400 2.844800 1.394000
v 0.783800 2.917500 1.471300
v 0.801900 2.947400 1.600500
v 0.793600 3.026100 1.691700
v 0.819900 2.981700 1.576700
v 0.812200 3.055400 1.668400
v 0.805000 3.036700 1.546600
v 0.771300 2.973400 1.448100
v 0.808000 3.104400 1.635000
v 0.770600 3.110500 1.510700
v 0.728800 3.046000 1.419300
v 0.779300 3.174400 1.600600
v 0.770400 3.383200 1.687700
v 0.098900 3.848100 1.319900
v 0.776700 3.236700 1.665200
v 0.773200 3.290500 1.714500
v 0.771000 3.329300 1.768300
v 0.748100 3.392900 1.736300
v 0.750500 3.423900 1.782400
v 0.729600 3.442900 1.728700
v 0.734000 3.460200 1.770000
v 0.726200 3.485900 1.742500
v 0.723000 3.484900 1.766900
v 0.715400 3.528300 1.755600
v 0.715000 3.516000 1.783000
v 0.680600 3.561900 1.766600
v 0.700400 3.562800 1.803100
v 0.663300 3.623500 1.797600
v 0.682300 3.621600 1.826300
v 0.626000 3.688300 1.831600
v 0.226400 3.892600 1.554500
v 0.666100 3.689500 1.858600
v 0.621400 3.780800 1.890200
v 0.665600 3.768100 1.908200
v 0.630300 3.878800 1.949000
v 0.672000 3.848900 1.959600
v 0.574500 3.893900 1.971500
v 0.525500 3.923399 1.973400
v 0.471000 3.960500 1.953700
v 0.404300 4.018700 1.955900
v 0.249100 3.913200 1.708400
v 0.367700 3.988800 1.901000
v 0.149300 3.952899 1.603300
v 0.211300 3.971400 1.701300
v 0.262400 3.969500 1.782800
v 0.093800 3.983700 1.485400
v 0.317000 3.973400 1.843300
v 0.262200 4.022600 1.845600
v 0.308700 4.037600 1.903100
v 0.216900 4.015200 1.781900
v 0.215700 4.051400 1.859800
v 0.255200 4.071000 1.918000
v 0.178400 4.038400 1.795300
v 0.175000 4.071499 1.881900
v 0.133200 4.095699 1.910500
v 0.144500 4.055600 1.816500
v 0.206600 4.093200 1.943800
v 0.234000 4.121600 2.001400
v 0.160300 4.115900 1.975300
v 0.185200 4.139999 2.037300
v 0.115800 4.126699 2.012500
v 0.090400 4.095900 2.051500
v 0.092800 4.104300 1.947000
v 0.139000 4.148700 2.076100
v 0.108500 4.121099 2.117700
v 0.091500 4.079100 2.157500
v 0.082100 4.037199 2.200200
v 0.075500 4.054299 2.087400
v 0.067600 4.011199 2.125500
v 0.058200 4.036200 2.014800
v 0.049400 3.994200 2.047900
v 0.037000 4.020599 1.943900
v 0.071600 4.074600 1.982600
v 0.049900 4.056000 1.914600
v 0.019000 4.039000 1.838900
v 0.068500 4.084300 1.881400
v 0.106100 4.078499 1.845000
v 0.036200 4.065400 1.805800
v 0.071600 4.059800 1.769400
v -0.009500 4.044000 1.709700
v 0.023000 4.036600 1.672400
v -0.026400 4.022900 1.746800
v -0.053700 4.017000 1.613200
v -0.069800 4.003900 1.655400
v -0.025700 4.014800 1.568900
v -0.088200 3.997000 1.537400
v -0.061400 3.995500 1.476300
v -0.120900 3.976500 1.484200
v -0.101300 3.984200 1.585000
v -0.134200 3.969200 1.537700
v -0.103700 3.954299 1.631800
v -0.136100 3.937600 1.587700
v -0.071000 3.970400 1.696800
v -0.099200 3.900600 1.692400
v -0.136600 3.888900 1.660400
v -0.098400 3.851900 1.756800
v -0.065900 3.918400 1.745800
v -0.064400 3.863500 1.795100
v -0.032700 3.941200 1.817900
v -0.035500 3.887900 1.853800
v -0.031100 3.988200 1.781000
v -0.001900 3.964000 1.897800
v 0.025900 3.980000 1.973100
v 0.007800 4.005700 1.868400
v -0.012900 3.916200 1.926300
v 0.011400 3.936600 2.002900
v -0.020800 3.861800 1.949700
v -0.042400 3.835000 1.883100
v -0.023300 3.807000 1.971800
v -0.009400 3.891300 2.032000
v -0.013900 3.841000 2.057700
v 0.025100 3.912100 2.114000
v 0.014500 3.873500 2.148000
v 0.051800 3.935300 2.200300
v 0.039700 3.951900 2.081600
v 0.060200 3.970600 2.164400
v 0.076100 3.999000 2.243000
v 0.072100 3.966700 2.282500
v 0.077800 3.937200 2.322500
v 0.103600 3.907500 2.364400
v 0.043900 3.904000 2.240000
v 0.055100 3.870900 2.284600
v 0.017200 3.835000 2.186700
v 0.083700 3.841300 2.327100
v 0.147400 3.881700 2.397100
v 0.128500 3.816900 2.360000
v 0.055500 3.774200 2.280900
v 0.031500 3.801400 2.230200
v 0.000800 3.757000 2.126900
v -0.006000 3.710400 2.032800
v 0.010700 3.728000 2.184100
v -0.009000 3.795100 2.087500
v -0.020700 3.757900 1.997600
v -0.041200 3.729900 1.932600
v -0.044300 3.781800 1.906700
v -0.083700 3.715900 1.891500
v -0.088000 3.676800 1.942800
v -0.023500 3.667400 1.964500
v -0.038600 3.643700 2.041900
v -0.055200 3.640000 2.114900
v -0.091800 3.648200 2.015100
v -0.000500 3.672100 2.093000
v -0.016300 3.661600 2.163200
v 0.028100 3.703800 2.239300
v -0.008400 3.645500 2.208200
v 0.011100 3.623400 2.236700
v -0.049400 3.611200 2.188300
v -0.056600 3.628800 2.158700
v 0.054000 3.681300 2.273200
v 0.124500 3.727700 2.344500
v 0.078700 3.658200 2.297700
v 0.101700 3.626400 2.322800
v 0.148500 3.704400 2.366000
v 0.169500 3.673400 2.389600
v 0.221600 3.751200 2.430000
v 0.199300 3.774500 2.410600
v 0.280500 3.798200 2.488300
v 0.242100 3.721300 2.449000
v 0.301400 3.769400 2.502900
v 0.265900 3.689900 2.460000
v 0.291900 3.662600 2.464100
v 0.192300 3.638000 2.409100
v 0.325500 3.741100 2.509100
v 0.351000 3.718900 2.509800
v 0.377000 3.699900 2.505800
v 0.319300 3.637500 2.464500
v 0.403100 3.681300 2.497500
v 0.425900 3.656800 2.483600
v 0.349200 3.614300 2.458300
v 0.375300 3.587100 2.445600
v 0.287000 3.540100 2.422200
v 0.251700 3.570600 2.421600
v 0.319500 3.509400 2.411500
v 0.226600 3.469800 2.375900
v 0.191000 3.508700 2.361700
v 0.263300 3.433600 2.373600
v 0.177400 3.413100 2.322600
v 0.145200 3.457100 2.302400
v 0.210200 3.371000 2.331900
v 0.137300 3.372900 2.281900
v 0.113100 3.418900 2.263600
v 0.159800 3.328000 2.297800
v 0.093000 3.348200 2.272800
v 0.085000 3.397700 2.268600
v 0.064300 3.443000 2.262900
v 0.078400 3.401600 2.305000
v 0.068300 3.412100 2.354400
v 0.058700 3.441200 2.290700
v 0.090500 3.363400 2.325200
v 0.103400 3.325600 2.352800
v 0.084600 3.380900 2.380800
v 0.068500 3.394800 2.441900
v 0.099100 3.348700 2.412400
v 0.111700 3.314200 2.451700
v 0.085900 3.358800 2.473400
v 0.096400 3.326000 2.519600
v 0.074400 3.367200 2.517800
v 0.053600 3.397700 2.507100
v 0.083800 3.346900 2.570000
v 0.097400 3.313900 2.644800
v 0.059100 3.391300 2.579400
v 0.019000 3.432400 2.567000
v 0.063500 3.382200 2.652300
v 0.024100 3.429900 2.644300
v -0.019300 3.459700 2.633100
v -0.058500 3.482000 2.619700
v -0.022100 3.456200 2.554700
v -0.060300 3.473700 2.541900
v -0.024100 3.460800 2.474400
v -0.058900 3.479800 2.465800
v -0.018600 3.472700 2.392400
v 0.014400 3.438300 2.476200
v 0.047600 3.423600 2.413600
v 0.010100 3.456300 2.390200
v 0.020100 3.467200 2.323700
v 0.034200 3.441500 2.379200
v 0.048600 3.442200 2.330700
v -0.011400 3.487900 2.322800
v 0.026700 3.472800 2.280100
v -0.010800 3.496900 2.278000
v 0.030400 3.476400 2.251300
v 0.045200 3.499100 2.241900
v -0.014100 3.500700 2.245900
v -0.062100 3.528400 2.248700
v -0.009800 3.513700 2.221600
v -0.014600 3.548700 2.223300
v -0.070300 3.534100 2.212900
v -0.076300 3.548100 2.180900
v -0.122200 3.567800 2.206900
v -0.112600 3.556900 2.251900
v -0.173700 3.586300 2.200900
v -0.131500 3.562300 2.159200
v -0.180500 3.576500 2.149100
v -0.139100 3.584300 2.135700
v -0.088300 3.579800 2.164200
v -0.096600 3.604000 2.143400
v -0.034000 3.582800 2.213700
v 0.033500 3.592300 2.261700
v 0.063300 3.544400 2.272200
v 0.125200 3.588200 2.346000
v 0.111900 3.501900 2.290700
v 0.083000 3.464800 2.253600
v 0.156600 3.547600 2.356100
v 0.221200 3.603600 2.416500
v -0.144200 3.604000 2.116800
v -0.098900 3.621100 2.121200
v -0.097500 3.637100 2.084200
v -0.145800 3.618900 2.094600
v -0.146400 3.637600 2.059300
v -0.194900 3.621900 2.080500
v -0.198800 3.634000 2.041500
v -0.190600 3.610000 2.105600
v -0.244300 3.626500 2.084200
v -0.252200 3.643800 2.048300
v -0.237700 3.611900 2.106600
v -0.291800 3.637900 2.097300
v -0.285700 3.621100 2.120300
v -0.301600 3.652900 2.059800
v -0.335300 3.654600 2.120700
v -0.383400 3.681500 2.157900
v -0.333000 3.638000 2.152200
v -0.344900 3.664400 2.076700
v -0.370300 3.664200 2.005200
v -0.385400 3.695700 2.111300
v -0.411800 3.702400 2.043500
v -0.423600 3.771100 2.115500
v -0.429600 3.749000 2.173900
v -0.445800 3.726400 2.212300
v -0.466500 3.829400 2.199000
v -0.493300 3.804100 2.244600
v -0.516100 3.780700 2.275100
v -0.569800 3.855200 2.307300
v -0.590400 3.833600 2.335700
v -0.537800 3.878900 2.270800
v -0.629000 3.910700 2.354700
v -0.648000 3.889000 2.381900
v -0.600400 3.932400 2.320500
v -0.565800 3.956300 2.283200
v -0.503500 3.905400 2.229100
v -0.534000 3.984700 2.240900
v -0.521300 4.012700 2.193200
v -0.487000 3.934500 2.180300
v -0.451300 3.885900 2.096200
v -0.487800 3.963700 2.133000
v -0.458700 3.920800 2.055600
v -0.505500 3.989700 2.093600
v -0.523300 4.019899 2.058000
v -0.477900 3.955600 2.021500
v -0.527200 4.038000 2.151500
v -0.542200 4.064499 2.112700
v -0.560200 4.096399 2.070700
v -0.540200 4.055300 2.019600
v -0.581200 4.131599 2.029700
v -0.608300 4.166200 1.993200
v -0.557200 4.093200 1.982000
v -0.579600 4.129200 1.948100
v -0.533500 4.066999 1.923500
v -0.517800 4.028999 1.956300
v -0.505400 4.044799 1.866000
v -0.552300 4.101200 1.893000
v -0.577600 4.125500 1.860900
v -0.522100 4.076799 1.838000
v -0.483600 4.055200 1.774300
v -0.543100 4.101099 1.807800
v -0.580000 4.090300 1.777900
v -0.502000 4.078300 1.743700
v -0.449400 4.053599 1.658000
v -0.536500 4.068900 1.712200
v -0.569100 4.046500 1.687700
v -0.480600 4.043200 1.624400
v -0.425300 4.019100 1.530600
v -0.511900 4.029799 1.595600
v -0.457900 4.017300 1.492000
v -0.542300 4.021800 1.572800
v -0.499900 4.015999 1.462300
v -0.580300 4.007900 1.555400
v -0.596300 4.031899 1.669600
v -0.628400 4.014500 1.658000
v -0.644100 4.042500 1.742300
v -0.676600 4.016500 1.736100
v -0.691000 4.055900 1.800100
v -0.614500 4.062900 1.756900
v -0.655000 4.080599 1.813500
v -0.697800 4.103700 1.866700
v -0.617100 4.110300 1.832800
v -0.655000 4.133800 1.887000
v -0.611300 4.152900 1.913700
v -0.692700 4.165999 1.931800
v -0.646500 4.184700 1.958100
v -0.739400 4.138199 1.908800
v -0.788800 4.106699 1.892500
v -0.836900 4.063499 1.892900
v -0.741600 4.074800 1.852100
v -0.786900 4.035600 1.849200
v -0.730000 4.022500 1.795800
v -0.833900 3.982399 1.860100
v -0.753900 3.912500 1.757500
v -0.774000 3.970000 1.804600
v -0.883100 4.009300 1.911000
v -0.934700 3.946100 1.924200
v -0.984800 3.904000 1.952000
v -1.032600 3.868500 1.959100
v -1.090600 3.844900 1.945600
v -1.066500 3.755000 1.884600
v -1.129000 3.810900 1.963200
v -1.152900 3.778800 1.988800
v -1.109200 3.735100 1.914000
v -1.137100 3.714600 1.945900
v -1.098300 3.664300 1.860500
v -1.125500 3.651700 1.904200
v -1.104800 3.596500 1.835700
v -1.123600 3.592000 1.870000
v -1.115700 3.543700 1.809600
v -1.128400 3.535700 1.840000
v -1.135800 3.482800 1.811300
v -1.142700 3.521900 1.870000
v -1.142200 3.579200 1.905500
v -1.151600 3.487600 1.910800
v -1.149100 3.459300 1.833700
v -1.154000 3.406100 1.794900
v -1.154300 3.417100 1.873700
v -1.161300 3.353500 1.832100
v -1.128700 3.373000 1.909200
v -1.130900 3.448200 1.946100
v -1.135700 3.302900 1.863400
v -1.102000 3.339000 1.929600
v -1.102600 3.415600 1.964800
v -1.109200 3.263500 1.888800
v -1.077500 3.313400 1.940900
v -1.058500 3.295800 1.946500
v -1.077100 3.388800 1.974900
v -1.084900 3.238400 1.897300
v -1.106000 3.170800 1.853400
v -1.068000 3.218300 1.909200
v -1.033800 3.202400 1.927500
v -1.085100 3.149800 1.859400
v -1.043400 3.137000 1.871500
v -1.108800 3.093000 1.807800
v -1.119900 3.030500 1.784200
v -1.139600 3.051600 1.764800
v -1.132200 3.117000 1.800200
v -1.070800 3.066500 1.822600
v -1.084300 3.031000 1.872300
v -1.009200 3.065200 1.892200
v -0.976300 3.049500 1.965700
v -1.017100 3.116500 1.949400
v -1.040900 3.038300 1.898500
v -1.013900 3.015900 1.941800
v -1.072000 3.006400 1.929700
v -1.057000 2.981700 1.988000
v -0.989500 2.981700 1.988700
v -0.978100 2.954900 2.038400
v -0.939500 3.011800 2.015400
v -0.915400 2.966300 2.056900
v -0.921100 3.053700 2.066500
v -0.888600 3.095900 2.105900
v -0.895800 3.015500 2.099700
v -0.967100 3.092800 2.021100
v -0.941100 3.137200 2.070500
v -1.008600 3.170000 2.007800
v -0.923800 3.175600 2.122100
v -0.907200 3.216200 2.186200
v -0.866800 3.129600 2.151300
v -0.994900 3.223100 2.055100
v -1.021900 3.274300 1.967000
v -1.002200 3.273300 2.095900
v -1.018400 3.345100 2.000900
v -1.026300 3.335000 2.121300
v -0.965600 3.289200 2.212000
v -1.054100 3.407100 2.141400
v -1.019600 3.408800 2.029500
v -1.024000 3.366200 2.233700
v -1.077800 3.451400 2.252300
v -0.956200 3.372600 2.290400
v -0.889800 3.296900 2.262300
v -1.019400 3.454900 2.314700
v -0.879900 3.398500 2.300400
v -0.805300 3.409300 2.298300
v -0.816900 3.324800 2.270200
v -0.943100 3.471900 2.335100
v -0.860000 3.484800 2.315800
v -0.998900 3.544100 2.367000
v -0.912600 3.558400 2.343100
v -1.070800 3.537600 2.335900
v -1.108300 3.544600 2.269100
v -1.107900 3.560500 2.193000
v -1.080400 3.482400 2.164200
v -1.073200 3.583200 2.138500
v -1.076700 3.601000 2.114500
v -1.050500 3.521000 2.098000
v -1.029600 3.466600 2.060800
v -1.059700 3.488300 2.037400
v -1.063100 3.542100 2.071900
v -1.086300 3.560800 2.069900
v -1.081300 3.507400 2.036000
v -1.114800 3.586900 2.065900
v -1.097600 3.621200 2.103200
v -1.125500 3.646300 2.098200
v -1.155200 3.676700 2.083500
v -1.144600 3.617900 2.052000
v -1.179800 3.708600 2.056200
v -1.167300 3.653200 2.018800
v -1.172900 3.746600 2.017100
v -1.159500 3.689100 1.978800
v -1.148000 3.634000 1.941300
v -1.157000 3.601000 1.982200
v -1.152200 3.547300 1.946500
v -1.138200 3.564900 2.015800
v -1.134900 3.510000 1.981400
v -1.108800 3.533800 2.030700
v -1.105600 3.478300 1.998300
v -1.078400 3.451800 2.005600
v -1.057700 3.432800 2.008000
v -1.057300 3.370300 1.979200
v -0.839800 3.580200 2.312200
v -0.791600 3.497400 2.307100
v -0.762300 3.523200 2.323700
v -0.809300 3.601900 2.346400
v -0.804500 3.629700 2.382600
v -0.794900 3.665300 2.419900
v -0.754600 3.555300 2.358200
v -0.702700 3.478000 2.332300
v -0.744500 3.592700 2.391900
v -0.726900 3.633200 2.410000
v -0.688600 3.514900 2.360700
v -0.633700 3.436900 2.327200
v -0.667400 3.554700 2.377000
v -0.608700 3.476700 2.340700
v -0.636400 3.589100 2.381500
v -0.702500 3.664500 2.416400
v -0.605000 3.621900 2.375200
v -0.574000 3.515500 2.337300
v -0.543400 3.554800 2.319000
v -0.523200 3.453900 2.288700
v -0.554800 3.411000 2.300700
v -0.480700 3.409200 2.249900
v -0.495400 3.497200 2.264600
v -0.458300 3.454100 2.230700
v -0.466600 3.540100 2.252200
v -0.431400 3.497100 2.220800
v -0.513400 3.594200 2.309800
v -0.423700 3.579100 2.233900
v -0.346400 3.573800 2.194600
v -0.393300 3.528300 2.211600
v -0.488500 3.634000 2.297000
v -0.405300 3.628500 2.218900
v -0.474800 3.671500 2.270100
v -0.461700 3.703000 2.241100
v -0.543000 3.726500 2.329100
v -0.531600 3.757100 2.301200
v -0.556700 3.691400 2.353200
v -0.615700 3.780000 2.384100
v -0.604300 3.809900 2.360000
v -0.631700 3.747800 2.400600
v -0.672700 3.835400 2.425800
v -0.689800 3.805000 2.438200
v -0.660800 3.864900 2.405100
v -0.710100 3.779800 2.445600
v -0.652200 3.718800 2.410000
v -0.732900 3.757200 2.448000
v -0.675200 3.691200 2.416200
v -0.756900 3.734400 2.446300
v -0.778000 3.705400 2.438900
v -0.579400 3.656400 2.365100
v -0.393700 3.659500 2.189600
v -0.338100 3.609800 2.180400
v -0.284000 3.596600 2.143000
v -0.233200 3.592000 2.126300
v -0.229700 3.569800 2.150700
v -0.285400 3.565000 2.162100
v -0.227600 3.574700 2.199800
v -0.339900 3.536700 2.197200
v -0.279600 3.548900 2.196700
v -0.275300 3.542600 2.234600
v -0.324000 3.521200 2.226600
v -0.315700 3.516600 2.259700
v -0.368700 3.503000 2.227500
v -0.354500 3.497000 2.257500
v -0.402900 3.473000 2.235400
v -0.422800 3.430100 2.239800
v -0.387600 3.469400 2.265200
v -0.408100 3.432500 2.278300
v -0.368900 3.469400 2.307000
v -0.349000 3.468800 2.356500
v -0.338200 3.491400 2.302700
v -0.390000 3.442300 2.329400
v -0.407200 3.413400 2.354400
v -0.361100 3.452800 2.389600
v -0.384200 3.427000 2.416100
v -0.318500 3.465300 2.454700
v -0.320000 3.480800 2.369800
v -0.272100 3.481800 2.457700
v -0.363500 3.430200 2.482000
v -0.313600 3.462200 2.542800
v -0.264700 3.478700 2.537200
v -0.311500 3.463200 2.618000
v -0.364500 3.426900 2.551800
v -0.399000 3.385800 2.539100
v -0.364800 3.422600 2.620200
v -0.417400 3.359200 2.609100
v -0.459700 3.283800 2.617100
v -0.440600 3.328200 2.530200
v -0.474700 3.270000 2.552800
v -0.419500 3.363600 2.490700
v -0.460100 3.309900 2.460700
v -0.488200 3.256400 2.487500
v -0.440500 3.350300 2.423600
v -0.469100 3.276600 2.398200
v -0.490800 3.228500 2.430000
v -0.459700 3.237100 2.349100
v -0.453200 3.320000 2.361000
v -0.447100 3.282900 2.313100
v -0.435100 3.359500 2.325300
v -0.424200 3.383300 2.385100
v -0.420800 3.396000 2.297700
v -0.440000 3.327100 2.260100
v -0.431100 3.382800 2.246700
v -0.487400 3.286200 2.279600
v -0.502600 3.364600 2.267500
v -0.528900 3.319300 2.277800
v -0.580900 3.368600 2.296500
v -0.649500 3.402500 2.298800
v -0.602000 3.330800 2.285200
v -0.555500 3.281000 2.284700
v -0.621900 3.300200 2.279100
v -0.660800 3.374600 2.264800
v -0.712300 3.448700 2.298900
v -0.696100 3.346600 2.266100
v -0.744600 3.422800 2.285100
v -0.750400 3.335400 2.274600
v -0.646800 3.265100 2.273100
v -0.703400 3.269100 2.256200
v -0.741100 3.218500 2.261000
v -0.690300 3.225700 2.294400
v -0.761000 3.264800 2.236100
v -0.804500 3.195900 2.233500
v -0.831800 3.241600 2.230100
v -0.853800 3.162800 2.193500
v -0.806800 3.173800 2.261900
v -0.814000 3.169000 2.276200
v -0.746800 3.205600 2.301800
v -0.854200 3.130900 2.221300
v -0.866100 3.130100 2.233200
v -0.862100 3.090400 2.179500
v -0.871800 3.053300 2.144300
v -0.888800 3.091800 2.197700
v -0.904100 3.097400 2.212400
v -0.897900 3.052400 2.164600
v -0.918900 3.061800 2.179800
v -0.915500 3.015400 2.126900
v -0.943800 2.984300 2.093900
v -0.936000 3.026800 2.143900
v -0.956300 3.034700 2.164700
v -0.960800 2.995800 2.112800
v -0.977700 3.001800 2.137000
v -0.999300 2.976000 2.092100
v -0.988300 2.967500 2.073900
v -1.046400 2.954600 2.082500
v -1.014100 2.983200 2.116100
v -1.041200 2.991800 2.165000
v -1.060200 2.964100 2.105000
v -1.089000 2.979800 2.146400
v -1.114100 2.942600 2.098400
v -1.098900 2.929300 2.077800
v -1.160500 2.901500 2.087500
v -1.139300 2.953400 2.139500
v -1.181900 2.908400 2.128700
v -1.179500 2.960700 2.213700
v -1.138300 2.995200 2.226300
v -1.214200 2.913300 2.199500
v -1.230100 2.962100 2.300000
v -1.200800 3.007600 2.316400
v -1.256900 2.912500 2.282800
v -1.294300 2.866100 2.255200
v -1.256800 2.869400 2.161500
v -1.333800 2.815500 2.225400
v -1.364700 2.752500 2.201300
v -1.289700 2.814400 2.118200
v -1.414678 2.663900 2.287688
v -1.407178 2.593000 2.292288
v -1.381100 2.681900 2.187700
v -0.915678 2.123100 2.649988
v -0.848278 2.217900 2.674289
v -1.009378 2.127400 2.590888
v -0.889200 2.113500 2.571900
v -0.817700 2.211100 2.595900
v -0.987200 2.113200 2.507900
v -0.834700 2.097800 2.466300
v -0.762600 2.189200 2.491400
v -0.930700 2.093900 2.405800
v -0.764700 2.063500 2.339400
v -0.679700 1.978100 2.197900
v -0.861700 2.063600 2.279800
v -0.698500 2.143900 2.357100
v -0.689000 2.233000 2.359700
v -0.617500 2.058500 2.198200
v -0.529200 2.073800 2.150500
v -0.515100 1.963600 2.023900
v -0.605200 2.150000 2.232300
v -0.606800 2.249200 2.301500
v -0.600000 2.355200 2.394500
v -0.687400 2.327500 2.382400
v -0.539600 2.176300 2.248800
v -0.488900 2.190100 2.207400
v -0.544500 2.283700 2.352000
v -0.476500 2.375300 2.396200
v -0.486200 2.288000 2.312100
v -0.538600 2.386200 2.422200
v -0.454400 2.422000 2.431000
v -0.522900 2.449700 2.447000
v -0.590600 2.469100 2.440800
v -0.653900 2.562900 2.513100
v -0.579200 2.533700 2.454200
v -0.638800 2.617100 2.513000
v -0.565300 2.564700 2.471700
v -0.506100 2.484100 2.463500
v -0.557400 2.578200 2.515700
v -0.629200 2.650900 2.514200
v -0.489400 2.513500 2.490800
v -0.462500 2.448300 2.507800
v -0.476000 2.541800 2.530400
v -0.473200 2.465500 2.549100
v -0.485500 2.488900 2.604400
v -0.501100 2.385100 2.575400
v -0.495900 2.369600 2.541600
v -0.482100 2.278000 2.608700
v -0.512200 2.405500 2.622200
v -0.525100 2.430400 2.678000
v -0.487700 2.298300 2.656800
v -0.394100 2.230600 2.685300
v -0.495200 2.323100 2.714400
v -0.401200 2.251400 2.747200
v -0.290000 2.306300 2.732800
v -0.228100 2.405600 2.704500
v -0.285200 2.283300 2.673200
v -0.231700 2.385700 2.644600
v -0.283800 2.266600 2.622600
v -0.237800 2.369700 2.593200
v -0.389200 2.215700 2.633400
v -0.283000 2.255200 2.590100
v -0.241800 2.358300 2.557600
v -0.387200 2.206700 2.602800
v -0.283800 2.246600 2.566500
v -0.247300 2.348800 2.528500
v -0.285600 2.238500 2.548500
v -0.387200 2.199200 2.583200
v -0.389200 2.192700 2.567700
v -0.481100 2.252200 2.555800
v -0.483500 2.241900 2.537900
v -0.480900 2.263200 2.577900
v -0.491600 2.357600 2.515900
v -0.489500 2.344600 2.492000
v -0.452600 2.434800 2.467600
v -0.485900 2.310900 2.447500
v -0.483100 2.216900 2.499300
v -0.489600 2.227000 2.366200
v -0.472800 2.149000 2.256000
v -0.476800 2.153000 2.405600
v -0.448900 2.102400 2.283400
v -0.394400 2.128400 2.418700
v -0.390800 2.094500 2.285800
v -0.297900 2.151400 2.411800
v -0.392600 2.174200 2.524000
v -0.290300 2.213300 2.505700
v -0.262600 2.308600 2.455900
v -0.241600 2.377500 2.399700
v -0.265400 2.226900 2.372900
v -0.253800 2.339000 2.502100
v -0.257700 2.425100 2.441300
v -0.253800 2.432600 2.478000
v -0.164000 2.447800 2.459500
v -0.156800 2.388400 2.432400
v -0.162200 2.290700 2.358400
v -0.066100 2.472500 2.454900
v -0.072800 2.364800 2.403900
v 0.045000 2.568400 2.530200
v -0.068200 2.528400 2.473200
v 0.028100 2.609000 2.537600
v -0.080200 2.553400 2.495500
v 0.017700 2.634200 2.543800
v -0.173400 2.476400 2.480500
v -0.091000 2.561100 2.540300
v -0.187800 2.503100 2.506100
v -0.235600 2.453500 2.565200
v -0.244800 2.440100 2.517800
v -0.203000 2.529800 2.547700
v -0.091100 2.564300 2.584100
v -0.191500 2.542100 2.615200
v -0.187600 2.563200 2.684000
v -0.083100 2.569500 2.638400
v -0.229000 2.471800 2.623700
v -0.225400 2.494300 2.688200
v -0.085500 2.590300 2.697700
v -0.006300 2.660900 2.652200
v -0.009900 2.675700 2.699300
v -0.004700 2.650400 2.611000
v 0.074100 2.743800 2.697300
v 0.124600 2.831100 2.727900
v 0.077800 2.730800 2.668000
v 0.065500 2.757800 2.733500
v 0.115000 2.842100 2.760600
v 0.143600 2.900800 2.756600
v 0.152600 2.888000 2.723100
v 0.162800 2.942500 2.738600
v 0.173100 2.924500 2.702000
v 0.175500 2.979800 2.719200
v 0.189200 2.955400 2.676500
v 0.179200 3.024500 2.699500
v 0.160700 3.084200 2.679900
v 0.196900 2.999200 2.649800
v 0.176600 3.068600 2.624700
v 0.220100 2.973200 2.591900
v 0.218200 3.015500 2.521200
v 0.203300 2.931900 2.639100
v 0.188200 3.062300 2.567400
v 0.228000 2.944000 2.566600
v 0.224400 2.990700 2.514300
v 0.212500 2.913400 2.613000
v 0.231500 2.931600 2.548000
v 0.225600 2.978000 2.492200
v 0.220400 2.898800 2.595900
v 0.243200 2.921000 2.534100
v 0.247600 2.984300 2.491200
v 0.272400 2.919800 2.544600
v 0.252000 2.870600 2.575900
v 0.229400 2.885400 2.583500
v 0.224300 2.841000 2.609700
v 0.208600 2.857000 2.621800
v 0.184300 2.827000 2.644700
v 0.199100 2.872800 2.634800
v 0.175300 2.842700 2.659200
v 0.191100 2.889200 2.650200
v 0.168400 2.858300 2.675300
v 0.183200 2.906300 2.671400
v 0.161200 2.873400 2.695200
v 0.132400 2.817300 2.701400
v 0.138300 2.803800 2.681300
v 0.143700 2.790500 2.664300
v 0.082400 2.721300 2.643500
v 0.089600 2.708000 2.627800
v 0.001300 2.649500 2.569100
v 0.149400 2.777300 2.648000
v 0.092800 2.692100 2.618500
v 0.163300 2.766500 2.630900
v 0.103800 2.679000 2.616300
v 0.137300 2.666600 2.632000
v 0.119100 2.568800 2.581200
v 0.191300 2.752900 2.638200
v 0.186200 2.658400 2.667000
v 0.246318 2.663820 2.716356
v 0.182800 2.567800 2.635400
v 0.223600 2.742800 2.673000
v 0.272817 2.738620 2.720456
v 0.261200 2.795600 2.664600
v 0.231800 2.797100 2.623500
v 0.292500 2.834400 2.653300
v 0.304218 2.791520 2.714956
v 0.335918 2.831220 2.705256
v 0.368217 2.864020 2.693756
v 0.322500 2.869100 2.640000
v 0.400217 2.894320 2.680456
v 0.351100 2.903600 2.624500
v 0.432618 2.926320 2.664556
v 0.378300 2.943300 2.606900
v 0.464718 2.960420 2.647856
v 0.403800 2.986100 2.591300
v 0.496217 2.997220 2.632656
v 0.530518 3.035120 2.615656
v 0.430200 3.029200 2.579700
v 0.361700 3.068300 2.513300
v 0.465000 3.064900 2.558700
v 0.503700 3.101700 2.534600
v 0.393700 3.101400 2.489800
v 0.431900 3.131600 2.461200
v 0.332200 3.135900 2.441100
v 0.370800 3.163200 2.409200
v 0.300500 3.103300 2.467200
v 0.303700 3.148000 2.416400
v 0.293400 3.150000 2.406000
v 0.268000 3.110800 2.444100
v 0.344500 3.175000 2.383400
v 0.336400 3.176900 2.371500
v 0.395800 3.193400 2.349600
v 0.388800 3.194100 2.337700
v 0.456900 3.169400 2.308800
v 0.419400 3.181400 2.375700
v 0.479300 3.162400 2.338800
v 0.477800 3.153700 2.430900
v 0.534100 3.156900 2.398100
v 0.547200 3.139300 2.510100
v 0.600200 3.158600 2.476500
v 0.606318 3.122220 2.579456
v 0.657618 3.151320 2.548856
v 0.567618 3.074620 2.596356
v 0.654600 3.164500 2.439300
v 0.591100 3.157100 2.361200
v 0.633300 3.139700 2.325100
v 0.538400 3.146400 2.301200
v 0.513900 3.141600 2.269800
v 0.575300 3.122800 2.266300
v 0.545400 3.113200 2.234600
v 0.595200 3.093000 2.234100
v 0.652500 3.108300 2.291300
v 0.604600 3.062200 2.199200
v 0.562700 3.082700 2.201600
v 0.577700 3.050500 2.167400
v 0.542800 3.073200 2.183300
v 0.557900 3.039700 2.147100
v 0.522600 3.060400 2.168200
v 0.529400 3.105700 2.217600
v 0.515600 3.097200 2.202600
v 0.503400 3.138000 2.253600
v 0.495700 3.133700 2.239700
v 0.444400 3.169600 2.283300
v 0.449300 3.169700 2.294900
v 0.440700 3.170500 2.268400
v 0.384100 3.195000 2.328600
v 0.330100 3.178200 2.361200
v 0.328500 3.186500 2.343700
v 0.383300 3.197200 2.313400
v 0.332300 3.208500 2.308200
v 0.380100 3.207200 2.271300
v 0.401200 3.250800 2.243500
v 0.440100 3.190400 2.237600
v 0.488100 3.161400 2.197900
v 0.470100 3.234100 2.231100
v 0.532200 3.289200 2.256100
v 0.539900 3.216200 2.181300
v 0.549600 3.179100 2.117400
v 0.624600 3.284700 2.084400
v 0.600400 3.290300 2.199100
v 0.657400 3.373000 2.213200
v 0.647600 3.345700 2.103700
v 0.628600 3.357100 1.989400
v 0.670200 3.422800 2.119700
v 0.625600 3.423600 2.017300
v 0.632100 3.483900 2.047500
v 0.658100 3.451700 1.991900
v 0.662600 3.386200 1.964900
v 0.656200 3.509600 2.021000
v 0.677100 3.472000 1.988800
v 0.675200 3.530700 2.018300
v 0.701500 3.500600 1.980600
v 0.680400 3.406100 1.959500
v 0.703300 3.434600 1.948500
v 0.684100 3.328300 1.926400
v 0.666700 3.309700 1.933000
v 0.705900 3.355500 1.914000
v 0.694300 3.249700 1.888200
v 0.716300 3.277600 1.874900
v 0.715600 3.182500 1.841500
v 0.678400 3.230400 1.897100
v 0.695800 3.160800 1.848700
v 0.654200 3.147200 1.862800
v 0.648600 3.212500 1.919100
v 0.633700 3.285800 1.956400
v 0.625400 3.178200 1.998900
v 0.614300 3.231600 2.045100
v 0.633500 3.124900 1.942800
v 0.562700 3.142600 2.066000
v 0.585500 3.099600 2.016500
v 0.513400 3.099700 2.107400
v 0.496100 3.059500 2.144100
v 0.495700 3.132600 2.149200
v 0.542000 3.060700 2.064700
v 0.516900 3.022300 2.101700
v 0.557700 3.019100 2.012600
v 0.594900 3.057500 1.963100
v 0.596400 2.964600 2.039200
v 0.606000 2.990100 1.985700
v 0.535700 2.973800 2.058600
v 0.564300 2.997100 2.095500
v 0.537600 3.025300 2.129600
v 0.606900 2.980800 2.074400
v 0.581100 3.010800 2.115300
v 0.618500 2.992200 2.094600
v 0.598000 3.019800 2.139300
v 0.660400 3.013100 2.166500
v 0.633200 3.002000 2.118600
v 0.627000 3.037500 2.180100
v 0.678400 3.068900 2.255300
v 0.645700 3.079900 2.249600
v 0.714800 3.044200 2.246500
v 0.756900 3.020200 2.226300
v 0.795400 2.985600 2.213700
v 0.706900 3.001900 2.148200
v 0.754600 2.974900 2.141600
v 0.677800 2.983300 2.107600
v 0.664100 2.971200 2.084500
v 0.729700 2.961500 2.101100
v 0.656200 2.962100 2.063000
v 0.660600 2.971500 2.033900
v 0.673900 2.991000 1.987400
v 0.687400 3.014500 1.927800
v 0.630100 3.024700 1.938600
v 0.624200 3.073600 1.888500
v 0.655000 3.046500 1.894300
v 0.698400 3.039900 1.867700
v 0.684600 3.075600 1.817000
v 0.719800 3.102900 1.799300
v 0.750000 3.060600 1.757700
v 0.742500 3.126200 1.792800
v 0.766000 3.164100 1.775400
v 0.770600 3.080200 1.749000
v 0.790700 3.113800 1.728100
v 0.795000 3.165100 1.697100
v 0.779600 3.218800 1.747700
v 0.759600 3.264300 1.802200
v 0.740200 3.316700 1.853200
v 0.739300 3.216000 1.826600
v 0.761400 3.371200 1.817700
v 0.729800 3.391000 1.893500
v 0.727700 3.469400 1.929200
v 0.750800 3.437300 1.857600
v 0.743500 3.511100 1.893800
v 0.741800 3.479800 1.820100
v 0.726600 3.503000 1.799400
v 0.730300 3.545500 1.855900
v 0.723400 3.606500 1.891000
v 0.713900 3.558700 1.827900
v 0.702200 3.618300 1.858200
v 0.695600 3.682200 1.892700
v 0.697100 3.749900 1.935000
v 0.721900 3.665600 1.926100
v 0.724500 3.725900 1.962900
v 0.736900 3.632400 1.963300
v 0.738600 3.574600 1.928700
v 0.740200 3.689400 1.998600
v 0.724700 3.593500 1.996300
v 0.724600 3.650600 2.031400
v 0.699700 3.559500 2.012000
v 0.726400 3.535000 1.963000
v 0.700000 3.616000 2.046300
v 0.705300 3.676700 2.085200
v 0.675100 3.586900 2.051800
v 0.682000 3.647900 2.092100
v 0.655000 3.565700 2.055300
v 0.648300 3.541600 2.081400
v 0.662900 3.627500 2.097400
v 0.666500 3.607700 2.119900
v 0.711100 3.585700 2.166100
v 0.727100 3.564100 2.239200
v 0.691400 3.503300 2.140300
v 0.706100 3.465700 2.224800
v 0.658600 3.457400 2.294600
v 0.702900 3.547100 2.309700
v 0.638000 3.541000 2.353500
v 0.549800 3.544100 2.344200
v 0.584500 3.463900 2.326800
v 0.501500 3.466900 2.320200
v 0.522700 3.386900 2.298600
v 0.450500 3.388800 2.306000
v 0.599000 3.369300 2.277800
v 0.459300 3.310600 2.273700
v 0.395900 3.314200 2.285500
v 0.347000 3.249400 2.268900
v 0.340600 3.320600 2.283600
v 0.389300 3.395900 2.301000
v 0.309300 3.342200 2.285600
v 0.293500 3.240700 2.291700
v 0.290600 3.197600 2.329300
v 0.249500 3.211100 2.322300
v 0.273100 3.269400 2.300300
v 0.209600 3.247000 2.309200
v 0.255700 3.296000 2.309000
v 0.232100 3.226300 2.315600
v 0.193800 3.194000 2.328300
v 0.217800 3.183100 2.346700
v 0.242900 3.171500 2.371700
v 0.184400 3.146300 2.377900
v 0.157000 3.127300 2.428200
v 0.130100 3.162000 2.402300
v 0.151600 3.146700 2.340800
v 0.212600 3.125600 2.403500
v 0.235200 3.106200 2.421700
v 0.172400 3.073800 2.440500
v 0.193900 3.039500 2.450400
v 0.187600 3.069200 2.508200
v 0.159000 3.136700 2.484800
v 0.153300 3.144300 2.542800
v 0.141500 3.193400 2.457400
v 0.129200 3.241300 2.425300
v 0.141500 3.217100 2.518800
v 0.124800 3.271600 2.490300
v 0.130000 3.225500 2.587400
v 0.143000 3.146700 2.603000
v 0.111300 3.286500 2.563600
v 0.118700 3.233300 2.657100
v 0.133100 3.154100 2.664300
v 0.115500 3.204500 2.373700
v 0.118500 3.286100 2.388000
v 0.106500 3.249000 2.340300
v 0.143400 3.252100 2.306100
v 0.121700 3.227100 2.318300
v 0.098100 3.292600 2.289500
v 0.128000 3.180300 2.323200
v 0.168300 3.211000 2.308300
v 0.184300 3.283800 2.304900
v 0.236000 3.330600 2.324900
v 0.288300 3.396800 2.355900
v 0.301700 3.366200 2.323700
v 0.353600 3.440600 2.357600
v 0.341200 3.473300 2.390100
v 0.359800 3.416000 2.319900
v 0.401800 3.517800 2.383900
v 0.393600 3.550800 2.421600
v 0.405700 3.490800 2.344900
v 0.449900 3.591500 2.415700
v 0.446700 3.570400 2.368500
v 0.443700 3.621600 2.457900
v 0.471300 3.557100 2.327400
v 0.433500 3.470700 2.322400
v 0.212700 3.031400 2.448900
v 0.247000 3.101800 2.430900
v 0.231400 3.043600 2.455800
v 0.254200 3.106000 2.436000
v 0.248700 3.055900 2.465500
v 0.281800 3.054600 2.487400
v 0.279300 2.986400 2.510800
v 0.338900 3.024800 2.531000
v 0.324600 2.968600 2.550500
v 0.306800 2.914900 2.576700
v 0.284400 2.871000 2.598300
v 0.258500 2.831700 2.613600
v 0.286800 3.151000 2.397900
v 0.278000 3.162800 2.379800
v 0.261100 3.195600 2.340500
v 0.729200 3.711100 2.069200
v 0.742500 3.750100 2.035600
v 0.727500 3.788800 2.001300
v 0.701400 3.819300 1.978800
v 0.490600 3.094400 2.182600
v 0.486800 3.133100 2.223900
v 0.197900 2.812800 2.631300
v 0.243118 2.585220 2.698456
v 0.205000 2.496000 2.598200
v 0.119700 2.476300 2.532000
v 0.202100 2.416800 2.591400
v 0.265317 2.524020 2.671056
v 0.268317 2.451820 2.662556
v 0.271618 2.362920 2.657856
v 0.199300 2.334300 2.593200
v 0.282717 2.265820 2.654856
v 0.347917 2.167320 2.626756
v 0.210600 2.243300 2.595400
v 0.281400 2.143700 2.569500
v 0.122100 2.214300 2.495100
v 0.192700 2.120200 2.470100
v 0.110400 2.300700 2.496300
v 0.022300 2.165100 2.361300
v 0.088400 2.080000 2.342600
v 0.024700 2.253000 2.366100
v -0.095300 2.077400 2.199900
v -0.033500 1.993000 2.199200
v -0.202600 2.087900 2.150800
v -0.093100 2.168300 2.235100
v -0.237200 1.977300 2.022100
v -0.124800 1.906600 2.074900
v -0.266600 1.886500 1.985300
v -0.335300 1.958300 1.999700
v -0.288500 2.019400 2.061600
v -0.309000 2.041200 2.109100
v -0.257600 2.092700 2.125600
v -0.338200 1.991700 2.047300
v -0.341900 2.023600 2.108800
v -0.391100 1.994200 2.047400
v -0.390300 2.022400 2.108600
v -0.394600 1.970400 1.993900
v -0.439300 1.987200 2.047400
v -0.474400 2.011000 2.062400
v -0.435100 2.020600 2.108000
v -0.447500 1.951900 2.000500
v -0.461100 1.912500 1.962500
v -0.476100 1.897100 1.916200
v -0.525800 1.879700 1.982500
v -0.417400 1.903500 1.913100
v -0.404600 1.937300 1.950100
v -0.345300 1.916500 1.963800
v -0.354400 1.899000 1.919900
v -0.369800 1.891100 1.880000
v -0.277500 1.853700 1.950300
v -0.147100 1.794100 1.994500
v -0.294900 1.831200 1.908200
v -0.154700 1.754000 1.952100
v -0.316800 1.820800 1.858800
v -0.169800 1.737200 1.892500
v -0.389600 1.883400 1.837100
v -0.341500 1.819500 1.805600
v -0.196300 1.719000 1.831800
v -0.410900 1.873300 1.788000
v -0.362700 1.821800 1.738900
v -0.222000 1.708500 1.764900
v -0.380400 1.806300 1.651100
v -0.429900 1.857900 1.722300
v -0.439800 1.851900 1.627900
v -0.461300 1.854400 1.714800
v -0.464700 1.853200 1.619300
v -0.488500 1.859200 1.717900
v -0.452900 1.866500 1.780600
v -0.490600 1.874500 1.782600
v -0.442100 1.875800 1.829500
v -0.430000 1.887100 1.872800
v -0.490100 1.884000 1.831200
v -0.555500 1.822700 1.844800
v -0.485800 1.891000 1.874500
v -0.554200 1.831500 1.895300
v -0.681200 1.759000 1.924000
v -0.545300 1.851400 1.942400
v -0.663200 1.798500 1.979300
v -0.630100 1.833900 2.016100
v -0.796100 1.838200 2.008200
v -0.831400 1.800900 1.956900
v -0.878700 1.950300 2.055500
v -0.751500 1.860800 2.040200
v -0.838600 1.962200 2.084600
v -0.730000 1.898800 2.085200
v -0.623800 1.892600 2.071100
v -0.815100 1.970800 2.120400
v -0.769100 1.973500 2.171500
v -0.814700 2.003900 2.169300
v -0.868800 2.083100 2.166600
v -0.869500 2.076300 2.213600
v -0.909700 2.155500 2.227300
v -0.900700 2.173500 2.186800
v -0.930200 2.235300 2.234700
v -0.929200 2.146900 2.285500
v -0.987300 2.145400 2.369000
v -0.958200 2.224000 2.284200
v -0.998500 2.228300 2.362000
v -0.972400 2.288500 2.290700
v -0.946200 2.300100 2.246900
v -1.004200 2.288700 2.361900
v -0.991300 2.333000 2.286100
v -0.976700 2.336900 2.240300
v -1.016100 2.352900 2.264500
v -1.018300 2.331200 2.354300
v -1.039400 2.360400 2.335600
v -1.048200 2.335800 2.435400
v -1.072800 2.365800 2.418900
v -1.035900 2.295600 2.446400
v -1.139978 2.399800 2.468188
v -1.051378 2.255200 2.538488
v -1.058878 2.176400 2.551088
v -1.037200 2.163700 2.466800
v -1.032700 2.243200 2.455200
v -1.344278 2.473000 2.328888
v -1.297478 2.416000 2.362188
v -1.223078 2.378300 2.419088
v -1.267500 2.426200 2.275900
v -1.210400 2.438700 2.170400
v -1.197400 2.378000 2.336200
v -1.315400 2.483600 2.234800
v -1.351900 2.541600 2.206200
v -1.263400 2.485100 2.107100
v -1.300400 2.543600 2.060200
v -1.222800 2.459600 1.994600
v -1.264200 2.515100 1.885100
v -1.135900 2.427900 2.036500
v -1.164200 2.430600 2.078800
v -1.191600 2.434000 1.948900
v -1.228600 2.452300 1.848400
v -1.117400 2.431100 2.018600
v -1.165900 2.422000 1.935300
v -1.143900 2.420400 1.918400
v -1.196500 2.426600 1.839900
v -1.207700 2.432500 1.726500
v -1.172700 2.416700 1.828100
v -1.175500 2.375500 1.820600
v -1.186800 2.411900 1.727300
v -1.189700 2.365200 1.728200
v -1.160600 2.415900 1.617000
v -1.173700 2.356300 1.623700
v -1.117200 2.401100 1.495100
v -1.171500 2.449500 1.607300
v -1.107700 2.444400 1.487200
v -1.146600 2.462800 1.467400
v -1.205900 2.480400 1.596700
v -1.235000 2.472600 1.726300
v -1.262200 2.531800 1.725700
v -1.231900 2.535000 1.589500
v -1.274000 2.612100 1.723200
v -1.235300 2.609800 1.587400
v -1.292200 2.610400 1.870100
v -1.255300 2.686400 1.719900
v -1.283200 2.702400 1.871100
v -1.214400 2.675400 1.586900
v -1.216800 2.716200 1.712400
v -1.182300 2.702800 1.581200
v -1.244800 2.735900 1.823600
v -1.189000 2.730300 1.696600
v -1.218100 2.752600 1.803600
v -1.159700 2.715800 1.568800
v -1.168800 2.750700 1.677700
v -1.177100 2.789700 1.652800
v -1.188600 2.812800 1.757200
v -1.193800 2.770600 1.781900
v -1.142400 2.733700 1.555400
v -1.144900 2.763200 1.537300
v -1.128700 2.720100 1.423900
v -1.116600 2.743400 1.416400
v -1.143800 2.703300 1.430600
v -1.103800 2.712100 1.314400
v -1.093800 2.736000 1.312200
v -1.117700 2.693700 1.313700
v -1.064000 2.714000 1.256200
v -1.022100 2.720300 1.224000
v -1.053000 2.738000 1.259500
v -1.078600 2.695300 1.247700
v -1.038300 2.700900 1.206800
v -1.088000 2.672400 1.242400
v -1.128700 2.673100 1.314600
v -1.048500 2.675000 1.194000
v -1.103500 2.632500 1.230600
v -1.136700 2.633600 1.315000
v -1.143900 2.557100 1.312000
v -1.172000 2.652900 1.443800
v -1.180500 2.584500 1.445600
v -1.158300 2.686800 1.438100
v -1.171400 2.510600 1.452400
v -1.107400 2.467800 1.313300
v -1.093000 2.431900 1.360200
v -1.064400 2.421300 1.256600
v -1.086900 2.477100 1.204800
v -1.105100 2.556100 1.217500
v -1.062900 2.486900 1.123100
v -1.054400 2.431000 1.192000
v -1.039400 2.438700 1.121300
v -1.024000 2.404500 1.163600
v -1.026400 2.414600 1.120600
v -1.003000 2.384100 1.106500
v -1.027800 2.396400 1.215600
v -1.003900 2.360600 1.142800
v -1.030400 2.392700 1.269600
v -1.065900 2.411600 1.299700
v -1.052700 2.399400 1.352000
v -0.997300 2.344300 1.187300
v -0.972800 2.281100 1.090700
v -0.995300 2.328000 1.226900
v -0.966400 2.248400 1.119100
v -0.961800 2.226200 1.144300
v -1.002900 2.306800 1.250800
v -1.014600 2.255700 1.265100
v -1.067200 2.363000 1.368100
v -1.077300 2.310700 1.373700
v -1.120900 2.347500 1.502800
v -1.059400 2.218800 1.385900
v -1.037800 2.109700 1.398100
v -1.100600 2.260600 1.515900
v -1.011000 2.157400 1.278400
v -0.947400 2.092400 1.184000
v -0.984000 2.051800 1.296700
v -0.947700 1.969700 1.318700
v -0.905500 2.004700 1.207400
v -0.862300 1.933400 1.231700
v -0.820200 1.967500 1.106100
v -0.734800 1.960100 1.021300
v -0.771400 1.907000 1.126800
v -0.868500 2.037200 1.089900
v -0.787300 2.011400 1.012500
v -0.904900 2.101900 1.076500
v -0.830900 2.062800 1.006000
v -0.967200 2.176400 1.164600
v -0.918800 2.148800 1.060400
v -0.930200 2.182200 1.040600
v -0.861500 2.105500 0.995700
v -0.879600 2.148700 0.982800
v -0.820500 2.089600 0.943400
v -0.792400 2.042500 0.950700
v -0.796100 2.066100 0.897000
v -0.845500 2.133100 0.933200
v -0.825800 2.108400 0.886400
v -0.874100 2.176100 0.919600
v -0.898100 2.190500 0.966900
v -0.897900 2.238100 0.896700
v -0.860500 2.161600 0.874900
v -0.842500 2.131700 0.830500
v -0.893100 2.231300 0.850500
v -0.885800 2.209800 0.814900
v -0.916200 2.284700 0.783100
v -0.915000 2.320300 0.800800
v -0.912900 2.329000 0.856700
v -0.955700 2.409300 0.713000
v -0.976200 2.465600 0.803500
v -0.936700 2.414300 0.819300
v -0.973200 2.479300 0.690100
v -0.966300 2.370500 0.685500
v -0.961400 2.445700 0.588600
v -0.936000 2.296900 0.753800
v -0.890400 2.196100 0.781900
v -0.950700 2.285800 0.740900
v -0.961900 2.264100 0.739100
v -0.902000 2.179900 0.760800
v -0.841600 2.078000 0.766100
v -0.921900 2.161400 0.753100
v -0.866000 2.057800 0.753400
v -0.951000 2.140800 0.763400
v -0.900200 2.029400 0.768200
v -1.011000 2.223400 0.746700
v -0.979400 2.240500 0.740900
v -0.994100 2.128900 0.795300
v -0.944400 2.015800 0.833800
v -1.062600 2.129300 0.825400
v -1.054400 2.223900 0.748600
v -1.010100 2.278200 0.709100
v -1.098600 2.226700 0.735800
v -1.029600 2.293200 0.690100
v -1.053900 2.301300 0.666100
v -1.007800 2.336200 0.657200
v -0.989500 2.368200 0.635600
v -1.020700 2.347500 0.619500
v -0.993200 2.309700 0.696900
v -0.977300 2.340000 0.689400
v -0.998800 2.372400 0.601300
v -1.020900 2.362700 0.574700
v -0.985400 2.395300 0.559500
v -1.010100 2.374700 0.523300
v -1.073200 2.305400 0.632400
v -1.136500 2.221100 0.710200
v -1.081500 2.306400 0.587800
v -1.070500 2.303000 0.531000
v -1.152500 2.205900 0.668800
v -1.150900 2.192300 0.616200
v -1.211900 2.084600 0.751400
v -1.218000 2.062800 0.704000
v -1.185700 2.106900 0.792900
v -1.240800 1.950100 0.816000
v -1.204700 1.971000 0.862800
v -1.249000 1.814800 0.868200
v -1.244700 1.929300 0.773000
v -1.266300 1.802000 0.833200
v -1.276300 1.793600 0.808300
v -1.247400 1.911500 0.738900
v -1.228500 2.048500 0.660500
v -1.266600 1.897400 0.714200
v -1.297500 1.877200 0.689500
v -1.286600 1.788500 0.788100
v -1.243400 2.036200 0.622300
v -1.280500 2.020500 0.586500
v -1.193100 2.208000 0.512500
v -1.161900 2.193400 0.561700
v -1.076100 2.313600 0.468700
v -1.116600 2.346700 0.413500
v -0.993600 2.377100 0.405600
v -1.041800 2.399600 0.369200
v -0.940800 2.434000 0.361200
v -0.988400 2.372900 0.465700
v -0.917800 2.430700 0.419200
v -0.897500 2.507600 0.392600
v -0.952000 2.437900 0.491400
v -0.954100 2.501600 0.570500
v -0.918600 2.514300 0.466800
v -0.892100 2.588800 0.454100
v -0.934700 2.572100 0.561400
v -0.874500 2.578900 0.377700
v -0.869600 2.671600 0.445300
v -0.841500 2.760200 0.429800
v -0.908500 2.651800 0.560000
v -0.846400 2.657400 0.369500
v -0.843800 2.638100 0.314000
v -0.804700 2.702400 0.308400
v -0.820500 2.729800 0.360100
v -0.796700 2.778000 0.346700
v -0.796800 2.811700 0.371400
v -0.773900 2.765900 0.303300
v -0.765600 2.728900 0.236300
v -0.748100 2.845000 0.309400
v -0.412800 3.065138 0.142200
v -0.700500 2.811000 0.207600
v -0.750000 2.900600 0.363200
v -0.796800 2.844000 0.406600
v -0.763300 2.938500 0.409800
v -0.404100 3.238738 0.277900
v -0.356400 3.230100 0.281400
v -0.410800 3.362338 0.424900
v -0.780000 2.975300 0.454500
v -0.820300 3.010100 0.518000
v -0.817000 2.910500 0.481800
v -0.840300 2.854500 0.529000
v -0.803700 2.877000 0.445200
v -0.828000 2.937400 0.520200
v -0.841500 2.883100 0.563200
v -0.834500 2.950300 0.562300
v -0.841700 2.914900 0.606800
v -0.840000 2.993600 0.591200
v -0.846700 2.958300 0.651200
v -0.842600 3.044500 0.650700
v -0.848200 3.091300 0.748100
v -0.847200 3.004700 0.703600
v -0.829700 3.078100 0.600600
v -0.839200 3.132500 0.713100
v -0.867200 3.168900 0.872600
v -0.473200 3.632038 0.719600
v -0.896100 3.169800 1.035500
v -0.380500 3.500900 0.515900
v -0.396800 3.577600 0.581300
v -0.408600 3.617700 0.639700
v -0.428200 3.661500 0.693400
v -0.441400 3.691600 0.772100
v -0.450400 3.720000 0.882300
v -0.504500 3.711838 0.903200
v -0.574900 3.841600 1.321198
v -0.456800 3.748500 1.018700
v -0.990700 3.169100 1.176000
v -0.462700 3.783200 1.174600
v -0.473500 3.841600 1.311100
v -0.411100 3.832200 1.152200
v -0.434100 3.895700 1.287700
v -0.402300 3.789400 0.999200
v -0.352300 3.871900 1.136100
v -0.373700 3.943099 1.288800
v -0.283100 3.884900 1.134900
v -0.339100 3.825300 0.986600
v -0.289100 3.925400 1.268800
v -0.282100 3.950600 1.370000
v -0.213800 3.926800 1.267900
v -0.211200 3.886500 1.138100
v -0.139100 3.926500 1.275100
v -0.216000 3.947999 1.367200
v -0.150700 3.951200 1.377600
v -0.217900 3.960500 1.441900
v -0.166000 3.963500 1.453900
v -0.270500 3.963500 1.445300
v -0.218900 3.944099 1.500400
v -0.173300 3.951499 1.511000
v -0.265400 3.951900 1.501900
v -0.219200 3.913900 1.559400
v -0.264400 3.920200 1.556600
v -0.174700 3.919300 1.565900
v -0.218100 3.878200 1.642700
v -0.176500 3.879300 1.646700
v -0.260300 3.880700 1.637300
v -0.216400 3.836200 1.722300
v -0.172700 3.836500 1.728500
v -0.260700 3.837700 1.718300
v -0.215300 3.806100 1.779500
v -0.159900 3.799100 1.785400
v -0.214100 3.773500 1.823300
v -0.271200 3.801500 1.775300
v -0.280800 3.766400 1.819000
v -0.316900 3.811300 1.774800
v -0.349700 3.778300 1.824400
v -0.302900 3.847800 1.718700
v -0.342800 3.828100 1.770200
v -0.370300 3.829200 1.796900
v -0.399900 3.852000 1.835700
v -0.377900 3.875100 1.756300
v -0.412200 3.904400 1.803200
v -0.382100 3.928800 1.704400
v -0.340500 3.860400 1.727300
v -0.344400 3.907900 1.662100
v -0.303200 3.893300 1.640300
v -0.343300 3.960500 1.600500
v -0.346400 3.989000 1.553700
v -0.381200 3.980000 1.654000
v -0.306700 3.940800 1.567400
v -0.308200 3.971600 1.517500
v -0.319300 3.977900 1.465200
v -0.340700 3.967299 1.392900
v -0.358000 4.000700 1.507400
v -0.398900 4.023600 1.572200
v -0.382800 3.997499 1.448400
v -0.422000 4.001800 1.390000
v -0.469500 3.972899 1.371500
v -0.533300 3.983200 1.455300
v -0.499400 3.928900 1.384100
v -0.535900 3.922800 1.475500
v -0.589600 3.952500 1.571900
v -0.600300 3.880800 1.583800
v -0.656200 3.970500 1.667200
v -0.712100 3.968300 1.746100
v -0.383600 4.012400 1.612600
v -0.432500 4.034900 1.692900
v -0.425900 4.001800 1.726900
v -0.420300 3.956399 1.765100
v -0.470100 4.024099 1.802800
v -0.456200 3.984900 1.832400
v -0.489400 4.007299 1.894800
v -0.439900 3.939300 1.861800
v -0.468900 3.967299 1.924300
v -0.441300 3.925900 1.953000
v -0.425900 3.886400 1.887300
v -0.416800 3.832400 1.912500
v -0.392200 3.798800 1.864200
v -0.429100 3.877600 1.980900
v -0.412100 3.784000 1.941400
v -0.425300 3.833800 2.013400
v -0.417500 3.737900 1.980300
v -0.388900 3.747600 1.893100
v -0.343900 3.726000 1.866400
v -0.396900 3.682900 1.929400
v -0.331100 3.687900 1.919100
v -0.271000 3.689100 1.915900
v -0.317300 3.661900 1.991000
v -0.261700 3.662400 1.985000
v -0.203600 3.660500 1.982900
v -0.146200 3.656400 1.995700
v -0.208300 3.694300 1.919100
v -0.211900 3.733000 1.867000
v -0.146100 3.684300 1.926500
v -0.145100 3.723000 1.874200
v -0.148100 3.762700 1.830300
v -0.082500 3.769400 1.850900
v -0.116100 3.804600 1.796200
v -0.067200 3.818000 1.831900
v -0.092700 3.819100 1.798700
v -0.132800 3.842100 1.739000
v -0.279100 3.727200 1.863200
v -0.425300 3.796800 2.056300
v -0.454400 3.854000 2.144000
v -0.500400 3.990799 1.989800
v -0.096300 3.967100 1.410000
v -0.058100 3.944700 1.303600
v 0.030000 3.975900 1.395400
v -0.070700 3.874000 1.144700
v 0.006100 3.898000 1.303700
v -0.022700 4.002100 1.416400
v 0.008400 4.015200 1.527600
v 0.052200 4.016500 1.494600
v 0.131800 4.009099 1.590800
v 0.090700 4.020400 1.612600
v 0.057100 4.025800 1.639300
v 0.138400 4.028999 1.715800
v 0.175000 4.014200 1.698800
v 0.107500 4.040900 1.739000
v -0.009500 3.834900 1.162800
v 0.046600 3.848100 1.326200
v 0.067900 3.929300 1.407300
v 0.044700 3.786000 1.185000
v 0.044500 3.751000 1.026500
v 0.040900 3.722200 0.888100
v -0.013100 3.792200 1.006200
v 0.070200 3.635100 0.717600
v -0.002903 3.412899 0.427159
v 0.632100 3.033000 1.199300
v 0.590700 3.110400 1.128900
v 0.506600 3.172200 1.035500
v 0.469200 3.249600 0.861700
v -0.008800 3.577500 0.584400
v 0.004900 3.618400 0.642900
v 0.024200 3.662300 0.697000
v 0.034800 3.693800 0.776300
v 0.672700 2.994800 1.329900
v 0.670300 2.907800 1.265600
v 0.657600 2.965500 1.240900
v 0.704400 2.931200 1.355600
v 0.720500 2.880000 1.372400
v 0.676600 2.858100 1.284700
v 0.633800 2.846000 1.245400
v 0.687100 2.812300 1.306800
v 0.635200 2.805600 1.259400
v 0.691100 2.772900 1.308000
v 0.642100 2.768700 1.266700
v 0.658300 2.741100 1.261100
v 0.698500 2.740600 1.314300
v 0.704900 2.718000 1.317900
v 0.675300 2.699600 1.252900
v 0.712100 2.700600 1.319800
v 0.665600 2.717900 1.259500
v 0.624700 2.722500 1.227100
v 0.613800 2.744700 1.237300
v 0.579100 2.715600 1.202400
v 0.636500 2.703100 1.211900
v 0.595600 2.695300 1.174800
v 0.641500 2.677300 1.200800
v 0.677900 2.676500 1.250200
v 0.609300 2.673900 1.149000
v 0.655100 2.640100 1.179300
v 0.684400 2.636600 1.241300
v 0.675400 2.558100 1.231900
v 0.713700 2.640200 1.327800
v 0.716200 2.680000 1.323500
v 0.706400 2.561600 1.330400
v 0.744700 2.662500 1.456500
v 0.743900 2.697000 1.446600
v 0.766700 2.715900 1.589300
v 0.736200 2.592500 1.463500
v 0.785500 2.687700 1.599100
v 0.786800 2.620500 1.604800
v 0.828600 2.701000 1.730500
v 0.802500 2.731600 1.719400
v 0.860400 2.721500 1.878500
v 0.825400 2.626100 1.740100
v 0.785200 2.541600 1.750000
v 0.845200 2.628100 1.883000
v 0.785000 2.529400 1.903900
v 0.880000 2.638200 2.046400
v 0.900600 2.715000 2.049000
v 0.941900 2.635900 2.189900
v 0.839100 2.563800 2.070100
v 0.785700 2.505400 2.117500
v 0.902700 2.568300 2.207700
v 0.951518 2.568220 2.291256
v 0.851800 2.510900 2.236800
v 0.789700 2.453900 2.277500
v 0.902918 2.512820 2.312456
v 0.843018 2.456720 2.344956
v 0.756918 2.421020 2.400156
v 0.707200 2.407100 2.335900
v 0.665118 2.444720 2.451056
v 0.617000 2.414100 2.389100
v 0.609218 2.420820 2.479256
v 0.558600 2.398100 2.419000
v 0.568218 2.392520 2.496456
v 0.521400 2.366700 2.435300
v 0.541018 2.352520 2.509656
v 0.492800 2.326800 2.447100
v 0.525318 2.298420 2.519756
v 0.471700 2.273400 2.456700
v 0.512718 2.218720 2.533156
v 0.457200 2.191600 2.468400
v 0.449418 2.170620 2.570156
v 0.389700 2.141200 2.508900
v 0.302800 2.113500 2.410600
v 0.376500 2.172000 2.377300
v 0.194500 2.077900 2.291400
v 0.252600 2.167200 2.246400
v 0.295800 2.162900 2.299200
v 0.112300 2.011300 2.182900
v 0.062800 1.985900 2.179600
v 0.188300 2.084200 2.230400
v 0.168600 2.088100 2.189100
v 0.093900 1.975900 2.138700
v 0.150600 2.098700 2.150600
v 0.229900 2.177200 2.210500
v 0.195700 2.190900 2.178100
v 0.242200 2.259700 2.191900
v 0.213400 2.180700 2.148200
v 0.242600 2.254500 2.160400
v 0.291300 2.228100 2.153200
v 0.275200 2.319900 2.168400
v 0.287300 2.314200 2.203400
v 0.318500 2.297100 2.156600
v 0.313500 2.350000 2.178500
v 0.335300 2.347700 2.204300
v 0.344400 2.348100 2.168000
v 0.386600 2.346900 2.145000
v 0.368100 2.375100 2.191200
v 0.408200 2.382300 2.160400
v 0.400500 2.366700 2.214000
v 0.430500 2.362500 2.236800
v 0.440300 2.389300 2.181800
v 0.362300 2.345500 2.229200
v 0.311500 2.313100 2.233100
v 0.389300 2.347100 2.257800
v 0.341400 2.310000 2.263800
v 0.424000 2.349500 2.297900
v 0.463900 2.369400 2.275800
v 0.388400 2.303800 2.302300
v 0.471500 2.354200 2.361000
v 0.507500 2.383300 2.341900
v 0.439700 2.311700 2.369500
v 0.414400 2.250100 2.370300
v 0.351800 2.239100 2.296900
v 0.303500 2.245200 2.251900
v 0.272800 2.253100 2.219300
v 0.569100 2.379300 2.305300
v 0.517600 2.363500 2.233000
v 0.644500 2.403600 2.246400
v 0.718100 2.460000 2.179900
v 0.578900 2.410200 2.172300
v 0.651900 2.446500 2.095300
v 0.598700 2.436900 2.060800
v 0.531900 2.417200 2.140400
v 0.494700 2.411900 2.124700
v 0.474300 2.376900 2.198400
v 0.551400 2.432900 2.051300
v 0.498300 2.431700 2.038600
v 0.456200 2.400200 2.109200
v 0.432900 2.359200 2.101900
v 0.410600 2.303800 2.097100
v 0.470500 2.376500 2.037300
v 0.512900 2.373500 1.963500
v 0.447200 2.317100 2.040000
v 0.488200 2.305800 1.970800
v 0.410400 2.240200 2.031600
v 0.434000 2.227200 1.961900
v 0.360700 2.143900 2.009400
v 0.383100 2.227200 2.087200
v 0.346400 2.213100 2.132300
v 0.339900 2.136800 2.065100
v 0.311900 2.125800 2.118400
v 0.275500 2.044000 2.030300
v 0.289500 2.029100 1.978400
v 0.209200 1.940300 1.995700
v 0.249500 2.030200 2.076300
v 0.219100 2.042700 2.120500
v 0.165400 1.906200 2.015200
v 0.051700 1.768900 1.931700
v 0.137700 1.915100 2.053900
v 0.120200 1.940200 2.091500
v 0.021900 1.787800 1.998400
v 0.009400 1.828500 2.037900
v -0.012400 1.864200 2.059600
v -0.005500 1.908500 2.095900
v 0.096800 1.960400 2.112500
v -0.151800 1.839600 2.025000
v 0.180900 2.079200 2.130200
v 0.189100 1.892600 1.944200
v 0.016500 1.720900 1.854800
v -0.005400 1.704300 1.786800
v 0.182700 1.848700 1.884900
v 0.292600 2.008800 1.914900
v 0.175400 1.820900 1.817700
v 0.303300 1.973200 1.849500
v 0.157100 1.811200 1.749200
v -0.022400 1.700300 1.716100
v 0.291500 1.949800 1.778400
v 0.131100 1.809200 1.678000
v -0.043000 1.722200 1.649300
v 0.089000 1.823100 1.596200
v 0.256900 1.938300 1.699900
v 0.344400 2.049900 1.717000
v 0.213900 1.926600 1.605500
v 0.303600 2.024400 1.608700
v 0.164200 1.905700 1.505500
v 0.046400 1.820900 1.506500
v 0.107000 1.867300 1.411200
v 0.258000 1.987300 1.493700
v 0.334400 2.080200 1.476400
v 0.200300 1.939600 1.394500
v 0.285500 2.023100 1.370700
v 0.121800 1.907100 1.297100
v 0.211500 1.978600 1.273200
v 0.026400 1.851000 1.314200
v 0.043200 1.885000 1.179900
v -0.050000 1.839300 1.192700
v -0.029200 1.892100 1.076300
v 0.134700 1.944400 1.162300
v 0.224300 2.015100 1.145900
v 0.058700 1.942300 1.066600
v 0.148300 1.992200 1.060000
v 0.038700 1.927400 0.998700
v -0.026300 1.870700 0.948900
v 0.038200 1.926400 0.948800
v 0.119700 1.972800 0.996900
v -0.045700 1.884800 1.001000
v -0.092700 1.821400 0.943600
v -0.125400 1.849600 0.997700
v -0.113100 1.849300 1.080900
v -0.190300 1.821600 0.986000
v -0.188300 1.817900 1.073100
v -0.257800 1.798300 1.057400
v -0.244400 1.786200 0.973400
v -0.153200 1.785800 0.930000
v -0.120600 1.764500 0.871800
v -0.210900 1.758500 0.912200
v -0.270300 1.736600 0.892800
v -0.181000 1.730600 0.846100
v -0.150900 1.705600 0.769600
v -0.244400 1.705600 0.822000
v -0.218900 1.677300 0.741200
v -0.306300 1.690000 0.799900
v -0.362500 1.679700 0.781600
v -0.326600 1.716900 0.877900
v -0.285700 1.655600 0.719200
v -0.347800 1.642100 0.695700
v -0.260800 1.625000 0.636200
v -0.186200 1.644100 0.653600
v -0.332300 1.611500 0.617600
v -0.225000 1.597000 0.539100
v -0.215500 1.562900 0.412700
v -0.145500 1.594200 0.492200
v -0.153700 1.620400 0.576500
v -0.317000 1.585400 0.526900
v -0.394900 1.581000 0.522400
v -0.303600 1.546900 0.407100
v -0.391900 1.538100 0.403600
v -0.293400 1.526500 0.279700
v -0.199500 1.546700 0.290700
v -0.389200 1.517600 0.275300
v -0.290000 1.506900 0.176500
v -0.191600 1.526800 0.185800
v -0.292500 1.488000 0.078800
v -0.390800 1.495300 0.174000
v -0.486000 1.516000 0.182600
v -0.394200 1.474500 0.078600
v -0.489000 1.497100 0.084200
v -0.396200 1.459500 -0.032000
v -0.398100 1.459700 -0.152800
v -0.485200 1.484400 -0.028000
v -0.301000 1.475300 -0.033600
v -0.307900 1.473800 -0.152800
v -0.204900 1.477900 -0.030100
v -0.217800 1.476300 -0.151400
v -0.193100 1.501500 0.084400
v -0.116300 1.480800 -0.026800
v -0.100500 1.508100 0.091400
v -0.128900 1.474500 -0.148100
v -0.036700 1.461900 -0.015700
v -0.048500 1.463500 -0.140600
v -0.013800 1.507400 0.104400
v 0.037100 1.451200 0.003400
v 0.018400 1.435600 -0.123400
v 0.099400 1.425000 -0.123100
v 0.067000 1.489400 0.130200
v 0.090800 1.428300 0.022800
v 0.138400 1.460900 0.154500
v 0.120700 1.391500 0.032800
v 0.124900 1.340200 0.050900
v 0.148000 1.406800 0.174500
v 0.132500 1.383900 -0.105600
v 0.125700 1.333900 -0.095000
v 0.169300 1.381900 -0.219100
v 0.195600 1.427900 -0.206400
v 0.149400 1.321800 -0.218000
v 0.219300 1.377400 -0.317100
v 0.285400 1.437000 -0.300300
v 0.180200 1.304000 -0.321900
v 0.259000 1.351900 -0.408600
v 0.285000 1.316800 -0.488100
v 0.209300 1.276800 -0.410100
v 0.322600 1.412000 -0.405300
v 0.404300 1.453000 -0.430100
v 0.348100 1.375200 -0.492000
v 0.440100 1.412800 -0.500600
v 0.370400 1.330300 -0.559200
v 0.387200 1.265200 -0.605400
v 0.307800 1.278800 -0.547700
v 0.469900 1.348600 -0.551000
v 0.484500 1.268700 -0.581400
v 0.550800 1.336300 -0.493500
v 0.529700 1.412800 -0.472700
v 0.551300 1.476800 -0.404400
v 0.582400 1.414400 -0.426200
v 0.492000 1.466400 -0.437000
v 0.509200 1.509400 -0.369200
v 0.454100 1.491900 -0.387000
v 0.376700 1.470400 -0.364900
v 0.426200 1.504000 -0.325800
v 0.411300 1.560100 -0.296100
v 0.487600 1.530600 -0.293300
v 0.469100 1.516300 -0.331900
v 0.361700 1.490900 -0.294300
v 0.318800 1.525500 -0.327600
v 0.276200 1.484000 -0.274500
v 0.241000 1.486600 -0.337700
v 0.181800 1.449700 -0.249700
v 0.161200 1.457500 -0.309700
v 0.099800 1.441500 -0.215800
v 0.103700 1.447000 -0.277800
v 0.028800 1.454700 -0.223900
v -0.039200 1.482300 -0.245500
v 0.057900 1.468200 -0.304700
v 0.118000 1.477000 -0.371600
v -0.010200 1.499900 -0.337700
v -0.104200 1.520800 -0.361400
v 0.044800 1.511600 -0.421100
v 0.136500 1.545000 -0.487300
v -0.064200 1.547800 -0.459100
v -0.179800 1.513300 -0.501100
v -0.008300 1.575100 -0.539900
v 0.066900 1.615800 -0.595700
v -0.143400 1.539900 -0.634700
v -0.275300 1.492900 -0.659400
v -0.048900 1.608500 -0.682600
v -0.168800 1.530100 -0.789600
v -0.267300 1.493100 -0.815600
v -0.109100 1.577800 -0.809900
v -0.184600 1.513600 -0.901800
v -0.140200 1.534400 -0.948200
v -0.239600 1.483300 -0.965000
v -0.341300 1.471000 -1.029100
v -0.200900 1.485600 -1.100300
v -0.140600 1.504200 -1.187300
v -0.289300 1.468000 -1.198600
v -0.418200 1.502400 -1.184600
v -0.197800 1.441300 -1.420800
v -0.280300 1.505500 -1.544500
v -0.404800 1.523900 -1.316900
v -0.049500 1.490000 -1.381400
v -0.077200 1.380000 -1.582300
v 0.022100 1.423700 -1.510900
v 0.049200 1.320700 -1.675700
v -0.151400 1.432800 -1.664000
v -0.009400 1.366200 -1.763400
v -0.184100 1.522100 -1.739400
v -0.178100 1.610000 -1.801000
v -0.308800 1.599900 -1.613600
v -0.033200 1.446800 -1.840900
v -0.030400 1.528900 -1.907800
v 0.139800 1.362900 -1.913300
v 0.155100 1.294900 -1.830700
v 0.324500 1.281200 -1.948400
v 0.140900 1.441700 -1.980600
v 0.324700 1.354800 -2.016000
v 0.153900 1.523600 -2.027500
v 0.168200 1.597300 -2.044200
v -0.015400 1.608700 -1.958800
v 0.333900 1.434900 -2.062400
v 0.512400 1.348700 -2.060100
v 0.346900 1.504100 -2.082100
v 0.365200 1.568300 -2.086200
v 0.524300 1.413100 -2.081000
v 0.541200 1.473600 -2.087100
v 0.694400 1.324700 -2.055200
v 0.681200 1.264400 -2.033100
v 0.711900 1.383200 -2.062400
v 0.853700 1.243400 -2.007200
v 0.872600 1.300700 -2.016100
v 1.016300 1.167600 -1.939900
v 0.839300 1.185600 -1.983400
v 0.831100 1.122900 -1.936500
v 1.001000 1.113300 -1.910300
v 0.992400 1.058100 -1.858700
v 1.173500 1.049400 -1.813200
v 1.193500 1.099400 -1.849300
v 1.331900 0.999600 -1.699900
v 1.158900 0.999900 -1.761100
v 1.314200 0.952400 -1.649000
v 1.148400 0.957100 -1.696900
v 1.139400 0.928600 -1.624000
v 0.988500 1.011600 -1.792000
v 1.298700 0.910900 -1.587400
v 1.425700 0.883800 -1.461800
v 1.281400 0.882800 -1.516000
v 1.264100 0.885900 -1.438800
v 1.399100 0.860100 -1.391400
v 1.369700 0.872500 -1.316500
v 1.488300 0.863500 -1.250000
v 1.522700 0.876600 -1.319000
v 1.567000 0.872000 -1.106700
v 1.454100 0.884100 -1.182700
v 1.529600 0.899500 -1.044000
v 1.434800 0.940300 -1.131700
v 1.508200 0.958000 -0.997900
v 1.432000 1.012600 -1.103000
v 1.355300 0.928300 -1.258600
v 1.355800 1.001000 -1.224400
v 1.258800 0.935800 -1.375500
v 1.265800 1.006500 -1.335300
v 1.137800 0.971200 -1.485100
v 1.002900 1.018800 -1.578800
v 1.133900 0.929300 -1.548600
v 1.149200 1.038000 -1.441700
v 1.018900 1.083200 -1.533600
v 1.162400 1.112800 -1.417000
v 1.034100 1.157300 -1.505200
v 1.176500 1.185700 -1.410100
v 1.274500 1.082800 -1.315400
v 1.363000 1.075600 -1.209000
v 1.284800 1.156000 -1.311800
v 1.373800 1.146700 -1.209200
v 1.297800 1.221500 -1.321700
v 1.189600 1.250600 -1.417700
v 1.387700 1.210200 -1.222300
v 1.311300 1.279700 -1.344600
v 1.203900 1.308400 -1.439300
v 1.403800 1.265300 -1.246000
v 1.326100 1.330000 -1.379300
v 1.218900 1.359600 -1.473700
v 1.421800 1.312400 -1.278800
v 1.343900 1.370700 -1.421700
v 1.365100 1.401800 -1.468400
v 1.442500 1.350300 -1.319400
v 1.235100 1.402700 -1.517300
v 1.113400 1.451000 -1.598600
v 1.253500 1.436800 -1.565000
v 1.274100 1.462300 -1.614100
v 1.129100 1.487400 -1.648900
v 1.001600 1.545800 -1.717600
v 1.146900 1.518200 -1.697800
v 1.016400 1.577600 -1.766600
v 1.162700 1.538200 -1.751000
v 1.035100 1.611200 -1.816400
v 1.165400 1.533900 -1.807200
v 1.293000 1.474000 -1.666700
v 1.303100 1.465200 -1.721000
v 1.411600 1.426800 -1.569800
v 1.427400 1.412800 -1.622100
v 1.518000 1.391700 -1.463400
v 1.388900 1.421900 -1.517800
v 1.493300 1.392300 -1.413100
v 1.466800 1.377600 -1.364700
v 1.591800 1.372900 -1.303700
v 1.619800 1.368600 -1.352200
v 1.562200 1.362100 -1.257100
v 1.684000 1.360800 -1.190700
v 1.715700 1.353900 -1.237000
v 1.767300 1.352800 -1.074000
v 1.651000 1.353200 -1.146800
v 1.620400 1.334000 -1.106100
v 1.731800 1.347700 -1.033900
v 1.699200 1.332600 -0.996700
v 1.800700 1.344800 -0.918400
v 1.853700 1.347000 -0.805900
v 1.838200 1.348100 -0.953600
v 1.767300 1.334100 -0.885000
v 1.737100 1.317800 -0.850100
v 1.819000 1.342500 -0.776000
v 1.855700 1.341500 -0.722700
v 1.788300 1.334200 -0.745600
v 1.759100 1.321500 -0.707700
v 1.830000 1.340600 -0.695400
v 1.866900 1.344900 -0.672500
v 1.807400 1.337900 -0.660900
v 1.780500 1.335900 -0.618800
v 1.732500 1.302600 -0.661600
v 1.853400 1.347700 -0.638300
v 1.830600 1.353000 -0.602500
v 1.914200 1.346400 -0.618000
v 1.916400 1.342400 -0.659500
v 1.992100 1.339200 -0.590200
v 1.892400 1.354300 -0.581900
v 1.864200 1.360500 -0.546900
v 1.958500 1.347800 -0.546500
v 2.019900 1.329800 -0.489400
v 1.925900 1.354900 -0.511900
v 1.986400 1.335400 -0.457500
v 1.899800 1.349900 -0.477100
v 1.843500 1.356000 -0.510600
v 1.877100 1.329500 -0.450700
v 1.954700 1.330300 -0.426200
v 1.925600 1.313300 -0.402600
v 2.001000 1.299100 -0.367300
v 2.037300 1.306600 -0.394400
v 1.965800 1.282300 -0.347100
v 2.032300 1.270500 -0.303800
v 1.993200 1.247400 -0.287100
v 2.053300 1.241900 -0.240100
v 2.072500 1.287200 -0.328100
v 2.096600 1.267400 -0.262500
v 2.107400 1.286500 -0.353300
v 2.134300 1.271400 -0.284200
v 2.135500 1.276000 -0.375900
v 2.070600 1.303000 -0.422800
v 2.099500 1.293200 -0.446800
v 2.121000 1.278400 -0.461400
v 2.054100 1.321800 -0.516600
v 2.080400 1.306300 -0.533900
v 2.037600 1.327000 -0.605800
v 2.098100 1.287900 -0.549300
v 2.059300 1.306900 -0.626500
v 2.110600 1.267800 -0.574600
v 2.135700 1.263300 -0.473900
v 2.172500 1.244900 -0.410900
v 2.143300 1.250200 -0.491800
v 2.147300 1.233100 -0.511600
v 2.185100 1.225300 -0.431400
v 2.188800 1.207200 -0.448200
v 2.225000 1.201700 -0.376700
v 2.234500 1.174900 -0.398700
v 2.275500 1.173700 -0.330100
v 2.211000 1.226900 -0.354200
v 2.260800 1.214600 -0.300100
v 2.189900 1.245600 -0.329800
v 2.226900 1.233300 -0.266100
v 2.165000 1.261600 -0.305900
v 2.156700 1.261100 -0.394000
v 2.191800 1.250300 -0.236900
v 2.154900 1.257600 -0.215600
v 2.216800 1.238600 -0.169900
v 2.170700 1.247100 -0.147800
v 2.264000 1.221800 -0.203200
v 2.243200 1.222200 -0.108000
v 2.184600 1.227800 -0.086200
v 2.271100 1.197000 -0.043300
v 2.299600 1.204700 -0.143100
v 2.334000 1.180100 -0.087700
v 2.358900 1.190100 -0.188500
v 2.389700 1.159600 -0.130100
v 2.314500 1.206600 -0.246000
v 2.364200 1.125700 -0.227800
v 2.366500 1.071900 -0.269300
v 2.322800 1.150100 -0.280500
v 2.399000 1.100700 -0.172100
v 2.403300 1.036400 -0.215100
v 2.430700 1.076900 -0.116400
v 2.437400 1.028400 -0.147500
v 2.461500 1.053000 -0.057300
v 2.416100 1.126300 -0.074600
v 2.369200 1.152300 -0.036300
v 2.441000 1.090000 -0.019300
v 2.469700 1.052600 0.039200
v 2.406800 1.120500 0.014100
v 2.368700 1.138700 0.044300
v 2.444400 1.078600 0.066400
v 2.483800 1.037300 0.123100
v 2.416100 1.098200 0.092200
v 2.461500 1.054700 0.145700
v 2.389300 1.104600 0.116100
v 2.370700 1.107900 0.138700
v 2.437100 1.064200 0.168000
v 2.339900 1.141900 0.072000
v 2.279500 1.152000 0.066800
v 2.296000 1.164800 0.035900
v 2.322100 1.140700 0.097300
v 2.314600 1.143600 0.120300
v 2.361000 1.109900 0.159400
v 2.266000 1.167100 0.136900
v 2.272500 1.155000 0.092500
v 2.307300 1.143900 0.161800
v 2.291000 1.135200 0.241600
v 2.350300 1.108500 0.196300
v 2.393900 1.070900 0.239700
v 2.330200 1.105000 0.268300
v 2.309400 1.096900 0.362400
v 2.368800 1.070100 0.302500
v 2.404900 1.030500 0.344500
v 2.341300 1.064900 0.385800
v 2.318300 1.046300 0.477500
v 2.375200 1.024900 0.416300
v 2.349600 1.010200 0.492900
v 2.405600 0.985800 0.447000
v 2.379600 0.975000 0.508100
v 2.428200 0.953200 0.470900
v 2.435400 0.991500 0.385200
v 2.447300 0.948800 0.412100
v 2.419100 0.908200 0.425400
v 2.454300 0.942100 0.362000
v 2.462700 0.993500 0.336200
v 2.458700 0.939500 0.341000
v 2.443100 0.891900 0.367200
v 2.425700 0.899100 0.380000
v 2.406400 0.852600 0.403200
v 2.421900 0.841800 0.395100
v 2.378700 0.795400 0.422300
v 2.397300 0.866800 0.441400
v 2.369800 0.812300 0.452600
v 2.408700 0.866300 0.497600
v 2.430900 0.913200 0.487400
v 2.377300 0.872600 0.538500
v 2.372300 0.809100 0.503500
v 2.352200 0.807200 0.551900
v 2.305900 0.746800 0.497400
v 2.317700 0.737300 0.457900
v 2.325300 0.723700 0.429600
v 2.236800 0.704600 0.436300
v 2.174700 0.710800 0.401100
v 2.222600 0.721800 0.469800
v 2.245500 0.692100 0.408500
v 2.249800 0.687600 0.393600
v 2.183500 0.698500 0.374300
v 2.189100 0.694100 0.359200
v 2.137500 0.722400 0.338700
v 2.143100 0.718100 0.324900
v 2.129900 0.734400 0.364000
v 2.103600 0.754600 0.307600
v 2.078100 0.790400 0.274800
v 2.097500 0.765200 0.329600
v 2.108800 0.750800 0.296000
v 2.117600 0.746500 0.283100
v 2.081700 0.787200 0.264300
v 2.064600 0.828400 0.222200
v 2.090200 0.783100 0.251600
v 2.059700 0.827500 0.233900
v 2.052400 0.828000 0.258200
v 2.049000 0.865300 0.198800
v 2.038600 0.857900 0.228600
v 2.035800 0.895700 0.180500
v 2.055300 0.870100 0.184700
v 2.064900 0.871700 0.172300
v 2.042500 0.903100 0.163400
v 2.048200 0.905600 0.149500
v 2.028000 0.934300 0.148500
v 2.032600 0.938100 0.133600
v 2.016300 0.973600 0.131400
v 2.021000 0.926000 0.168700
v 2.010200 0.965400 0.155200
v 2.013600 0.912900 0.211400
v 2.004200 0.950900 0.204600
v 2.026300 0.884400 0.216300
v 2.018800 0.896200 0.269600
v 2.010600 0.931100 0.271500
v 2.033300 0.873200 0.334000
v 2.028700 0.871200 0.264300
v 2.042800 0.850900 0.313300
v 2.036900 0.854600 0.259100
v 2.049300 0.836500 0.287500
v 2.068700 0.810600 0.323900
v 2.073400 0.798100 0.295200
v 2.060400 0.824700 0.359700
v 2.090300 0.780000 0.360500
v 2.081200 0.796400 0.399300
v 2.120400 0.751200 0.397300
v 2.109100 0.770300 0.434700
v 2.162900 0.729500 0.434000
v 2.147300 0.750000 0.468800
v 2.201200 0.740200 0.503800
v 2.130300 0.774200 0.513200
v 2.177800 0.764000 0.548500
v 2.115500 0.806800 0.574000
v 2.096700 0.793100 0.478400
v 2.070300 0.817700 0.441100
v 2.084500 0.822300 0.530000
v 2.057800 0.848400 0.481000
v 2.077000 0.853900 0.575600
v 2.052200 0.883200 0.513100
v 2.057200 0.912900 0.533200
v 2.105500 0.841100 0.630700
v 2.073600 0.880400 0.603200
v 2.070800 0.901600 0.623600
v 2.099500 0.866700 0.664700
v 2.062400 0.935200 0.550900
v 2.065300 0.951900 0.575000
v 2.061000 0.973000 0.467100
v 2.050900 0.949400 0.452600
v 2.058100 1.000100 0.371800
v 2.068700 0.990400 0.488900
v 2.078600 1.010600 0.514700
v 2.070100 1.021900 0.387300
v 2.090800 1.086400 0.293600
v 2.064100 1.057500 0.284200
v 2.084400 1.047200 0.406100
v 2.123800 1.061100 0.419500
v 2.171100 1.070700 0.430200
v 2.136900 1.098000 0.301200
v 2.113300 1.025200 0.534700
v 2.105500 0.985400 0.631400
v 2.158000 1.036900 0.548600
v 2.145100 1.000400 0.653200
v 2.206400 1.050300 0.556700
v 2.188300 1.018300 0.665900
v 2.250700 1.057100 0.562800
v 2.218600 1.081500 0.440200
v 2.262300 1.089900 0.452300
v 2.230500 1.114600 0.325500
v 2.273300 1.117400 0.343700
v 2.248200 1.150700 0.220500
v 2.185400 1.106600 0.311200
v 2.203100 1.149300 0.204300
v 2.153800 1.142000 0.194500
v 2.222200 1.169900 0.119400
v 2.173900 1.163800 0.109600
v 2.232800 1.157300 0.075000
v 2.239700 1.155900 0.048100
v 2.188100 1.153500 0.065700
v 2.140000 1.143900 0.066000
v 2.194300 1.150100 0.038600
v 2.195900 1.177600 0.008600
v 2.144900 1.143600 0.042600
v 2.139400 1.160300 0.015600
v 2.087100 1.131700 0.036400
v 2.092000 1.127400 0.059800
v 2.058900 1.085000 0.072600
v 2.089300 1.124000 0.077100
v 2.058200 1.082200 0.090700
v 2.081100 1.115200 0.114500
v 2.124200 1.147500 0.107800
v 2.106000 1.123700 0.189400
v 2.069800 1.091600 0.188800
v 2.041200 1.058600 0.191700
v 2.051700 1.075000 0.124700
v 2.046900 1.027600 0.277100
v 2.019600 1.027300 0.194800
v 2.029700 1.041800 0.133800
v 2.032700 0.998600 0.272800
v 2.005200 0.991800 0.198500
v 2.014000 1.007200 0.143200
v 2.019300 0.968100 0.271200
v 2.030300 0.945400 0.355100
v 2.022400 0.907400 0.347600
v 2.038200 0.918500 0.440100
v 2.044900 0.974900 0.361700
v 2.037100 0.879300 0.421900
v 2.050300 0.845800 0.394900
v 2.021600 1.014900 0.115600
v 2.038100 1.047800 0.102600
v 2.024700 1.018200 0.098000
v 2.021200 1.020000 0.071500
v 2.038500 1.051000 0.084200
v 2.018700 0.977800 0.116100
v 2.016400 0.979700 0.090200
v 2.034000 0.937800 0.106800
v 1.994500 0.981000 0.055800
v 2.007600 0.930800 0.079300
v 2.001900 1.026600 0.034300
v 1.976600 0.980000 0.002100
v 1.989600 1.034500 -0.027700
v 1.975200 0.962200 -0.054200
v 1.984800 0.918800 0.040500
v 2.013900 0.862500 0.078600
v 1.988200 0.896400 -0.004500
v 2.014900 0.833400 0.050200
v 2.010300 0.856500 -0.039500
v 2.034400 0.799300 0.020600
v 2.040800 0.814300 -0.073700
v 1.993000 0.912900 -0.094700
v 2.028400 0.862200 -0.132900
v 1.970200 0.943500 -0.140400
v 2.001900 0.886900 -0.184100
v 1.965900 1.037700 -0.108100
v 1.958600 0.938300 -0.182100
v 1.940100 0.987400 -0.157000
v 1.925800 0.951300 -0.208500
v 1.928400 1.024900 -0.150400
v 1.903200 0.979000 -0.189600
v 1.880700 1.005500 -0.174700
v 1.837200 0.974500 -0.204700
v 1.867300 0.952400 -0.233000
v 1.897300 0.931900 -0.261500
v 1.823900 0.944900 -0.278800
v 1.854300 0.920700 -0.312000
v 1.789800 0.966500 -0.242700
v 1.769300 0.959100 -0.321400
v 1.749100 0.981400 -0.415400
v 1.735200 1.013800 -0.367400
v 1.794300 0.933200 -0.360700
v 1.752100 0.994400 -0.282300
v 1.725500 1.043300 -0.321600
v 1.730000 1.014300 -0.247500
v 1.716400 1.032600 -0.220000
v 1.764900 0.981200 -0.210700
v 1.705100 1.063400 -0.284000
v 1.696400 1.123000 -0.321700
v 1.689000 1.080800 -0.255100
v 1.684300 1.141500 -0.290700
v 1.680400 1.094300 -0.236100
v 1.675300 1.153900 -0.270200
v 1.707200 1.045300 -0.202700
v 1.672700 1.104900 -0.220100
v 1.668300 1.162900 -0.251900
v 1.665800 1.116800 -0.199500
v 1.699600 1.055800 -0.188400
v 1.691100 1.068000 -0.169700
v 1.730500 1.014500 -0.156000
v 1.721500 1.026200 -0.139400
v 1.738800 1.005100 -0.169400
v 1.780500 1.014700 -0.128100
v 1.788800 1.008700 -0.140800
v 1.829700 1.040500 -0.102700
v 1.770100 1.021700 -0.110900
v 1.821100 1.045300 -0.083600
v 1.754300 1.034300 -0.070100
v 1.729900 1.048900 0.015500
v 1.710600 1.042900 -0.097300
v 1.805100 1.052900 -0.043700
v 1.777900 1.060700 0.036400
v 1.857200 1.108100 -0.019600
v 1.890400 1.173000 -0.010200
v 1.832000 1.104700 0.051500
v 1.868700 1.101900 -0.059600
v 1.873100 1.092600 -0.081800
v 1.899100 1.167300 -0.053600
v 1.903200 1.153600 -0.080700
v 1.917200 1.209600 -0.071600
v 1.920600 1.244500 -0.110500
v 1.904900 1.213300 -0.020400
v 1.926300 1.200300 -0.106500
v 1.935300 1.194100 -0.128200
v 1.935500 1.241500 -0.150600
v 1.917200 1.272000 -0.207100
v 1.945200 1.239800 -0.177200
v 1.928200 1.271000 -0.232500
v 1.954800 1.235400 -0.194700
v 1.939600 1.265400 -0.251200
v 1.972300 1.222800 -0.209000
v 1.945300 1.188300 -0.142500
v 1.960000 1.177800 -0.156400
v 1.913800 1.135100 -0.113500
v 1.926900 1.123600 -0.134300
v 1.882900 1.079300 -0.112200
v 1.907800 1.143700 -0.097900
v 1.877100 1.085500 -0.096500
v 1.836600 1.036100 -0.115900
v 1.845300 1.030800 -0.130500
v 1.859900 1.023200 -0.153500
v 1.799200 1.001200 -0.155500
v 1.749100 0.994300 -0.185800
v 1.814900 0.990300 -0.177700
v 1.895400 1.070400 -0.136000
v 1.915000 1.051000 -0.149400
v 1.944200 1.105700 -0.145000
v 1.954100 1.080700 -0.135000
v 1.983400 1.130300 -0.139000
v 1.975600 1.160800 -0.155300
v 1.996100 1.097300 -0.099400
v 2.020600 1.174000 -0.157700
v 2.006400 1.208500 -0.213100
v 2.066300 1.215600 -0.178000
v 2.028000 1.141800 -0.103200
v 2.033100 1.115900 -0.038100
v 2.072200 1.190900 -0.116200
v 2.122500 1.229900 -0.133200
v 2.073100 1.168000 -0.051900
v 2.077200 1.146400 0.002000
v 2.126100 1.210500 -0.070900
v 2.130100 1.187700 -0.018400
v 2.194200 1.201300 -0.034400
v 2.039300 1.097700 0.019500
v 2.051000 1.088100 0.052400
v 2.017300 1.060300 0.025500
v 2.033000 1.051700 0.060500
v 2.007100 1.074500 -0.035800
v 2.113500 1.247600 -0.197700
v 1.960000 1.252100 -0.268800
v 1.935200 1.282600 -0.325100
v 1.916100 1.295000 -0.303200
v 1.897600 1.303500 -0.379200
v 1.854400 1.314800 -0.424000
v 1.881600 1.318700 -0.352500
v 1.841800 1.332900 -0.392500
v 1.873700 1.328900 -0.330700
v 1.836900 1.348000 -0.367900
v 1.863900 1.334100 -0.302200
v 1.905100 1.301700 -0.284100
v 1.893300 1.303200 -0.260400
v 1.876700 1.305700 -0.225000
v 1.847400 1.334700 -0.259300
v 1.901400 1.274200 -0.169400
v 1.855100 1.307300 -0.167400
v 1.820700 1.296300 -0.070700
v 1.826500 1.334900 -0.193500
v 1.879000 1.274300 -0.112900
v 1.844800 1.267400 -0.026500
v 1.899400 1.244900 -0.053800
v 1.865700 1.236800 0.021000
v 1.824900 1.218100 0.102200
v 1.879000 1.202300 0.049700
v 1.837400 1.178900 0.124900
v 1.868400 1.161000 0.055700
v 1.831700 1.135900 0.130700
v 1.793800 1.109700 0.200500
v 1.800200 1.090300 0.130700
v 1.750400 1.056800 0.125100
v 1.762800 1.073100 0.197600
v 1.721500 1.067200 0.248200
v 1.719200 1.052200 0.188100
v 1.685000 1.061700 0.228500
v 1.680300 1.052800 0.166600
v 1.703800 1.049900 0.107400
v 1.658300 1.067700 0.199700
v 1.651600 1.065500 0.139700
v 1.667600 1.060400 0.084100
v 1.636900 1.079800 0.167800
v 1.630800 1.084900 0.110500
v 1.646500 1.083000 0.059200
v 1.620500 1.100400 0.132500
v 1.621300 1.107500 0.078100
v 1.623100 1.125900 0.042800
v 1.613900 1.122800 0.090000
v 1.637900 1.109400 0.030300
v 1.656200 1.120500 -0.060700
v 1.637200 1.135700 -0.005400
v 1.637200 1.159400 -0.030600
v 1.650500 1.156400 -0.092700
v 1.647500 1.188800 -0.119400
v 1.655800 1.172900 -0.180400
v 1.654700 1.215100 -0.202200
v 1.662100 1.172300 -0.227700
v 1.660800 1.124200 -0.153200
v 1.682100 1.079800 -0.125100
v 1.666900 1.084500 -0.033600
v 1.690900 1.056100 -0.008600
v 1.663500 1.222400 -0.251800
v 1.670500 1.219500 -0.281200
v 1.667800 1.263000 -0.267600
v 1.689700 1.294700 -0.279200
v 1.659200 1.244200 -0.212100
v 1.670400 1.273900 -0.305000
v 1.702100 1.311800 -0.323600
v 1.673600 1.279700 -0.330500
v 1.677800 1.214800 -0.302800
v 1.682000 1.276100 -0.350700
v 1.710700 1.322400 -0.354000
v 1.717300 1.323300 -0.378700
v 1.735600 1.352500 -0.378900
v 1.756200 1.367200 -0.357100
v 1.766300 1.361400 -0.395200
v 1.745200 1.346000 -0.405900
v 1.728000 1.341900 -0.344600
v 1.717800 1.324400 -0.294000
v 1.696800 1.304100 -0.223800
v 1.747000 1.350300 -0.302100
v 1.723400 1.338200 -0.226500
v 1.778800 1.364700 -0.296000
v 1.756800 1.358300 -0.216800
v 1.792100 1.369300 -0.353000
v 1.814300 1.356200 -0.280900
v 1.829200 1.356800 -0.333500
v 1.794100 1.352400 -0.205100
v 1.758100 1.326400 -0.107600
v 1.724800 1.323500 -0.119500
v 1.717900 1.282800 -0.011500
v 1.791000 1.317100 -0.095100
v 1.747100 1.281000 0.006700
v 1.776300 1.269400 0.031500
v 1.701600 1.239700 0.099300
v 1.663000 1.180100 0.170600
v 1.677700 1.237300 0.074700
v 1.728600 1.235600 0.126300
v 1.686000 1.178500 0.199000
v 1.757000 1.221700 0.155600
v 1.802700 1.248300 0.066500
v 1.714000 1.173700 0.223100
v 1.784000 1.196400 0.181400
v 1.745700 1.169200 0.231300
v 1.797700 1.154200 0.201100
v 1.749300 1.127700 0.254300
v 1.758000 1.092200 0.244500
v 1.699300 1.109600 0.265800
v 1.665200 1.109800 0.239400
v 1.643300 1.113900 0.207800
v 1.628100 1.121800 0.172900
v 1.617200 1.134700 0.134400
v 1.645200 1.180400 0.139700
v 1.631900 1.182200 0.106200
v 1.625500 1.183700 0.067700
v 1.658900 1.231000 0.049800
v 1.646700 1.221600 0.024900
v 1.691800 1.276100 -0.028100
v 1.671100 1.259400 -0.043300
v 1.696200 1.302600 -0.130800
v 1.656900 1.233800 -0.052200
v 1.642200 1.212000 0.002800
v 1.644300 1.203200 -0.047400
v 1.676100 1.267500 -0.134200
v 1.659700 1.233300 -0.132600
v 1.674900 1.269100 -0.217000
v 1.648800 1.211800 -0.130100
v 1.638200 1.179300 -0.041900
v 1.621700 1.161800 0.030700
v 1.613500 1.148700 0.088500
v 1.630200 1.186800 0.019500
v 1.620300 1.141300 0.036600
v 1.800000 1.358000 -0.390500
v 1.806000 1.342400 -0.416900
v 1.774000 1.346000 -0.422700
v 1.813900 1.328700 -0.449400
v 1.777300 1.332400 -0.455600
v 1.827300 1.338100 -0.480700
v 1.782100 1.342000 -0.487900
v 1.744100 1.333200 -0.473700
v 1.790800 1.356100 -0.522500
v 1.806600 1.357800 -0.564200
v 1.743400 1.340000 -0.515900
v 1.756500 1.335900 -0.570700
v 1.705900 1.290500 -0.499800
v 1.710500 1.271800 -0.593600
v 1.710400 1.301700 -0.447800
v 1.685000 1.209500 -0.483700
v 1.698000 1.233100 -0.428000
v 1.695400 1.129200 -0.463700
v 1.676200 1.180000 -0.572200
v 1.644700 1.150500 -0.702400
v 1.687800 1.077900 -0.560100
v 1.641900 1.065100 -0.704300
v 1.720500 1.028100 -0.479000
v 1.740300 0.980600 -0.529500
v 1.702000 0.991900 -0.616200
v 1.728400 0.935600 -0.668200
v 1.648000 0.986200 -0.735300
v 1.670500 0.926100 -0.783000
v 1.580400 0.974000 -0.864600
v 1.602300 0.913700 -0.909300
v 1.575700 1.049900 -0.840200
v 1.503900 1.031600 -0.973300
v 1.580600 1.128100 -0.838100
v 1.510000 1.106400 -0.968500
v 1.592800 1.197300 -0.854800
v 1.613000 1.247500 -0.886200
v 1.660000 1.224400 -0.724500
v 1.523300 1.173600 -0.980200
v 1.542900 1.227800 -1.004100
v 1.451500 1.154500 -1.099000
v 1.438900 1.086300 -1.093300
v 1.468500 1.213600 -1.116500
v 1.488300 1.263400 -1.142700
v 1.566800 1.270700 -1.034800
v 1.510000 1.305100 -1.175400
v 1.592500 1.305700 -1.069000
v 1.534500 1.338800 -1.213800
v 1.669700 1.310800 -0.960800
v 1.640400 1.283200 -0.923600
v 1.708200 1.296200 -0.809300
v 1.681300 1.266400 -0.764500
v 1.641700 0.882500 -0.969700
v 1.688000 0.880300 -1.037600
v 1.710700 0.894200 -0.841600
v 1.766700 0.904800 -0.721900
v 1.761100 0.889500 -0.907000
v 1.809700 0.908100 -0.985100
v 1.824500 0.896600 -0.774900
v 1.878300 0.894700 -0.735300
v 1.831600 0.885900 -0.643200
v 1.873100 0.916700 -0.882200
v 1.934300 0.980400 -0.941100
v 1.909500 0.917500 -0.822100
v 1.955700 0.972500 -0.871800
v 1.939000 0.927500 -0.775400
v 1.970800 0.974400 -0.817800
v 1.914700 0.895400 -0.706300
v 1.959600 0.921600 -0.757500
v 1.986800 0.977100 -0.781500
v 1.999400 0.973200 -0.762800
v 1.990400 1.028400 -0.771200
v 2.007800 1.020100 -0.762100
v 2.010500 1.053900 -0.739600
v 2.026600 1.040800 -0.741400
v 2.017300 1.004900 -0.754600
v 2.004600 0.961200 -0.745800
v 2.024100 0.978300 -0.735100
v 2.044600 1.013000 -0.736900
v 2.059400 0.966600 -0.708900
v 2.084900 0.984700 -0.695900
v 2.066200 1.034200 -0.711800
v 2.043800 1.059200 -0.711600
v 2.088200 1.039100 -0.673100
v 2.102700 0.990500 -0.663800
v 2.068800 1.063100 -0.673000
v 2.111200 1.030600 -0.625700
v 2.098500 1.053600 -0.625300
v 2.138500 1.010000 -0.576000
v 2.123100 0.988900 -0.623800
v 2.143900 0.926300 -0.619300
v 2.150800 0.975000 -0.579900
v 2.172300 0.919400 -0.582600
v 2.185900 0.942200 -0.531100
v 2.208500 0.886300 -0.535400
v 2.212600 0.900500 -0.480000
v 2.168200 0.977400 -0.526400
v 2.190900 0.936200 -0.477400
v 2.156000 1.000000 -0.524800
v 2.146300 1.016300 -0.519100
v 2.128500 1.031800 -0.573900
v 2.178200 0.958900 -0.477800
v 2.170400 0.974500 -0.474100
v 2.176100 0.902600 -0.438100
v 2.188000 0.884700 -0.440900
v 2.150200 0.848200 -0.412400
v 2.170000 0.915200 -0.433700
v 2.162600 0.930400 -0.420700
v 2.139600 0.858900 -0.408800
v 2.127800 0.877500 -0.397800
v 2.093200 0.821500 -0.387700
v 2.036600 0.795400 -0.381700
v 2.081900 0.841400 -0.379900
v 2.101700 0.810800 -0.390200
v 2.111700 0.801300 -0.392100
v 2.041500 0.784700 -0.383900
v 2.046700 0.774800 -0.386000
v 1.987300 0.765200 -0.403200
v 1.944200 0.753000 -0.442200
v 1.992000 0.756400 -0.406500
v 1.983000 0.774500 -0.399900
v 1.938300 0.760900 -0.439000
v 1.975100 0.791700 -0.392400
v 2.028200 0.815800 -0.376100
v 1.929200 0.776800 -0.433100
v 1.966200 0.813400 -0.379200
v 1.957500 0.838900 -0.356000
v 2.019500 0.832500 -0.358000
v 1.921500 0.802000 -0.423000
v 1.873000 0.827500 -0.470300
v 1.898300 0.809200 -0.488800
v 1.913000 0.832900 -0.402400
v 1.902900 0.859800 -0.380000
v 1.949400 0.865900 -0.333000
v 1.892500 0.877600 -0.366300
v 1.856600 0.853800 -0.450600
v 1.837500 0.868600 -0.542600
v 1.843600 0.878200 -0.434200
v 1.830500 0.898200 -0.416200
v 1.814800 0.894600 -0.520600
v 1.796300 0.924900 -0.492200
v 1.797600 0.906500 -0.615500
v 1.772300 0.943200 -0.575200
v 1.770400 0.950800 -0.456500
v 1.814400 0.915300 -0.391600
v 1.871700 0.904500 -0.336600
v 1.915600 0.915900 -0.285000
v 1.882100 0.891300 -0.354000
v 1.927600 0.901200 -0.303500
v 1.961800 0.903600 -0.258000
v 1.939300 0.885800 -0.317400
v 1.980100 0.881600 -0.280600
v 1.997700 0.862100 -0.304400
v 2.016500 0.866800 -0.260200
v 2.043400 0.853800 -0.240000
v 1.984000 0.898000 -0.219200
v 2.048800 0.852400 -0.299800
v 2.115200 0.855600 -0.303400
v 2.066500 0.852600 -0.333800
v 2.010300 0.846000 -0.332000
v 2.118100 0.878100 -0.351300
v 2.074300 0.854100 -0.360100
v 2.122900 0.886800 -0.377100
v 2.160500 0.933200 -0.400500
v 2.164200 1.008900 -0.425700
v 2.191400 0.964100 -0.383100
v 2.158200 0.915800 -0.369300
v 2.169200 0.885000 -0.326700
v 2.199200 0.839900 -0.286200
v 2.209500 0.919500 -0.341100
v 2.253800 0.968500 -0.354300
v 2.235600 0.868300 -0.302500
v 2.278600 0.916800 -0.320600
v 2.262500 0.825200 -0.270600
v 2.282000 0.806200 -0.247600
v 2.232800 0.797200 -0.254900
v 2.299900 0.874400 -0.287500
v 2.339300 0.932600 -0.290600
v 2.316500 0.851600 -0.261700
v 2.357000 0.885200 -0.232700
v 2.347900 0.906100 -0.255000
v 2.329500 0.837000 -0.249700
v 2.296200 0.795200 -0.236500
v 2.337400 0.821500 -0.244100
v 2.305000 0.781400 -0.228700
v 2.368500 0.865500 -0.230500
v 2.387900 0.825900 -0.234100
v 2.351000 0.786500 -0.234800
v 2.318500 0.750000 -0.220900
v 2.377100 0.717200 -0.209200
v 2.414700 0.746900 -0.210900
v 2.413500 0.631800 -0.168200
v 2.344700 0.688700 -0.201500
v 2.382600 0.618500 -0.157600
v 2.316600 0.664300 -0.190800
v 2.292700 0.720600 -0.207700
v 2.291300 0.643300 -0.172100
v 2.355400 0.604900 -0.145600
v 2.403200 0.538200 -0.102300
v 2.329300 0.589100 -0.131600
v 2.374100 0.526100 -0.090300
v 2.302900 0.573400 -0.108500
v 2.285800 0.569900 -0.077200
v 2.342300 0.515000 -0.068600
v 2.270000 0.625900 -0.140400
v 2.251000 0.671100 -0.157400
v 2.257200 0.615800 -0.104400
v 2.242600 0.656500 -0.117700
v 2.251100 0.612000 -0.073400
v 2.273600 0.573200 -0.052500
v 2.250300 0.603100 -0.042700
v 2.240100 0.647800 -0.083200
v 2.237000 0.666400 -0.088200
v 2.241100 0.633200 -0.048000
v 2.245900 0.602100 -0.005900
v 2.238400 0.648900 -0.050700
v 2.236100 0.663500 -0.048700
v 2.243000 0.614300 -0.005900
v 2.239700 0.628400 -0.001300
v 2.253800 0.581000 0.044200
v 2.248000 0.594600 0.050200
v 2.265100 0.561900 0.094700
v 2.260300 0.572300 0.041700
v 2.274000 0.555700 0.036800
v 2.271900 0.551600 0.091000
v 2.288200 0.534100 0.083500
v 2.288900 0.537700 0.142600
v 2.281200 0.550300 0.146500
v 2.326900 0.533100 0.193000
v 2.309000 0.517500 0.133600
v 2.347200 0.513200 0.182100
v 2.334700 0.491900 0.121500
v 2.362900 0.461400 0.107400
v 2.372000 0.486900 0.167700
v 2.311000 0.509400 0.073900
v 2.339100 0.478400 0.063200
v 2.295000 0.533300 0.029900
v 2.320500 0.504600 0.020900
v 2.278300 0.557700 -0.008800
v 2.298700 0.537700 -0.019000
v 2.265500 0.577500 -0.035500
v 2.258300 0.580500 -0.005900
v 2.319300 0.522000 -0.038300
v 2.349500 0.477300 0.004700
v 2.379300 0.459000 -0.023900
v 2.372300 0.446300 0.048000
v 2.394900 0.426500 0.090900
v 2.408400 0.417200 0.024600
v 2.437200 0.387900 0.071200
v 2.447300 0.401000 0.001000
v 2.415500 0.458800 -0.048700
v 2.481300 0.358800 0.050900
v 2.479800 0.397600 -0.014300
v 2.512600 0.344000 0.034100
v 2.447800 0.465600 -0.061600
v 2.506300 0.393600 -0.024400
v 2.533100 0.381900 -0.031000
v 2.476000 0.467300 -0.070100
v 2.535700 0.333100 0.021000
v 2.561000 0.319100 0.008800
v 2.579500 0.295400 0.059200
v 2.640200 0.281300 0.098200
v 2.605200 0.287600 0.042600
v 2.555700 0.309300 0.072500
v 2.521000 0.334400 0.089900
v 2.603200 0.297400 0.109600
v 2.647600 0.311700 0.151600
v 2.564000 0.329700 0.127500
v 2.520400 0.373000 0.148400
v 2.605100 0.345100 0.163000
v 2.568800 0.389100 0.179500
v 2.631700 0.372000 0.183400
v 2.666800 0.368500 0.177800
v 2.653300 0.437700 0.187800
v 2.680100 0.308200 0.147400
v 2.696800 0.373200 0.166400
v 2.716400 0.380400 0.152600
v 2.679500 0.457800 0.167600
v 2.724600 0.320300 0.145300
v 2.714900 0.294000 0.117000
v 2.738000 0.370600 0.128000
v 2.751300 0.353600 0.109700
v 2.718000 0.437700 0.087200
v 2.754100 0.345300 0.080100
v 2.718800 0.289800 0.079000
v 2.738300 0.360400 0.048400
v 2.721500 0.433900 0.064700
v 2.688900 0.535900 0.032400
v 2.720900 0.426000 0.036400
v 2.692700 0.404200 0.013500
v 2.684500 0.530000 0.001300
v 2.639900 0.629800 -0.036800
v 2.652400 0.506700 -0.021000
v 2.614400 0.480600 -0.042400
v 2.604600 0.610900 -0.059700
v 2.558800 0.714300 -0.099900
v 2.567400 0.587600 -0.083100
v 2.530600 0.565300 -0.107300
v 2.521900 0.696400 -0.124600
v 2.485400 0.673100 -0.150200
v 2.489800 0.800100 -0.166800
v 2.524000 0.814600 -0.136800
v 2.459100 0.881300 -0.187300
v 2.453600 0.776400 -0.193900
v 2.424300 0.858400 -0.214700
v 2.398700 0.896700 -0.207300
v 2.430200 0.917100 -0.180800
v 2.384000 0.919200 -0.207500
v 2.382800 0.949300 -0.234600
v 2.416800 0.940500 -0.181500
v 2.416600 0.978300 -0.200300
v 2.443400 0.984800 -0.155300
v 2.448400 0.949400 -0.151000
v 2.479800 0.947400 -0.107600
v 2.460200 0.926800 -0.150600
v 2.490700 0.893000 -0.154400
v 2.492500 0.927300 -0.110100
v 2.514300 0.891900 -0.106400
v 2.520900 0.915300 -0.047500
v 2.511800 0.935600 -0.044200
v 2.537200 0.880700 -0.045700
v 2.551700 0.894800 0.019900
v 2.544800 0.914200 0.024300
v 2.564700 0.862700 0.018500
v 2.581600 0.865100 0.082400
v 2.583300 0.838100 0.141700
v 2.572000 0.880500 0.087300
v 2.592300 0.836100 0.080500
v 2.597800 0.828100 0.138600
v 2.615100 0.807900 0.139500
v 2.572400 0.794900 0.181500
v 2.581600 0.785100 0.176200
v 2.562900 0.750500 0.217700
v 2.596100 0.768500 0.177400
v 2.562800 0.743400 0.208000
v 2.567600 0.725300 0.195600
v 2.540700 0.696300 0.239700
v 2.539400 0.701900 0.248300
v 2.501600 0.644700 0.264100
v 2.542500 0.682500 0.217100
v 2.497100 0.651200 0.270600
v 2.483900 0.669800 0.283100
v 2.414200 0.624700 0.277300
v 2.426400 0.604100 0.272900
v 2.357800 0.572700 0.246700
v 2.433900 0.594000 0.265500
v 2.367600 0.560200 0.240900
v 2.444300 0.581600 0.253700
v 2.506400 0.634200 0.247900
v 2.572300 0.653700 0.214100
v 2.524600 0.605300 0.238700
v 2.462300 0.558600 0.240600
v 2.604700 0.613500 0.226300
v 2.547500 0.567500 0.235000
v 2.567600 0.521700 0.225700
v 2.484200 0.526300 0.228800
v 2.507300 0.485800 0.214900
v 2.423300 0.498200 0.205400
v 2.448000 0.462200 0.189300
v 2.400100 0.526600 0.220000
v 2.380500 0.547000 0.232400
v 2.398800 0.454800 0.151200
v 2.480700 0.420100 0.169000
v 2.535600 0.439100 0.196500
v 2.429400 0.415700 0.132700
v 2.474200 0.372100 0.111000
v 2.589100 0.469000 0.210100
v 2.613200 0.414500 0.195300
v 2.634700 0.505200 0.202900
v 2.619000 0.563000 0.216000
v 2.663200 0.537600 0.181700
v 2.678800 0.551800 0.164000
v 2.654800 0.601300 0.193900
v 2.645100 0.651100 0.208300
v 2.668300 0.617400 0.168800
v 2.668000 0.623600 0.134800
v 2.657600 0.673300 0.174100
v 2.649800 0.688000 0.131000
v 2.597500 0.689900 0.194100
v 2.630900 0.730200 0.180400
v 2.630400 0.754200 0.133800
v 2.611900 0.778200 0.076400
v 2.637900 0.704700 0.076100
v 2.590300 0.800100 0.015700
v 2.624700 0.719400 0.018800
v 2.569400 0.813500 -0.041400
v 2.550600 0.819400 -0.094700
v 2.612200 0.727500 -0.029600
v 2.594700 0.726400 -0.072300
v 2.653500 0.634700 -0.002300
v 2.658900 0.631200 0.036400
v 2.689200 0.536300 0.061800
v 2.663600 0.627500 0.086400
v 2.687300 0.542800 0.101600
v 2.711900 0.448300 0.115000
v 2.685500 0.550400 0.139900
v 2.703500 0.458900 0.140700
v 2.693800 0.462900 0.155400
v 2.718000 0.400300 0.139800
v 2.315000 0.546400 0.198800
v 2.306600 0.559600 0.203700
v 2.297800 0.584800 0.210000
v 2.275700 0.564400 0.151700
v 2.269900 0.595100 0.161500
v 2.259300 0.575700 0.100800
v 2.251100 0.609100 0.114700
v 2.227600 0.635100 0.136400
v 2.208500 0.652400 0.084300
v 2.240700 0.631500 0.065700
v 2.229200 0.659900 0.011900
v 2.195500 0.672800 0.024600
v 2.186400 0.688000 -0.038100
v 2.221400 0.687800 -0.041900
v 2.216000 0.700000 -0.090500
v 2.217600 0.711500 -0.133000
v 2.182800 0.701300 -0.095200
v 2.233200 0.681000 -0.089600
v 2.233200 0.691600 -0.128000
v 2.239700 0.709500 -0.169300
v 2.238400 0.678000 -0.124000
v 2.244300 0.694900 -0.164900
v 2.261700 0.721600 -0.196200
v 2.281700 0.750500 -0.213700
v 2.269700 0.693800 -0.190400
v 2.255000 0.737600 -0.200400
v 2.238300 0.754500 -0.210900
v 2.272800 0.765900 -0.218500
v 2.256400 0.779000 -0.229800
v 2.210300 0.772400 -0.236500
v 2.224200 0.728700 -0.177200
v 2.192500 0.739300 -0.201400
v 2.151500 0.768000 -0.224400
v 2.184200 0.716200 -0.149100
v 2.142400 0.728300 -0.162500
v 2.103500 0.756300 -0.153700
v 2.147300 0.701900 -0.093200
v 2.113500 0.714800 -0.076900
v 2.157300 0.682100 -0.024300
v 2.130900 0.684400 -0.002300
v 2.166900 0.665500 0.040500
v 2.144500 0.663500 0.060200
v 2.179500 0.647600 0.101200
v 2.158900 0.646100 0.116400
v 2.199800 0.628600 0.158700
v 2.179400 0.628200 0.173000
v 2.229100 0.613500 0.209600
v 2.197800 0.621300 0.235800
v 2.269600 0.608800 0.252300
v 2.251700 0.618800 0.182000
v 2.285900 0.610700 0.223100
v 2.335600 0.622400 0.254800
v 2.345700 0.592500 0.252000
v 2.323900 0.640300 0.272100
v 2.400100 0.657700 0.270800
v 2.465600 0.698000 0.285800
v 2.386000 0.691100 0.271200
v 2.373100 0.711000 0.289200
v 2.453100 0.725200 0.293100
v 2.511600 0.759300 0.305000
v 2.520500 0.738900 0.286900
v 2.443600 0.743900 0.311300
v 2.426800 0.757300 0.329000
v 2.502000 0.777500 0.324900
v 2.532300 0.824100 0.304300
v 2.485000 0.792300 0.341100
v 2.466300 0.805800 0.360500
v 2.516300 0.840800 0.323000
v 2.497800 0.857400 0.341700
v 2.532100 0.891000 0.289700
v 2.530300 0.941100 0.242300
v 2.511900 0.908000 0.307100
v 2.550400 0.873500 0.271700
v 2.562400 0.854100 0.250600
v 2.549000 0.923400 0.223500
v 2.529200 0.970300 0.163700
v 2.561700 0.903400 0.202200
v 2.572600 0.882400 0.180300
v 2.543200 0.950000 0.142400
v 2.519800 0.993400 0.076400
v 2.556900 0.928800 0.121200
v 2.532500 0.968400 0.053800
v 2.568400 0.904700 0.101200
v 2.539000 0.940000 0.036000
v 2.578700 0.858900 0.158200
v 2.579500 0.813000 0.204400
v 2.572600 0.833900 0.228400
v 2.564800 0.765000 0.241200
v 2.556700 0.785000 0.265300
v 2.535100 0.716400 0.270200
v 2.545300 0.805100 0.285200
v 2.506000 0.962700 -0.034900
v 2.501200 0.994200 -0.018200
v 2.475000 0.977300 -0.103100
v 2.471200 1.013800 -0.088800
v 2.488800 1.024500 0.008900
v 2.504300 1.016700 0.100500
v 2.511300 0.988900 0.183700
v 2.492600 1.007000 0.204200
v 2.471900 1.022100 0.225900
v 2.510400 0.958200 0.261000
v 2.486100 0.972100 0.278500
v 2.488300 0.924500 0.323000
v 2.466300 0.981500 0.294100
v 2.464700 0.934400 0.331500
v 2.452000 1.029000 0.244400
v 2.443700 1.032900 0.260800
v 2.465400 0.988700 0.309300
v 2.431300 1.032300 0.289000
v 2.406900 1.071300 0.207400
v 2.417600 1.069300 0.189000
v 2.452200 0.886900 0.362900
v 2.475200 0.874600 0.356600
v 2.430500 0.835400 0.391400
v 2.450400 0.820300 0.382100
v 2.404300 0.766200 0.387800
v 2.393600 0.777600 0.409600
v 2.386900 0.785100 0.416400
v 2.327600 0.719000 0.419600
v 2.332600 0.714700 0.406800
v 2.340100 0.713900 0.379000
v 2.255600 0.685800 0.379300
v 2.267100 0.686500 0.353700
v 2.196200 0.691400 0.345800
v 2.211700 0.689900 0.321500
v 2.151700 0.714800 0.312000
v 2.172500 0.712300 0.286900
v 2.189700 0.692900 0.261800
v 2.142200 0.741300 0.255300
v 2.117500 0.777000 0.222500
v 2.157800 0.717700 0.225700
v 2.125800 0.751100 0.190400
v 2.154800 0.683500 0.217000
v 2.153600 0.660800 0.206600
v 2.193000 0.657600 0.256900
v 2.118000 0.719800 0.179700
v 2.116600 0.695500 0.170200
v 2.084100 0.763200 0.146300
v 2.083500 0.734000 0.137100
v 2.049800 0.811300 0.114300
v 2.092700 0.794300 0.155800
v 2.101400 0.822700 0.182600
v 2.059800 0.841100 0.125200
v 2.074300 0.864500 0.146100
v 2.031100 0.885500 0.101000
v 2.050500 0.901300 0.123800
v 2.073700 0.827200 0.210800
v 2.050000 0.778700 0.099900
v 2.063700 0.749100 0.076500
v 2.091400 0.709500 0.119400
v 2.084000 0.723200 0.050300
v 2.105700 0.690100 0.099200
v 2.060300 0.765800 -0.010000
v 2.105800 0.699800 0.023400
v 2.123600 0.673400 0.079700
v 2.085900 0.737800 -0.045400
v 2.070700 0.783200 -0.117600
v 2.063300 0.828500 -0.185500
v 2.106800 0.803300 -0.224800
v 2.171900 0.811900 -0.265200
v 2.141100 0.654000 0.127000
v 2.129400 0.663800 0.142800
v 2.161000 0.638500 0.169300
v 2.158400 0.641000 0.187300
v 2.146200 0.654700 0.187500
v 2.118600 0.678800 0.154700
v 2.237500 0.647900 0.294300
v 2.253300 0.613300 0.282500
v 2.296300 0.673500 0.308100
v 2.281000 0.687500 0.326200
v 2.228600 0.679600 0.297500
v 2.347600 0.719200 0.345900
v 2.358500 0.722900 0.310100
v 2.413400 0.761200 0.357300
v 2.311600 0.652800 0.294300
v 2.370600 0.985600 -0.264700
v 2.351900 1.023000 -0.305100
v 2.321400 1.063100 -0.345700
v 2.320000 0.973400 -0.324600
v 2.293400 1.020600 -0.357500
v 2.260600 1.066700 -0.392000
v 2.280700 1.103800 -0.381500
v 2.224100 1.109000 -0.431600
v 2.228000 1.017100 -0.391100
v 2.199300 1.062100 -0.432700
v 2.167500 1.102400 -0.483100
v 2.141000 1.063000 -0.483900
v 2.186000 1.144900 -0.479300
v 2.134300 1.133600 -0.545100
v 2.145500 1.171600 -0.539600
v 2.098000 1.151700 -0.619100
v 2.114900 1.097600 -0.544900
v 2.082200 1.119000 -0.611700
v 2.072300 1.088100 -0.610600
v 2.109500 1.067600 -0.555200
v 2.119100 1.047400 -0.568800
v 2.138200 1.034400 -0.502300
v 2.161600 0.989500 -0.458400
v 2.084800 1.067200 -0.620900
v 2.051400 1.075400 -0.669500
v 2.032800 1.094700 -0.661700
v 2.026300 1.071600 -0.709600
v 2.008200 1.088300 -0.710200
v 2.009800 1.111400 -0.728300
v 1.990100 1.065400 -0.745500
v 1.991400 1.081400 -0.775300
v 1.984300 1.034400 -0.807600
v 1.997300 1.099100 -0.809900
v 1.998400 1.120000 -0.833700
v 1.981600 1.043600 -0.854700
v 2.019900 1.135800 -0.753600
v 2.057100 1.153700 -0.691200
v 2.023200 1.161700 -0.768600
v 2.025800 1.187200 -0.770600
v 2.061000 1.185200 -0.698000
v 2.063400 1.215200 -0.693000
v 2.105500 1.186900 -0.618800
v 2.109500 1.217400 -0.611200
v 2.110600 1.249800 -0.594700
v 2.148000 1.205700 -0.527400
v 2.193000 1.177800 -0.467700
v 2.235000 1.145600 -0.418400
v 2.064200 1.248800 -0.692000
v 2.071500 1.284200 -0.653700
v 2.024800 1.207300 -0.776700
v 2.036700 1.255100 -0.757600
v 2.038700 1.288800 -0.723700
v 2.015000 1.217100 -0.802200
v 2.017600 1.254000 -0.813900
v 2.013100 1.288000 -0.785000
v 2.002500 1.245700 -0.875000
v 2.004000 1.217300 -0.841600
v 1.995700 1.206500 -0.899000
v 1.996600 1.192800 -0.870200
v 1.998500 1.183200 -0.860100
v 1.989800 1.174100 -0.920800
v 1.986900 1.147500 -0.926300
v 1.969500 1.150300 -1.016900
v 1.924200 1.132900 -1.140700
v 1.974400 1.190800 -0.998600
v 1.962900 1.112200 -1.021800
v 1.914000 1.085800 -1.141100
v 1.954800 1.075000 -1.013100
v 1.901200 1.039700 -1.126900
v 1.984600 1.119800 -0.922100
v 1.945600 1.034800 -0.990100
v 1.981700 1.088700 -0.912100
v 1.884700 0.993300 -1.097100
v 1.855100 0.948600 -1.048500
v 1.768600 0.936300 -1.169100
v 1.674300 0.940200 -1.297900
v 1.797400 0.979900 -1.217100
v 1.731300 0.900200 -1.107900
v 1.644600 0.901000 -1.241500
v 1.608200 0.875600 -1.175300
v 1.551100 0.909400 -1.381500
v 1.573600 0.953300 -1.432500
v 1.446500 0.922300 -1.522600
v 1.465100 0.968900 -1.571700
v 1.480100 1.021300 -1.605000
v 1.350500 1.051800 -1.734100
v 1.493900 1.076100 -1.624900
v 1.591800 1.002200 -1.470600
v 1.698000 0.986200 -1.341600
v 1.607600 1.053500 -1.496000
v 1.717100 1.035600 -1.371500
v 1.621700 1.106500 -1.508600
v 1.634800 1.160100 -1.509400
v 1.507100 1.131700 -1.633200
v 1.732600 1.087200 -1.387400
v 1.746100 1.140000 -1.390300
v 1.835400 1.076900 -1.266800
v 1.820400 1.025700 -1.250600
v 1.847900 1.129000 -1.269100
v 1.856400 1.182100 -1.258300
v 1.930400 1.181000 -1.127000
v 1.857900 1.234500 -1.235300
v 1.756900 1.193500 -1.380800
v 1.646000 1.213500 -1.498400
v 1.761700 1.246300 -1.358800
v 1.757100 1.294000 -1.325200
v 1.653200 1.265300 -1.475800
v 1.541400 1.293600 -1.592100
v 1.652600 1.311900 -1.442300
v 1.641300 1.347800 -1.399700
v 1.543900 1.339600 -1.556900
v 1.536100 1.373700 -1.512600
v 1.431400 1.379400 -1.669600
v 1.300200 1.434800 -1.769700
v 1.422600 1.332300 -1.705400
v 1.285200 1.388400 -1.805100
v 1.407800 1.280000 -1.729200
v 1.264900 1.336300 -1.828100
v 1.392900 1.225800 -1.745100
v 1.532000 1.241500 -1.616500
v 1.519800 1.187100 -1.630100
v 1.379300 1.168300 -1.752900
v 1.246200 1.281500 -1.848200
v 1.229300 1.220100 -1.861600
v 1.079200 1.352900 -1.934100
v 1.105000 1.407100 -1.908400
v 0.919400 1.428400 -1.988800
v 1.056800 1.288300 -1.950100
v 1.036600 1.223600 -1.951700
v 0.894600 1.364900 -2.010000
v 0.734800 1.448400 -2.053700
v 0.567100 1.539800 -2.076400
v 0.765100 1.508500 -2.031300
v 0.799300 1.560000 -2.000000
v 0.602200 1.599600 -2.052900
v 0.643400 1.647100 -2.025100
v 0.436400 1.694600 -2.050400
v 0.395300 1.636500 -2.071400
v 0.481400 1.744600 -2.018700
v 0.270000 1.798000 -2.009600
v 0.319900 1.847400 -1.981800
v 0.224200 1.735700 -2.036200
v 0.114500 1.893000 -1.948200
v -0.021500 1.978400 -1.857400
v 0.168100 1.944200 -1.920100
v 0.063500 1.827400 -1.977400
v 0.023400 1.752100 -1.991600
v -0.075800 1.908600 -1.884500
v -0.194300 1.982900 -1.785700
v -0.117400 1.829600 -1.896200
v -0.140500 1.757900 -1.887200
v -0.235900 1.901400 -1.788900
v -0.332000 1.972400 -1.679200
v -0.258200 1.831500 -1.770500
v -0.279100 1.763800 -1.737500
v -0.364100 1.908200 -1.648400
v -0.393600 1.843800 -1.604900
v -0.455300 1.984100 -1.515200
v -0.408900 2.039200 -1.561300
v -0.497700 1.923700 -1.459100
v -0.552100 2.056800 -1.384500
v -0.488400 2.106700 -1.446400
v -0.605800 1.997200 -1.310300
v -0.647300 2.138200 -1.237700
v -0.741700 2.242100 -1.072400
v -0.572300 2.187500 -1.314500
v -0.733700 2.073800 -1.127200
v -0.824900 2.189200 -0.963800
v -0.864500 2.046600 -0.949900
v -0.742100 1.956300 -1.113200
v -0.758800 1.866900 -1.052000
v -0.824400 1.976100 -1.000600
v -0.634200 1.908400 -1.247500
v -0.640400 1.817800 -1.177300
v -0.527500 1.838700 -1.402000
v -0.547200 1.746600 -1.340400
v -0.419900 1.762700 -1.548200
v -0.301300 1.686000 -1.681300
v -0.434500 1.672900 -1.483600
v -0.422100 1.584300 -1.413000
v -0.554600 1.664400 -1.268100
v -0.645200 1.744200 -1.106500
v -0.549400 1.602000 -1.182200
v -0.641900 1.676600 -1.032500
v -0.540400 1.565000 -1.088000
v -0.620500 1.615700 -0.954100
v -0.526800 1.540600 -1.007200
v -0.451000 1.499000 -1.035500
v -0.570600 1.559100 -0.892300
v -0.484100 1.509400 -0.870500
v -0.616600 1.571300 -0.710700
v -0.586000 1.537500 -0.533400
v -0.688500 1.651300 -0.818500
v -0.711400 1.615700 -0.605600
v -0.504600 1.508300 -0.700300
v -0.498700 1.499700 -0.544800
v -0.394300 1.487200 -0.683400
v -0.372700 1.486600 -0.849600
v -0.397600 1.477600 -0.535700
v -0.292300 1.486300 -0.524900
v -0.399800 1.472400 -0.404700
v -0.486000 1.486700 -0.404200
v -0.304300 1.476100 -0.397400
v -0.397700 1.467100 -0.275600
v -0.311000 1.469900 -0.274600
v -0.479800 1.479400 -0.272700
v -0.549100 1.511600 -0.259000
v -0.479200 1.482400 -0.148100
v -0.551900 1.493500 -0.137200
v -0.564200 1.494600 -0.015400
v -0.612200 1.498000 -0.118300
v -0.612900 1.520400 -0.237300
v -0.627600 1.504800 0.004500
v -0.661000 1.491900 -0.086600
v -0.664900 1.512300 -0.201600
v -0.694900 1.467500 -0.036400
v -0.678400 1.495100 0.038400
v -0.702700 1.544300 0.154300
v -0.724400 1.494000 0.085500
v -0.642300 1.533700 0.121300
v -0.639800 1.565100 0.227300
v -0.572800 1.518700 0.099100
v -0.569700 1.543300 0.201800
v -0.559800 1.561400 0.308400
v -0.625600 1.583500 0.333000
v -0.480200 1.534600 0.286700
v -0.545200 1.575700 0.431700
v -0.603200 1.588800 0.443600
v -0.475000 1.553900 0.414500
v -0.534200 1.608500 0.557500
v -0.514800 1.634400 0.642600
v -0.465900 1.591300 0.533800
v -0.574300 1.634600 0.598700
v -0.589200 1.619200 0.569500
v -0.584900 1.609700 0.528700
v -0.629700 1.606700 0.533300
v -0.679600 1.592700 0.559200
v -0.623400 1.620100 0.575800
v -0.655100 1.594900 0.461300
v -0.711300 1.587300 0.500500
v -0.686400 1.600300 0.366800
v -0.704600 1.585600 0.262200
v -0.752800 1.597400 0.419200
v -0.798100 1.553100 0.478600
v -0.779800 1.592400 0.311500
v -0.767300 1.548200 0.200600
v -0.826400 1.542000 0.373600
v -0.814400 1.506900 0.258000
v -0.830400 1.471100 0.428800
v -0.767700 1.430700 0.325700
v -0.724500 1.413400 0.197000
v -0.745400 1.370000 0.379400
v -0.691000 1.356200 0.251900
v -0.807600 1.402600 0.483500
v -0.749700 1.309200 0.433400
v -0.803000 1.335800 0.538100
v -0.777800 1.243200 0.487400
v -0.695200 1.295200 0.314200
v -0.726200 1.229500 0.377900
v -0.655100 1.285200 0.189800
v -0.680800 1.214900 0.264700
v -0.638700 1.266600 0.072400
v -0.665100 1.350000 0.120100
v -0.663400 1.337200 0.009800
v -0.704100 1.404400 0.071700
v -0.706700 1.401300 -0.024700
v -0.734500 1.460900 0.008900
v -0.769300 1.477800 0.136100
v -0.756900 1.450200 -0.062700
v -0.739300 1.473900 -0.114900
v -0.787600 1.478100 -0.136900
v -0.751700 1.482900 -0.196900
v -0.703200 1.487000 -0.150900
v -0.727300 1.502800 -0.248900
v -0.773300 1.514000 -0.332600
v -0.688200 1.533300 -0.311200
v -0.731900 1.549700 -0.419600
v -0.628300 1.549400 -0.356100
v -0.560500 1.521100 -0.389400
v -0.663500 1.580600 -0.483600
v -0.805000 1.590300 -0.521900
v -0.867900 1.664200 -0.651500
v -0.889200 1.602900 -0.481000
v -0.833200 1.541000 -0.376600
v -0.848300 1.521800 -0.256800
v -0.892900 1.568000 -0.364100
v -0.900900 1.561800 -0.243200
v -0.944100 1.618900 -0.337800
v -0.964700 1.596100 -0.189000
v -0.936900 1.626200 -0.435700
v -1.011600 1.676900 -0.380300
v -1.081300 1.744800 -0.443500
v -1.047100 1.663500 -0.264700
v -0.980600 1.668200 -0.489100
v -0.933500 1.666800 -0.575000
v -1.041000 1.747600 -0.547700
v -1.092000 1.840500 -0.588800
v -0.993800 1.751800 -0.648300
v -1.038500 1.851300 -0.697600
v -0.930600 1.750300 -0.743200
v -0.969300 1.850000 -0.805300
v -0.837400 1.741800 -0.819700
v -0.866500 1.829600 -0.886900
v -0.732000 1.723600 -0.903700
v -0.779400 1.666000 -0.723800
v -0.755200 1.792200 -0.981600
v -0.862500 1.912000 -0.941000
v -0.976400 1.977800 -0.834300
v -1.039900 2.110200 -0.761800
v -0.922500 2.140300 -0.842800
v -1.076600 1.965100 -0.707900
v -1.136200 1.950200 -0.601000
v -1.113800 2.089600 -0.660400
v -1.176700 2.079200 -0.574800
v -1.141700 2.213100 -0.587000
v -1.196200 2.211800 -0.509700
v -1.139300 2.320900 -0.497600
v -1.077200 2.224200 -0.668200
v -1.084900 2.323200 -0.576900
v -0.985000 2.249600 -0.742400
v -1.000100 2.343000 -0.650800
v -0.887700 2.291200 -0.821700
v -0.908000 2.383500 -0.722800
v -0.804200 2.348200 -0.908000
v -0.822700 2.441500 -0.783400
v -0.715200 2.399400 -0.964100
v -0.657700 2.293400 -1.144900
v -0.733900 2.490300 -0.816300
v -0.630100 2.439400 -0.987300
v -0.574400 2.339400 -1.172200
v -0.545700 2.467300 -0.996600
v -0.656100 2.524900 -0.838100
v -0.665000 2.609400 -0.725000
v -0.578800 2.545100 -0.849900
v -0.598800 2.628100 -0.740700
v -0.494600 2.558500 -0.861100
v -0.457400 2.486800 -1.013700
v -0.517100 2.634600 -0.736000
v -0.411000 2.587500 -0.888700
v -0.373500 2.514900 -1.040500
v -0.332600 2.640500 -0.938200
v -0.433200 2.648700 -0.750900
v -0.345500 2.700100 -0.808000
v -0.437200 2.710600 -0.650800
v -0.351700 2.756500 -0.706800
v -0.528800 2.721500 -0.657500
v -0.433700 2.776100 -0.580700
v -0.484700 2.827800 -0.487800
v -0.514700 2.795900 -0.580500
v -0.408100 2.834800 -0.500900
v -0.344700 2.819600 -0.620000
v -0.238000 2.844300 -0.637800
v -0.334000 2.884900 -0.538900
v -0.231300 2.909700 -0.553400
v -0.316700 2.942600 -0.436100
v -0.225500 2.968700 -0.453600
v -0.305000 2.996700 -0.305700
v -0.376200 2.879400 -0.397300
v -0.347000 2.927500 -0.257900
v -0.395100 2.881300 -0.233100
v -0.439600 2.844900 -0.375900
v -0.503400 2.822400 -0.361700
v -0.561700 2.841638 -0.353500
v -0.544100 2.827900 -0.472500
v -0.447000 2.847400 -0.214600
v -0.509000 2.844938 -0.196600
v -0.856600 2.644100 -0.220600
v -0.799500 2.695200 -0.034900
v -0.825500 2.665500 -0.133100
v -0.397800 2.936500 -0.050700
v -0.770800 2.721500 0.048800
v -0.734300 2.756800 0.127000
v -0.814800 2.671800 0.080800
v -0.787500 2.692800 0.159100
v -0.872300 2.616500 0.116700
v -0.845700 2.652700 -0.007700
v -0.885500 2.627100 -0.117400
v -0.925500 2.589600 0.025400
v -1.037100 2.514600 0.146600
v -0.963800 2.580100 -0.121000
v -1.073700 2.512600 -0.038700
v -1.069300 2.525400 -0.162500
v -1.141500 2.451600 0.093300
v -1.195400 2.432400 -0.121100
v -1.254600 2.380100 0.015800
v -1.265600 2.316900 -0.218300
v -1.161900 2.442700 -0.234900
v -1.220500 2.331700 -0.329700
v -1.142700 2.430300 -0.332100
v -1.186700 2.332500 -0.422400
v -1.077600 2.505400 -0.269700
v -1.114400 2.415600 -0.416300
v -1.071900 2.489800 -0.358200
v -1.071700 2.411000 -0.499500
v -1.038900 2.485200 -0.435800
v -0.990500 2.425900 -0.576700
v -0.974700 2.497800 -0.517200
v -0.904400 2.464600 -0.649800
v -0.894100 2.535100 -0.585300
v -0.815300 2.521300 -0.685200
v -0.806900 2.583000 -0.606100
v -0.735000 2.571600 -0.703800
v -0.721500 2.633200 -0.606500
v -0.666200 2.683900 -0.636300
v -0.715800 2.681200 -0.531200
v -0.659100 2.739700 -0.558800
v -0.790800 2.630300 -0.531200
v -0.883800 2.627500 -0.320800
v -0.934900 2.603000 -0.339000
v -0.942400 2.559800 -0.458700
v -0.878300 2.591600 -0.523300
v -0.873000 2.635300 -0.276100
v -0.941500 2.602800 -0.285300
v -0.923600 2.610400 -0.218600
v -1.011400 2.550900 -0.315300
v -0.996300 2.550700 -0.386000
v -1.003200 2.563900 -0.233900
v -0.593300 2.797500 -0.566400
v -0.600300 2.717200 -0.655400
v -1.241900 2.203800 -0.420700
v -1.235900 2.068000 -0.492500
v -1.292600 2.183300 -0.307900
v -1.290900 2.045100 -0.375800
v -1.346600 2.140900 -0.150300
v -1.318000 2.267700 -0.071800
v -1.414300 2.060300 0.027600
v -1.340000 2.004300 -0.204200
v -1.404100 1.930800 -0.017000
v -1.312900 1.874500 -0.236600
v -1.254900 1.912700 -0.404200
v -1.257500 1.769200 -0.237600
v -1.372400 1.809200 -0.045800
v -1.408400 1.708400 0.159100
v -1.317100 1.711300 -0.062700
v -1.368500 1.628100 0.134000
v -1.239500 1.637600 -0.055800
v -1.177700 1.693700 -0.203600
v -1.151900 1.589500 -0.019400
v -1.307600 1.564200 0.123200
v -1.367300 1.475900 0.266200
v -1.230400 1.516700 0.135700
v -1.165300 1.486000 0.168400
v -1.293700 1.443800 0.273300
v -1.225800 1.442400 0.267600
v -1.317600 1.385500 0.332300
v -1.253200 1.359200 0.311800
v -1.378900 1.403900 0.337800
v -1.224900 1.390700 0.314800
v -1.315300 1.344000 0.355600
v -1.269300 1.340100 0.314500
v -1.360200 1.347700 0.375800
v -1.314600 1.307900 0.364600
v -1.306300 1.257500 0.366600
v -1.290500 1.299600 0.304000
v -1.342400 1.296700 0.400900
v -1.317200 1.242400 0.422200
v -1.378100 1.318000 0.460600
v -1.406300 1.378600 0.418200
v -1.402400 1.367300 0.530600
v -1.339400 1.260700 0.501600
v -1.352700 1.307400 0.585900
v -1.288100 1.203000 0.545800
v -1.307400 1.241600 0.645700
v -1.271800 1.182500 0.447300
v -1.239500 1.144000 0.587400
v -1.263000 1.177900 0.700900
v -1.217000 1.125000 0.472900
v -1.202300 1.088100 0.620300
v -1.177300 1.027400 0.644900
v -1.229800 1.118000 0.741800
v -1.130100 1.024100 0.519000
v -1.169100 1.073800 0.496100
v -1.148500 1.074200 0.392100
v -1.132000 1.088600 0.296000
v -1.204900 1.129200 0.384800
v -1.098600 1.023600 0.405700
v -1.048100 0.982600 0.435900
v -1.077400 1.026700 0.300400
v -1.060200 1.036600 0.200100
v -1.021500 0.975600 0.331500
v -0.954700 0.958100 0.369500
v -1.003200 0.978400 0.233700
v -0.991700 0.975200 0.147500
v -0.935700 0.953000 0.275500
v -0.862900 0.980400 0.301300
v -0.922000 0.952700 0.190700
v -0.848000 0.969400 0.220300
v -0.905200 0.949400 0.118900
v -0.831800 0.965500 0.141800
v -0.888800 0.941600 0.062700
v -0.980600 0.964300 0.079500
v -0.965600 0.948000 0.030800
v -1.033000 1.034300 0.037700
v -1.046100 1.041900 0.110200
v -1.068100 1.135300 0.013000
v -1.018000 1.012200 -0.039700
v -1.007200 1.042300 -0.162400
v -1.045100 1.133000 -0.070600
v -0.985900 0.941400 -0.075700
v -0.962500 0.881900 -0.095000
v -0.988900 0.958100 -0.172600
v -0.943200 0.921300 -0.006900
v -0.875200 0.918500 0.021600
v -0.925800 0.878300 -0.030400
v -0.873500 0.876000 0.008800
v -0.935600 0.820900 -0.017500
v -0.963300 0.815500 -0.084400
v -0.956400 0.774400 0.031200
v -0.890600 0.825500 0.031100
v -0.913600 0.787200 0.080600
v -0.829300 0.829300 0.055500
v -0.757300 0.826400 0.044100
v -0.840800 0.794100 0.110500
v -0.820200 0.880400 0.022700
v -0.756400 0.884300 0.010500
v -0.816700 0.928300 0.031900
v -0.750800 0.938100 0.014900
v -0.819100 0.954900 0.076900
v -0.746300 0.978500 0.057200
v -0.679000 1.012100 -0.020100
v -0.755300 1.000300 0.128100
v -0.679400 1.051200 0.053000
v -0.771100 1.015100 0.212100
v -0.789400 1.036700 0.293100
v -0.690800 1.080500 0.141200
v -0.710600 1.109500 0.234300
v -0.632400 1.159600 0.047000
v -0.648900 1.190900 0.151900
v -0.638000 1.239200 -0.028900
v -0.620400 1.118400 -0.041300
v -0.645400 1.201900 -0.108800
v -0.614800 1.058200 -0.134800
v -0.657000 1.048900 -0.244000
v -0.632200 0.956700 -0.164500
v -0.652500 1.165400 -0.178300
v -0.671500 1.139500 -0.247200
v -0.683600 1.255400 -0.210600
v -0.700000 1.223000 -0.259900
v -0.676500 1.287800 -0.150300
v -0.739600 1.328700 -0.226700
v -0.807500 1.391200 -0.241400
v -0.747200 1.288400 -0.272100
v -0.735500 1.367200 -0.167100
v -0.808800 1.432400 -0.182200
v -0.725500 1.395900 -0.102600
v -0.816000 1.463000 -0.121600
v -0.669800 1.317000 -0.079400
v -0.890900 1.498300 -0.181200
v -0.851300 1.510300 -0.155500
v -0.913900 1.530700 -0.151800
v -0.953300 1.536300 -0.165600
v -0.981000 1.544700 -0.159700
v -0.953300 1.518800 -0.199800
v -0.885200 1.473700 -0.213900
v -1.022500 1.498200 -0.184300
v -0.965400 1.488200 -0.221900
v -0.999200 1.535100 -0.174700
v -1.042000 1.549500 -0.123700
v -1.098400 1.542500 -0.047700
v -1.055300 1.567400 -0.063400
v -1.002700 1.558800 -0.130600
v -1.072300 1.505400 -0.127500
v -1.084700 1.434300 -0.125100
v -1.136500 1.497100 -0.048500
v -1.157800 1.429700 -0.049500
v -1.204300 1.468900 0.058000
v -1.157400 1.502600 0.057700
v -1.241000 1.408400 0.050200
v -1.250200 1.407500 0.193300
v -1.214800 1.432400 0.190800
v -1.290400 1.355900 0.181100
v -1.257900 1.268100 0.183400
v -1.215200 1.314800 0.063500
v -1.266600 1.222300 0.297500
v -1.179600 1.190800 0.196000
v -1.149700 1.227100 0.089000
v -1.114600 1.113000 0.195000
v -1.196200 1.152000 0.299700
v -1.094100 1.133000 0.097700
v -1.105400 1.241500 -0.006400
v -1.063900 1.244800 -0.092800
v -1.143300 1.338800 -0.032100
v -1.079300 1.345800 -0.111600
v -1.036700 1.347900 -0.174400
v -0.992300 1.351900 -0.233500
v -1.036900 1.432600 -0.183400
v -1.031000 1.250900 -0.167400
v -1.022700 1.144000 -0.163800
v -0.989700 1.260800 -0.237300
v -0.913200 1.277800 -0.304700
v -0.976800 1.162900 -0.249200
v -0.960000 1.063900 -0.260200
v -0.900500 1.180700 -0.317000
v -0.812300 1.180900 -0.344000
v -0.887400 1.080100 -0.329400
v -0.887000 0.986700 -0.341200
v -0.806100 1.083300 -0.362200
v -0.742400 1.065000 -0.354500
v -0.806500 0.993000 -0.377800
v -0.740300 0.982300 -0.376200
v -0.810000 0.905100 -0.390000
v -0.899500 0.897400 -0.354700
v -0.740300 0.900600 -0.389800
v -0.813500 0.813100 -0.400700
v -0.914500 0.806600 -0.359300
v -0.811000 0.715100 -0.391800
v -0.734200 0.814900 -0.397000
v -0.680400 0.818800 -0.360200
v -0.725300 0.727300 -0.378200
v -0.660500 0.746600 -0.336800
v -0.724200 0.662800 -0.310000
v -0.658600 0.681500 -0.271100
v -0.795400 0.648500 -0.325500
v -0.721500 0.624100 -0.217100
v -0.782900 0.608100 -0.216600
v -0.672500 0.641300 -0.182800
v -0.695900 0.578900 -0.127000
v -0.739700 0.559400 -0.126200
v -0.658500 0.527000 -0.062900
v -0.652700 0.599600 -0.102800
v -0.615100 0.553100 -0.051400
v -0.615700 0.627100 -0.056800
v -0.591200 0.580800 -0.018000
v -0.602900 0.649100 0.022900
v -0.629600 0.672600 -0.117800
v -0.630100 0.730400 -0.194000
v -0.629100 0.704700 0.004000
v -0.694200 0.753000 0.055300
v -0.711000 0.697000 0.135300
v -0.632100 0.634300 0.129500
v -0.693300 0.653700 0.146700
v -0.632400 0.777100 -0.106100
v -0.684900 0.808400 -0.019000
v -0.626500 0.859900 -0.187800
v -0.648300 0.886400 -0.286700
v -0.635600 0.790000 -0.266000
v -0.681700 0.878200 -0.062200
v -0.682200 0.949300 -0.062400
v -0.654600 0.830800 -0.309000
v -0.646900 0.961500 -0.261900
v -0.688800 0.891500 -0.351900
v -0.689600 0.967400 -0.336500
v -0.693400 1.048000 -0.317700
v -0.705900 1.132100 -0.301200
v -0.750800 1.152800 -0.329200
v -0.718500 1.196800 -0.290200
v -0.753600 1.233300 -0.305200
v -0.817100 1.273600 -0.324800
v -0.812000 1.342900 -0.290300
v -0.909300 1.364100 -0.287800
v -0.984400 1.431300 -0.233400
v -0.895300 1.429600 -0.257500
v -0.723800 0.673200 0.206300
v -0.716400 0.621500 0.274400
v -0.696600 0.601600 0.187700
v -0.689400 0.533900 0.189800
v -0.651800 0.565100 0.152500
v -0.600400 0.505000 0.134400
v -0.592700 0.594900 0.118700
v -0.682200 0.526100 0.141500
v -0.721300 0.493200 0.097300
v -0.645100 0.492800 0.102100
v -0.721700 0.480100 0.142800
v -0.757600 0.440000 0.129900
v -0.765500 0.456700 0.099500
v -0.711300 0.465400 0.194200
v -0.693700 0.538100 0.244600
v -0.750500 0.419400 0.182400
v -0.706300 0.449600 0.286500
v -0.745800 0.401700 0.278600
v -0.716800 0.442400 0.404600
v -0.696500 0.527300 0.328800
v -0.701000 0.511300 0.435700
v -0.719300 0.597400 0.378900
v -0.716600 0.579200 0.478600
v -0.743800 0.642300 0.418900
v -0.735300 0.660700 0.316400
v -0.749400 0.627900 0.522200
v -0.781200 0.666900 0.442700
v -0.758600 0.691100 0.346700
v -0.790400 0.708900 0.357200
v -0.771900 0.727300 0.290400
v -0.746600 0.702900 0.266300
v -0.738400 0.706300 0.206400
v -0.755500 0.727000 0.223300
v -0.728300 0.724800 0.138000
v -0.795400 0.748600 0.232400
v -0.814500 0.737100 0.289700
v -0.864800 0.759200 0.228300
v -0.774700 0.759500 0.167700
v -0.851800 0.771400 0.167400
v -0.759200 0.782000 0.103900
v -0.925300 0.764500 0.145600
v -0.934500 0.750700 0.213600
v -0.965900 0.746000 0.112800
v -0.972900 0.728500 0.197700
v -0.992800 0.727600 0.105200
v -1.023000 0.704100 0.153300
v -0.988200 0.749800 -0.024100
v -0.992300 0.723500 0.177700
v -1.008900 0.711200 0.227000
v -0.982000 0.712300 0.253600
v -1.022200 0.688800 0.288100
v -1.053300 0.677600 0.235100
v -0.992900 0.691600 0.307800
v -1.031900 0.648300 0.369000
v -1.074400 0.645700 0.330000
v -1.090200 0.608800 0.265100
v -1.102100 0.626000 0.432200
v -1.135100 0.585200 0.379400
v -1.054100 0.623300 0.462800
v -1.123000 0.606600 0.535700
v -1.134900 0.573200 0.627700
v -1.160500 0.573400 0.513600
v -1.075300 0.606400 0.554200
v -1.091900 0.579000 0.636300
v -1.038600 0.593600 0.561500
v -1.016500 0.611200 0.472700
v -1.003100 0.612500 0.582400
v -1.058200 0.567400 0.639600
v -1.022900 0.581300 0.663400
v -1.073900 0.533300 0.708400
v -1.040100 0.541800 0.730900
v -1.080100 0.484300 0.748000
v -1.103600 0.537100 0.703200
v -1.110100 0.489700 0.748000
v -1.142600 0.531600 0.695200
v -1.148400 0.488100 0.738000
v -1.175900 0.509200 0.681000
v -1.196200 0.472500 0.663500
v -1.173700 0.484800 0.715400
v -1.171100 0.544300 0.613300
v -1.193600 0.499900 0.595900
v -1.180800 0.521500 0.501500
v -1.190800 0.447100 0.583400
v -1.189800 0.428700 0.652100
v -1.178300 0.463700 0.498600
v -1.146900 0.395000 0.585400
v -1.133400 0.412400 0.507000
v -1.148100 0.389600 0.658600
v -1.080200 0.400500 0.601100
v -1.067200 0.412900 0.523300
v -1.090900 0.392200 0.673800
v -1.038900 0.425400 0.613900
v -1.026000 0.439200 0.533700
v -1.051600 0.416400 0.684300
v -0.996700 0.423400 0.625000
v -0.984000 0.441000 0.540800
v -1.010000 0.408400 0.696100
v -0.942200 0.412800 0.637200
v -0.893900 0.434200 0.649100
v -0.931500 0.427100 0.548100
v -0.953600 0.395700 0.710200
v -0.903900 0.420600 0.723500
v -0.969000 0.384800 0.777000
v -1.025300 0.403900 0.753500
v -0.914800 0.416400 0.779200
v -0.994200 0.427400 0.844500
v -0.996500 0.507200 0.819700
v -1.044300 0.435600 0.796300
v -0.928400 0.442900 0.822300
v -0.926700 0.495400 0.813700
v -0.882400 0.452800 0.809400
v -0.862300 0.442800 0.837200
v -0.878800 0.431500 0.787700
v -0.882800 0.485000 0.807400
v -0.859100 0.486600 0.827400
v -0.875900 0.523900 0.777000
v -0.850400 0.532100 0.791900
v -0.913900 0.534000 0.772900
v -0.866000 0.567200 0.722800
v -0.855700 0.601800 0.640800
v -0.901200 0.573400 0.714200
v -0.836700 0.583500 0.734200
v -0.781300 0.583800 0.734200
v -0.804800 0.537900 0.806400
v -0.820100 0.619900 0.648000
v -0.803200 0.642300 0.546700
v -0.761700 0.612500 0.632600
v -0.721700 0.563600 0.598600
v -0.736500 0.542700 0.713900
v -0.712000 0.498900 0.563400
v -0.732200 0.440300 0.537100
v -0.725300 0.484800 0.686400
v -0.747500 0.433700 0.662200
v -0.745800 0.463100 0.779900
v -0.759800 0.511400 0.799400
v -0.776000 0.441500 0.841800
v -0.761800 0.416600 0.760000
v -0.803400 0.398200 0.748400
v -0.779800 0.408200 0.811400
v -0.816500 0.392900 0.821000
v -0.824000 0.430700 0.868300
v -0.855500 0.413500 0.805500
v -0.843900 0.416400 0.742600
v -0.831600 0.436600 0.653900
v -0.870800 0.432600 0.734500
v -0.860400 0.446000 0.653700
v -0.848000 0.459700 0.545800
v -0.883600 0.446900 0.551700
v -0.819300 0.441900 0.536900
v -0.841000 0.444100 0.423900
v -0.808900 0.421700 0.410200
v -0.876700 0.433500 0.438700
v -0.839000 0.401000 0.305000
v -0.800000 0.397000 0.290300
v -0.875300 0.399600 0.319800
v -0.836400 0.391000 0.199500
v -0.830600 0.402200 0.128200
v -0.873300 0.387700 0.207800
v -0.796900 0.397300 0.190600
v -0.797000 0.415400 0.131400
v -0.793100 0.434000 0.105200
v -0.815200 0.436500 0.092300
v -0.840200 0.437000 0.075200
v -0.778800 0.470200 0.075300
v -0.795400 0.473900 0.051300
v -0.723900 0.487400 0.062300
v -0.728100 0.477300 0.030800
v -0.713400 0.470400 -0.009500
v -0.746700 0.475300 -0.017400
v -0.774300 0.472000 0.002100
v -0.665100 0.453200 0.026500
v -0.667500 0.453900 -0.000100
v -0.665700 0.464800 0.049100
v -0.621400 0.415700 0.022800
v -0.577300 0.421500 0.022200
v -0.626800 0.422100 -0.002700
v -0.623200 0.422900 0.050600
v -0.583000 0.427200 0.053700
v -0.604200 0.443700 0.086300
v -0.631300 0.443900 0.069900
v -0.663100 0.480100 0.070000
v -0.563200 0.463500 0.066300
v -0.584700 0.467300 0.100900
v -0.559900 0.528600 0.097800
v -0.559500 0.531000 0.035200
v -0.549500 0.462500 0.026200
v -0.564700 0.462900 -0.010000
v -0.588200 0.426600 -0.006900
v -0.567200 0.521400 -0.008700
v -0.586200 0.469300 -0.027600
v -0.593000 0.503400 -0.035100
v -0.608500 0.446800 -0.026500
v -0.630300 0.481000 -0.040200
v -0.633400 0.440200 -0.020700
v -0.660500 0.463800 -0.023600
v -0.708900 0.501700 -0.048300
v -0.758600 0.496500 -0.048600
v -0.767800 0.535200 -0.101800
v -0.811200 0.485100 -0.039900
v -0.823100 0.473100 0.026800
v -0.805900 0.545300 -0.125300
v -0.877000 0.472200 -0.065200
v -0.856200 0.468800 0.002400
v -0.887600 0.461300 -0.017400
v -0.896500 0.437300 0.037000
v -0.924800 0.448500 0.014200
v -0.926100 0.388600 0.107700
v -0.868100 0.434800 0.056300
v -0.898500 0.387300 0.115700
v -0.864100 0.394100 0.121800
v -0.912800 0.389900 0.214900
v -0.918500 0.405800 0.328400
v -0.948400 0.401400 0.215400
v -0.961400 0.433000 0.327800
v -0.980700 0.397000 0.202900
v -0.957000 0.393300 0.086200
v -0.998000 0.424100 0.322400
v -1.036100 0.401700 0.313800
v -1.017500 0.388800 0.186600
v -1.057100 0.413300 0.180000
v -0.993200 0.407700 0.066400
v -1.025000 0.442500 0.068300
v -1.048200 0.488700 0.102700
v -0.995600 0.496600 -0.034300
v -0.971900 0.573400 -0.132200
v -0.948500 0.463200 -0.040500
v -1.024500 0.539300 -0.000400
v -1.000500 0.619100 -0.102000
v -1.047700 0.592400 0.073200
v -1.074900 0.549000 0.178700
v -1.017600 0.659700 -0.031900
v -1.060900 0.643300 0.160100
v -1.021900 0.688200 0.059300
v -0.991700 0.736500 -0.117800
v -0.983000 0.711900 -0.219500
v -0.976500 0.809500 -0.164400
v -0.976300 0.882400 -0.179700
v -0.974700 0.805400 -0.260400
v -0.964800 0.886100 -0.274800
v -0.956700 0.972300 -0.271000
v -0.947900 0.631000 -0.228100
v -0.913100 0.712700 -0.343800
v -0.883300 0.641600 -0.303200
v -0.860100 0.591500 -0.232300
v -0.864300 0.532600 -0.140800
v -0.915600 0.584700 -0.206500
v -0.928500 0.536600 -0.141300
v -1.103500 0.522800 0.267000
v -1.079200 0.463300 0.203700
v -1.125500 0.505900 0.324200
v -1.155500 0.526500 0.403500
v -1.111600 0.462400 0.303500
v -1.109000 0.427900 0.416200
v -1.087900 0.412400 0.301900
v -1.148700 0.472900 0.404700
v -1.052100 0.418000 0.430600
v -1.012000 0.442900 0.437400
v -0.971400 0.445200 0.441400
v -0.922700 0.423000 0.444300
v -0.582100 0.599900 0.036600
v -0.757200 0.404300 0.400400
v -0.774700 0.418100 0.531400
v -0.790400 0.420100 0.653800
v -0.820900 0.488500 0.848400
v -0.780900 0.485900 0.839200
v -0.841800 0.627600 0.542100
v -0.817800 0.669000 0.444100
v -0.857200 0.676600 0.437100
v -0.877300 0.639000 0.534000
v -0.834700 0.715700 0.352800
v -0.917800 0.701500 0.428600
v -0.899800 0.733900 0.344600
v -0.933800 0.662200 0.521300
v -0.969800 0.672400 0.400500
v -0.983100 0.634100 0.490800
v -0.959000 0.710600 0.321700
v -1.000900 0.647400 0.383100
v -0.946400 0.734600 0.265900
v -0.881300 0.750000 0.282700
v -0.951100 0.640600 0.619000
v -0.968200 0.609200 0.706500
v -0.891900 0.613900 0.633300
v -0.984500 0.560200 0.771000
v -1.072800 0.445700 0.748600
v -1.049600 0.494600 0.779000
v -1.109300 0.441800 0.760600
v -1.063700 0.420300 0.734900
v -1.101400 0.402600 0.733800
v -1.151200 0.398400 0.719900
v -1.153900 0.440200 0.751900
v -1.181600 0.420000 0.695600
v -1.183800 0.449900 0.712600
v -1.266500 1.191600 0.374700
v -1.180100 1.456500 0.178300
v -1.112800 1.528000 0.043500
v -1.078000 1.556500 0.034600
v -1.020800 1.589900 -0.080900
v -1.088500 1.643400 -0.143500
v -0.742500 1.135300 0.331900
v -0.818200 1.060400 0.377500
v -0.788600 1.153800 0.434800
v -0.857900 1.075400 0.475700
v -0.835400 1.166500 0.539000
v -0.900000 1.086300 0.577800
v -0.873800 1.178200 0.639100
v -0.933700 1.095200 0.675200
v -0.824000 1.261900 0.590500
v -0.908400 1.181000 0.738100
v -0.961700 1.102200 0.768400
v -0.950800 1.172000 0.839900
v -0.858700 1.281700 0.705900
v -0.851500 1.353300 0.770100
v -0.838100 1.370400 0.627200
v -0.921600 1.236900 0.840300
v -0.986000 1.205800 0.949200
v -0.904600 1.305600 0.872100
v -0.898400 1.382200 0.910300
v -0.979200 1.275800 0.974600
v -0.976200 1.359600 0.996700
v -1.045500 1.267800 1.072100
v -1.050100 1.363700 1.076400
v -1.124500 1.270900 1.134300
v -1.047200 1.184700 1.048000
v -1.056200 1.127800 1.010800
v -1.124500 1.179000 1.104500
v -1.209400 1.170200 1.114200
v -1.205300 1.117300 1.051600
v -1.128700 1.112900 1.053600
v -1.128400 1.069900 0.980900
v -1.198600 1.080900 0.976700
v -1.113600 1.037700 0.893100
v -1.061700 1.093200 0.953600
v -1.015400 1.117300 0.918100
v -1.048300 1.066200 0.876700
v -0.992300 1.112900 0.855800
v -1.022500 1.043000 0.787100
v -0.995100 1.028300 0.689100
v -1.088700 1.007500 0.794800
v -1.156400 1.017300 0.787000
v -1.059300 0.984600 0.686100
v -1.025600 0.969800 0.574900
v -1.123800 0.992300 0.668700
v -1.085000 0.983400 0.547300
v -0.988500 0.968500 0.468900
v -0.960600 1.014100 0.588300
v -0.921800 1.005900 0.485900
v -0.885200 0.994900 0.388400
v -1.216600 1.048000 0.768300
v -1.181500 1.048000 0.889000
v -1.239900 1.080300 0.869300
v -1.261700 1.107900 0.953000
v -1.250400 1.151900 0.835200
v -1.287000 1.214100 0.785800
v -1.271400 1.182800 0.907400
v -1.309000 1.248600 0.851800
v -1.303000 1.201100 0.968800
v -1.326900 1.276500 0.908700
v -1.355600 1.307500 0.954800
v -1.371100 1.354100 0.848700
v -1.409800 1.443000 0.789200
v -1.380400 1.389800 0.897600
v -1.356000 1.321000 0.790100
v -1.332000 1.282200 0.724800
v -1.396800 1.402700 0.727400
v -1.426200 1.490400 0.668100
v -1.372200 1.357200 0.660400
v -1.404900 1.433800 0.600600
v -1.448800 1.505100 0.538200
v -1.436700 1.434200 0.474800
v -1.468800 1.579900 0.463300
v -1.456600 1.575900 0.601700
v -1.446700 1.639200 0.660600
v -1.469300 1.656900 0.514900
v -1.454100 1.734100 0.568000
v -1.460100 1.757900 0.393800
v -1.437200 1.910100 0.222900
v -1.461000 1.673000 0.354200
v -1.443900 1.849300 0.443400
v -1.401200 1.930400 0.496500
v -1.431100 2.019200 0.278700
v -1.385600 2.112500 0.344200
v -1.391900 2.181200 0.096000
v -1.335600 2.282900 0.173700
v -1.254900 2.359900 0.245000
v -1.135800 2.422000 0.303700
v -1.320400 2.180800 0.407400
v -1.341300 1.987500 0.546100
v -1.246300 2.211800 0.460200
v -1.349100 1.845200 0.656500
v -1.408900 1.799500 0.616700
v -1.355800 1.731300 0.746500
v -1.407800 1.691700 0.709400
v -1.367400 1.622200 0.818800
v -1.310800 1.762500 0.772800
v -1.328700 1.658100 0.837900
v -1.305700 1.700800 0.835900
v -1.341500 1.568000 0.904700
v -1.355200 1.476100 0.965700
v -1.313300 1.568900 0.954200
v -1.378900 1.523300 0.879700
v -1.303200 1.679900 0.862800
v -1.288500 1.678800 0.891800
v -1.255600 1.687700 0.922100
v -1.207800 1.700300 0.960600
v -1.272600 1.573100 0.990300
v -1.292600 1.469200 1.067300
v -1.217600 1.583300 1.020000
v -1.224000 1.475100 1.087700
v -1.142500 1.587600 1.025500
v -1.050000 1.583100 1.035300
v -1.132900 1.712200 0.989000
v -1.142200 1.479600 1.079700
v -1.055900 1.466100 1.059600
v -1.133400 1.376200 1.122600
v -1.225000 1.367200 1.147600
v -1.309000 1.363800 1.126700
v -1.217000 1.260200 1.148900
v -1.306600 1.258100 1.127800
v -1.349000 1.302600 1.056200
v -1.289800 1.178500 1.083800
v -1.336100 1.231000 1.021300
v -1.276600 1.134400 1.024500
v -1.370400 1.367400 0.988800
v -1.346800 1.391400 1.057500
v -1.364200 1.414300 1.007600
v -1.334600 1.477500 1.017700
v -1.374300 1.439400 0.933000
v -1.402800 1.482800 0.841600
v -1.408400 1.585400 0.781600
v -1.430300 1.540800 0.729800
v -0.973000 1.455800 1.004400
v -0.954300 1.571700 1.001800
v -0.890000 1.467400 0.939300
v -0.832500 1.437600 0.806300
v -0.816700 1.508000 0.872400
v -0.862200 1.564400 0.963700
v -0.818000 1.690100 0.952200
v -0.810000 1.568500 0.913400
v -0.761700 1.644200 0.892000
v -0.752200 1.581400 0.820400
v -0.730000 1.729800 0.856400
v -0.711800 1.654700 0.791800
v -0.780600 1.799900 0.904400
v -0.720500 1.773300 0.825500
v -0.767000 1.849300 0.835200
v -0.713800 1.776400 0.804400
v -0.702900 1.704900 0.788800
v -0.695900 1.689200 0.756300
v -0.711500 1.609400 0.694600
v -0.679400 1.692800 0.726000
v -0.660000 1.707800 0.720100
v -0.706900 1.780400 0.787600
v -0.669400 1.638800 0.644900
v -0.621900 1.649000 0.625500
v -0.669700 1.612300 0.597900
v -0.721200 1.575200 0.638900
v -0.780600 1.521800 0.690100
v -0.725400 1.553500 0.599800
v -0.775000 1.508800 0.643600
v -0.757500 1.549900 0.549300
v -0.795200 1.504800 0.594500
v -0.823700 1.455600 0.640500
v -0.828900 1.502400 0.526900
v -0.838700 1.439000 0.573200
v -0.842600 1.409000 0.692900
v -0.810300 1.475400 0.671200
v -0.827500 1.462000 0.718700
v -0.772500 1.534300 0.745200
v -0.603200 1.684800 0.693500
v -0.561100 1.657200 0.660400
v -0.640800 1.735200 0.747500
v -0.590200 1.719900 0.762600
v -0.583400 1.744100 0.830200
v -0.550300 1.689100 0.737300
v -0.627800 1.757600 0.799700
v -0.614400 1.779500 0.851600
v -0.664800 1.807400 0.831500
v -0.648400 1.818300 0.871600
v -0.709500 1.862100 0.847600
v -0.681000 1.796500 0.800000
v -0.725300 1.868500 0.819800
v -0.695700 1.787200 0.783600
v -0.737300 1.875200 0.803200
v -0.760500 1.943600 0.830300
v -0.778000 1.988100 0.800700
v -0.790700 1.973700 0.780500
v -0.746500 1.874100 0.798100
v -0.755700 1.864900 0.810100
v -0.809200 1.957000 0.778600
v -0.834100 1.931300 0.803500
v -0.871700 1.883200 0.903000
v -1.009100 1.871800 0.966800
v -0.906600 1.717400 1.001000
v -1.024200 1.722600 1.009800
v -1.129600 1.850700 0.960300
v -1.033900 2.008800 0.895500
v -1.139700 1.995100 0.906800
v -1.134800 2.123900 0.820400
v -1.205400 1.830500 0.915200
v -0.804200 2.061200 0.841300
v -0.832300 2.099500 0.792000
v -0.785300 2.008800 0.858600
v -0.766400 1.977200 0.877300
v -0.771000 2.024400 0.907100
v -0.746700 1.921100 0.858500
v -0.745000 1.957900 0.892300
v -0.724000 1.916500 0.887300
v -0.738300 1.983900 0.914300
v -0.705200 1.945400 0.958500
v -0.753000 1.992600 0.954600
v -0.703700 1.935200 0.915900
v -0.664200 1.885200 0.916800
v -0.609900 1.864900 0.967600
v -0.655600 1.900900 0.965200
v -0.689200 1.866500 0.882400
v -0.630200 1.835600 0.915400
v -0.601100 1.799500 0.905700
v -0.580800 1.830500 0.961700
v -0.572900 1.770600 0.892100
v -0.539000 1.746300 0.877800
v -0.556400 1.795200 0.953000
v -0.560700 1.809000 1.034300
v -0.524700 1.770700 0.942100
v -0.491800 1.755000 0.933800
v -0.521600 1.790400 1.022800
v -0.487200 1.775400 1.013300
v -0.556500 1.771800 1.136800
v -0.612300 1.801800 1.149400
v -0.505300 1.753100 1.122900
v -0.598300 1.766700 1.255800
v -0.523700 1.756200 1.238300
v -0.532400 1.763100 1.335200
v -0.631500 1.748100 1.350500
v -0.684400 1.781500 1.264800
v -0.755200 1.821600 1.263000
v -0.747000 1.769500 1.354500
v -0.837000 1.823800 1.349100
v -0.794600 1.767300 1.432000
v -0.652600 1.736100 1.431000
v -0.823400 1.768600 1.510500
v -0.892100 1.850500 1.431800
v -0.937700 1.855300 1.516400
v -0.964000 1.938500 1.423600
v -1.017400 1.961400 1.518100
v -1.009500 2.020000 1.411500
v -0.901900 1.897300 1.337100
v -0.813700 1.874500 1.251500
v -0.720800 1.859600 1.144200
v -0.669200 1.822000 1.150900
v -0.639500 1.865100 1.045100
v -0.685400 1.909100 1.034900
v -0.599700 1.831600 1.043200
v -1.060000 2.058300 1.522200
v -1.103800 2.084200 1.627900
v -1.082400 2.154600 1.523000
v -1.133300 2.180000 1.638900
v -1.160100 2.275300 1.634300
v -1.153400 2.206500 1.727800
v -1.151700 2.231700 1.804300
v -1.127600 2.108600 1.711100
v -1.180400 2.293700 1.731000
v -1.177100 2.310800 1.816200
v -1.154400 2.327100 1.903500
v -1.140300 2.387300 1.907100
v -1.112700 2.335200 1.979300
v -1.140200 2.253200 1.887100
v -1.117000 2.159100 1.861500
v -1.112700 2.263400 1.963000
v -1.098600 2.170400 1.935300
v -1.081000 2.247500 2.024700
v -1.071500 2.160000 1.997700
v -1.040100 2.229000 2.078000
v -1.075200 2.319200 2.042400
v -1.064400 2.369200 2.055500
v -1.031600 2.301100 2.091500
v -0.975800 2.304800 2.116200
v -1.020200 2.354100 2.104200
v -0.977900 2.353000 2.131700
v -1.016500 2.384100 2.126800
v -1.024000 2.384800 2.155400
v -0.982400 2.375500 2.160600
v -1.057800 2.402900 2.071500
v -1.092900 2.434100 1.996600
v -1.069300 2.408700 2.095300
v -1.081200 2.405700 2.118600
v -1.104400 2.394300 2.158400
v -1.035300 2.366600 2.180200
v -1.003800 2.352200 2.219400
v -1.057400 2.346300 2.221700
v -0.994100 2.362800 2.189800
v -0.969000 2.340100 2.205300
v -0.958200 2.347000 2.175300
v -0.934100 2.308900 2.211300
v -0.925600 2.314500 2.174900
v -0.915600 2.249200 2.197400
v -0.901600 2.259900 2.163300
v -0.923200 2.323100 2.134800
v -0.916800 2.259200 2.124800
v -0.882600 2.191100 2.150200
v -0.914900 2.187200 2.109900
v -0.863800 2.099800 2.122700
v -0.910600 2.088500 2.090200
v -0.967000 2.058200 2.069600
v -0.975900 2.163100 2.093100
v -1.039300 2.145200 2.058600
v -1.006900 2.051000 2.014200
v -0.915200 1.929600 2.005200
v -0.952100 1.927400 1.953900
v -0.993500 1.963800 1.928600
v -0.876100 1.788500 1.878100
v -0.989200 1.918600 1.875200
v -0.868500 1.743800 1.798200
v -0.687400 1.746500 1.861500
v -0.682700 1.731000 1.799600
v -0.551700 1.823400 1.791200
v -0.674300 1.720000 1.727000
v -0.671300 1.726400 1.650100
v -0.546200 1.826800 1.724500
v -0.864600 1.728500 1.722100
v -1.009000 1.851900 1.736500
v -0.860000 1.725200 1.652600
v -1.000400 1.843500 1.666000
v -0.845200 1.749500 1.583600
v -0.980000 1.842300 1.594100
v -0.668300 1.728500 1.570900
v -0.663800 1.736000 1.501200
v -0.534100 1.802500 1.549900
v -0.533100 1.787100 1.482700
v -0.486500 1.850900 1.527200
v -0.538100 1.813100 1.638200
v -0.486500 1.854100 1.624000
v -0.486800 1.828400 1.457600
v -0.464600 1.857800 1.520300
v -0.466800 1.843100 1.447100
v -0.442000 1.848100 1.531300
v -0.389200 1.797000 1.563300
v -0.446400 1.826900 1.461400
v -0.394600 1.782300 1.494900
v -0.446500 1.804900 1.396200
v -0.442500 1.777700 1.316000
v -0.394400 1.769900 1.428800
v -0.468100 1.816800 1.381300
v -0.465400 1.782100 1.300600
v -0.486900 1.779300 1.311800
v -0.488200 1.806500 1.392300
v -0.534400 1.775400 1.416000
v -0.483000 1.761700 1.216400
v -0.459000 1.766000 1.205400
v -0.472800 1.755700 1.110200
v -0.461900 1.769800 1.009500
v -0.449800 1.759300 1.104900
v -0.439700 1.767800 1.009900
v -0.424800 1.753700 1.114400
v -0.382500 1.748500 1.133600
v -0.433900 1.759600 1.221000
v -0.412700 1.767700 1.013200
v -0.375700 1.770500 1.021900
v -0.396100 1.745500 0.936700
v -0.431300 1.746400 0.934600
v -0.377800 1.708400 0.868600
v -0.353400 1.749300 0.943200
v -0.301200 1.762900 0.957200
v -0.322200 1.782700 1.038300
v -0.312600 1.762300 1.158100
v -0.293200 1.755000 1.283500
v -0.230200 1.788100 1.181400
v -0.140500 1.804700 1.192400
v -0.181000 1.763200 1.308600
v -0.073400 1.799200 1.318100
v -0.132700 1.747200 1.408400
v -0.002500 1.796500 1.415700
v -0.275100 1.734600 1.383600
v -0.092100 1.742400 1.492400
v -0.261400 1.722400 1.465600
v -0.065600 1.742700 1.574400
v -0.251700 1.721400 1.537800
v -0.245000 1.714000 1.608800
v -0.235000 1.712700 1.683400
v -0.390400 1.757500 1.348600
v -0.385400 1.750800 1.251000
v -0.423600 1.707500 0.864200
v -0.413500 1.677600 0.772400
v -0.464900 1.711900 0.863700
v -0.461800 1.748300 0.932400
v -0.503000 1.723800 0.868100
v -0.460800 1.683500 0.778300
v -0.504400 1.697600 0.792800
v -0.458200 1.646400 0.695000
v -0.506700 1.664600 0.717200
v -0.460600 1.616500 0.620400
v -0.404900 1.638300 0.683600
v -0.399100 1.608200 0.608400
v -0.546100 1.716700 0.810500
v -1.059800 1.975500 1.609500
v -1.092800 1.985200 1.686800
v -1.096400 2.007000 1.761500
v -1.130000 2.133900 1.784800
v -1.075100 2.039000 1.833600
v -1.002000 1.877800 1.810200
v -1.060700 2.056500 1.903300
v -1.036700 2.068200 1.961800
v -0.976400 2.238700 2.108400
v -0.944600 2.352600 2.147000
v -1.150800 2.382400 2.238900
v -1.088200 2.356200 2.299800
v -1.118200 2.383400 2.389300
v -1.099200 2.388400 1.986000
v -1.013400 2.444100 0.324800
v -0.975600 2.534500 0.233900
v -0.855100 2.627300 0.195800
v -0.959300 2.557900 0.168500
v -0.953300 2.518800 0.286700
v -0.889600 2.592200 0.262900
v -0.845300 2.635200 0.267600
v -0.886400 2.574400 0.317900
v -0.919900 2.509900 0.337000
v -0.808700 2.674300 0.249500
v -1.451000 1.596000 0.318900
v -1.433500 1.804700 0.185100
v -1.420800 1.528900 0.285600
v -1.457600 1.507900 0.413800
v -1.427200 1.447300 0.369800
v -0.999900 1.153500 0.932800
v -1.126900 1.727400 -0.333500
v -1.196100 1.807900 -0.383700
v -1.146500 1.826300 -0.498300
v -1.200500 1.935100 -0.521900
v -0.359400 2.965400 -0.069600
v -0.369100 3.076800 0.117300
v -0.334800 3.102800 0.100200
v -0.304700 3.140300 0.077400
v -0.327500 3.264700 0.259300
v -0.302600 3.303100 0.236400
v -0.325800 3.408400 0.404000
v -0.305700 3.451500 0.374900
v -0.361500 3.373700 0.421200
v -0.343200 3.530900 0.507800
v -0.312300 3.567400 0.485000
v -0.357200 3.601600 0.576400
v -0.316800 3.629500 0.560400
v -0.368800 3.644700 0.629200
v -0.321200 3.665500 0.617200
v -0.376800 3.681000 0.686600
v -0.383700 3.713500 0.762600
v -0.320900 3.694500 0.678400
v -0.263200 3.703800 0.656200
v -0.321200 3.724700 0.755900
v -0.329000 3.775900 0.857500
v -0.261700 3.724600 0.740300
v -0.265700 3.776900 0.853400
v -0.204400 3.723800 0.730000
v -0.147100 3.725100 0.742000
v -0.203600 3.703600 0.643400
v -0.206300 3.777500 0.850900
v -0.208600 3.837600 0.992600
v -0.146700 3.777400 0.855800
v -0.144300 3.835600 0.992000
v -0.082800 3.776900 0.861800
v -0.016300 3.756500 0.871200
v -0.087100 3.725500 0.758800
v -0.077400 3.827000 0.992300
v -0.023800 3.714700 0.766100
v -0.085700 3.694800 0.681000
v -0.143500 3.704300 0.657400
v -0.029300 3.681300 0.690300
v -0.085300 3.666000 0.619400
v -0.137300 3.694600 0.588700
v -0.091100 3.630300 0.561700
v -0.036900 3.645200 0.632100
v -0.050500 3.601300 0.579200
v -0.100200 3.567400 0.487100
v -0.068000 3.530800 0.510500
v -0.091400 3.408000 0.407000
v -0.096200 3.264500 0.262500
v -0.054700 3.373900 0.424000
v -0.112700 3.451200 0.377400
v -0.151800 3.482400 0.348200
v -0.123100 3.302900 0.239200
v -0.165000 3.330000 0.218700
v -0.130200 3.140700 0.080700
v -0.154000 3.196900 0.033800
v -0.149600 3.072400 -0.144500
v -0.218100 3.222000 0.009800
v -0.219700 3.111200 -0.181400
v -0.280300 3.197500 0.030900
v -0.213400 3.339600 0.209800
v -0.261400 3.330000 0.217300
v -0.209600 3.492000 0.336100
v -0.266500 3.482400 0.346700
v -0.206200 3.604900 0.439100
v -0.142300 3.600000 0.450900
v -0.204400 3.665600 0.514400
v -0.269600 3.599500 0.450100
v -0.269000 3.659800 0.527700
v -0.268900 3.693700 0.587300
v -0.203800 3.699400 0.573800
v -0.138900 3.660400 0.528100
v -0.292000 3.072900 -0.149600
v -0.322800 3.005600 -0.094900
v -0.221800 3.026400 -0.329400
v -0.145100 2.995200 -0.298900
v -0.105900 2.924800 -0.247200
v -0.141300 2.940100 -0.425700
v -0.086300 2.875700 -0.380000
v -0.137500 2.882000 -0.522700
v -0.066600 2.827200 -0.473500
v -0.137800 2.813500 -0.598400
v -0.061300 2.766700 -0.540400
v -0.148700 2.749400 -0.677900
v -0.245300 2.778100 -0.727200
v -0.080400 2.697600 -0.602600
v -0.156200 2.691200 -0.774800
v -0.097300 2.634500 -0.690000
v -0.242100 2.721600 -0.829300
v -0.157800 2.630600 -0.898200
v -0.148000 2.564100 -1.036200
v -0.237200 2.660400 -0.949500
v -0.112700 2.572100 -0.821500
v -0.116700 2.499000 -0.968600
v -0.049900 2.535900 -0.762400
v -0.060500 2.463000 -0.904500
v -0.021900 2.612300 -0.650500
v 0.024400 2.514900 -0.719600
v 0.008000 2.434800 -0.847600
v 0.060500 2.601000 -0.627900
v 0.094500 2.487700 -0.681200
v 0.079100 2.398500 -0.802500
v 0.122300 2.576700 -0.597500
v 0.164200 2.447800 -0.638100
v 0.213400 2.294500 -0.673900
v 0.244900 2.393600 -0.586300
v 0.187100 2.536400 -0.559400
v 0.148400 2.351500 -0.750200
v 0.129900 2.243600 -0.903100
v 0.074700 2.296900 -0.963400
v 0.169200 2.186500 -0.811700
v 0.108700 2.139300 -1.056200
v 0.076300 2.197700 -1.118800
v 0.120300 2.085200 -0.963800
v 0.097300 2.062100 -1.172900
v 0.082900 2.125700 -1.228100
v 0.106500 1.999200 -1.267600
v 0.090900 2.008500 -1.096100
v 0.087500 1.942100 -1.214900
v 0.074100 1.946900 -1.020200
v 0.136000 2.016100 -0.847500
v 0.061100 1.880500 -1.160800
v 0.043500 1.857600 -0.967400
v 0.108200 1.897400 -0.831900
v -0.000400 1.769900 -0.927700
v 0.027900 1.795600 -1.117100
v -0.009200 1.704600 -1.079800
v 0.047500 1.727500 -1.253300
v -0.005400 1.640200 -1.227200
v 0.095300 1.660200 -1.374000
v 0.092300 1.807700 -1.286200
v 0.125300 1.872100 -1.317900
v 0.150100 1.736700 -1.394200
v 0.183500 1.804000 -1.408800
v 0.237100 1.670800 -1.474000
v 0.269300 1.741400 -1.480400
v 0.338700 1.607400 -1.537000
v 0.182700 1.592500 -1.461300
v 0.107200 1.508200 -1.470900
v 0.282300 1.526800 -1.541400
v 0.211500 1.444200 -1.559500
v 0.403400 1.455600 -1.600100
v 0.533100 1.385700 -1.637000
v 0.338900 1.372600 -1.628100
v 0.452300 1.540500 -1.589900
v 0.574600 1.471500 -1.621600
v 0.479400 1.613400 -1.588500
v 0.596100 1.542700 -1.622700
v 0.492200 1.681500 -1.601600
v 0.369700 1.679700 -1.538900
v 0.383800 1.751800 -1.551800
v 0.283100 1.814000 -1.493100
v 0.380600 1.827700 -1.587400
v 0.277300 1.895100 -1.525400
v 0.365100 1.893800 -1.638300
v 0.494100 1.750800 -1.636200
v 0.614000 1.669700 -1.669400
v 0.487200 1.810800 -1.686500
v 0.480800 1.857200 -1.741800
v 0.614000 1.723900 -1.718700
v 0.613500 1.765100 -1.776300
v 0.741300 1.642400 -1.727700
v 0.737500 1.591700 -1.677600
v 0.868200 1.571300 -1.707600
v 0.745800 1.680500 -1.783200
v 0.756300 1.714900 -1.836200
v 0.876200 1.607400 -1.763600
v 0.890200 1.641400 -1.812700
v 0.906300 1.674300 -1.863000
v 0.898300 1.672200 -1.915500
v 0.775100 1.754000 -1.886300
v 0.764700 1.756300 -1.942200
v 0.640600 1.846400 -1.884200
v 0.501000 1.946500 -1.851700
v 0.625700 1.853300 -1.942400
v 0.619200 1.800700 -1.829900
v 0.478800 1.894300 -1.798900
v 0.344500 1.987200 -1.748400
v 0.361600 2.040000 -1.802900
v 0.223400 2.069900 -1.678000
v 0.351100 1.945200 -1.692800
v 0.235900 2.024900 -1.624400
v 0.256100 1.968200 -1.572900
v 0.149700 2.096800 -1.545100
v 0.175600 2.036300 -1.496200
v 0.138400 2.150700 -1.594800
v 0.088100 2.151600 -1.470000
v 0.074200 2.210200 -1.516900
v 0.118700 2.091000 -1.424200
v 0.042800 2.197700 -1.394900
v 0.077100 2.139000 -1.351900
v 0.021000 2.256000 -1.439800
v 0.009600 2.244100 -1.312400
v -0.019800 2.301100 -1.207400
v -0.019900 2.302100 -1.354900
v 0.050100 2.188700 -1.271400
v 0.029800 2.252400 -1.164500
v 0.012000 2.341600 -1.010100
v -0.048100 2.379300 -1.062400
v -0.100700 2.418400 -1.116900
v -0.060400 2.352500 -1.251700
v -0.119800 2.492100 -1.177000
v -0.082300 2.421100 -1.304100
v -0.187700 2.520300 -1.218900
v -0.269600 2.502800 -1.228800
v -0.145300 2.450800 -1.348900
v -0.219300 2.591900 -1.079200
v -0.304800 2.574600 -1.081000
v -0.224600 2.432100 -1.363900
v -0.098300 2.391000 -1.453800
v -0.043500 2.362000 -1.406200
v -0.044300 2.335300 -1.543600
v -0.172700 2.373700 -1.472200
v -0.236200 2.319600 -1.463800
v -0.113600 2.321900 -1.565100
v -0.177100 2.272900 -1.560000
v -0.044600 2.271100 -1.652500
v 0.020400 2.278500 -1.626100
v 0.041000 2.206800 -1.735800
v -0.107600 2.222900 -1.647800
v -0.020700 2.160100 -1.732200
v -0.164400 2.170200 -1.651300
v -0.226300 2.116500 -1.669700
v -0.234700 2.219600 -1.561000
v -0.077500 2.110400 -1.740300
v -0.137200 2.055300 -1.763200
v 0.034900 2.032000 -1.831700
v 0.092300 2.073200 -1.812800
v 0.223400 1.984700 -1.897800
v 0.150400 2.128600 -1.822800
v 0.281500 2.039000 -1.902100
v 0.207600 2.138200 -1.790000
v 0.102100 2.215800 -1.707500
v 0.336500 2.053300 -1.864500
v 0.238300 2.126100 -1.732200
v 0.138200 2.201700 -1.652100
v 0.063000 2.261500 -1.573600
v 0.005100 2.313400 -1.493600
v 0.479300 1.955300 -1.914400
v 0.429600 1.940600 -1.956600
v 0.372700 1.887100 -1.957000
v 0.583800 1.839800 -1.989400
v 0.732800 1.741800 -1.988700
v 0.530300 1.784600 -1.997100
v 0.685800 1.691500 -1.997600
v 0.836800 1.606000 -1.977800
v 0.874400 1.654400 -1.959900
v 0.981400 1.530100 -1.939500
v 0.949900 1.481700 -1.960600
v 1.013100 1.581800 -1.921500
v 1.132500 1.460100 -1.889700
v 1.155100 1.506700 -1.856700
v 1.029500 1.603600 -1.872800
v -0.295800 2.268000 -1.464300
v -0.297700 2.168500 -1.573900
v -0.357300 2.105800 -1.579300
v -0.361300 2.220600 -1.473300
v -0.425600 2.164900 -1.472600
v -0.425200 2.285500 -1.348400
v -0.492700 2.375300 -1.177400
v -0.353400 2.325800 -1.344700
v -0.497800 2.239000 -1.344900
v -0.409800 2.403800 -1.184800
v -0.286700 2.369900 -1.346100
v -0.329800 2.432800 -1.194700
v -0.285500 2.048000 -1.684900
v 0.103200 2.069900 -1.310900
v 0.145000 2.016200 -1.382500
v 0.147800 1.937100 -1.347800
v 0.200000 1.958600 -1.452300
v 0.203100 1.874400 -1.422800
v 0.860100 1.521300 -1.658900
v 0.989500 1.509600 -1.662700
v 0.977600 1.460600 -1.614000
v 1.098600 1.405000 -1.552700
v 0.963800 1.403800 -1.579500
v 0.848800 1.462800 -1.625100
v 0.947100 1.346300 -1.562200
v 1.083300 1.351300 -1.518400
v 1.066700 1.293900 -1.499300
v 1.049400 1.231000 -1.494300
v 0.929200 1.283500 -1.559100
v 0.909900 1.206800 -1.573500
v 0.815500 1.340900 -1.607900
v 0.833900 1.405100 -1.609800
v 0.695900 1.404800 -1.629600
v 0.789200 1.262100 -1.624000
v 0.662700 1.322100 -1.645100
v 0.757100 1.183800 -1.658500
v 0.619100 1.242000 -1.680600
v 0.887700 1.131600 -1.605500
v 0.721400 1.117400 -1.705400
v 0.863500 1.066300 -1.652400
v 0.690000 1.077400 -1.770200
v 0.571100 1.175900 -1.727800
v 0.528000 1.139000 -1.793000
v 0.418100 1.236600 -1.716700
v 0.361900 1.199500 -1.784100
v 0.269200 1.299400 -1.670700
v 0.478200 1.303500 -1.671500
v 0.198200 1.258300 -1.742300
v 0.133300 1.364200 -1.602500
v 0.332600 1.224800 -1.868000
v 0.508100 1.158400 -1.872400
v 0.503000 1.208400 -1.947500
v 0.675600 1.091000 -1.848800
v 0.832400 1.032700 -1.794100
v 0.672400 1.136400 -1.922500
v 0.829900 1.069900 -1.869800
v 0.673400 1.196500 -1.987100
v 0.503400 1.275500 -2.013000
v 0.987200 0.980800 -1.717300
v 0.842600 1.026700 -1.716800
v 0.991000 0.979600 -1.642000
v 0.715300 1.472000 -1.631100
v 0.728100 1.531800 -1.645700
v 0.607700 1.606400 -1.637200
v 0.027500 1.577500 -1.364800
v -0.048200 1.625600 -1.040900
v -0.069600 1.556600 -1.218300
v -0.099900 1.566500 -1.003800
v -0.033900 1.697900 -0.887300
v -0.062100 1.634100 -0.845100
v 0.055100 1.736400 -0.748100
v 0.007600 1.673000 -0.717700
v 0.083800 1.808200 -0.786800
v 0.175400 1.764900 -0.651200
v 0.137900 1.682100 -0.629700
v 0.184800 1.846500 -0.676200
v 0.314700 1.780900 -0.587700
v 0.411900 1.785400 -0.524700
v 0.263200 1.686700 -0.574000
v 0.323300 1.908600 -0.581400
v 0.283600 2.076800 -0.587900
v 0.217300 1.982400 -0.679900
v 0.458700 1.898200 -0.506300
v 0.412600 2.042200 -0.514700
v 0.512800 2.025400 -0.458200
v 0.473700 2.161300 -0.444700
v 0.505900 2.268400 -0.384200
v 0.367700 2.188700 -0.503800
v 0.560300 2.153500 -0.397900
v 0.577800 2.269700 -0.333200
v 0.641500 2.156700 -0.360900
v 0.606800 2.019700 -0.419400
v 0.645000 2.284600 -0.290100
v 0.711500 2.155200 -0.316600
v 0.778200 2.140800 -0.247800
v 0.700100 2.289900 -0.236200
v 0.694300 2.014600 -0.385600
v 0.768300 1.998300 -0.318100
v 0.647300 1.878500 -0.427400
v 0.721500 1.863500 -0.358800
v 0.549700 1.888600 -0.454900
v 0.579100 1.772100 -0.428700
v 0.502900 1.693900 -0.408900
v 0.495900 1.780100 -0.469000
v 0.652300 1.760000 -0.363500
v 0.573600 1.682900 -0.347400
v 0.729500 1.727600 -0.263400
v 0.645100 1.654600 -0.261900
v 0.802900 1.675000 -0.131400
v 0.792900 1.832200 -0.239800
v 0.827100 1.963900 -0.193400
v 0.862400 1.773100 -0.093400
v 0.901700 1.895800 -0.050400
v 0.907800 1.678300 0.067900
v 0.940100 1.776200 0.106900
v 0.864200 1.597600 0.026100
v 0.964000 1.571000 0.189000
v 0.929000 1.503100 0.143000
v 0.979400 1.649700 0.235100
v 0.985300 1.487600 0.248500
v 0.978600 1.418200 0.277300
v 1.001000 1.560800 0.307100
v 0.951300 1.426000 0.193300
v 0.900500 1.382900 0.151000
v 0.944600 1.360900 0.211500
v 0.895800 1.329400 0.162700
v 0.927800 1.303900 0.229000
v 0.898200 1.249600 0.249600
v 0.890400 1.281300 0.165700
v 0.954900 1.354700 0.306100
v 0.913500 1.297000 0.339100
v 0.961800 1.421800 0.382200
v 0.935500 1.347500 0.419400
v 0.962600 1.393600 0.494000
v 0.899500 1.273900 0.466600
v 0.855700 1.206600 0.515500
v 0.873100 1.232700 0.382500
v 0.925300 1.313200 0.538400
v 0.942000 1.346700 0.604500
v 0.878700 1.241500 0.587400
v 0.897500 1.269500 0.651700
v 0.837800 1.176000 0.635900
v 0.815900 1.145200 0.557800
v 0.822600 1.100000 0.678100
v 0.870200 1.194000 0.704500
v 0.903500 1.224600 0.767100
v 0.836500 1.126800 0.757800
v 0.848300 1.170600 0.828600
v 0.757200 1.108400 0.785300
v 0.758300 1.161400 0.859600
v 0.752400 1.071900 0.702100
v 0.670300 1.102400 0.790300
v 0.663000 1.169700 0.853800
v 0.672800 1.059400 0.708900
v 0.586000 1.118300 0.750400
v 0.573300 1.177900 0.798900
v 0.522500 1.145100 0.676200
v 0.595300 1.082600 0.685800
v 0.542200 1.107500 0.654000
v 0.582200 1.055600 0.605800
v 0.659100 1.026800 0.617100
v 0.515700 1.103100 0.592300
v 0.556000 1.032200 0.514300
v 0.634900 0.996100 0.515700
v 0.480000 1.090800 0.506000
v 0.529300 1.017300 0.414100
v 0.607100 0.974100 0.404200
v 0.497700 1.003800 0.310600
v 0.451300 1.083200 0.410900
v 0.420500 1.074600 0.309900
v 0.370800 1.164600 0.390400
v 0.336000 1.153100 0.284700
v 0.407000 1.167600 0.492800
v 0.295000 1.246200 0.363200
v 0.329200 1.266400 0.488500
v 0.241300 1.316900 0.336900
v 0.253800 1.227900 0.250600
v 0.211800 1.215100 0.131700
v 0.195700 1.291900 0.219300
v 0.157800 1.350200 0.193700
v 0.154700 1.280400 0.087700
v 0.135800 1.272900 -0.050000
v 0.181100 1.202200 0.008100
v 0.142200 1.256300 -0.178800
v 0.162400 1.229500 -0.291100
v 0.167400 1.180400 -0.114800
v 0.169000 1.150900 -0.228900
v 0.241500 1.100300 -0.042400
v 0.235600 1.073300 -0.142600
v 0.334200 1.028100 0.009100
v 0.260300 1.124000 0.063100
v 0.296100 1.141100 0.173800
v 0.352800 1.050100 0.099400
v 0.384200 1.064100 0.203100
v 0.433400 0.986800 0.103300
v 0.418600 0.974200 0.011900
v 0.513100 0.949600 0.080200
v 0.463400 0.996300 0.204500
v 0.542400 0.959800 0.181800
v 0.576100 0.960900 0.290700
v 0.610900 0.974200 0.146000
v 0.645000 0.975000 0.259500
v 0.666000 1.015600 0.115700
v 0.588000 0.966900 0.040000
v 0.647300 1.018400 0.009500
v 0.573700 0.969000 -0.059800
v 0.632400 1.028600 -0.092000
v 0.564500 0.969400 -0.148000
v 0.499400 0.944200 -0.016700
v 0.491700 0.943600 -0.104800
v 0.412100 0.964900 -0.073500
v 0.482100 0.940100 -0.178700
v 0.557700 0.959500 -0.217700
v 0.404100 0.960700 -0.155900
v 0.473000 0.931300 -0.237000
v 0.467500 0.910100 -0.278500
v 0.399400 0.950000 -0.224800
v 0.548900 0.942100 -0.270600
v 0.534500 0.915900 -0.312000
v 0.576000 0.936000 -0.378800
v 0.600400 1.005500 -0.336900
v 0.591900 1.035100 -0.457600
v 0.611100 1.027600 -0.257000
v 0.620400 1.124300 -0.358700
v 0.599700 1.135200 -0.450600
v 0.641900 1.126200 -0.274800
v 0.631600 1.233300 -0.369900
v 0.672600 1.230200 -0.284200
v 0.638200 1.331300 -0.374400
v 0.702400 1.324600 -0.296000
v 0.599300 1.239300 -0.443600
v 0.558600 1.249400 -0.512900
v 0.595000 1.333200 -0.435800
v 0.555100 1.153500 -0.536900
v 0.545900 1.057400 -0.556500
v 0.480700 1.171500 -0.604900
v 0.391800 1.173100 -0.634900
v 0.474100 1.073700 -0.625800
v 0.392800 1.077200 -0.660400
v 0.479400 0.981800 -0.643900
v 0.496900 0.893500 -0.661900
v 0.399100 0.988600 -0.681400
v 0.548800 0.967100 -0.573600
v 0.580000 0.952500 -0.474700
v 0.573100 0.879100 -0.486900
v 0.562100 0.882600 -0.581500
v 0.576700 0.802500 -0.570800
v 0.578000 0.807100 -0.475300
v 0.516400 0.802600 -0.670200
v 0.589000 0.711700 -0.533300
v 0.609500 0.618400 -0.417600
v 0.555700 0.630900 -0.543900
v 0.519900 0.716500 -0.658300
v 0.494000 0.642100 -0.618600
v 0.597300 0.735100 -0.431600
v 0.593900 0.748700 -0.338200
v 0.626000 0.658800 -0.347700
v 0.629500 0.687400 -0.256500
v 0.657800 0.591900 -0.243600
v 0.686100 0.548900 -0.138900
v 0.634800 0.539000 -0.317200
v 0.671000 0.642300 -0.156800
v 0.663400 0.677500 -0.081500
v 0.701700 0.608400 -0.052800
v 0.685900 0.646300 0.012200
v 0.747500 0.584900 0.061200
v 0.768100 0.527000 0.085300
v 0.773300 0.573400 0.195600
v 0.714200 0.625900 0.113700
v 0.715600 0.523200 -0.051100
v 0.691300 0.463200 -0.114500
v 0.738000 0.506500 0.005700
v 0.723900 0.462400 -0.015000
v 0.700200 0.412500 -0.016700
v 0.721700 0.428500 0.097900
v 0.761400 0.472200 0.086400
v 0.790900 0.463000 0.180400
v 0.793700 0.522500 0.183500
v 0.745900 0.412800 0.188800
v 0.803300 0.446700 0.264400
v 0.802800 0.429200 0.334200
v 0.758500 0.396100 0.266200
v 0.806200 0.500700 0.277400
v 0.809200 0.474100 0.345800
v 0.784300 0.544600 0.294800
v 0.788400 0.509400 0.362600
v 0.747300 0.573200 0.309300
v 0.736000 0.606300 0.217600
v 0.754700 0.531100 0.376800
v 0.704600 0.579300 0.317700
v 0.688100 0.606800 0.235800
v 0.716300 0.537300 0.384800
v 0.671100 0.568700 0.321600
v 0.635200 0.581700 0.344900
v 0.686700 0.533600 0.390000
v 0.651100 0.593700 0.243000
v 0.615500 0.613100 0.264100
v 0.628400 0.611500 0.154400
v 0.666300 0.623600 0.144600
v 0.595400 0.634900 0.172700
v 0.611900 0.647700 0.065300
v 0.643800 0.648700 0.051100
v 0.581300 0.671700 0.082000
v 0.604000 0.692200 -0.009600
v 0.634000 0.690000 -0.029000
v 0.592500 0.713500 -0.063100
v 0.569700 0.709700 0.003800
v 0.555900 0.733300 -0.051500
v 0.510900 0.732500 0.026500
v 0.529800 0.700800 0.109800
v 0.445500 0.710300 0.033200
v 0.491300 0.746100 -0.035900
v 0.424800 0.729700 -0.030100
v 0.473400 0.754300 -0.089900
v 0.404500 0.740900 -0.086200
v 0.458400 0.767200 -0.149300
v 0.542300 0.749100 -0.103200
v 0.531300 0.762900 -0.170000
v 0.582100 0.729400 -0.118500
v 0.572400 0.744700 -0.202600
v 0.601300 0.723200 -0.138700
v 0.619200 0.711700 -0.089900
v 0.599400 0.725600 -0.210700
v 0.629800 0.702700 -0.163000
v 0.560600 0.772900 -0.282600
v 0.517100 0.785400 -0.233300
v 0.535300 0.818000 -0.329600
v 0.565000 0.813400 -0.395700
v 0.490100 0.823000 -0.280900
v 0.521900 0.875200 -0.339000
v 0.469100 0.873200 -0.299400
v 0.559200 0.878700 -0.402800
v 0.414300 0.877700 -0.286200
v 0.349400 0.881600 -0.298700
v 0.428300 0.827000 -0.256800
v 0.404300 0.923800 -0.272500
v 0.337100 0.934800 -0.291000
v 0.323500 0.974800 -0.243800
v 0.267700 0.946200 -0.367500
v 0.252900 1.008100 -0.318700
v 0.216800 0.953800 -0.468300
v 0.274500 0.875800 -0.371900
v 0.284200 0.806800 -0.331800
v 0.221200 0.857800 -0.497800
v 0.233400 0.776100 -0.419500
v 0.242200 0.883500 -0.595600
v 0.235900 0.788000 -0.577900
v 0.263100 0.743800 -0.649900
v 0.252400 0.828000 -0.619700
v 0.233500 0.729400 -0.508900
v 0.263000 0.680300 -0.587100
v 0.279700 0.640700 -0.499100
v 0.236200 0.671800 -0.434100
v 0.225200 0.626700 -0.374100
v 0.235800 0.704300 -0.312400
v 0.297900 0.752400 -0.259800
v 0.310100 0.704000 -0.177800
v 0.227200 0.639800 -0.182700
v 0.211800 0.648100 -0.294500
v 0.269000 0.666700 -0.158000
v 0.318100 0.685400 -0.104800
v 0.310900 0.622600 -0.038800
v 0.287400 0.597100 -0.119200
v 0.304900 0.536200 -0.072300
v 0.305300 0.536200 -0.130400
v 0.246900 0.558300 -0.149700
v 0.297200 0.529800 -0.180500
v 0.199100 0.594900 -0.198700
v 0.213100 0.506400 -0.184900
v 0.258200 0.494100 -0.218100
v 0.196300 0.468100 -0.217600
v 0.173000 0.530200 -0.223400
v 0.175200 0.464000 -0.253000
v 0.171800 0.531700 -0.282600
v 0.161700 0.463100 -0.291200
v 0.179200 0.521600 -0.326600
v 0.192600 0.599100 -0.280900
v 0.201600 0.580500 -0.336200
v 0.226600 0.553200 -0.368600
v 0.262100 0.599300 -0.419900
v 0.205100 0.503100 -0.353500
v 0.269600 0.526900 -0.380900
v 0.305900 0.578600 -0.444200
v 0.242200 0.480800 -0.358600
v 0.320700 0.502200 -0.365900
v 0.350300 0.559100 -0.443500
v 0.273200 0.463400 -0.342400
v 0.326300 0.470000 -0.326800
v 0.370300 0.496700 -0.366500
v 0.378900 0.535000 -0.419400
v 0.423000 0.484800 -0.358100
v 0.359500 0.475100 -0.334700
v 0.387000 0.472300 -0.316300
v 0.340900 0.477400 -0.287700
v 0.436900 0.475400 -0.290200
v 0.468700 0.468400 -0.315900
v 0.408600 0.473500 -0.265700
v 0.480900 0.435000 -0.261900
v 0.453200 0.437200 -0.243500
v 0.511200 0.387000 -0.201800
v 0.509700 0.437700 -0.281600
v 0.500000 0.461900 -0.335400
v 0.537100 0.448700 -0.303900
v 0.541300 0.388900 -0.211000
v 0.561700 0.401700 -0.103200
v 0.593600 0.397500 -0.115500
v 0.568100 0.393300 -0.231600
v 0.604300 0.407300 -0.251400
v 0.630100 0.389100 -0.131600
v 0.637200 0.442500 -0.249400
v 0.649200 0.401900 -0.004800
v 0.669700 0.412500 -0.138500
v 0.665100 0.418400 0.112100
v 0.610900 0.424500 0.004000
v 0.624700 0.442400 0.118900
v 0.574300 0.433500 0.009300
v 0.584500 0.445600 0.122800
v 0.531100 0.406000 0.009900
v 0.525500 0.389700 -0.103900
v 0.535500 0.424000 0.125600
v 0.489000 0.399800 0.001200
v 0.489500 0.433700 0.120100
v 0.496400 0.447000 0.233100
v 0.454500 0.444300 0.105600
v 0.461600 0.460100 0.226800
v 0.421800 0.421400 0.091600
v 0.451500 0.401300 -0.013600
v 0.449100 0.391000 -0.119000
v 0.413400 0.397200 -0.028300
v 0.370200 0.404400 0.081300
v 0.409800 0.397000 -0.127800
v 0.359800 0.401300 -0.040000
v 0.364100 0.418600 -0.135700
v 0.318700 0.452300 -0.032300
v 0.328500 0.443600 0.086000
v 0.308200 0.526800 0.009500
v 0.323800 0.466300 -0.122900
v 0.335100 0.481400 -0.177300
v 0.379300 0.457700 -0.218900
v 0.371200 0.439500 -0.190300
v 0.335400 0.495900 -0.222200
v 0.391600 0.470800 -0.244200
v 0.336200 0.486800 -0.258500
v 0.276200 0.481000 -0.249800
v 0.279000 0.465300 -0.269400
v 0.244400 0.445200 -0.249900
v 0.236600 0.424500 -0.268800
v 0.217800 0.445900 -0.234700
v 0.197400 0.429000 -0.266200
v 0.191600 0.422800 -0.295400
v 0.201500 0.427400 -0.324400
v 0.234800 0.416000 -0.295300
v 0.239600 0.422400 -0.321000
v 0.278300 0.453000 -0.292200
v 0.280700 0.452900 -0.319000
v 0.246100 0.440800 -0.339000
v 0.221400 0.447200 -0.344800
v 0.199600 0.469400 -0.346500
v 0.176900 0.463000 -0.328100
v 0.428200 0.436500 -0.226400
v 0.405600 0.434300 -0.213000
v 0.443900 0.402200 -0.190100
v 0.477400 0.393600 -0.196200
v 0.409900 0.415800 -0.187200
v 0.486600 0.387800 -0.110900
v 0.313700 0.510600 0.117100
v 0.327800 0.598200 0.061100
v 0.329500 0.580000 0.160300
v 0.354600 0.642900 0.101000
v 0.361800 0.628300 0.203700
v 0.392800 0.667300 0.124500
v 0.336400 0.666700 0.002300
v 0.366400 0.695800 0.030600
v 0.402100 0.706800 0.038400
v 0.351700 0.709000 -0.049000
v 0.383100 0.724000 -0.028300
v 0.341000 0.713600 -0.108000
v 0.363000 0.728700 -0.093200
v 0.332400 0.727900 -0.176800
v 0.381900 0.753800 -0.149800
v 0.361900 0.781000 -0.210500
v 0.444300 0.791900 -0.204100
v 0.356000 0.824700 -0.268100
v 0.429700 0.668200 0.125400
v 0.468800 0.674900 0.118200
v 0.415100 0.642800 0.228300
v 0.454000 0.627700 0.223500
v 0.468400 0.601100 0.321900
v 0.489500 0.639000 0.215600
v 0.504100 0.614000 0.314700
v 0.546900 0.663100 0.203400
v 0.564100 0.640700 0.300300
v 0.580800 0.609200 0.387400
v 0.596900 0.560600 0.452000
v 0.513800 0.573800 0.395800
v 0.526600 0.534300 0.454300
v 0.478800 0.567000 0.403900
v 0.488500 0.524300 0.458600
v 0.448200 0.583900 0.416000
v 0.393400 0.584700 0.415600
v 0.416800 0.538000 0.487000
v 0.462500 0.532600 0.473700
v 0.432100 0.620300 0.329600
v 0.374300 0.613100 0.314000
v 0.335000 0.565300 0.280100
v 0.324800 0.498300 0.244600
v 0.349600 0.544200 0.395400
v 0.372500 0.511100 0.480700
v 0.338100 0.484000 0.367300
v 0.358700 0.461200 0.460400
v 0.360000 0.434500 0.343500
v 0.374800 0.416900 0.441100
v 0.402800 0.420300 0.335200
v 0.344200 0.440700 0.218500
v 0.387200 0.418800 0.212900
v 0.431600 0.442300 0.218200
v 0.444200 0.436900 0.335300
v 0.456500 0.416600 0.423900
v 0.473400 0.445900 0.334900
v 0.483600 0.431200 0.415900
v 0.506700 0.434300 0.330500
v 0.516600 0.420800 0.404700
v 0.555200 0.413000 0.318800
v 0.544500 0.427500 0.229500
v 0.609400 0.423600 0.306400
v 0.566500 0.396100 0.391300
v 0.622400 0.408600 0.377500
v 0.582200 0.384700 0.459500
v 0.637800 0.402600 0.436100
v 0.606900 0.427300 0.524900
v 0.527700 0.415300 0.461300
v 0.491800 0.430400 0.469500
v 0.540300 0.443500 0.503500
v 0.495400 0.452500 0.491900
v 0.538700 0.495400 0.494700
v 0.609400 0.506200 0.502000
v 0.495400 0.485100 0.488600
v 0.471900 0.487800 0.510700
v 0.475200 0.443500 0.519100
v 0.433100 0.488900 0.529700
v 0.394000 0.485300 0.522100
v 0.435200 0.435000 0.550800
v 0.388000 0.441700 0.523500
v 0.391200 0.409400 0.493100
v 0.428600 0.394000 0.503600
v 0.468500 0.412300 0.487400
v 0.416400 0.398500 0.430000
v 0.662400 0.494500 0.461100
v 0.652700 0.542800 0.412900
v 0.692700 0.484600 0.429600
v 0.657100 0.436000 0.477200
v 0.685600 0.445800 0.430100
v 0.722500 0.441900 0.442700
v 0.676300 0.422300 0.415400
v 0.715200 0.402300 0.415700
v 0.664400 0.416100 0.365800
v 0.651800 0.425600 0.295300
v 0.705000 0.391900 0.355200
v 0.761200 0.390000 0.339500
v 0.693500 0.400700 0.282400
v 0.680200 0.413600 0.204800
v 0.638800 0.439500 0.215300
v 0.596900 0.441300 0.222300
v 0.763900 0.398300 0.401200
v 0.766700 0.439000 0.432400
v 0.794200 0.419700 0.379000
v 0.796800 0.450100 0.394900
v 0.786600 0.485000 0.397100
v 0.761300 0.488100 0.419400
v 0.722700 0.490100 0.429200
v 0.607100 0.496200 -0.351900
v 0.659600 0.488600 -0.214800
v 0.582000 0.572700 -0.448600
v 0.559500 0.463600 -0.357600
v 0.489000 0.472000 -0.383000
v 0.538300 0.536000 -0.458600
v 0.522800 0.583100 -0.523800
v 0.474700 0.532600 -0.458300
v 0.469400 0.590600 -0.548100
v 0.416500 0.545200 -0.442700
v 0.392100 0.607600 -0.533200
v 0.404100 0.647000 -0.640400
v 0.329300 0.623400 -0.533600
v 0.329000 0.662100 -0.625400
v 0.329400 0.725900 -0.691200
v 0.334700 0.811300 -0.708400
v 0.416100 0.715900 -0.705800
v 0.414300 0.809800 -0.711800
v 0.407300 0.901800 -0.697800
v 0.336500 0.897600 -0.698200
v 0.283400 0.888500 -0.660600
v 0.331700 0.978400 -0.680800
v 0.327700 1.059600 -0.654000
v 0.278300 0.963800 -0.641200
v 0.275600 1.042700 -0.616700
v 0.233400 0.958400 -0.566300
v 0.234100 1.043800 -0.541900
v 0.240200 1.132600 -0.537400
v 0.185400 1.053300 -0.429400
v 0.173200 1.110500 -0.325900
v 0.210500 1.157800 -0.462000
v 0.234500 1.246200 -0.483700
v 0.187900 1.192900 -0.382300
v 0.263200 1.215000 -0.542100
v 0.288400 1.189500 -0.577700
v 0.324300 1.225200 -0.590400
v 0.281200 1.125700 -0.594100
v 0.329000 1.146000 -0.622200
v 0.239000 1.045500 -0.238700
v 0.321300 0.994400 -0.167100
v 0.326200 1.008200 -0.077300
v 0.279100 0.815300 -0.671700
v 0.775100 1.300500 -0.200800
v 0.706900 1.410900 -0.296100
v 0.791600 1.390500 -0.198300
v 0.632700 1.416000 -0.369700
v 0.671300 1.476700 -0.273900
v 0.605000 1.484400 -0.349100
v 0.616500 1.519200 -0.249300
v 0.740700 1.449500 -0.172300
v 0.787400 1.388800 -0.041300
v 0.679200 1.480500 -0.152000
v 0.619200 1.503700 -0.143000
v 0.738200 1.411100 -0.025400
v 0.780900 1.340600 0.092700
v 0.689600 1.433100 -0.017700
v 0.740800 1.367200 0.110700
v 0.734400 1.421500 0.079300
v 0.666100 1.463300 -0.008000
v 0.568100 1.531500 -0.125400
v 0.725800 1.489600 -0.016600
v 0.636800 1.559500 -0.147200
v 0.799000 1.418300 0.098200
v 0.802000 1.534700 -0.005500
v 0.872900 1.450700 0.109100
v 0.723000 1.603700 -0.151600
v 0.834600 1.364000 0.136400
v 0.847200 1.325800 0.135900
v 0.809100 1.324100 0.076200
v 0.860300 1.291400 0.124800
v 0.841600 1.287100 0.049100
v 0.860900 1.245500 0.111600
v 0.874200 1.230600 0.168600
v 0.827300 1.180400 0.104900
v 0.825500 1.209800 0.027300
v 0.761800 1.142100 0.019500
v 0.816500 1.254100 -0.083200
v 0.745300 1.180200 -0.083400
v 0.839500 1.341600 -0.067800
v 0.685200 1.104100 -0.092600
v 0.716600 1.215800 -0.189400
v 0.666100 1.124000 -0.189900
v 0.621000 1.034400 -0.182800
v 0.701300 1.079900 0.008600
v 0.717000 1.065800 0.105000
v 0.771400 1.120000 0.104200
v 0.737000 1.065900 0.210100
v 0.784300 1.116300 0.193400
v 0.695400 1.016200 0.230700
v 0.768900 1.080700 0.336500
v 0.806800 1.135700 0.309700
v 0.794800 1.111600 0.461000
v 0.740400 1.018900 0.359200
v 0.777900 1.040600 0.485200
v 0.681500 0.983400 0.383300
v 0.712500 1.008500 0.504200
v 0.736600 1.039200 0.609700
v 0.800400 1.074000 0.589800
v 0.830600 1.170000 0.426300
v 0.852600 1.193200 0.278800
v 0.834600 1.172200 0.179000
v 0.555300 1.609800 -0.239900
v 0.488800 1.565400 -0.212500
v 0.491000 1.623300 -0.321400
v 0.423400 1.632700 -0.383500
v 0.349700 1.577800 -0.373000
v 0.366500 1.620300 -0.446100
v 0.321600 1.581400 -0.426200
v 0.295100 1.613600 -0.497700
v 0.433300 1.691300 -0.464400
v 0.360300 1.690600 -0.517900
v 0.255400 1.556400 -0.458500
v 0.198700 1.608800 -0.545900
v 0.278200 1.528200 -0.395500
v 0.196000 1.501100 -0.404200
v 0.554900 1.540300 -0.238400
v 0.555200 1.524600 -0.319700
v 0.212000 1.380900 0.312000
v 0.242400 1.417800 0.412300
v 0.203400 1.443600 0.293100
v 0.203100 1.477700 0.395700
v 0.173000 1.508100 0.273200
v 0.143400 1.526700 0.377000
v 0.088600 1.552000 0.240500
v -0.009200 1.553600 0.212000
v 0.068000 1.572200 0.344000
v -0.025000 1.577100 0.313800
v 0.030400 1.566400 0.423100
v 0.006900 1.572500 0.483200
v -0.054000 1.575300 0.405700
v 0.106400 1.530800 0.447300
v 0.172800 1.486200 0.467100
v 0.080300 1.532700 0.499000
v 0.092100 1.555000 0.544100
v 0.155100 1.489100 0.519500
v 0.174600 1.501100 0.567400
v 0.207600 1.455300 0.530100
v 0.241000 1.442100 0.571200
v 0.223800 1.435100 0.490200
v 0.272300 1.350900 0.439200
v 0.267100 1.389400 0.523700
v 0.305000 1.336000 0.580500
v 0.273400 1.420400 0.648000
v 0.384800 1.290500 0.665700
v 0.414800 1.224200 0.611100
v 0.370400 1.366700 0.729700
v 0.482300 1.263400 0.754200
v 0.472100 1.345800 0.801100
v 0.565900 1.256200 0.841000
v 0.499600 1.197200 0.708100
v 0.565800 1.351900 0.870000
v 0.661200 1.259200 0.899000
v 0.763700 1.250000 0.907900
v 0.668600 1.366200 0.907200
v 0.677700 1.468700 0.886900
v 0.771700 1.359300 0.925500
v 0.572900 1.454300 0.876300
v 0.453000 1.557300 0.853200
v 0.569400 1.569400 0.877600
v 0.469400 1.442200 0.832200
v 0.364800 1.452500 0.779400
v 0.270200 1.492900 0.725800
v 0.339700 1.549800 0.821400
v 0.269300 1.553100 0.776300
v 0.292000 1.676900 0.835900
v 0.216800 1.629500 0.771500
v 0.406900 1.706000 0.879100
v 0.249900 1.788300 0.812400
v 0.375500 1.871900 0.818400
v 0.177800 1.717300 0.757300
v 0.157600 1.759400 0.751700
v 0.228100 1.836000 0.775400
v 0.203300 1.849500 0.770000
v 0.323800 1.918500 0.752900
v 0.415600 2.017300 0.728700
v 0.285600 1.943000 0.746100
v 0.250700 1.958800 0.769500
v 0.370300 2.044400 0.731400
v 0.332900 2.064800 0.761200
v 0.446300 2.149700 0.739800
v 0.417800 2.168200 0.759700
v 0.483600 2.130000 0.737800
v 0.503200 2.254700 0.731800
v 0.486700 2.275700 0.742900
v 0.526700 2.231300 0.723700
v 0.533000 2.332000 0.684400
v 0.520900 2.361900 0.688200
v 0.556700 2.361800 0.628400
v 0.551500 2.301600 0.684200
v 0.574400 2.329400 0.642800
v 0.569000 2.270200 0.689100
v 0.563900 2.215300 0.721600
v 0.594700 2.286300 0.667000
v 0.614500 2.216400 0.714900
v 0.624300 2.294700 0.638200
v 0.593400 2.341900 0.602300
v 0.647800 2.299900 0.601100
v 0.665900 2.219500 0.694400
v 0.694500 2.115300 0.760500
v 0.707300 2.214400 0.662700
v 0.727900 2.199700 0.615000
v 0.751700 2.098700 0.724300
v 0.783900 2.077100 0.676500
v 0.767000 1.962300 0.770300
v 0.763500 1.821300 0.796000
v 0.691200 1.984700 0.823800
v 0.809900 1.942600 0.716500
v 0.817300 1.922400 0.666300
v 0.815800 1.807000 0.741400
v 0.838000 1.795000 0.699600
v 0.820000 1.679600 0.767100
v 0.858800 1.671600 0.731400
v 0.834600 1.564700 0.808100
v 0.762200 1.691000 0.813000
v 0.673000 1.701700 0.850300
v 0.680100 1.576600 0.859100
v 0.769200 1.573700 0.845100
v 0.772900 1.465300 0.887700
v 0.853100 1.460300 0.860700
v 0.867500 1.356300 0.899800
v 0.901700 1.469800 0.807600
v 0.927300 1.469100 0.750400
v 0.913500 1.383500 0.828700
v 0.881500 1.561500 0.767200
v 0.913600 1.561000 0.715000
v 0.876200 1.673200 0.700000
v 0.950400 1.516200 0.674800
v 0.900300 1.651100 0.666500
v 0.936600 1.614400 0.636100
v 0.880200 1.755100 0.624100
v 0.878700 1.694100 0.676400
v 0.859000 1.781700 0.646700
v 0.837700 1.890200 0.598100
v 0.849600 1.786900 0.670300
v 0.820800 1.904900 0.627400
v 0.802400 2.041400 0.574900
v 0.792400 2.056200 0.623700
v 0.813300 2.028600 0.534000
v 0.737100 2.186800 0.500200
v 0.763600 2.200200 0.450800
v 0.653100 2.307500 0.427300
v 0.726800 2.186000 0.558100
v 0.648700 2.297000 0.491400
v 0.659400 2.300800 0.551800
v 0.568600 2.367300 0.440200
v 0.573100 2.371900 0.378100
v 0.589400 2.369400 0.501700
v 0.501600 2.426000 0.405400
v 0.523200 2.428000 0.343900
v 0.532700 2.433500 0.482600
v 0.483600 2.504500 0.387200
v 0.504200 2.510600 0.464500
v 0.503600 2.505900 0.328500
v 0.464400 2.576100 0.377100
v 0.441100 2.655900 0.370300
v 0.482900 2.586100 0.455000
v 0.436200 2.636400 0.314200
v 0.474100 2.571500 0.315500
v 0.474000 2.588500 0.261200
v 0.532500 2.513900 0.277800
v 0.589600 2.438400 0.305800
v 0.547100 2.528000 0.225300
v 0.697600 2.411300 0.278900
v 0.434000 2.623600 0.196100
v 0.521900 2.549800 0.167100
v 0.437000 2.609800 0.121800
v 0.587700 2.502000 0.144800
v 0.470200 2.577300 0.040800
v 0.675800 2.434000 0.095500
v 0.798500 2.343300 0.220900
v 0.774900 2.355300 0.026000
v 0.598100 2.492500 -0.012000
v 0.703400 2.404400 -0.079900
v 0.580900 2.500600 -0.105800
v 0.577300 2.475100 -0.185800
v 0.657600 2.408200 -0.158900
v 0.493700 2.562400 -0.080300
v 0.521800 2.541600 -0.169200
v 0.460600 2.593200 -0.168800
v 0.521400 2.523900 -0.230900
v 0.469400 2.582100 -0.219800
v 0.499200 2.521200 -0.287300
v 0.557400 2.455200 -0.249200
v 0.621100 2.391500 -0.223900
v 0.516800 2.447400 -0.309600
v 0.576600 2.371900 -0.280600
v 0.522200 2.364600 -0.339700
v 0.436200 2.379300 -0.410100
v 0.411600 2.288700 -0.446300
v 0.353600 2.420700 -0.482000
v 0.449200 2.460200 -0.382700
v 0.373700 2.498600 -0.452000
v 0.445900 2.529500 -0.355600
v 0.425200 2.590800 -0.328800
v 0.457800 2.580400 -0.264600
v 0.383800 2.562400 -0.419800
v 0.368400 2.616700 -0.380800
v 0.295100 2.604900 -0.435100
v 0.282000 2.550200 -0.481000
v 0.240533 2.746532 -0.332600
v 0.216000 2.659000 -0.444500
v 0.196700 2.603800 -0.496500
v 0.136781 2.737857 -0.451386
v 0.145800 2.657700 -0.534400
v 0.081100 2.816700 -0.431900
v 0.028700 2.780300 -0.527600
v 0.089200 2.693000 -0.567700
v 0.012000 2.703000 -0.584500
v 0.010900 2.817900 -0.450600
v 0.050200 2.814900 -0.334700
v -0.020400 2.838300 -0.353000
v -0.056700 2.877600 -0.218600
v -0.082700 2.962900 -0.061200
v 0.001200 2.843000 -0.198300
v -0.039500 2.933300 -0.041200
v 0.070100 2.862548 -0.184500
v 0.408200 2.630400 -0.180500
v 0.386400 2.654800 -0.104400
v 0.014000 2.957619 -0.019100
v 0.348000 2.716900 0.060400
v 0.320200 2.755000 0.133100
v 0.297100 2.810900 0.213600
v 0.354900 2.842600 0.312200
v -0.010900 3.065900 0.143300
v 0.367400 2.687600 -0.017000
v 0.403000 2.643900 0.010500
v 0.431100 2.614700 -0.084100
v 0.384200 2.665600 0.090400
v 0.369500 2.689600 0.164300
v 0.358100 2.727500 0.240800
v 0.398000 2.672600 0.251100
v 0.372800 2.765000 0.305000
v 0.400200 2.702000 0.309400
v 0.397200 2.777600 0.348400
v 0.418800 2.729200 0.361500
v 0.400800 2.811300 0.373000
v 0.442200 2.759300 0.432400
v 0.407300 2.844100 0.407200
v 0.419300 2.877000 0.444700
v 0.444500 2.800900 0.471900
v 0.368400 2.897200 0.365600
v 0.382800 2.934600 0.411200
v 0.401900 2.971600 0.456100
v 0.433000 2.910600 0.481300
v 0.011500 3.182575 0.277000
v 0.435000 3.009300 0.519000
v 0.443000 3.078000 0.601500
v 0.442300 2.937700 0.520500
v 0.452300 2.993700 0.592000
v 0.458100 2.958500 0.651900
v 0.447800 2.950600 0.562900
v 0.454400 3.044600 0.651300
v 0.458600 3.091700 0.748700
v 0.458500 3.004900 0.704100
v 0.461100 2.952200 0.750400
v 0.465200 3.046700 0.781900
v 0.483500 3.075900 0.902800
v 0.463900 2.988800 0.804100
v 0.476800 3.017900 0.893500
v 0.469100 2.931400 0.857400
v 0.486000 2.889100 0.985200
v 0.466700 2.899400 0.827800
v 0.475600 2.961100 0.910800
v 0.489800 2.920000 1.003600
v 0.488500 2.980300 0.973600
v 0.497500 2.953700 1.030600
v 0.495800 3.022300 0.990100
v 0.498100 2.989200 1.066800
v 0.509100 3.078600 1.045400
v 0.554600 3.045700 1.120900
v 0.499600 3.017600 1.105600
v 0.509800 3.121900 1.034000
v 0.485200 3.121400 0.890100
v 0.477800 3.170700 0.873000
v 0.450900 3.133500 0.713200
v 0.486400 2.963700 1.154400
v 0.531300 3.016400 1.130800
v 0.543300 2.964500 1.152400
v 0.588500 2.985300 1.157400
v 0.545000 2.915000 1.176700
v 0.486900 2.910500 1.184700
v 0.599100 2.929700 1.186000
v 0.544900 2.867100 1.196800
v 0.490000 2.864200 1.203600
v 0.598600 2.878900 1.206900
v 0.544900 2.828500 1.216100
v 0.496500 2.823500 1.213800
v 0.596300 2.836900 1.224700
v 0.546600 2.795100 1.230200
v 0.499300 2.788600 1.222900
v 0.553400 2.765500 1.231300
v 0.595400 2.801500 1.239100
v 0.600500 2.769200 1.246800
v 0.494800 2.748900 1.230700
v 0.523100 2.732900 1.201600
v 0.565700 2.742600 1.219800
v 0.546600 2.716700 1.169400
v 0.515000 2.742700 1.160000
v 0.500000 2.780500 1.101300
v 0.541500 2.728500 1.128400
v 0.496100 2.763900 1.178400
v 0.511000 2.754600 1.083100
v 0.489800 2.774000 0.942200
v 0.490300 2.804500 0.955500
v 0.528200 2.730900 1.055600
v 0.541300 2.703000 1.023300
v 0.505000 2.748800 0.921700
v 0.506900 2.715300 0.898500
v 0.478600 2.776100 0.767000
v 0.460100 2.839600 0.655000
v 0.465700 2.802400 0.784100
v 0.491300 2.751300 0.748400
v 0.462300 2.810900 0.631400
v 0.452000 2.854700 0.530100
v 0.470800 2.786300 0.609500
v 0.448400 2.827600 0.501000
v 0.480800 2.762500 0.586900
v 0.485500 2.720700 0.570700
v 0.496600 2.724000 0.729900
v 0.512000 2.687100 0.874900
v 0.543200 2.658200 0.848000
v 0.504600 2.682500 0.713500
v 0.502000 2.649600 0.564400
v 0.540300 2.617500 0.697600
v 0.559600 2.592500 0.827200
v 0.578000 2.578200 0.930800
v 0.555300 2.518600 0.816400
v 0.547300 2.537100 0.693500
v 0.545000 2.459400 0.815800
v 0.568400 2.507800 0.914700
v 0.551000 2.448900 0.910600
v 0.582300 2.499900 0.972900
v 0.593300 2.571100 0.990000
v 0.595600 2.494700 1.017300
v 0.560700 2.444200 0.971500
v 0.571100 2.443200 1.021800
v 0.512700 2.402700 0.988300
v 0.537000 2.406000 1.041900
v 0.500300 2.330000 1.002800
v 0.485900 2.405200 0.924900
v 0.471600 2.314200 0.945700
v 0.445500 2.320100 0.877000
v 0.489100 2.406000 0.834700
v 0.510100 2.401100 0.723200
v 0.545800 2.474400 0.699400
v 0.534600 2.439300 0.590000
v 0.445300 2.311000 0.818600
v 0.466800 2.286500 0.764000
v 0.439400 2.274200 0.799000
v 0.400100 2.184000 0.792200
v 0.315000 2.085100 0.802100
v 0.392100 2.197600 0.832900
v 0.401300 2.219600 0.873200
v 0.323600 2.117400 0.850500
v 0.342900 2.148000 0.901400
v 0.253200 2.045300 0.864300
v 0.217700 1.972800 0.810000
v 0.279600 2.093000 0.916600
v 0.201300 1.991800 0.888400
v 0.161100 1.926300 0.852300
v 0.219900 2.049600 0.931400
v 0.154900 1.959600 0.912100
v 0.119000 1.902500 0.889800
v 0.165100 2.008000 0.944600
v 0.113700 1.941500 0.928300
v 0.075500 1.899400 0.921700
v 0.106600 1.966600 0.952900
v 0.014200 1.849400 0.912700
v -0.056400 1.802200 0.896700
v 0.055800 1.844300 0.873100
v 0.098100 1.851200 0.833900
v -0.018100 1.790600 0.849700
v -0.084700 1.741600 0.811700
v 0.023700 1.779400 0.806200
v 0.064700 1.771100 0.772500
v -0.045200 1.718500 0.746200
v 0.000900 1.690700 0.700000
v -0.112200 1.669500 0.686800
v -0.063400 1.632400 0.595500
v 0.027000 1.620900 0.588200
v -0.067600 1.603000 0.528500
v 0.011700 1.593200 0.529700
v -0.072300 1.588500 0.478700
v -0.128600 1.603900 0.533600
v 0.053800 1.676000 0.683100
v 0.107800 1.592000 0.606700
v 0.098200 1.673800 0.689200
v 0.136600 1.640900 0.691800
v 0.191400 1.517400 0.621200
v 0.191700 1.565700 0.696100
v 0.122900 1.692300 0.706500
v 0.135100 1.760300 0.751200
v 0.103400 1.764500 0.755800
v 0.173400 1.858200 0.778600
v 0.139400 1.858800 0.802200
v 0.191400 2.021400 0.992800
v 0.250700 2.069700 0.982200
v 0.226600 2.044500 1.052700
v 0.290200 2.088300 1.038900
v 0.299800 2.081400 1.129500
v 0.348800 2.130600 1.108000
v 0.359700 2.155800 1.222700
v 0.392900 2.209400 1.193600
v 0.299300 2.067500 1.247200
v 0.407800 2.234100 1.325500
v 0.436500 2.290200 1.300900
v 0.468600 2.289200 1.437300
v 0.359500 2.131700 1.347700
v 0.404600 2.192800 1.457800
v 0.440400 2.234800 1.589300
v 0.506800 2.326900 1.567800
v 0.494500 2.248800 1.710900
v 0.374000 2.124000 1.603900
v 0.420300 2.149300 1.722700
v 0.441100 2.176500 1.810500
v 0.513100 2.268100 1.806400
v 0.370600 2.074900 1.799800
v 0.442000 2.203800 1.883600
v 0.509400 2.287300 1.888500
v 0.378100 2.102400 1.870100
v 0.372100 2.130000 1.941600
v 0.549700 2.359900 1.882000
v 0.585800 2.408000 1.878300
v 0.566500 2.347300 1.793500
v 0.602600 2.402300 1.780700
v 0.554400 2.336400 1.690300
v 0.583700 2.403500 1.671300
v 0.545600 2.387800 1.548500
v 0.633400 2.444600 1.650600
v 0.662700 2.427500 1.769400
v 0.724800 2.475600 1.759600
v 0.644300 2.425800 1.879600
v 0.711900 2.458400 1.877500
v 0.607500 2.422400 1.972100
v 0.552300 2.414400 1.964900
v 0.664900 2.441800 1.975800
v 0.724000 2.474200 2.012400
v 0.702700 2.481500 1.630200
v 0.758600 2.541800 1.614300
v 0.649500 2.462600 1.500200
v 0.704000 2.514600 1.477000
v 0.604400 2.428500 1.390900
v 0.577900 2.438300 1.528500
v 0.531700 2.390400 1.391100
v 0.537600 2.385000 1.301200
v 0.501200 2.347800 1.420300
v 0.465300 2.315600 1.268000
v 0.433200 2.233600 1.160700
v 0.497000 2.334600 1.220800
v 0.467500 2.269300 1.125800
v 0.526100 2.352300 1.171200
v 0.501700 2.309200 1.091400
v 0.555200 2.390000 1.242200
v 0.542600 2.377300 1.130100
v 0.524400 2.355400 1.062300
v 0.558900 2.406700 1.098900
v 0.566900 2.399100 1.186200
v 0.578900 2.409600 1.141200
v 0.598600 2.434900 1.139600
v 0.630200 2.485200 1.138800
v 0.586400 2.439700 1.076900
v 0.603400 2.427200 1.212900
v 0.645500 2.475800 1.223200
v 0.598700 2.417400 1.281300
v 0.648200 2.468100 1.336200
v 0.584200 2.406500 1.328700
v 0.612100 2.490600 1.071600
v 0.624600 2.566600 1.090200
v 0.629200 2.640100 1.117600
v 0.648200 2.564300 1.156300
v 0.606300 2.568100 1.034000
v 0.609300 2.639300 1.061200
v 0.596000 2.639100 1.017300
v 0.587700 2.673700 1.097600
v 0.573800 2.673400 1.054500
v 0.569900 2.698200 1.132300
v 0.557700 2.700400 1.091500
v 0.554900 2.677000 0.989900
v 0.578300 2.644300 0.955800
v 0.467500 2.264500 1.027600
v 0.433600 2.209900 1.054000
v 0.427900 2.235000 0.974900
v 0.386400 2.177100 0.999400
v 0.409100 2.226400 0.922100
v 0.359900 2.162400 0.949600
v 0.303300 2.117500 0.967700
v 0.341800 2.131400 1.020400
v 0.392000 2.167800 1.081400
v 0.561400 2.390000 0.549900
v 0.541500 2.395800 0.608900
v 0.534100 2.498200 0.574600
v 0.522200 2.567800 0.565800
v 0.597300 2.357800 0.555700
v 0.572000 2.367000 0.590500
v 0.465500 2.669900 0.447700
v 0.453700 2.883400 0.564100
v 0.453600 2.915100 0.607700
v 0.456800 2.874100 0.683900
v 0.463700 2.833900 0.797900
v 0.460000 2.912500 0.716000
v 0.466400 2.866500 0.811400
v 0.489000 2.832800 0.965200
v 0.497900 2.808600 1.112000
v 0.487000 2.860300 0.973800
v 0.494300 2.835300 1.117000
v 0.476100 2.821300 1.187100
v 0.491600 2.864200 1.115900
v 0.472300 2.857400 1.178600
v 0.492500 2.898700 1.108200
v 0.496800 2.929800 1.091300
v 0.473000 2.898500 1.159900
v 0.483200 2.942300 1.124000
v 0.482700 2.790000 1.186900
v 0.633100 2.892100 1.226800
v 0.628500 2.945400 1.205200
v 0.611700 3.005500 1.170400
v -0.065000 3.229300 0.285700
v -0.059200 3.075000 0.124100
v -0.098100 3.101800 0.105700
v 0.434400 2.633200 0.267500
v 0.416600 2.619700 -0.225500
v -0.122300 3.004200 -0.088800
v 0.266100 2.480500 -0.528800
v 0.320700 2.332000 -0.518200
v 0.273000 2.234000 -0.582300
v 0.206900 2.129900 -0.700500
v 0.761900 2.280800 -0.165100
v 0.825500 2.236400 -0.056100
v 0.910400 2.154000 0.073000
v 0.844500 2.103900 -0.133800
v 0.921800 2.028800 0.002600
v 0.953100 1.884600 0.153700
v 0.956200 1.996400 0.215100
v 0.986500 1.737100 0.283700
v 1.007900 1.639600 0.367500
v 0.978600 1.831100 0.340400
v 0.944700 1.915100 0.398400
v 0.999200 1.719100 0.428600
v 1.002100 1.627900 0.487200
v 0.961300 1.787100 0.483500
v 0.908900 1.835200 0.529300
v 0.968300 1.681800 0.544000
v 0.974800 1.576400 0.588900
v 0.921000 1.722700 0.589300
v 0.973000 1.475000 0.625700
v 0.993200 1.530700 0.528000
v 0.985600 1.479500 0.457800
v 0.977800 1.434400 0.563700
v 1.006700 1.562700 0.420100
v 0.994800 1.490200 0.348200
v 0.952500 1.382800 0.662900
v 0.946700 1.432700 0.708100
v 0.941500 1.359900 0.751400
v 0.926800 1.300200 0.707700
v 0.916000 1.295200 0.812600
v 0.934800 1.405900 0.778300
v 0.864100 1.248700 0.885200
v 0.895000 1.975500 0.451900
v 0.863900 1.869000 0.568200
v 0.843300 2.011300 0.496000
v 0.806600 2.201600 0.403000
v 0.868700 2.166900 0.348700
v 0.922300 2.094500 0.283700
v 0.864700 2.261300 0.150600
v 0.688900 2.339600 0.375000
v 0.618600 2.393700 0.341500
v 0.673800 1.840500 0.851200
v 0.546000 1.711300 0.880200
v 0.536300 1.861300 0.867500
v 0.573000 1.998300 0.823500
v 0.470100 2.004900 0.776100
v 0.613000 2.121100 0.775900
v 0.535100 2.119100 0.756900
v 0.461800 1.161400 0.589500
v -0.134000 1.571700 0.407700
v -0.112000 1.563900 0.299600
v -0.100100 1.542100 0.196000
v 0.167400 1.913500 -0.726100
v -0.139100 3.886300 1.139100
v -0.272600 3.834300 0.989200
v -0.394800 3.755100 0.865600
v -0.792400 1.491800 -0.230200
v -0.218800 1.494100 -0.267000
v -0.208600 1.501000 -0.384400
v -0.125200 1.495600 -0.258500
v -0.158300 1.687200 -1.859400
v 0.000800 1.680600 -1.984400
v 0.188800 1.665200 -2.049000
v 1.212900 1.155900 -1.863400
v 1.365600 1.109000 -1.749900
v 1.741300 1.331200 -1.283100
v 1.830600 1.319800 -1.161000
v 1.849700 1.282100 -1.201800
v 1.801900 1.343800 -1.117100
v 1.903700 1.312100 -1.033100
v 1.955700 1.313400 -0.906800
v 1.874300 1.337500 -0.992600
v 1.922000 1.274500 -1.071100
v 1.930500 1.229400 -1.103300
v 1.971300 1.276600 -0.942000
v 1.998300 1.283200 -0.846300
v 1.976600 1.234300 -0.973400
v 1.984700 1.316600 -0.817200
v 1.958400 1.335500 -0.786500
v 1.999600 1.318500 -0.758400
v 2.025100 1.315500 -0.695700
v 1.975100 1.335700 -0.730600
v 1.943900 1.345400 -0.709200
v 2.001800 1.333800 -0.671100
v 1.966000 1.344000 -0.656000
v 1.925900 1.345200 -0.760300
v 1.904500 1.341400 -0.701100
v 1.888700 1.342800 -0.741300
v 1.874400 1.343500 -0.698100
v 1.891700 1.348800 -0.835500
v 1.927400 1.337800 -0.870000
v 2.000000 1.144100 -0.843700
v 1.980100 1.058700 -0.891700
v 2.000800 1.166100 -0.849500
v 2.042500 1.124100 -0.673300
v 2.282700 1.138800 -0.357200
v 2.327600 1.103000 -0.315700
v 2.450000 0.648400 -0.171800
v 2.493500 0.548400 -0.123700
v 2.459600 0.547000 -0.117200
v 2.430900 0.545500 -0.111200
v 2.503700 0.460100 -0.074500
v 2.536400 0.452800 -0.077300
v 2.566600 0.370200 -0.033400
v 2.575800 0.461600 -0.064100
v 2.608500 0.372100 -0.020000
v 2.619600 0.313200 0.022300
v 2.651800 0.383000 -0.002600
v 2.665600 0.315300 0.041200
v 2.712600 0.327000 0.049700
v 2.659200 0.277900 0.064900
v 2.583600 0.327100 -0.003500
v 1.944700 0.926200 -0.232900
v 1.865900 0.847400 -0.555400
v 1.894100 0.829300 -0.562000
v 1.902700 0.863000 -0.633600
v 1.867900 0.873900 -0.642900
v 1.918200 0.843500 -0.633500
v 1.937300 0.887000 -0.692500
v 1.971200 0.916100 -0.746900
v 1.949600 0.877400 -0.685900
v 1.931100 0.833300 -0.630300
v 1.956600 0.869800 -0.678600
v 1.939100 0.827000 -0.626200
v 1.963200 0.858900 -0.670900
v 1.975700 0.907300 -0.735100
v 1.980700 0.892600 -0.717000
v 1.991700 0.864300 -0.697300
v 2.007600 0.937400 -0.726800
v 2.014400 0.897400 -0.704100
v 2.035800 0.934900 -0.708500
v 2.027600 0.838900 -0.674000
v 2.050400 0.758300 -0.636200
v 2.054000 0.870000 -0.678200
v 2.008800 0.817000 -0.669200
v 1.995400 0.798000 -0.648900
v 2.034400 0.742600 -0.630400
v 2.077300 0.674000 -0.604200
v 2.026700 0.726300 -0.613500
v 2.063900 0.661200 -0.593000
v 2.058200 0.645900 -0.578200
v 2.089300 0.589100 -0.576200
v 2.112400 0.530400 -0.561700
v 2.078900 0.579400 -0.561700
v 2.102100 0.605600 -0.588800
v 2.128700 0.557900 -0.584600
v 2.114500 0.632700 -0.600000
v 2.137900 0.617700 -0.601700
v 2.100500 0.694000 -0.614400
v 2.129000 0.702500 -0.621000
v 2.077900 0.781800 -0.642400
v 2.107900 0.803300 -0.648000
v 2.130600 0.815600 -0.642500
v 2.082000 0.898300 -0.679300
v 2.104700 0.913000 -0.670600
v 2.122100 0.920400 -0.648100
v 2.150300 0.823800 -0.628000
v 2.178400 0.712100 -0.606800
v 2.173400 0.833100 -0.607000
v 2.203600 0.719200 -0.590500
v 2.201400 0.830400 -0.576500
v 2.231800 0.717900 -0.565700
v 2.236600 0.801500 -0.533900
v 2.262500 0.695600 -0.527900
v 2.265400 0.766000 -0.484100
v 2.239500 0.845700 -0.484700
v 2.284900 0.669500 -0.478100
v 2.261300 0.741800 -0.440100
v 2.275900 0.653800 -0.431600
v 2.238500 0.813300 -0.444600
v 2.233800 0.719000 -0.412100
v 2.211600 0.785000 -0.420000
v 2.249100 0.635100 -0.402600
v 2.177400 0.683700 -0.393100
v 2.202800 0.600500 -0.385800
v 2.149100 0.752300 -0.396400
v 2.113900 0.650100 -0.399000
v 2.075000 0.723500 -0.395000
v 2.151400 0.566000 -0.393900
v 2.069200 0.633600 -0.425500
v 2.111600 0.549100 -0.422100
v 2.037900 0.629900 -0.461600
v 2.022400 0.708000 -0.419700
v 1.987600 0.704200 -0.459300
v 1.999700 0.742400 -0.411800
v 2.055300 0.759200 -0.389000
v 1.959900 0.734400 -0.451900
v 1.950000 0.750700 -0.510000
v 1.950000 0.745500 -0.445500
v 1.938700 0.761800 -0.505100
v 1.933700 0.782100 -0.568400
v 1.932000 0.767900 -0.503300
v 1.924400 0.774500 -0.502000
v 1.926500 0.788300 -0.568500
v 1.918300 0.794800 -0.569200
v 1.908100 0.808700 -0.567100
v 1.911600 0.787400 -0.498000
v 1.947200 0.771400 -0.570500
v 1.946800 0.819600 -0.622900
v 1.960400 0.805800 -0.621500
v 1.975700 0.839100 -0.663800
v 1.984500 0.770200 -0.611600
v 1.974800 0.738800 -0.565600
v 2.025300 0.698400 -0.581800
v 2.026600 0.667300 -0.544400
v 2.059300 0.619700 -0.555700
v 2.074700 0.572500 -0.546400
v 2.065100 0.584900 -0.528300
v 2.070000 0.559700 -0.496000
v 2.083500 0.538800 -0.526400
v 2.096900 0.527800 -0.541100
v 2.094800 0.513000 -0.495800
v 2.113200 0.492600 -0.509300
v 2.112300 0.497900 -0.461000
v 2.131600 0.471900 -0.475300
v 2.137900 0.492600 -0.427100
v 2.084200 0.547700 -0.459400
v 2.171100 0.499900 -0.399000
v 2.155400 0.457500 -0.445800
v 2.180100 0.446300 -0.489900
v 2.183800 0.451800 -0.420800
v 2.220400 0.459700 -0.400900
v 2.208200 0.435800 -0.469700
v 2.231800 0.494300 -0.505100
v 2.243200 0.439300 -0.444400
v 2.270100 0.477200 -0.424600
v 2.250400 0.490300 -0.478400
v 2.268300 0.503700 -0.462900
v 2.269000 0.578800 -0.512000
v 2.247600 0.592000 -0.546500
v 2.286100 0.564900 -0.469200
v 2.282100 0.557300 -0.422600
v 2.253100 0.545900 -0.393100
v 2.250300 0.491000 -0.397100
v 2.212400 0.522100 -0.385200
v 2.222100 0.595600 -0.569700
v 2.196000 0.597400 -0.585400
v 2.211700 0.497500 -0.528200
v 2.188800 0.504600 -0.550000
v 2.155000 0.464400 -0.510500
v 2.133600 0.489600 -0.536700
v 2.159900 0.522800 -0.572600
v 2.167200 0.605100 -0.598000
v 2.154700 0.707600 -0.617800
v 2.027600 0.643000 -0.504300
v 1.977400 0.718100 -0.511600
v 2.127500 0.786200 -0.395000
v 2.186200 0.820000 -0.420700
v 2.163800 0.837200 -0.416200
v 2.210600 0.857700 -0.444100
v 1.713500 1.070100 -0.419100
v 1.715200 1.101300 -0.364700
v 1.703600 1.162000 -0.403300
v 1.698900 1.186800 -0.357600
v 1.687100 1.205000 -0.324900
v 1.692000 1.258000 -0.382000
v 1.717800 1.312500 -0.409400
v 1.747800 1.329700 -0.439100
v 2.251100 1.179400 0.014200
v 2.293100 1.073700 0.463900
v 2.275400 1.039800 0.567600
v 2.252800 1.005400 0.671600
v 2.294200 1.017800 0.573300
v 2.321700 0.988400 0.574900
v 2.267300 0.987200 0.670900
v 2.287600 0.965600 0.664700
v 2.248000 0.967700 0.761400
v 2.264000 0.947700 0.743100
v 2.228300 0.986900 0.762100
v 2.198600 0.923800 0.784800
v 2.236800 0.913000 0.774000
v 2.209600 0.882200 0.756900
v 2.273300 0.919800 0.725800
v 2.267500 0.897100 0.721500
v 2.309000 0.909200 0.647400
v 2.258500 0.868600 0.713900
v 2.299200 0.876700 0.650100
v 2.278900 0.830700 0.656900
v 2.196800 0.860100 0.733100
v 2.248300 0.842300 0.696900
v 2.200000 0.834600 0.699600
v 2.143300 0.836000 0.674200
v 2.220400 0.801000 0.643100
v 2.157300 0.798000 0.613100
v 2.249700 0.773000 0.583000
v 2.317600 0.813500 0.600200
v 2.280700 0.757000 0.536600
v 2.341900 0.873300 0.587000
v 2.358100 0.913600 0.577100
v 2.362200 0.939000 0.575500
v 2.396600 0.916300 0.528500
v 2.397200 0.947800 0.519700
v 2.311600 0.928700 0.650200
v 2.349100 0.960400 0.575600
v 2.305800 0.944800 0.656600
v 2.278600 0.936900 0.710400
v 2.138400 0.862800 0.710400
v 2.142400 0.888900 0.742900
v 2.095400 0.887700 0.686900
v 2.131900 0.922700 0.749700
v 2.139700 0.955900 0.722100
v 2.094100 0.912800 0.705900
v 2.178800 0.950200 0.784500
v 2.176900 0.980400 0.744900
v 2.211100 1.005300 0.735300
v 2.230400 1.024300 0.671700
v 2.103300 0.942900 0.691300
v 2.068500 0.920900 0.647300
v 2.076900 0.944800 0.652700
v 2.073200 0.970700 0.604500
v 2.324200 1.166500 -0.000500
v 0.260500 2.148900 2.142000
v 0.369500 2.288600 2.139100
v 0.990018 2.631420 2.276456
v 1.010018 2.702320 2.271756
v 1.003918 2.774520 2.280556
v 0.961500 2.709300 2.186300
v 0.957100 2.780600 2.198800
v 0.902700 2.780000 2.076700
v 0.865700 2.780100 1.964400
v 0.842700 2.786200 1.910600
v 0.834400 2.753000 1.828700
v 0.823600 2.794600 1.886500
v 0.818000 2.830900 1.950900
v 0.806000 2.805000 1.860600
v 0.815800 2.767500 1.806700
v 0.799700 2.830100 1.925300
v 0.791900 2.849800 1.903900
v 0.783700 2.744300 1.700700
v 0.753500 2.727600 1.573800
v 0.737100 2.713300 1.436200
v -0.980100 3.109400 1.129000
v -1.026800 3.073300 1.276300
v -1.022800 3.031000 1.199800
v -1.063600 2.992300 1.330900
v -1.095100 2.928300 1.356900
v -1.047400 2.964100 1.241500
v -1.163100 3.104900 1.513100
v -1.162400 2.970300 1.450800
v -1.196300 3.031100 1.549700
v -1.172900 3.167800 1.605400
v -1.188100 3.155600 1.705700
v -1.199900 3.097600 1.640700
v -1.169800 3.278600 1.724100
v -1.154200 3.250700 1.815000
v -1.169300 3.314100 1.780700
v -1.173300 3.208100 1.755600
v -1.157300 3.153300 1.785600
v -1.130700 3.205000 1.835700
v -1.181900 3.105800 1.734600
v -1.159200 3.071800 1.756200
v -1.203100 3.048500 1.674900
v -1.183000 3.019500 1.696400
v -1.210600 2.975900 1.580700
v -1.191900 2.942300 1.604000
v -1.174300 2.912300 1.474500
v -1.168900 2.875000 1.493700
v -1.111000 2.876600 1.373700
v -1.116200 2.841200 1.395000
v -1.067300 2.855000 1.285300
v -1.060600 2.906100 1.266000
v -1.023900 2.844300 1.245400
v -1.078100 2.809300 1.307100
v -1.026200 2.803500 1.258900
v -1.109700 2.809500 1.407300
v -1.099800 2.776800 1.409700
v -1.084000 2.768400 1.306900
v -1.034800 2.766300 1.265400
v -0.992700 2.768000 1.245700
v -0.986100 2.800300 1.238600
v -0.945100 2.764700 1.230300
v -1.008000 2.742800 1.235500
v -0.959100 2.740700 1.218900
v -0.916000 2.733000 1.199300
v -0.976100 2.715000 1.199100
v -0.942300 2.716600 1.166300
v -0.936500 2.728500 1.125600
v -0.968800 2.697600 1.128200
v -0.956100 2.701000 1.087600
v -0.996500 2.695000 1.170300
v -0.991700 2.674700 1.091500
v -0.977700 2.675600 1.048700
v -1.013300 2.672100 1.143400
v -1.018400 2.640200 1.053300
v -1.022200 2.570500 1.023500
v -1.003800 2.641200 1.009600
v -1.041100 2.640300 1.108300
v -1.043300 2.568300 1.078500
v -1.068800 2.638300 1.169900
v -1.071300 2.564600 1.143800
v -1.039200 2.493400 1.057200
v -1.023100 2.443700 1.059600
v -1.020100 2.498300 1.003900
v -1.005400 2.448000 1.005500
v -1.005300 2.503900 0.960400
v -1.007800 2.573900 0.980200
v -0.990000 2.512200 0.902900
v -0.993900 2.449800 0.955900
v -0.960300 2.409200 0.969200
v -0.984100 2.454900 0.895300
v -0.932500 2.413300 0.907700
v -0.937400 2.323400 0.923100
v -0.914800 2.246300 0.947700
v -0.963400 2.338900 0.978500
v -0.986400 2.363600 1.038300
v -0.950500 2.275800 0.998600
v -0.983200 2.318800 1.062100
v -0.942000 2.223200 1.019000
v -0.983900 2.412200 1.022200
v -1.006000 2.412300 1.078800
v -0.991000 2.581100 0.921700
v -0.975000 2.523100 0.806300
v -0.964100 2.542000 0.686100
v -0.971000 2.595300 0.819200
v -0.950100 2.619800 0.691300
v -0.948000 2.660200 0.842100
v -0.895500 2.725100 0.726100
v -0.907700 2.684000 0.708600
v -0.985000 2.646800 0.948900
v -0.912300 2.689300 0.870700
v -0.956300 2.678300 0.985000
v -0.902800 2.715800 0.895400
v -0.897400 2.748200 0.919400
v -0.871400 2.776200 0.764900
v -0.886800 2.751800 0.745500
v -0.938000 2.702800 1.019900
v -0.923400 2.731700 1.053100
v -0.904700 2.755500 1.081300
v -0.907500 2.742400 1.158300
v -0.879300 2.804000 0.954400
v -0.879400 2.772900 0.940700
v -0.889600 2.779900 1.100100
v -0.886600 2.763000 1.177600
v -0.886100 2.807900 1.111200
v -0.873400 2.789900 1.186500
v -0.881900 2.834800 1.116400
v -0.877300 2.832200 0.964400
v -0.875000 2.860300 0.973300
v -0.854900 2.866300 0.810700
v -0.848200 2.912400 0.715300
v -0.853700 2.833700 0.796800
v -0.854800 2.899200 0.827300
v -0.849500 2.952000 0.749800
v -0.857200 2.931200 0.857000
v -0.873800 2.888700 0.984800
v -0.864900 2.960800 0.910300
v -0.852200 2.988500 0.803600
v -0.853100 3.046400 0.781500
v -0.865800 3.017300 0.893100
v -0.884500 3.022300 0.989600
v -0.872400 3.075500 0.902400
v -0.874200 3.120900 0.889700
v -0.897800 3.078300 1.045200
v -0.887700 3.017600 1.105800
v -0.944100 3.044800 1.120200
v -0.959400 3.071100 1.116800
v -0.898800 3.122700 1.034400
v -1.001200 3.004200 1.170400
v -0.977600 2.984600 1.157100
v -1.018600 2.944300 1.204900
v -0.988200 2.928800 1.185800
v -1.023100 2.890800 1.226700
v -0.987900 2.878100 1.206700
v -0.934000 2.866700 1.196300
v -0.985900 2.835800 1.224500
v -0.934500 2.827800 1.215800
v -0.937100 2.794400 1.229300
v -0.885900 2.823400 1.213400
v -0.889600 2.788200 1.222100
v -0.865600 2.821400 1.187100
v -0.878600 2.863600 1.203800
v -0.875100 2.910500 1.184300
v -0.859800 2.857000 1.178800
v -0.880000 2.863800 1.115300
v -0.861900 2.897900 1.159100
v -0.874800 2.963300 1.154400
v -0.881800 2.898500 1.107700
v -0.871700 2.942100 1.123600
v -0.886700 2.989500 1.066700
v -0.884400 2.929500 1.091200
v -0.885700 2.953400 1.030200
v -0.878200 2.919800 1.003200
v -0.877200 2.980100 0.973100
v -0.931400 2.964400 1.152400
v -0.920700 3.015500 1.130000
v -0.933700 2.914300 1.176400
v -0.884900 2.747300 1.230300
v -0.845000 2.873900 0.682900
v -0.856000 2.802300 0.782600
v -0.849000 2.839400 0.653700
v -0.852400 2.810500 0.629600
v -0.863100 2.786200 0.607200
v -0.837900 2.827300 0.499900
v -0.878300 2.763000 0.583400
v -0.887400 2.722600 0.566700
v -0.837300 2.800600 0.470200
v -1.147100 2.802600 1.521000
v -1.186700 2.849200 1.631800
v -1.139900 2.839400 1.512500
v -1.153300 2.859400 1.510900
v -1.163800 2.903100 1.620500
v -1.176000 2.926900 1.613100
v -1.145200 2.979200 1.730900
v -1.167300 3.003800 1.706800
v -1.162000 2.961700 1.829700
v -1.202100 2.889700 1.736600
v -1.196200 2.894200 1.827200
v -1.188700 2.825500 1.838400
v -1.181300 2.883200 1.898000
v -1.157800 2.934400 1.906900
v -1.181200 2.838500 1.904100
v -1.170500 2.882600 1.948800
v -1.171400 2.864900 1.966100
v -1.154400 2.919200 1.970600
v -1.143200 2.901200 2.008700
v -1.115900 2.959700 1.984000
v -1.100100 2.938300 2.027600
v -1.123200 2.979900 1.919000
v -1.128100 3.008600 1.847700
v -1.043300 2.960500 2.033700
v -1.089400 2.919900 2.056500
v -1.038700 2.948700 2.061900
v -1.133300 2.882900 2.039500
v -1.143000 2.886500 2.066000
v -1.174500 2.856500 1.987700
v -1.185000 2.853800 2.014500
v -1.191000 2.816600 1.924800
v -1.212100 2.815200 1.949500
v -1.200100 2.791600 1.859800
v -1.221900 2.778900 1.884500
v -1.245900 2.767900 1.907700
v -1.274100 2.759200 1.961300
v -1.233500 2.813600 1.973900
v -1.199600 2.854300 2.041500
v -1.256500 2.811000 2.023300
v -1.225100 2.864000 2.082700
v -1.311900 2.756000 2.075700
v -1.323300 2.692300 2.045400
v -1.320700 2.616500 2.039700
v -1.375700 2.609200 2.189800
v -1.125400 2.828400 1.428700
v -0.972300 2.402400 0.611500
v -0.460200 2.035500 2.108600
v -0.435200 2.063900 2.182100
v -0.389000 2.062800 2.182200
v -0.466700 2.082200 2.161700
v -0.490700 2.081700 2.125200
v -0.339300 2.066200 2.183100
v -0.324600 2.103700 2.285800
v -0.286500 2.153800 2.257900
v -0.296900 2.087600 2.163000
v -0.244900 2.198500 2.209800
v -0.177900 2.188200 2.251200
v -0.240100 2.294200 2.316600
v -0.077100 2.265600 2.305100
v 0.036200 2.344000 2.393700
v 0.126400 2.387100 2.496200
v 0.031000 2.443600 2.462500
v -0.496500 2.516400 2.664700
v -0.503700 2.588500 2.657400
v -0.490700 2.562100 2.593100
v -0.579200 2.630600 2.657600
v -0.615200 2.724900 2.650400
v -0.575400 2.602100 2.602000
v -0.612100 2.683000 2.573000
v -0.614000 2.702100 2.608600
v -0.560800 2.588800 2.554900
v -0.665500 2.769400 2.624200
v -0.662600 2.792400 2.646900
v -0.655300 2.816100 2.676800
v -0.675200 2.885100 2.673900
v -0.667400 2.906000 2.700000
v -0.682000 2.861700 2.653300
v -0.668000 2.942900 2.669700
v -0.675500 2.918100 2.648400
v -0.655000 2.979300 2.650300
v -0.660000 2.966200 2.696100
v -0.645100 3.008000 2.679700
v -0.626100 3.044700 2.662500
v -0.639400 3.009500 2.627100
v -0.599400 3.087900 2.645800
v -0.615800 3.052100 2.603300
v -0.551800 3.143500 2.631000
v -0.566400 3.119000 2.582000
v -0.497800 3.208100 2.620800
v -0.507500 3.193300 2.564400
v -0.517100 3.184000 2.510300
v -0.520300 3.171000 2.456800
v -0.573400 3.103400 2.530800
v -0.563300 3.102300 2.477600
v -0.634600 3.013600 2.553900
v -0.652600 2.974500 2.596900
v -0.652300 2.971600 2.534300
v -0.609800 3.046000 2.491900
v -0.626900 3.011700 2.486900
v -0.597300 3.045900 2.425000
v -0.573000 3.060000 2.426200
v -0.604000 3.126700 2.401100
v -0.543300 3.103600 2.420000
v -0.622300 3.116500 2.410000
v -0.655300 3.162600 2.377500
v -0.636800 3.112400 2.418100
v -0.668900 3.153500 2.388400
v -0.654200 3.109200 2.429300
v -0.623200 3.051100 2.434500
v -0.645100 3.055000 2.448000
v -0.634000 2.990000 2.470300
v -0.660300 2.986500 2.472000
v -0.660400 2.948000 2.521400
v -0.674700 2.926200 2.511300
v -0.673700 2.919000 2.566000
v -0.664700 2.944600 2.577300
v -0.682600 2.894700 2.559500
v -0.680200 2.895300 2.602400
v -0.687300 2.868200 2.595100
v -0.686400 2.866600 2.624700
v -0.672700 2.922300 2.611600
v -0.664500 2.950300 2.626500
v -0.681500 2.892700 2.634500
v -0.686200 2.838300 2.640200
v -0.666000 2.750500 2.607600
v -0.689100 2.814700 2.629000
v -0.670400 2.729500 2.594000
v -0.691300 2.839500 2.616500
v -0.688600 2.790100 2.619800
v -0.692700 2.766600 2.608800
v -0.670000 2.702100 2.592400
v -0.670800 2.677900 2.595100
v -0.686000 2.652100 2.616000
v -0.695900 2.552100 2.568100
v -0.714100 2.631100 2.656600
v -0.707700 2.740400 2.620700
v -0.725700 2.717200 2.661000
v -0.722100 2.786100 2.605800
v -0.740300 2.771000 2.652300
v -0.697700 2.813500 2.608600
v -0.726200 2.819400 2.598200
v -0.731100 2.857600 2.584300
v -0.751300 2.809800 2.641600
v -0.697800 2.840600 2.589400
v -0.700800 2.868200 2.557000
v -0.701400 2.915900 2.527500
v -0.691700 2.978800 2.495600
v -0.735800 2.900300 2.564000
v -0.738300 2.951900 2.540000
v -0.776700 2.877900 2.615800
v -0.790600 2.916200 2.600600
v -0.763400 2.843700 2.629700
v -0.761778 2.750700 2.716188
v -0.744078 2.621000 2.720688
v -0.760378 2.541200 2.704988
v -0.797378 2.479600 2.678689
v -0.733400 2.539400 2.627100
v -0.773500 2.466500 2.591100
v -0.786400 2.385800 2.586700
v -0.718700 2.456500 2.520400
v -0.743100 2.365500 2.485800
v -0.664400 2.431200 2.449300
v -0.741800 2.276800 2.489900
v -0.795500 2.301800 2.591900
v -0.830878 2.884900 2.669488
v -0.853578 2.917400 2.654388
v -0.805000 2.957500 2.586900
v -0.876678 2.954500 2.641088
v -0.823200 2.999600 2.577900
v -0.851500 3.034600 2.558700
v -0.937278 3.030000 2.606688
v -0.971678 3.078500 2.590588
v -0.886100 3.070600 2.536700
v -0.926200 3.108100 2.513300
v -0.814500 3.110300 2.460500
v -0.857300 3.131000 2.431500
v -0.750800 3.150200 2.402800
v -0.779800 3.081100 2.486700
v -0.754400 3.049100 2.508500
v -0.716100 3.124200 2.432600
v -0.690300 3.093200 2.457000
v -0.683800 3.144700 2.403200
v -0.721500 3.169200 2.373500
v -0.770600 3.186500 2.339900
v -0.708400 3.178200 2.356100
v -0.760000 3.192900 2.324800
v -0.697900 3.185200 2.346400
v -0.751600 3.198800 2.314500
v -0.690800 3.199400 2.328800
v -0.639700 3.181600 2.361900
v -0.599900 3.195200 2.351000
v -0.646400 3.219500 2.311900
v -0.616100 3.220000 2.321000
v -0.601300 3.238900 2.302100
v -0.571200 3.212300 2.326300
v -0.580500 3.257000 2.292300
v -0.543200 3.225100 2.304900
v -0.539300 3.174000 2.355100
v -0.471600 3.210500 2.301800
v -0.515000 3.244200 2.284300
v -0.494500 3.172800 2.317300
v -0.480100 3.194400 2.378600
v -0.515000 3.157300 2.403800
v -0.574400 3.151100 2.381800
v -0.465900 3.259600 2.291200
v -0.821000 3.165600 2.285400
v -0.832100 3.160100 2.303700
v -0.876300 3.131100 2.247200
v -0.889200 3.131100 2.265300
v -0.856600 3.147600 2.336600
v -0.921700 3.101500 2.230800
v -0.915700 3.131000 2.300100
v -0.968500 3.135200 2.363900
v -0.952900 3.106700 2.265400
v -0.912600 3.134700 2.401000
v -0.977400 3.127600 2.480900
v -1.030500 3.134200 2.444400
v -1.079000 3.124900 2.405000
v -1.011100 3.118000 2.327100
v -1.111100 3.086200 2.358200
v -1.160800 3.044800 2.340100
v -1.030500 3.087200 2.292300
v -1.057600 3.046600 2.255400
v -1.024700 3.060000 2.249300
v -1.094700 3.019900 2.246700
v -1.007000 3.017700 2.178400
v -0.983700 3.044200 2.197500
v -0.973300 3.076100 2.232800
v -0.939900 3.068700 2.198600
v -1.238678 2.988100 2.403488
v -0.797400 3.167500 2.371400
v -0.680800 3.045800 2.475100
v -0.740600 3.005900 2.522000
v -0.614600 2.672900 2.536700
v -0.405400 3.393800 2.446200
v -0.389400 3.402300 2.490800
v -0.258100 3.484500 2.613500
v -0.211300 3.498600 2.606700
v -0.220200 3.489100 2.529300
v -0.169500 3.505100 2.597800
v -0.131200 3.503800 2.594600
v -0.178100 3.496500 2.521500
v -0.188300 3.507100 2.449100
v -0.136900 3.497600 2.517700
v -0.142300 3.511500 2.447100
v -0.097900 3.488900 2.527200
v -0.094800 3.496900 2.604300
v -0.098200 3.499500 2.454800
v -0.098000 3.510900 2.385700
v -0.098900 3.527200 2.327700
v -0.054000 3.490800 2.389700
v -0.148400 3.524800 2.382000
v -0.154900 3.540600 2.327600
v -0.200200 3.518300 2.380000
v -0.211900 3.534400 2.322000
v -0.247200 3.505200 2.378000
v -0.231900 3.494500 2.454200
v -0.263300 3.522700 2.313600
v -0.286500 3.492800 2.375800
v -0.303600 3.507600 2.305700
v -0.272000 3.535500 2.270000
v -0.219700 3.551000 2.282200
v -0.161500 3.555500 2.288700
v -0.224300 3.563900 2.245100
v -0.167700 3.569300 2.250600
v -0.104100 3.544100 2.287900
v -0.052900 3.521600 2.282300
v -0.049200 3.508700 2.325600
v -0.186100 3.586400 2.118500
v 0.258900 3.821600 2.470800
v 0.230900 3.842000 2.450300
v 0.192500 3.861100 2.424800
v 0.170100 3.795200 2.388200
v 0.093100 3.749500 2.319800
v 0.287700 4.099400 1.971300
v 0.344800 4.063499 1.957500
v -1.329178 2.851300 2.337788
v -1.365678 2.799200 2.314388
v -1.397978 2.735600 2.296088
v -1.067678 2.346200 2.514088
v -1.096178 2.374900 2.496688
v -1.054078 2.306800 2.527388
v -1.380978 2.529000 2.307188
v -0.791778 2.823800 2.696188
v -0.775478 2.791100 2.706788
v -0.809978 2.854300 2.684289
v -0.750178 2.697100 2.722288
v -0.811878 2.405600 2.674688
v -0.828778 2.316300 2.672588
v -0.904778 2.991200 2.625688
v -1.167878 3.075600 2.453088
v -1.203778 3.030900 2.427888
v -1.125878 3.109800 2.485888
v -1.264178 2.941200 2.383988
v -1.073778 3.116400 2.523788
v -1.020578 3.107300 2.559888
v -1.288178 2.892000 2.364988
vn 0.2608 0.9244 -0.2783
vn 0.7629 0.6292 0.1490
vn 0.4091 0.7800 -0.4735
vn 0.4480 0.7389 0.5033
vn 0.0114 0.9994 -0.0320
vn 0.4559 0.7544 -0.4723
vn 0.5660 0.6960 -0.4419
vn 0.9017 0.3392 0.2681
vn 0.8739 0.4000 0.2763
vn 0.7393 0.5084 -0.4415
vn 0.6812 0.5985 -0.4216
vn 0.9265 0.1890 0.3255
vn 0.8682 0.3660 0.3352
vn 0.8568 0.4449 0.2606
vn 0.6663 0.6522 -0.3613
vn 0.9089 0.3692 0.1939
vn 0.7578 0.5436 -0.3610
vn 0.6345 0.6821 -0.3636
vn 0.6434 0.6952 -0.3206
vn 0.5634 0.7313 -0.3844
vn 0.5472 0.7381 -0.3947
vn 0.7812 0.5246 -0.3384
vn 0.7190 0.6194 -0.3153
vn 0.3921 0.7251 -0.5662
vn 0.4137 0.8180 -0.3998
vn 0.3576 0.7587 -0.5446
vn 0.6077 0.7073 -0.3612
vn 0.4764 0.8353 -0.2744
vn 0.4997 0.7603 -0.4151
vn 0.3711 0.7104 -0.5981
vn 0.5829 0.8121 -0.0251
vn 0.6467 0.7605 0.0591
vn 0.7849 0.4270 0.4489
vn 0.7618 0.6478 0.0047
vn 0.5513 0.6622 0.5076
vn 0.9463 0.3128 0.0822
vn 0.8664 0.4240 0.2637
vn 0.5648 0.7152 0.4117
vn 0.8656 0.4676 0.1788
vn 0.9726 0.1794 0.1477
vn 0.9676 0.1422 0.2089
vn 0.6785 0.6899 0.2525
vn 0.9815 0.1444 0.1260
vn 0.8589 0.5036 0.0934
vn 0.9812 0.1761 -0.0792
vn 0.9655 0.1916 0.1762
vn 0.8810 0.2820 0.3800
vn 0.7160 -0.2355 0.6572
vn 0.8359 -0.4586 0.3017
vn 0.9967 -0.0039 -0.0809
vn 0.9854 -0.1528 -0.0753
vn 0.9985 0.0530 -0.0098
vn 0.9606 0.0107 -0.2778
vn 0.9399 0.2530 -0.2294
vn 0.9806 -0.0114 -0.1958
vn 0.9413 -0.3104 -0.1326
vn 0.9825 0.0574 -0.1770
vn 0.9560 -0.2290 -0.1834
vn 0.9329 0.2850 -0.2201
vn 0.9114 0.2910 -0.2911
vn 0.9568 -0.0880 -0.2770
vn 0.9508 0.0313 -0.3081
vn 0.8868 -0.3615 -0.2879
vn 0.9525 -0.2435 -0.1827
vn 0.8179 -0.5358 -0.2096
vn 0.8227 -0.5630 0.0786
vn 0.8805 -0.4701 -0.0612
vn 0.8407 -0.4729 0.2638
vn 0.8909 -0.2520 -0.3778
vn 0.9341 -0.1724 -0.3127
vn 0.9928 -0.1134 -0.0384
vn 0.7892 -0.3457 0.5075
vn 0.8405 -0.2906 0.4572
vn 0.9707 -0.0502 0.2350
vn 0.8563 0.1451 -0.4956
vn 0.9340 0.1800 -0.3086
vn 0.9805 0.1862 -0.0634
vn 0.7381 0.3164 -0.5958
vn 0.8361 0.2755 -0.4744
vn 0.9668 0.1900 -0.1709
vn 0.8658 0.4500 0.2189
vn 0.3476 0.7705 -0.5343
vn 0.8856 0.4595 -0.0673
vn 0.9951 0.0951 -0.0265
vn 0.9983 0.0274 0.0518
vn 0.9856 0.0860 0.1458
vn 0.7938 0.1937 -0.5765
vn 0.9878 0.0186 0.1544
vn 0.9668 0.1974 -0.1622
vn 0.9286 0.3124 -0.2000
vn 0.8839 0.3090 -0.3510
vn 0.8405 0.5130 -0.1744
vn 0.9418 0.3331 -0.0448
vn 0.9034 0.4004 -0.1537
vn 0.7181 0.5840 -0.3786
vn 0.6986 0.5245 -0.4867
vn 0.8036 0.4342 -0.4071
vn 0.7516 0.4571 -0.4757
vn 0.5902 0.5255 -0.6128
vn 0.7335 0.6710 0.1079
vn 0.4634 0.5081 -0.7260
vn 0.6143 0.4360 -0.6577
vn 0.5775 0.4207 -0.6996
vn 0.1961 0.8958 0.3988
vn 0.3261 0.9440 -0.0497
vn 0.6502 0.7194 -0.2443
vn 0.4021 0.8730 -0.2760
vn 0.5422 0.5977 -0.5905
vn 0.3996 0.8522 -0.3379
vn 0.4727 0.6438 -0.6018
vn 0.6431 0.6306 -0.4344
vn 0.4559 0.6948 -0.5562
vn 0.6595 0.7246 -0.1999
vn 0.7280 0.5147 -0.4528
vn 0.6442 0.7053 -0.2960
vn 0.6111 0.6050 -0.5104
vn 0.4307 0.6901 -0.5816
vn 0.4752 0.7218 -0.5032
vn 0.5590 0.7388 -0.3763
vn 0.2449 0.8218 -0.5145
vn 0.2962 0.8609 -0.4137
vn 0.2366 0.8892 -0.3917
vn 0.2754 0.8993 -0.3398
vn 0.1117 0.9501 -0.2914
vn 0.0948 0.9405 -0.3263
vn 0.1457 0.8823 -0.4476
vn 0.4601 0.8879 -0.0008
vn 0.2635 0.9645 -0.0195
vn 0.0438 0.9304 -0.3640
vn 0.3357 0.8871 0.3169
vn -0.4519 0.8791 -0.1518
vn 0.1342 0.9444 0.3000
vn -0.4542 0.8828 -0.1197
vn -0.8376 0.5432 0.0572
vn -0.2399 0.8925 0.3820
vn -0.8369 0.5382 0.0999
vn -0.9276 0.3537 0.1199
vn -0.6718 0.6498 0.3555
vn -0.9458 0.2979 0.1291
vn -0.7751 0.5479 0.3146
vn -0.9076 0.3877 0.1609
vn -0.9156 0.3548 0.1892
vn -0.8920 0.4079 0.1948
vn -0.8812 0.4285 0.1996
vn -0.8123 0.5617 0.1570
vn -0.8662 0.4362 0.2438
vn -0.7780 0.5886 0.2196
vn -0.4482 0.8917 -0.0630
vn -0.4125 0.9109 -0.0091
vn 0.1018 0.9570 -0.2717
vn -0.3540 0.9332 -0.0610
vn -0.7628 0.5971 0.2483
vn -0.3755 0.9241 -0.0709
vn 0.0359 0.9781 -0.2050
vn -0.1498 0.9816 -0.1188
vn -0.7411 0.6497 0.1693
vn -0.6834 0.7053 0.1885
vn -0.3823 0.9230 -0.0429
vn -0.3456 0.9345 -0.0853
vn -0.3081 0.9379 -0.1595
vn -0.2677 0.9341 -0.2360
vn -0.5837 0.7905 0.1855
vn -0.6699 0.6370 0.3813
vn -0.7909 0.4991 0.3540
vn -0.8618 0.3592 0.3582
vn -0.4859 0.7328 0.4763
vn -0.7332 0.5132 0.4460
vn -0.8587 0.3352 0.3875
vn -0.3599 0.7655 0.5334
vn -0.6364 0.5677 0.5222
vn -0.8146 0.3820 0.4365
vn -0.9047 0.2756 0.3249
vn -0.8704 0.3549 0.3412
vn -0.9055 0.3539 0.2339
vn -0.9231 0.2700 0.2740
vn -0.9321 0.3027 0.1987
vn -0.9181 0.2490 0.3083
vn -0.9639 0.1903 0.1860
vn -0.8992 0.4102 0.1520
vn -0.8795 0.1957 0.4339
vn -0.9795 0.0868 0.1816
vn -0.9356 0.3109 0.1673
vn -0.8960 0.4085 0.1740
vn -0.9792 0.1091 0.1711
vn -0.9414 0.2932 0.1667
vn -0.8912 0.4145 0.1844
vn -0.9206 0.3742 0.1121
vn -0.9363 0.3286 0.1238
vn -0.7989 0.4983 0.3368
vn -0.6822 0.6453 0.3438
vn -0.9310 0.2578 0.2585
vn -0.4178 0.6503 0.6345
vn -0.8991 0.0082 0.4377
vn -0.4239 0.4184 0.8033
vn -0.9659 0.0840 0.2450
vn -0.7579 -0.1450 0.6361
vn -0.9237 0.0183 0.3827
vn -0.3130 0.3230 0.8931
vn -0.6283 -0.1968 0.7527
vn -0.2883 0.4590 0.8403
vn -0.8255 -0.0231 0.5639
vn -0.9566 0.1647 0.2404
vn -0.9864 -0.0224 0.1626
vn -0.8755 0.4773 0.0747
vn -0.9799 0.0907 0.1778
vn -0.9806 -0.0172 0.1953
vn -0.9727 -0.0398 0.2287
vn -0.7959 0.2261 0.5616
vn -0.6457 0.5802 0.4964
vn -0.4138 0.6396 0.6478
vn -0.5987 0.5400 0.5916
vn -0.1404 0.8166 0.5599
vn 0.0052 0.9628 0.2700
vn -0.4472 0.8842 0.1346
vn -0.1745 0.9504 0.2576
vn -0.3812 0.9158 0.1265
vn -0.7758 0.6043 0.1816
vn -0.8535 0.1475 0.4998
vn -0.7520 0.3892 0.5320
vn -0.5990 0.7172 0.3561
vn -0.7373 0.0451 0.6740
vn -0.6624 0.4167 0.6225
vn -0.6760 0.1911 0.7117
vn -0.6928 -0.0774 0.7169
vn -0.6542 -0.0625 0.7538
vn -0.7039 0.0317 0.7096
vn -0.6914 0.0281 0.7220
vn -0.7169 0.0064 0.6972
vn -0.6909 0.0415 0.7217
vn -0.5875 -0.0404 0.8082
vn -0.6626 -0.0636 0.7463
vn -0.6773 -0.0108 0.7357
vn -0.0051 0.7732 0.6342
vn 0.3636 0.7619 0.5360
vn -0.6205 -0.0591 0.7820
vn 0.1278 0.4101 0.9030
vn -0.4817 -0.2088 0.8511
vn 0.1156 0.1470 0.9824
vn -0.5852 -0.1239 0.8014
vn -0.4756 -0.2553 0.8418
vn -0.3644 -0.2911 0.8846
vn 0.2326 0.3570 0.9047
vn -0.1989 -0.3680 0.9083
vn 0.3807 0.4472 0.8094
vn 0.6790 0.3851 0.6250
vn 0.7156 0.5054 0.4821
vn -0.0756 -0.4408 0.8944
vn 0.0486 -0.4732 0.8796
vn -0.1761 -0.3864 0.9054
vn -0.4058 -0.2815 0.8695
vn 0.0008 -0.4402 0.8979
vn -0.4037 -0.3155 0.8588
vn -0.1794 -0.3945 0.9012
vn -0.5340 -0.2941 0.7927
vn -0.5720 -0.2120 0.7924
vn -0.6712 -0.2156 0.7093
vn -0.4417 0.0241 0.8968
vn -0.3851 0.0482 0.9216
vn -0.3765 -0.2481 0.8926
vn 0.5292 0.2803 0.8009
vn -0.3337 0.0509 0.9413
vn 0.5256 0.2206 0.8217
vn 0.6132 0.3661 0.7000
vn 0.4865 0.5179 0.7036
vn 0.7771 0.5953 0.2045
vn 0.9152 0.3877 0.1097
vn 0.8240 0.5573 0.1024
vn 0.9550 0.2960 -0.0197
vn 0.7222 0.6715 0.1659
vn 0.9602 0.2368 -0.1483
vn 0.8887 0.4568 0.0387
vn 0.9120 0.4096 0.0210
vn 0.7831 0.6093 0.1246
vn 0.8568 0.4981 0.1337
vn 0.6906 0.7092 0.1422
vn 0.9333 0.3548 0.0549
vn 0.9697 0.1693 -0.1760
vn 0.8426 0.5345 0.0661
vn 0.8952 0.4367 0.0888
vn 0.7498 0.6601 0.0455
vn 0.7996 0.6005 0.0024
vn 0.8943 0.4470 0.0203
vn 0.9262 0.3690 0.0773
vn 0.6661 0.3248 0.6714
vn 0.3462 0.2017 0.9162
vn 0.6126 0.7904 -0.0023
vn 0.5927 0.7997 0.0955
vn 0.2934 0.4901 0.8208
vn 0.0780 0.5256 0.8472
vn 0.1667 0.7414 0.6500
vn 0.4876 0.8724 -0.0339
vn 0.3921 0.9192 -0.0356
vn 0.4678 0.8773 0.1071
vn 0.4361 0.8896 0.1355
vn 0.4567 0.8684 0.1930
vn 0.4184 0.8843 0.2073
vn 0.5442 0.8153 0.1979
vn 0.5002 0.8411 0.2059
vn 0.5886 0.7857 0.1905
vn 0.6341 0.7549 0.1674
vn 0.6036 0.7715 0.2011
vn 0.3486 0.6514 0.6739
vn 0.5024 0.8551 0.1282
vn -0.3030 -0.0122 0.9529
vn -0.3048 0.0336 0.9518
vn 0.3723 0.8634 0.3405
vn -0.0224 0.4894 0.8718
vn 0.4311 0.8981 0.0868
vn 0.4406 0.8861 0.1436
vn -0.4565 -0.0457 0.8886
vn 0.2237 0.9203 0.3209
vn -0.1945 0.7162 0.6703
vn 0.3757 0.9252 0.0536
vn 0.3589 0.9138 0.1905
vn 0.0747 0.9478 0.3099
vn 0.0729 0.9960 0.0510
vn 0.0637 0.9308 0.3599
vn -0.0216 0.9899 0.1399
vn -0.2305 0.7098 0.6656
vn -0.5093 0.3744 0.7749
vn -0.4951 0.5744 0.6519
vn -0.6276 0.1073 0.7711
vn -0.5638 -0.2659 0.7819
vn -0.6220 -0.3211 0.7142
vn -0.6859 -0.1917 0.7020
vn -0.5760 -0.3201 0.7522
vn -0.3709 0.8085 0.4568
vn -0.2664 0.7033 0.6591
vn -0.1397 0.8605 0.4899
vn 0.0035 0.7516 0.6596
vn -0.0324 0.9349 0.3535
vn -0.1081 0.9412 0.3202
vn 0.0399 0.9381 0.3441
vn 0.2471 0.8645 0.4378
vn 0.1932 0.7999 0.5683
vn 0.3854 0.8472 0.3658
vn 0.1808 0.9124 0.3672
vn 0.2144 0.9564 0.1983
vn 0.4356 0.7232 0.5360
vn 0.5653 0.7983 0.2079
vn 0.5880 0.6345 0.5016
vn 0.4318 0.9002 -0.0568
vn 0.7089 0.5897 0.3868
vn 0.7511 0.6600 0.0161
vn 0.4426 0.8945 0.0631
vn 0.8443 0.5343 -0.0406
vn 0.8501 0.3767 0.3680
vn 0.9380 0.3305 0.1042
vn 0.7560 0.3114 0.5757
vn 0.7536 0.2015 0.6256
vn 0.8545 0.2435 0.4588
vn 0.7090 0.1726 0.6838
vn 0.7239 0.1953 0.6617
vn 0.7019 0.1441 0.6976
vn 0.2079 0.7475 0.6309
vn 0.7180 0.2234 0.6592
vn 0.6992 0.0599 0.7124
vn 0.5387 0.5079 0.6722
vn 0.8050 0.1769 0.5663
vn 0.4809 0.6381 0.6013
vn 0.6573 0.6098 0.4428
vn 0.9016 0.2763 0.3329
vn 0.8966 0.4377 0.0668
vn 0.9446 0.2973 0.1392
vn 0.8968 0.4344 0.0842
vn 0.9323 0.2459 0.2653
vn 0.8547 0.5176 -0.0393
vn 0.6314 0.6653 0.3985
vn 0.6462 0.7042 0.2941
vn 0.8710 0.4913 0.0078
vn 0.8274 0.5526 0.0998
vn 0.8228 0.5558 0.1184
vn 0.8543 0.5061 0.1187
vn 0.7418 0.6310 0.2270
vn 0.8775 0.4766 0.0530
vn 0.8620 0.5011 0.0763
vn 0.7686 0.6386 -0.0380
vn 0.2303 0.9014 0.3666
vn 0.8462 0.5085 0.1591
vn 0.8296 0.5363 0.1555
vn 0.8237 0.5321 0.1959
vn 0.8026 0.5569 0.2136
vn 0.7425 0.6648 0.0817
vn 0.3328 0.8767 -0.3474
vn 0.3478 0.9116 -0.2191
vn 0.7281 0.6657 0.1635
vn 0.3687 0.9220 -0.1184
vn 0.7931 0.5411 0.2797
vn 0.7068 0.6678 0.2337
vn 0.3559 0.9329 -0.0558
vn -0.1751 0.8886 -0.4239
vn -0.1798 0.8574 -0.4823
vn 0.7087 0.6547 0.2628
vn 0.3117 0.9443 -0.1058
vn -0.1583 0.9202 -0.3579
vn -0.3523 0.8109 -0.4673
vn -0.2897 0.8797 -0.3771
vn -0.0672 0.9520 -0.2986
vn -0.1165 0.9695 -0.2154
vn 0.3432 0.9346 -0.0936
vn 0.1219 0.9766 -0.1774
vn 0.0789 0.9905 -0.1124
vn -0.1577 0.9727 -0.1703
vn -0.2926 0.9090 -0.2968
vn -0.7029 0.5821 -0.4088
vn -0.2759 0.9146 -0.2957
vn -0.6376 0.6331 -0.4389
vn -0.4198 0.7891 -0.4484
vn -0.4127 0.7181 -0.5604
vn -0.6179 0.5741 -0.5373
vn -0.5610 0.5100 -0.6520
vn -0.3330 0.7754 -0.5366
vn -0.2432 0.7184 -0.6517
vn -0.1252 0.8078 -0.5760
vn -0.3304 0.9435 0.0247
vn -0.1481 0.9688 0.1986
vn -0.3722 0.8699 -0.3237
vn -0.3381 0.6355 -0.6942
vn -0.5267 0.8071 -0.2668
vn -0.4935 0.4326 -0.7545
vn -0.6838 0.6889 -0.2404
vn -0.5956 0.3824 -0.7064
vn -0.5823 0.3402 -0.7384
vn -0.7380 0.5555 -0.3830
vn -0.6746 0.3531 -0.6483
vn -0.5909 0.2432 -0.7692
vn -0.5684 0.8179 0.0896
vn -0.8335 0.5473 -0.0758
vn -0.5457 0.4294 -0.7196
vn -0.7321 0.6680 -0.1331
vn -0.7351 0.2739 -0.6201
vn -0.8151 0.5788 0.0257
vn -0.8642 0.2028 -0.4605
vn -0.6899 0.3130 -0.6527
vn -0.7270 0.3630 -0.5829
vn -0.8745 0.2434 -0.4196
vn -0.6144 0.2201 -0.7577
vn -0.9024 0.3011 -0.3083
vn -0.7402 0.2881 -0.6076
vn -0.9518 0.2008 -0.2318
vn -0.9723 0.1768 -0.1530
vn -0.9976 -0.0577 0.0384
vn -0.9440 0.1413 -0.2983
vn -0.9940 -0.0434 0.1003
vn -0.8830 0.3308 -0.3329
vn -0.9779 -0.0520 0.2027
vn -0.8295 -0.2431 0.5028
vn -0.9794 -0.0394 0.1980
vn -0.8629 -0.1918 0.4676
vn -0.8431 -0.2689 0.4656
vn -0.6959 -0.3298 0.6380
vn -0.7222 -0.2933 0.6265
vn -0.5711 -0.3550 0.7401
vn -0.5837 -0.3410 0.7369
vn -0.7382 -0.2902 0.6090
vn -0.6982 -0.2661 0.6647
vn -0.5617 -0.3386 0.7549
vn -0.5736 -0.3176 0.7551
vn -0.8007 -0.1843 0.5700
vn -0.6707 -0.2971 0.6797
vn -0.6508 -0.3512 0.6732
vn -0.8447 -0.1877 0.5013
vn -0.8312 -0.2439 0.4996
vn -0.6620 -0.3575 0.6587
vn -0.6953 0.1763 0.6967
vn -0.5479 -0.3972 0.7363
vn -0.6028 -0.3227 0.7298
vn -0.6723 -0.2986 0.6774
vn -0.7120 -0.2639 0.6507
vn -0.8792 0.2388 0.4123
vn -0.8436 0.1424 0.5177
vn -0.3690 0.7628 0.5309
vn -0.4893 0.7650 0.4188
vn -0.7228 0.6446 0.2491
vn -0.8525 -0.0441 0.5209
vn -0.9024 -0.3090 0.3003
vn -0.4561 0.6821 0.5716
vn -0.3569 0.7110 0.6059
vn -0.7791 0.1292 0.6134
vn -0.3573 0.8260 0.4361
vn -0.1989 0.8512 0.4856
vn -0.2438 0.9487 0.2013
vn -0.2052 0.8664 0.4552
vn -0.6746 0.7275 0.1254
vn -0.8000 -0.3040 0.5173
vn -0.7931 -0.1075 0.5995
vn -0.7807 -0.1305 0.6112
vn -0.8959 0.4375 0.0771
vn -0.8740 0.4726 -0.1132
vn -0.7330 -0.3143 0.6033
vn -0.8802 -0.2022 0.4294
vn -0.7156 -0.4565 0.5286
vn -0.8625 -0.3360 0.3784
vn -0.8853 -0.4017 0.2341
vn -0.5342 -0.5742 0.6204
vn -0.7774 -0.0550 0.6266
vn -0.8929 -0.1893 0.4085
vn -0.6128 -0.6215 0.4881
vn -0.9260 -0.3713 0.0684
vn -0.7207 -0.5700 0.3946
vn -0.9354 -0.3192 -0.1523
vn -0.9199 -0.2677 0.2865
vn -0.2495 -0.5043 0.8267
vn -0.8554 -0.4466 0.2623
vn -0.4150 -0.4950 0.7634
vn 0.0755 -0.2975 0.9517
vn -0.1664 -0.5259 0.8341
vn 0.0383 -0.3913 0.9195
vn 0.0997 -0.2998 0.9488
vn 0.1252 -0.2012 0.9715
vn 0.1987 -0.1252 0.9720
vn -0.1796 0.3626 0.9145
vn 0.2939 0.3511 0.8890
vn -0.6506 0.1764 0.7387
vn -0.8747 0.3690 0.3144
vn -0.9389 -0.2069 -0.2751
vn -0.9364 0.3400 0.0867
vn -0.9052 0.3884 -0.1727
vn -0.7447 -0.4673 0.4765
vn -0.9721 -0.2032 -0.1170
vn -0.6376 -0.4383 0.6335
vn -0.9484 -0.2982 0.1076
vn -0.5225 -0.4646 0.7149
vn -0.5173 -0.5331 0.6695
vn -0.7991 -0.2238 0.5580
vn -0.4394 -0.0905 0.8937
vn -0.6503 -0.4406 0.6189
vn -0.6283 -0.4672 0.6221
vn -0.8252 -0.3873 0.4111
vn -0.1467 0.2644 0.9532
vn -0.2942 0.3996 0.8682
vn -0.9765 -0.2142 0.0219
vn -0.9299 0.0388 -0.3658
vn -0.8538 0.3100 0.4181
vn -0.8506 0.5025 0.1548
vn -0.8341 0.1859 -0.5193
vn -0.9362 0.0778 -0.3427
vn -0.9895 -0.1438 0.0135
vn -0.8510 -0.3438 0.3970
vn -0.8556 -0.2936 0.4264
vn -0.6653 -0.3932 0.6346
vn -0.5299 -0.4113 0.7417
vn -0.5562 -0.3979 0.7296
vn -0.2019 -0.0194 0.9792
vn -0.0353 -0.2085 0.9774
vn -0.4151 -0.4640 0.7825
vn -0.3080 -0.5845 0.7507
vn -0.4793 -0.5456 0.6875
vn -0.9760 -0.1135 0.1857
vn -0.2354 -0.4870 0.8411
vn -0.7736 -0.2764 0.5702
vn -0.3919 -0.5437 0.7422
vn -0.2854 -0.5094 0.8119
vn -0.1468 -0.4489 0.8814
vn 0.1154 -0.3485 0.9302
vn 0.0486 -0.3482 0.9362
vn -0.7004 0.5421 0.4643
vn -0.0638 -0.4727 0.8789
vn 0.2453 -0.3168 0.9162
vn 0.4682 -0.1915 0.8626
vn 0.2771 -0.2564 0.9260
vn 0.2013 -0.2693 0.9418
vn 0.4412 -0.1749 0.8802
vn 0.3090 -0.1973 0.9304
vn 0.5964 -0.1590 0.7868
vn 0.5996 -0.1349 0.7889
vn 0.6549 -0.0915 0.7501
vn 0.4045 -0.1753 0.8976
vn 0.3926 0.1386 0.9092
vn 0.3028 0.1154 0.9460
vn 0.2231 0.1058 0.9690
vn 0.5860 -0.1928 0.7871
vn 0.5274 -0.1000 0.8437
vn 0.1957 0.1586 0.9678
vn 0.6875 0.0232 0.7259
vn 0.4437 0.1178 0.8884
vn 0.5866 0.2188 0.7798
vn 0.7214 0.2259 0.6546
vn 0.7260 0.2680 0.6333
vn 0.7108 0.2795 0.6455
vn 0.6500 0.4494 0.6129
vn 0.7281 0.2241 0.6478
vn 0.6332 0.0652 0.7713
vn 0.7168 0.2505 0.6508
vn 0.6589 0.1913 0.7275
vn 0.5301 0.0210 0.8477
vn -0.0870 0.4793 0.8733
vn -0.0184 0.3842 0.9231
vn 0.0789 0.6424 0.7623
vn -0.4625 0.6509 0.6021
vn -0.2596 0.2798 0.9243
vn -0.1827 0.4169 0.8904
vn 0.4296 -0.0975 0.8978
vn -0.5606 0.5763 0.5947
vn 0.5354 -0.1108 0.8373
vn 0.5921 -0.2089 0.7783
vn 0.5534 0.3774 0.7425
vn 0.4246 0.5849 0.6911
vn 0.1226 0.7165 0.6867
vn 0.2166 0.7050 0.6753
vn 0.0343 0.9458 0.3229
vn -0.2760 0.9560 0.0998
vn -0.3518 0.8686 0.3489
vn 0.0801 0.5554 0.8277
vn -0.4414 0.8735 0.2052
vn -0.3483 0.8585 0.3764
vn -0.4514 0.8611 0.2341
vn -0.4047 0.8757 0.2634
vn -0.4743 0.8229 0.3129
vn -0.2640 0.7091 0.6538
vn -0.6937 0.6144 0.3759
vn -0.4124 0.4887 0.7689
vn -0.4730 0.3251 0.8189
vn -0.6345 0.7271 0.2621
vn -0.8541 0.4628 0.2371
vn -0.7477 0.6426 0.1672
vn -0.4813 0.8356 0.2648
vn -0.5181 0.8211 0.2394
vn -0.4140 0.8803 0.2318
vn -0.9238 0.3699 0.0985
vn -0.8140 0.5744 0.0863
vn -0.5943 0.7831 0.1833
vn -0.4651 0.8761 0.1269
vn -0.6898 0.7047 0.1663
vn -0.6354 0.7687 0.0734
vn -0.3332 0.9125 0.2373
vn -0.4580 0.8889 0.0103
vn -0.3027 0.9442 0.1297
vn -0.0976 0.5120 0.8534
vn -0.2682 0.6200 0.7373
vn -0.6739 0.7378 0.0382
vn -0.3280 0.2895 0.8992
vn -0.7560 0.6507 0.0705
vn -0.7867 0.6161 0.0386
vn -0.6769 0.4718 0.5650
vn -0.8371 0.5435 0.0622
vn -0.2805 0.2249 0.9331
vn -0.9098 0.4145 -0.0194
vn -0.8829 0.4691 0.0179
vn -0.8100 0.5773 0.1036
vn -0.8731 0.4829 0.0674
vn -0.9091 0.3512 -0.2240
vn -0.9462 0.2766 -0.1680
vn -0.8052 0.5658 -0.1777
vn -0.9630 0.2463 -0.1094
vn -0.9550 0.2658 -0.1313
vn -0.9356 0.3013 0.1843
vn -0.9374 0.3424 -0.0642
vn -0.8543 0.5170 0.0537
vn -0.5512 0.3937 0.7356
vn -0.5084 0.2603 0.8208
vn -0.1411 0.2552 0.9565
vn 0.3524 0.0924 0.9313
vn 0.1169 -0.2528 0.9604
vn 0.1431 0.0441 0.9887
vn -0.1519 -0.1607 0.9752
vn -0.3729 -0.5471 0.7494
vn 0.0687 0.1855 0.9802
vn -0.2092 0.0512 0.9765
vn -0.2542 -0.2643 0.9303
vn 0.1096 -0.2433 0.9637
vn 0.0475 -0.0609 0.9970
vn -0.2816 0.2863 0.9158
vn 0.0742 -0.2681 0.9605
vn -0.2889 0.1260 0.9490
vn -0.2067 -0.1403 0.9683
vn -0.4800 0.6267 0.6139
vn -0.2619 0.7143 0.6490
vn -0.1774 0.7355 0.6538
vn -0.1576 -0.3658 0.9172
vn -0.5779 0.3154 0.7527
vn -0.7537 0.6545 -0.0590
vn -0.5875 0.7846 0.1982
vn -0.3003 0.8905 0.3418
vn -0.3812 0.8691 0.3153
vn -0.5317 0.8454 -0.0510
vn -0.8740 -0.2178 0.4343
vn -0.8612 0.4058 -0.3059
vn -0.3519 0.6960 -0.6259
vn -0.4427 0.8211 -0.3603
vn -0.3122 0.6931 -0.6497
vn -0.2548 0.7040 -0.6629
vn -0.3478 0.7473 -0.5662
vn -0.3350 0.7878 -0.5169
vn -0.2251 0.7445 -0.6286
vn -0.1845 0.8212 -0.5399
vn -0.1963 0.8370 -0.5107
vn -0.3490 0.7310 -0.5864
vn -0.3545 0.7290 -0.5856
vn -0.3289 0.8243 -0.4608
vn -0.2025 0.8744 -0.4409
vn -0.2418 0.8575 -0.4541
vn -0.2982 0.8808 -0.3677
vn -0.3547 0.9330 -0.0601
vn -0.3563 0.8384 -0.4125
vn -0.2193 0.8735 -0.4347
vn -0.2466 0.8475 -0.4700
vn -0.1790 0.8854 -0.4289
vn -0.3424 0.7358 -0.5843
vn -0.4867 0.7634 -0.4247
vn -0.4014 0.6811 -0.6124
vn -0.4161 0.7303 -0.5417
vn -0.3670 0.7733 -0.5170
vn -0.5803 0.7368 -0.3469
vn -0.4069 0.8204 -0.4017
vn -0.6034 0.6881 -0.4030
vn -0.6583 0.6900 -0.3010
vn -0.7850 0.5425 -0.2991
vn -0.6485 0.6815 -0.3390
vn -0.7640 0.5864 -0.2691
vn -0.8426 0.3968 0.3642
vn -0.8711 0.3025 0.3868
vn -0.7975 0.4890 0.3533
vn -0.6864 0.6932 -0.2199
vn -0.8468 0.4401 0.2988
vn -0.7670 0.5948 -0.2408
vn -0.6317 0.7250 -0.2746
vn -0.7432 0.5911 -0.3134
vn -0.8671 0.3948 -0.3038
vn -0.9360 0.1076 -0.3352
vn -0.9122 0.2568 0.3193
vn -0.9161 -0.2328 -0.3265
vn -0.9527 0.0487 0.2999
vn 0.8046 -0.4069 0.4324
vn 0.0539 -0.6300 0.7747
vn 0.3209 -0.9091 0.2655
vn -0.5785 -0.6204 0.5296
vn -0.4075 -0.9132 0.0004
vn 0.7774 -0.4082 0.4785
vn 0.3084 -0.8839 0.3516
vn 0.7352 -0.3656 0.5708
vn 0.2352 -0.8373 0.4936
vn -0.3692 -0.9283 -0.0433
vn -0.5942 -0.8004 0.0800
vn -0.3324 -0.8171 0.4711
vn 0.5865 -0.4720 0.6582
vn 0.7840 -0.1736 0.5961
vn 0.4564 -0.4980 0.7374
vn 0.4580 -0.5710 0.6814
vn 0.3712 -0.5888 0.7180
vn 0.3606 -0.6506 0.6683
vn 0.1823 -0.5899 0.7866
vn 0.3215 -0.6175 0.7178
vn 0.5858 -0.4091 0.6997
vn -0.0227 -0.5357 0.8441
vn 0.4567 -0.4345 0.7763
vn 0.1036 -0.6722 0.7331
vn -0.2709 -0.6925 0.6687
vn -0.5090 -0.6122 0.6050
vn -0.6345 -0.3594 0.6843
vn -0.0160 -0.4800 0.8771
vn -0.7603 -0.3170 0.5670
vn -0.1874 -0.3667 0.9113
vn 0.1120 -0.3246 0.9392
vn 0.6814 -0.2970 0.6689
vn 0.0970 -0.3242 0.9410
vn 0.6586 -0.2044 0.7242
vn -0.5005 -0.3437 0.7946
vn -0.3330 -0.6033 0.7247
vn -0.7408 -0.3834 0.5516
vn 0.2128 -0.4723 0.8554
vn -0.6181 -0.7279 0.2969
vn -0.9827 -0.1358 -0.1261
vn -0.9816 0.0337 -0.1881
vn -0.8376 -0.4826 0.2559
vn -0.9815 0.0278 -0.1892
vn -0.9813 -0.0054 -0.1925
vn -0.9762 -0.0467 -0.2118
vn -0.9691 0.0737 -0.2352
vn -0.8146 -0.5799 0.0138
vn -0.8658 -0.4657 0.1832
vn -0.8611 -0.4928 0.1255
vn -0.8847 0.1866 0.4272
vn -0.7287 -0.1687 0.6638
vn -0.0731 -0.9550 0.2874
vn -0.0584 -0.9658 0.2527
vn -0.1732 -0.5801 0.7959
vn 0.4809 -0.3564 0.8011
vn 0.9595 -0.2817 -0.0087
vn 0.7703 -0.1269 0.6249
vn 0.9697 -0.2403 -0.0433
vn 0.7038 -0.6707 0.2342
vn 0.7366 -0.6243 0.2600
vn 0.9682 -0.2354 -0.0845
vn -0.0502 -0.9580 0.2822
vn 0.7221 -0.6520 0.2314
vn 0.9709 -0.1812 -0.1567
vn 0.7699 -0.5947 0.2314
vn -0.0482 -0.9348 0.3518
vn 0.9739 -0.2118 -0.0818
vn 0.7442 -0.6211 0.2458
vn -0.8880 -0.3776 0.2624
vn -0.0307 -0.9203 0.3899
vn -0.8486 -0.5061 0.1541
vn -0.9902 0.0739 -0.1184
vn -0.9746 0.0559 -0.2167
vn -0.9491 -0.2915 0.1188
vn -0.9987 0.0347 -0.0362
vn -0.8686 -0.4352 0.2370
vn -0.9974 -0.0719 -0.0087
vn -0.8725 -0.4182 0.2528
vn -0.9481 -0.3085 0.0770
vn -0.7564 -0.6139 0.2257
vn -0.0585 -0.9042 0.4231
vn -0.0387 -0.9478 0.3164
vn -0.5896 -0.7879 0.1779
vn 0.0059 -0.9628 0.2700
vn 0.5019 -0.8475 0.1729
vn 0.6585 -0.7044 0.2651
vn 0.7719 -0.5502 0.3185
vn 0.9665 -0.2373 0.0978
vn 0.9543 -0.2777 0.1105
vn 0.5256 -0.5235 0.6706
vn 0.3924 -0.7039 0.5921
vn 0.8172 -0.5746 0.0447
vn 0.6814 -0.5620 0.4690
vn 0.1560 -0.4925 0.8562
vn 0.0126 -0.5190 0.8547
vn 0.0414 -0.5818 0.8123
vn -0.0508 -0.3598 0.9317
vn -0.0691 -0.6917 0.7189
vn -0.3285 -0.4466 0.8322
vn -0.4364 -0.3565 0.8261
vn -0.0081 -0.4582 0.8888
vn 0.3137 -0.7423 0.5921
vn -0.3768 -0.3386 0.8622
vn 0.3728 -0.5404 0.7544
vn -0.0560 -0.5912 0.8046
vn 0.4685 -0.8575 0.2127
vn 0.5454 -0.5755 0.6093
vn 0.8982 -0.4381 -0.0371
vn 0.6550 -0.6863 0.3162
vn 0.9646 -0.2638 -0.0011
vn 0.5066 -0.8612 0.0419
vn 0.5959 -0.7964 0.1034
vn 0.9698 -0.2435 -0.0116
vn 0.4001 -0.3738 0.8368
vn 0.4735 -0.8625 0.1785
vn 0.1691 -0.5502 0.8177
vn 0.8936 -0.2519 0.3716
vn 0.6722 -0.7000 0.2411
vn 0.4694 -0.6251 0.6236
vn 0.6473 -0.7464 0.1543
vn 0.6494 -0.6475 0.3987
vn 0.2674 -0.4976 0.8252
vn 0.6165 -0.6854 0.3875
vn 0.7211 -0.4996 0.4801
vn 0.7855 -0.4570 0.4174
vn 0.2281 -0.0909 0.9694
vn 0.8642 -0.3187 0.3894
vn -0.0383 0.2904 0.9561
vn 0.2811 0.2089 0.9366
vn 0.8969 -0.2085 0.3899
vn 0.7027 0.1946 0.6844
vn 0.5317 0.3363 0.7773
vn 0.9307 -0.0573 0.3614
vn 0.9460 0.1889 0.2635
vn 0.9166 0.3721 0.1460
vn 0.8424 0.4074 0.3527
vn 0.9184 -0.0621 0.3908
vn 0.9526 0.1736 0.2499
vn 0.9015 0.4156 0.1202
vn 0.9825 0.1858 0.0129
vn 0.9245 0.3772 0.0555
vn 0.9140 -0.0177 0.4054
vn 0.9807 0.0839 0.1766
vn 0.9302 0.2471 0.2715
vn 0.9011 0.0868 0.4249
vn 0.6137 0.5262 0.5886
vn 0.2948 0.5833 0.7568
vn 0.7494 0.3346 0.5713
vn -0.3548 0.4661 0.8105
vn -0.4846 0.3863 0.7848
vn -0.3828 0.5325 0.7549
vn 0.0081 0.6331 0.7740
vn 0.4125 0.3544 0.8392
vn 0.7503 0.0641 0.6580
vn 0.8198 -0.0527 0.5703
vn 0.4452 0.0099 0.8954
vn 0.6431 -0.2055 0.7377
vn 0.8525 -0.1439 0.5026
vn 0.7347 -0.2475 0.6316
vn 0.8724 -0.1935 0.4489
vn 0.7955 -0.2723 0.5413
vn 0.8320 -0.2992 0.4672
vn 0.6627 -0.5061 0.5519
vn 0.6053 -0.5342 0.5901
vn 0.4608 -0.7084 0.5346
vn 0.1318 -0.6066 0.7840
vn 0.4676 -0.7864 0.4036
vn 0.5338 -0.5249 0.6629
vn -0.1422 -0.4697 0.8713
vn 0.1788 -0.2390 0.9544
vn -0.3614 -0.2710 0.8922
vn -0.5521 -0.3796 0.7423
vn -0.5111 -0.0861 0.8552
vn -0.3209 0.2803 0.9047
vn -0.5982 -0.4198 0.6826
vn -0.6242 -0.0174 0.7811
vn -0.6322 0.3988 0.6643
vn -0.1626 -0.2990 0.9403
vn -0.1299 -0.1040 0.9861
vn -0.1145 0.1623 0.9801
vn -0.6370 0.5619 0.5276
vn -0.2404 0.4849 0.8409
vn -0.3912 0.6027 0.6955
vn -0.5797 0.6362 0.5092
vn -0.0297 0.2334 0.9719
vn 0.0768 0.2735 0.9588
vn -0.5367 0.6829 0.4956
vn -0.5327 0.6344 0.5601
vn 0.1897 0.1006 0.9767
vn 0.4934 -0.3761 0.7843
vn -0.4800 0.5856 0.6532
vn 0.0109 0.2129 0.9770
vn -0.4484 0.4745 0.7575
vn 0.2166 0.1711 0.9611
vn -0.3521 0.5522 0.7557
vn -0.2705 0.6825 0.6790
vn -0.2972 0.6071 0.7369
vn -0.4423 0.4356 0.7840
vn -0.2906 0.7561 0.5864
vn -0.1901 0.7344 0.6515
vn 0.3359 0.1925 0.9220
vn -0.3044 0.6063 0.7347
vn -0.1449 0.7694 0.6221
vn -0.1023 0.8324 0.5446
vn -0.0455 0.8616 0.5056
vn -0.2297 0.8021 0.5513
vn -0.3084 0.8290 0.4664
vn -0.4548 0.6302 0.6293
vn -0.1599 0.9041 0.3962
vn -0.2380 0.9298 0.2809
vn 0.1139 0.9806 0.1593
vn 0.0548 0.9976 0.0420
vn 0.1828 0.9397 0.2889
vn 0.3399 0.9380 -0.0675
vn 0.3293 0.9330 -0.1452
vn 0.2484 0.9685 -0.0182
vn -0.0311 0.9485 0.3151
vn 0.0061 0.9995 0.0325
vn -0.2527 0.8895 0.3808
vn -0.1508 0.9783 0.1421
vn 0.1889 0.5263 0.8291
vn 0.1981 0.6942 0.6920
vn 0.0971 0.4094 0.9072
vn 0.0570 0.9825 -0.1775
vn 0.2529 0.8687 -0.4259
vn 0.1537 0.9561 -0.2495
vn 0.2659 0.8277 -0.4942
vn 0.2598 0.9093 -0.3251
vn 0.3348 0.7646 -0.5508
vn 0.2416 0.8115 -0.5321
vn 0.3539 0.7588 -0.5468
vn 0.3502 0.7471 -0.5650
vn 0.3474 0.7505 -0.5622
vn 0.2680 0.7616 -0.5900
vn 0.2187 0.7781 -0.5889
vn 0.1411 0.7306 -0.6681
vn 0.2927 0.7504 -0.5926
vn 0.1313 0.7515 -0.6465
vn 0.2556 0.7252 -0.6394
vn 0.3067 0.7156 -0.6275
vn 0.3091 0.8516 -0.4234
vn 0.4146 0.8250 -0.3840
vn 0.3974 0.9104 -0.1149
vn 0.0984 0.9875 0.1234
vn 0.5530 0.8203 0.1457
vn 0.7834 0.6132 -0.1012
vn 0.3003 0.9366 0.1807
vn -0.1618 0.9258 0.3418
vn 0.0022 0.8818 0.4717
vn 0.4876 0.6491 0.5839
vn 0.2363 0.7655 0.5985
vn 0.3839 0.1021 0.9177
vn 0.2959 -0.1819 0.9377
vn 0.5940 0.3197 0.7382
vn 0.2739 -0.3960 0.8764
vn 0.8335 -0.0871 0.5456
vn 0.6476 -0.5421 0.5354
vn 0.2865 -0.5387 0.7923
vn 0.1006 -0.4344 0.8951
vn 0.7810 -0.4425 0.4407
vn 0.9200 -0.3650 0.1427
vn 0.8743 -0.2576 0.4113
vn 0.7054 -0.5844 0.4010
vn 0.4153 -0.5124 0.7516
vn 0.8236 -0.5049 0.2586
vn 0.9493 -0.3042 -0.0792
vn 0.9336 -0.1349 0.3321
vn 0.9676 -0.1581 0.1969
vn 0.9333 -0.2162 -0.2868
vn 0.6365 -0.2640 0.7247
vn 0.9860 -0.1664 -0.0030
vn 0.6353 -0.3040 0.7099
vn 0.7324 -0.3372 0.5915
vn 0.6204 -0.2756 0.7343
vn 0.5752 -0.3312 0.7479
vn 0.5870 -0.3863 0.7115
vn 0.7053 -0.3069 0.6390
vn 0.7017 -0.3499 0.6206
vn 0.7325 -0.2577 0.6301
vn 0.7474 -0.2281 0.6240
vn 0.6425 -0.2724 0.7163
vn 0.7007 -0.2199 0.6788
vn 0.6400 -0.2519 0.7259
vn 0.6711 -0.2849 0.6844
vn 0.7633 -0.2136 0.6097
vn 0.8055 -0.1631 0.5697
vn 0.6823 -0.2784 0.6759
vn 0.7163 -0.3117 0.6244
vn 0.5257 -0.3885 0.7568
vn 0.8613 -0.1846 0.4734
vn 0.8812 -0.1352 0.4530
vn 0.9212 -0.2829 0.2670
vn 0.9001 -0.1769 0.3982
vn 0.7857 -0.3006 0.5406
vn 0.9091 -0.2695 0.3176
vn 0.8155 -0.2907 0.5004
vn 0.8169 -0.1643 0.5529
vn 0.8191 -0.1516 0.5532
vn 0.8901 0.4442 -0.1018
vn 0.8830 0.4676 0.0417
vn 0.6664 0.7399 0.0922
vn 0.8006 0.1463 0.5811
vn 0.8672 -0.0218 0.4975
vn 0.3538 0.7269 0.5886
vn 0.4701 0.6890 0.5516
vn 0.2004 0.9672 0.1559
vn 0.1452 0.8018 -0.5797
vn 0.1373 0.8488 -0.5105
vn 0.2607 0.7954 -0.5471
vn 0.1381 0.8143 -0.5638
vn 0.1791 0.8384 -0.5148
vn 0.2716 0.8239 -0.4975
vn 0.2665 0.8682 -0.4186
vn 0.3373 0.7601 -0.5554
vn 0.1888 0.8659 -0.4632
vn 0.3606 0.7520 -0.5518
vn 0.3444 0.8015 -0.4889
vn 0.3956 0.8263 -0.4009
vn 0.1976 0.8875 -0.4164
vn 0.6233 0.6357 -0.4555
vn 0.5165 0.7119 -0.4758
vn 0.2246 0.8203 -0.5260
vn 0.3787 0.7051 -0.5995
vn 0.3320 0.8002 -0.4994
vn 0.2877 0.9420 -0.1730
vn 0.1855 0.9051 0.3826
vn 0.1884 0.8678 0.4598
vn 0.3670 0.8261 0.4276
vn 0.8629 0.1623 0.4785
vn 0.4212 0.7217 0.5493
vn 0.7109 0.2210 0.6676
vn 0.7393 0.6433 0.1992
vn 0.5020 0.7652 0.4030
vn 0.6189 -0.2920 0.7291
vn 0.6784 -0.2656 0.6850
vn 0.8512 -0.0884 0.5173
vn 0.9099 -0.0148 0.4145
vn 0.7347 -0.2530 0.6295
vn 0.9827 0.1539 0.1031
vn 0.9682 0.0514 0.2447
vn 0.9247 -0.0553 0.3766
vn 0.8748 -0.1521 0.4600
vn 0.8569 -0.1731 0.4855
vn 0.8764 -0.1827 0.4456
vn 0.9830 0.0331 0.1808
vn 0.9954 0.0568 0.0773
vn 0.9507 0.2589 -0.1706
vn 0.9196 0.2953 -0.2591
vn 0.8884 0.3489 -0.2985
vn 0.8486 0.3918 -0.3555
vn 0.9981 0.0610 0.0099
vn 0.8196 0.3640 -0.4424
vn 0.9039 0.2718 -0.3303
vn 0.7725 0.3317 -0.5415
vn 0.8953 0.2137 -0.3908
vn 0.8863 0.2176 -0.4089
vn 0.9998 0.0055 -0.0199
vn 0.9987 -0.0387 -0.0330
vn 0.8934 -0.2170 0.3934
vn 0.8900 -0.2790 0.3607
vn 0.7233 -0.3982 0.5642
vn 0.8889 -0.1907 0.4166
vn 0.6194 -0.4517 0.6422
vn 0.2149 0.2868 0.9336
vn 0.4318 0.3937 0.8115
vn 0.4163 -0.0582 0.9074
vn 0.8101 -0.5348 0.2402
vn 0.8580 -0.3225 0.3998
vn 0.9678 -0.0286 -0.2503
vn 0.9769 -0.0410 -0.2098
vn 0.9046 -0.0773 -0.4191
vn 0.8472 0.4959 0.1906
vn 0.8351 0.5387 -0.1112
vn 0.9302 -0.3554 0.0918
vn 0.5979 -0.4593 0.6570
vn 0.7337 0.1528 0.6621
vn 0.2500 0.3942 0.8844
vn 0.0029 0.5060 0.8625
vn 0.0929 -0.3652 0.9263
vn 0.0814 -0.3631 0.9282
vn -0.0463 -0.2057 0.9775
vn 0.0199 -0.2647 0.9641
vn 0.0697 -0.3507 0.9339
vn 0.0305 -0.3278 0.9443
vn 0.0675 -0.1136 0.9912
vn 0.3588 -0.2996 0.8840
vn 0.3463 0.2668 0.8994
vn 0.3068 -0.0043 0.9518
vn 0.1079 0.5794 0.8079
vn 0.1086 0.7698 0.6290
vn 0.0038 0.4060 0.9139
vn 0.2437 -0.2285 0.9426
vn -0.0402 0.1743 0.9839
vn -0.2692 0.5666 0.7788
vn -0.1929 0.7397 0.6447
vn 0.0046 0.8033 0.5955
vn -0.0266 0.8712 0.4903
vn -0.1164 0.7149 0.6894
vn 0.8508 0.5224 -0.0573
vn 0.8082 0.5121 0.2909
vn 0.0287 0.6568 0.7535
vn 0.1829 0.8594 0.4774
vn -0.1898 0.5791 0.7929
vn 0.7231 0.4998 0.4768
vn -0.0456 0.7606 0.6476
vn 0.6090 0.6385 0.4705
vn 0.8855 0.4624 -0.0456
vn 0.9574 0.2853 -0.0451
vn 0.9527 0.2832 0.1102
vn 0.9644 0.2633 0.0260
vn 0.9600 0.2358 -0.1509
vn 0.9790 0.1411 -0.1470
vn 0.9706 0.2243 -0.0868
vn 0.9448 0.3263 0.0281
vn 0.9519 0.2741 0.1366
vn 0.9428 0.3032 0.1385
vn 0.5478 0.2931 0.7836
vn 0.3711 0.2170 0.9029
vn 0.9692 0.2267 0.0959
vn 0.7029 0.1230 0.7005
vn 0.1803 0.2297 0.9564
vn -0.0725 0.3283 0.9418
vn 0.5983 0.4675 0.6507
vn -0.1394 0.0159 0.9901
vn -0.0575 -0.3230 0.9447
vn 0.4856 -0.5950 0.6405
vn 0.1562 -0.5383 0.8282
vn 0.4375 -0.5589 0.7044
vn 0.5235 -0.5817 0.6225
vn 0.6112 -0.5888 0.5290
vn 0.2568 -0.5198 0.8148
vn 0.5846 -0.4863 0.6494
vn 0.9480 -0.2508 0.1958
vn 0.3293 -0.5631 0.7579
vn 0.9710 -0.0416 0.2353
vn 0.7964 0.2177 0.5642
vn 0.6423 0.0207 0.7662
vn 0.2031 -0.2727 0.9404
vn 0.0514 0.6729 0.7380
vn -0.5660 0.5499 0.6142
vn -0.5622 0.4069 0.7200
vn -0.5816 0.3835 0.7174
vn -0.5744 0.6469 0.5015
vn -0.4469 0.4023 0.7990
vn -0.5064 0.4538 0.7332
vn -0.5205 0.5543 0.6496
vn -0.5159 0.5953 0.6160
vn -0.2853 0.7969 0.5324
vn 0.7043 0.4485 0.5503
vn 0.8014 0.5703 0.1804
vn 0.7643 0.3187 -0.5606
vn 0.7775 0.6286 0.0213
vn 0.8650 0.4114 -0.2872
vn -0.4106 -0.2301 0.8823
vn -0.6317 -0.2639 0.7289
vn -0.7097 -0.0483 0.7028
vn -0.5286 -0.3293 0.7824
vn -0.1715 -0.0436 0.9842
vn -0.4463 -0.0816 0.8911
vn -0.1054 -0.2309 0.9672
vn -0.7001 -0.0156 0.7139
vn -0.6072 -0.3080 0.7324
vn -0.2381 -0.8343 0.4972
vn -0.2733 -0.8423 0.4646
vn -0.7721 0.0096 0.6355
vn -0.6738 -0.3374 0.6574
vn -0.2142 -0.7935 0.5696
vn -0.6809 -0.2857 0.6744
vn -0.7075 -0.1131 0.6976
vn -0.5257 -0.4091 0.7458
vn -0.3964 -0.4627 0.7929
vn -0.3950 -0.5414 0.7421
vn -0.2979 -0.5064 0.8092
vn -0.3398 -0.5945 0.7287
vn -0.3353 -0.4899 0.8047
vn -0.3975 -0.4391 0.8057
vn -0.1673 -0.6168 0.7691
vn 0.1265 -0.7631 0.6338
vn 0.0948 -0.8569 0.5066
vn 0.1947 -0.8665 0.4597
vn 0.4688 -0.7222 0.5086
vn 0.0868 -0.6524 0.7529
vn 0.6209 -0.6328 0.4628
vn 0.0227 -0.8313 0.5554
vn 0.0653 -0.9111 0.4070
vn 0.0154 -0.8975 0.4407
vn -0.1642 -0.8489 0.5024
vn 0.0490 -0.8321 0.5525
vn -0.0801 -0.7344 0.6740
vn -0.5317 -0.6813 0.5031
vn 0.2413 -0.7633 0.5993
vn 0.0249 -0.8061 0.5913
vn 0.3853 -0.7813 0.4911
vn 0.3349 -0.9330 0.1321
vn 0.5504 -0.6579 0.5139
vn 0.5490 -0.7959 0.2553
vn 0.0883 -0.8896 0.4481
vn -0.4154 -0.6834 0.6003
vn -0.4600 -0.7894 0.4064
vn -0.3901 -0.8638 0.3190
vn -0.5686 -0.6731 0.4729
vn -0.5007 -0.6131 0.6110
vn -0.2280 -0.8461 0.4819
vn -0.2605 -0.6188 0.7411
vn -0.2206 -0.9046 0.3647
vn -0.6177 -0.7063 0.3457
vn -0.3031 -0.9000 0.3134
vn -0.2962 -0.9020 0.3141
vn -0.6095 -0.7599 0.2262
vn -0.3339 -0.9333 0.1323
vn -0.5675 -0.7914 0.2274
vn -0.2285 -0.9420 0.2458
vn -0.2021 -0.9545 0.2195
vn -0.3252 -0.9454 -0.0199
vn -0.5960 -0.7798 0.1915
vn -0.0389 -0.9932 0.1102
vn -0.3609 -0.9319 0.0361
vn -0.0335 -0.9798 0.1972
vn 0.3512 -0.9356 0.0356
vn -0.0425 -0.9989 0.0177
vn 0.1581 -0.9783 0.1341
vn 0.2932 -0.9479 0.1248
vn 0.0045 -0.9770 0.2130
vn 0.0442 -0.9707 0.2363
vn 0.3030 -0.9456 0.1184
vn 0.6781 -0.7349 0.0069
vn 0.6171 -0.7843 0.0640
vn 0.5865 -0.7844 0.2017
vn 0.1576 -0.9535 0.2570
vn 0.1630 -0.9226 0.3497
vn 0.1859 -0.8131 0.5516
vn 0.2703 -0.7657 0.5836
vn -0.1571 -0.6981 0.6986
vn -0.2483 -0.6702 0.6994
vn -0.5929 -0.5800 0.5586
vn -0.3743 -0.7694 0.5176
vn -0.5122 -0.5033 0.6959
vn -0.4515 -0.5294 0.7182
vn -0.1592 -0.7701 0.6177
vn 0.2982 -0.6885 0.6611
vn -0.6280 -0.6207 0.4694
vn -0.6805 -0.6809 0.2708
vn -0.9024 -0.4072 -0.1411
vn -0.8562 -0.5152 -0.0392
vn -0.8897 -0.3607 -0.2800
vn -0.7634 -0.5305 -0.3684
vn -0.9107 -0.1635 -0.3794
vn -0.8726 -0.1175 -0.4741
vn -0.8878 -0.1728 -0.4266
vn -0.8507 -0.2005 -0.4859
vn -0.7418 -0.5492 -0.3849
vn -0.9177 -0.0929 -0.3863
vn -0.8219 -0.3473 -0.4515
vn -0.8445 -0.2600 -0.4683
vn -0.6995 -0.6472 -0.3031
vn -0.9100 -0.2328 -0.3430
vn -0.8121 -0.4905 -0.3161
vn -0.5651 -0.7953 -0.2195
vn -0.2495 -0.9684 -0.0041
vn -0.4365 -0.8965 -0.0753
vn -0.5612 -0.8213 -0.1025
vn -0.8249 -0.5225 -0.2157
vn -0.9375 -0.2293 -0.2618
vn -0.6804 -0.4329 0.5913
vn -0.8586 -0.1923 0.4753
vn -0.8801 -0.4048 -0.2482
vn -0.9087 0.0630 0.4126
vn -0.9643 -0.0264 -0.2635
vn -0.9132 -0.2507 0.3214
vn -0.9403 0.0044 0.3403
vn -0.2414 -0.9660 -0.0924
vn -0.7289 -0.6243 0.2810
vn -0.5215 -0.7858 -0.3325
vn -0.8329 -0.4604 0.3070
vn -0.6660 -0.6779 -0.3112
vn -0.3700 -0.8879 -0.2733
vn -0.4424 -0.8563 -0.2667
vn -0.8755 -0.3720 0.3085
vn -0.8072 -0.5054 -0.3048
vn -0.6335 -0.7535 -0.1757
vn -0.6180 -0.7861 0.0105
vn -0.8480 -0.4879 -0.2069
vn -0.8795 -0.4750 -0.0287
vn -0.3703 -0.9235 -0.0998
vn -0.4862 -0.8664 0.1141
vn -0.1537 -0.9802 -0.1250
vn -0.7838 -0.6193 0.0462
vn -0.4907 -0.8698 0.0523
vn -0.1755 -0.9804 0.0898
vn -0.0256 -0.9878 -0.1537
vn -0.5636 -0.7783 0.2767
vn -0.6047 -0.7519 0.2627
vn -0.7560 -0.6434 -0.1204
vn -0.8032 -0.5600 0.2034
vn -0.9321 -0.3616 -0.0220
vn -0.9049 -0.0224 0.4251
vn -0.9679 0.0638 0.2430
vn -0.9994 -0.0341 -0.0016
vn -0.9378 -0.1233 -0.3245
vn -0.9515 0.0073 -0.3076
vn -0.7735 -0.5770 -0.2623
vn -0.9305 -0.1188 -0.3466
vn -0.9335 0.0579 -0.3539
vn -0.8629 -0.4862 -0.1379
vn -0.7933 -0.5342 -0.2919
vn -0.6355 -0.7473 -0.1938
vn -0.7662 -0.6009 -0.2280
vn -0.9460 -0.2914 -0.1423
vn -0.9880 -0.0758 -0.1349
vn -0.9177 -0.2615 -0.2991
vn -0.9863 0.0451 -0.1588
vn -0.9374 0.1465 -0.3158
vn -0.8258 0.5047 -0.2518
vn -0.7882 0.5427 -0.2901
vn -0.9219 0.3278 -0.2067
vn -0.7306 0.6467 -0.2192
vn -0.6046 0.7627 -0.2296
vn -0.6335 0.7358 -0.2392
vn -0.6808 0.6809 -0.2698
vn -0.6890 0.6947 -0.2065
vn -0.6845 0.6783 -0.2670
vn -0.8970 0.3824 -0.2218
vn -0.9565 0.1810 -0.2289
vn -0.9508 0.2402 -0.1955
vn -0.9612 -0.2488 -0.1193
vn -0.9701 -0.1331 -0.2029
vn -0.9942 -0.0930 -0.0543
vn -0.8437 0.4903 -0.2187
vn -0.7633 0.6159 -0.1947
vn -0.8263 0.4507 -0.3379
vn -0.8835 0.3678 -0.2899
vn -0.8868 0.2605 -0.3817
vn -0.8189 0.4733 -0.3247
vn -0.6296 0.5675 -0.5306
vn -0.6921 0.5364 -0.4830
vn -0.4882 0.6611 -0.5698
vn -0.3940 0.6644 -0.6351
vn -0.6050 0.4310 -0.6695
vn -0.7766 0.4007 -0.4862
vn -0.8966 0.2743 -0.3477
vn -0.6207 0.5934 -0.5125
vn -0.9301 0.1579 -0.3315
vn -0.8550 0.2748 -0.4398
vn -0.9235 -0.1599 -0.3485
vn -0.9487 -0.0069 -0.3161
vn -0.9198 0.2556 -0.2977
vn -0.8413 0.4915 -0.2252
vn -0.8889 -0.3454 -0.3009
vn -0.8453 -0.4811 -0.2322
vn -0.7386 -0.6657 -0.1059
vn -0.9213 -0.0363 -0.3871
vn -0.9130 -0.3160 -0.2581
vn -0.6596 -0.7390 -0.1372
vn -0.7357 -0.6535 -0.1781
vn -0.9221 0.0713 -0.3803
vn -0.9261 -0.2110 -0.3128
vn -0.7811 -0.5866 -0.2137
vn -0.8524 -0.4991 -0.1556
vn -0.8522 -0.4733 -0.2229
vn -0.8776 -0.4340 -0.2034
vn -0.8070 -0.5784 -0.1194
vn -0.9241 -0.3188 -0.2108
vn -0.9335 -0.3448 -0.0983
vn -0.9194 -0.3912 -0.0400
vn -0.7843 -0.5967 -0.1698
vn -0.8587 -0.3970 -0.3240
vn -0.9484 -0.2545 -0.1890
vn -0.9401 -0.3151 -0.1298
vn -0.9354 -0.2957 -0.1939
vn -0.9492 -0.2936 -0.1132
vn -0.9492 -0.1831 -0.2559
vn -0.9150 -0.0091 -0.4034
vn -0.8721 0.1654 -0.4605
vn -0.8938 -0.0213 -0.4479
vn -0.9066 -0.1810 -0.3811
vn -0.9188 -0.0491 -0.3917
vn -0.9182 -0.2322 -0.3208
vn -0.9327 -0.1955 -0.3029
vn -0.9303 -0.1856 -0.3165
vn -0.9219 -0.2610 -0.2863
vn -0.9185 -0.2224 -0.3271
vn -0.8506 -0.3789 -0.3646
vn -0.8369 -0.3815 -0.3924
vn -0.7376 -0.5339 -0.4135
vn -0.8596 -0.4131 -0.3008
vn -0.7727 -0.5167 -0.3688
vn -0.6479 -0.6198 -0.4428
vn -0.6678 -0.6154 -0.4187
vn -0.7162 -0.5531 -0.4257
vn -0.6334 -0.6991 -0.3316
vn -0.5758 -0.6973 -0.4269
vn -0.6551 -0.6619 -0.3642
vn -0.7166 -0.5950 -0.3640
vn -0.8077 -0.4356 -0.3973
vn -0.7380 -0.5413 -0.4029
vn -0.8552 -0.3851 -0.3470
vn -0.8687 -0.4232 -0.2574
vn -0.7888 -0.4819 -0.3816
vn -0.7943 -0.5482 -0.2617
vn -0.7905 -0.5705 -0.2226
vn -0.8043 -0.5502 -0.2244
vn -0.8550 -0.5175 0.0333
vn -0.8334 -0.5328 0.1466
vn -0.8447 -0.5352 -0.0009
vn -0.8612 -0.5057 -0.0503
vn -0.8337 -0.5130 -0.2042
vn -0.9194 -0.3471 -0.1848
vn -0.8266 -0.4477 -0.3412
vn -0.8804 -0.3596 -0.3093
vn -0.9481 -0.3165 0.0293
vn -0.8587 -0.5055 0.0847
vn -0.9045 -0.4033 0.1385
vn -0.9195 -0.3720 0.1271
vn -0.9733 -0.2009 -0.1108
vn -0.9541 -0.1797 0.2396
vn -0.8748 -0.2515 0.4142
vn -0.8874 -0.4563 0.0651
vn -0.9762 -0.1543 0.1523
vn -0.8059 -0.0156 0.5919
vn -0.9610 -0.2710 -0.0556
vn -0.9961 -0.0517 -0.0717
vn -0.9788 0.2016 -0.0359
vn -0.9078 0.2027 0.3670
vn -0.8759 0.4462 0.1838
vn -0.8320 -0.3237 0.4505
vn -0.6466 0.1622 0.7453
vn -0.6704 0.4178 0.6132
vn -0.5367 -0.1751 0.8254
vn -0.3788 0.2401 0.8938
vn -0.0444 0.0774 0.9960
vn -0.8261 -0.4401 0.3519
vn -0.5665 -0.2743 0.7771
vn 0.3501 0.2936 0.8895
vn -0.0729 0.0589 0.9956
vn -0.1454 0.3119 0.9389
vn 0.4404 0.4165 0.7953
vn 0.4202 0.4811 0.7694
vn 0.0562 0.4680 0.8819
vn 0.2413 0.5389 0.8071
vn 0.5730 0.5515 0.6062
vn -0.0489 0.5927 0.8039
vn 0.1072 0.5432 0.8327
vn -0.2419 0.5235 0.8170
vn -0.3463 0.6658 0.6609
vn -0.3147 0.6805 0.6617
vn -0.3130 0.5938 0.7413
vn -0.4717 0.7464 0.4695
vn -0.5467 0.6790 0.4900
vn -0.4395 0.5065 0.7418
vn -0.5896 0.7453 0.3112
vn -0.7130 0.6086 0.3481
vn -0.6793 0.7014 0.2158
vn -0.6441 0.7569 0.1102
vn -0.6276 0.7282 0.2754
vn -0.7454 0.6533 -0.1330
vn -0.7773 0.6240 0.0801
vn -0.8516 0.4316 -0.2974
vn -0.7636 0.6448 -0.0345
vn -0.8709 0.4913 -0.0083
vn -0.6692 0.6637 0.3343
vn -0.8572 0.5146 0.0178
vn -0.7426 0.6697 -0.0032
vn -0.9435 0.3288 0.0417
vn -0.9153 0.3677 0.1642
vn -0.7198 0.4938 0.4879
vn -0.9875 0.1567 0.0177
vn -0.7342 0.3065 0.6058
vn -0.6398 0.2756 0.7174
vn -0.9329 0.2305 0.2768
vn -0.8326 0.3034 0.4634
vn -0.9243 0.3233 0.2026
vn -0.9074 0.3893 0.1581
vn -0.9077 0.3098 0.2828
vn -0.9058 0.3404 0.2521
vn -0.8232 0.4077 0.3951
vn -0.7690 0.4587 0.4453
vn -0.6822 0.4903 0.5424
vn -0.7759 0.5095 0.3721
vn -0.6930 0.4738 0.5435
vn -0.7217 0.4543 0.5222
vn -0.5350 0.6285 0.5647
vn -0.5671 0.5970 0.5674
vn -0.6986 0.6272 0.3443
vn -0.4500 0.7783 0.4379
vn -0.4011 0.8154 0.4174
vn -0.3291 0.7340 0.5941
vn -0.6687 0.7376 -0.0941
vn -0.1910 0.7629 0.6177
vn -0.5800 0.6053 0.5452
vn -0.2729 0.7231 0.6345
vn -0.8570 0.5144 -0.0315
vn -0.9530 0.2933 0.0763
vn -0.7946 0.4190 0.4394
vn -0.9145 0.2493 -0.3185
vn -0.9650 0.1841 -0.1871
vn -0.9251 0.2776 -0.2590
vn -0.9306 0.2471 -0.2702
vn -0.9173 0.3323 -0.2195
vn -0.9265 0.2459 -0.2849
vn -0.9269 0.3698 -0.0643
vn -0.9453 0.2788 -0.1692
vn -0.9038 0.2924 -0.3125
vn -0.8675 0.2881 -0.4056
vn -0.9036 0.3338 -0.2686
vn -0.8388 0.5408 -0.0634
vn -0.8472 0.4363 -0.3030
vn -0.8274 0.3375 -0.4489
vn -0.8516 0.2834 -0.4410
vn -0.8432 0.3528 -0.4057
vn -0.7365 0.4132 -0.5356
vn -0.8065 0.5616 -0.1849
vn -0.7641 0.6404 -0.0775
vn -0.7295 0.6067 -0.3157
vn -0.7286 0.4413 -0.5239
vn -0.5218 0.8013 -0.2927
vn -0.8589 0.3426 -0.3806
vn -0.7129 0.3793 -0.5899
vn -0.4122 0.6399 -0.6486
vn -0.6965 0.3674 -0.6164
vn -0.4499 0.6175 -0.6452
vn -0.3716 0.3809 -0.8467
vn -0.8705 0.2255 -0.4374
vn -0.8221 0.2833 -0.4938
vn -0.9345 0.1462 -0.3246
vn -0.9328 0.2584 -0.2511
vn -0.8691 0.2568 -0.4228
vn -0.9777 0.1070 -0.1808
vn -0.9925 0.0901 -0.0821
vn -0.9801 0.0585 -0.1896
vn -0.9810 0.0609 -0.1842
vn -0.9962 0.0297 -0.0814
vn -0.9983 0.0048 -0.0581
vn -0.8314 0.4307 -0.3512
vn -0.9888 0.1004 -0.1105
vn -0.9887 0.0505 -0.1408
vn -0.9984 0.0152 -0.0542
vn -0.9921 -0.0202 -0.1235
vn -0.8831 0.3860 -0.2667
vn -0.9074 0.3700 -0.1994
vn -0.7904 0.6024 0.1108
vn -0.8537 0.3321 -0.4012
vn -0.7464 0.6439 -0.1682
vn -0.5456 0.5119 -0.6636
vn -0.4937 0.5423 -0.6798
vn -0.6044 0.5181 -0.6052
vn -0.5344 0.6244 -0.5697
vn -0.5198 0.6720 -0.5274
vn -0.5856 0.7502 -0.3070
vn -0.4708 0.8388 -0.2733
vn -0.8922 0.3934 -0.2217
vn -0.8077 0.4537 -0.3765
vn -0.3625 0.8758 -0.3187
vn -0.4391 0.8712 -0.2194
vn -0.4953 0.6712 -0.5515
vn -0.6701 0.5400 -0.5092
vn -0.6483 0.6913 -0.3192
vn -0.5854 0.7763 -0.2336
vn -0.3702 0.8702 -0.3252
vn -0.1261 0.8749 -0.4676
vn -0.3136 0.8946 -0.3183
vn 0.0237 0.9553 -0.2948
vn -0.0953 0.9476 -0.3049
vn -0.0640 0.9310 -0.3593
vn 0.0131 0.9800 -0.1986
vn 0.1055 0.9691 -0.2229
vn 0.0010 0.9691 -0.2465
vn 0.1002 0.9487 -0.3000
vn 0.0008 0.9514 -0.3079
vn -0.0150 0.9561 -0.2928
vn 0.0187 0.9996 0.0216
vn -0.0878 0.9740 -0.2091
vn 0.1501 0.9887 -0.0037
vn -0.0173 0.9352 0.3538
vn -0.1534 0.9880 -0.0158
vn 0.3103 0.8970 0.3148
vn -0.0633 0.8934 0.4448
vn -0.3691 0.8841 0.2866
vn 0.3042 0.8340 0.4603
vn 0.1144 0.8941 0.4331
vn -0.0468 0.8972 0.4392
vn -0.3799 0.8115 0.4441
vn -0.0626 0.8852 0.4611
vn -0.2212 0.8636 0.4530
vn 0.0798 0.8686 0.4890
vn -0.0393 0.8338 0.5506
vn -0.1537 0.8483 0.5068
vn -0.0314 0.7682 0.6394
vn -0.0861 0.7994 0.5946
vn 0.0196 0.8176 0.5755
vn 0.0079 0.7517 0.6594
vn 0.2924 0.7945 0.5322
vn 0.2871 0.7495 0.5965
vn 0.4638 0.6016 0.6503
vn 0.6727 0.5367 0.5093
vn 0.4747 0.7133 0.5157
vn 0.8576 0.3196 0.4029
vn 0.7389 0.4910 0.4615
vn 0.8838 0.3629 0.2952
vn 0.5053 0.6925 0.5149
vn 0.8490 0.3961 0.3497
vn 0.8747 0.3853 0.2940
vn 0.7919 0.4542 0.4081
vn 0.6393 0.6071 0.4720
vn 0.8008 0.4561 0.3882
vn 0.7348 0.5776 0.3554
vn 0.4340 0.7712 0.4658
vn 0.6142 0.6795 0.4012
vn 0.6853 0.7058 0.1794
vn 0.6336 0.7463 0.2039
vn 0.5080 0.8388 0.1959
vn 0.3471 0.9325 -0.0995
vn 0.3958 0.9163 -0.0614
vn 0.2827 0.9276 -0.2441
vn 0.2930 0.9464 -0.1361
vn 0.0612 0.9304 -0.3615
vn -0.5183 0.6069 -0.6025
vn -0.7009 0.4598 -0.5452
vn -0.8178 0.3142 -0.4821
vn -0.8998 0.2830 -0.3320
vn -0.5924 0.6895 -0.4167
vn -0.8615 0.0498 -0.5053
vn -0.7641 0.2842 -0.5791
vn -0.6972 0.3993 -0.5953
vn 0.8121 0.4529 0.3678
vn 0.8426 0.4727 0.2581
vn 0.8889 0.4324 0.1512
vn 0.8027 0.5818 0.1311
vn 0.9465 0.2857 0.1500
vn 0.8776 0.4557 0.1491
vn 0.9595 0.2200 0.1758
vn 0.9518 0.2638 0.1568
vn 0.9599 0.1466 0.2389
vn 0.9779 0.1628 0.1313
vn 0.9654 0.2288 0.1252
vn 0.9819 0.1797 0.0602
vn 0.7745 0.3869 0.5003
vn 0.3240 0.7375 0.5926
vn 0.0875 0.8625 0.4985
vn 0.5992 0.6794 0.4236
vn -0.0652 0.7882 0.6119
vn 0.0555 0.9769 0.2062
vn -0.0547 0.8678 0.4939
vn 0.0249 0.9450 0.3262
vn 0.0153 0.8532 0.5213
vn 0.0719 0.9022 0.4252
vn -0.0160 0.9351 0.3541
vn 0.0096 0.8606 0.5092
vn -0.0226 0.7678 0.6403
vn -0.0606 0.7553 0.6526
vn -0.1382 0.7392 0.6591
vn -0.3813 0.6991 0.6049
vn -0.7942 0.4434 0.4155
vn -0.5764 0.6372 0.5116
vn 0.1389 0.8916 -0.4311
vn -0.0886 0.9503 -0.2985
vn 0.4848 0.6948 -0.5313
vn 0.6638 0.5872 -0.4632
vn 0.3800 0.8711 -0.3111
vn -0.1221 0.9906 -0.0618
vn 0.2192 0.9461 -0.2385
vn 0.1236 0.9866 -0.1062
vn 0.2119 0.9505 -0.2274
vn 0.0769 0.9843 -0.1591
vn 0.2205 0.9351 -0.2774
vn 0.5400 0.7651 -0.3507
vn 0.3118 0.9003 -0.3035
vn 0.6956 0.4339 -0.5726
vn 0.5033 0.7281 -0.4654
vn 0.1587 0.9435 -0.2908
vn 0.4052 0.8742 -0.2675
vn 0.6328 0.7204 -0.2839
vn 0.7334 0.4444 -0.5144
vn 0.7150 0.6780 -0.1706
vn 0.5662 0.7904 -0.2338
vn 0.8375 0.3318 -0.4341
vn 0.6797 0.6412 0.3561
vn 0.3479 0.2984 -0.8888
vn 0.4678 0.6368 -0.6129
vn 0.8993 0.3367 -0.2791
vn 0.8855 0.4646 -0.0000
vn 0.8836 0.3311 -0.3312
vn 0.4968 0.6386 -0.5876
vn 0.4773 0.7023 -0.5281
vn 0.5563 0.7720 -0.3075
vn 0.8434 0.1615 -0.5125
vn 0.8653 -0.0447 -0.4992
vn 0.9070 0.0487 -0.4183
vn 0.8607 -0.0559 -0.5061
vn 0.8060 -0.0873 -0.5855
vn 0.8581 -0.0472 -0.5113
vn 0.6183 -0.2719 -0.7374
vn 0.6838 -0.2463 -0.6869
vn 0.5703 -0.1551 -0.8067
vn 0.8753 0.1236 -0.4675
vn 0.5421 0.2226 -0.8103
vn 0.8908 0.1608 -0.4249
vn 0.6157 0.3549 -0.7035
vn 0.8920 0.2619 -0.3685
vn 0.6910 0.4206 -0.5879
vn 0.9055 0.2173 -0.3646
vn 0.9331 0.3052 -0.1901
vn 0.7640 0.2860 -0.5783
vn 0.3978 0.6081 -0.6870
vn 0.5540 0.5741 -0.6030
vn 0.3652 0.5085 -0.7798
vn 0.2933 0.7526 -0.5895
vn 0.2167 0.5720 -0.7911
vn 0.4576 0.7954 -0.3975
vn 0.7034 0.4759 -0.5280
vn 0.8335 0.1803 -0.5223
vn 0.9077 0.1003 -0.4074
vn 0.6278 0.7073 -0.3251
vn 0.8598 0.2968 -0.4156
vn 0.9547 -0.0789 -0.2870
vn 0.9249 -0.2254 -0.3063
vn 0.9427 -0.0748 -0.3252
vn 0.9216 -0.3157 -0.2256
vn 0.9437 -0.0070 -0.3307
vn 0.9708 0.1413 -0.1938
vn 0.9692 -0.0685 -0.2366
vn 0.9371 -0.2679 -0.2236
vn 0.8428 0.4679 -0.2659
vn 0.9187 0.2551 -0.3015
vn 0.9520 -0.1675 -0.2562
vn 0.7202 0.6060 -0.3377
vn 0.9207 0.2619 -0.2895
vn 0.8644 0.4364 -0.2497
vn 0.9713 0.0867 -0.2217
vn 0.9285 -0.3422 -0.1442
vn 0.8156 -0.5650 -0.1251
vn 0.9454 -0.2487 -0.2106
vn 0.7480 -0.6623 -0.0415
vn 0.8853 -0.3768 -0.2727
vn 0.7284 -0.6514 -0.2124
vn 0.8170 -0.3974 -0.4179
vn 0.9489 -0.0613 -0.3096
vn 0.8887 -0.0620 -0.4542
vn 0.6860 -0.6311 -0.3622
vn 0.5269 -0.8492 0.0357
vn 0.5346 -0.8254 -0.1816
vn 0.8188 -0.5032 0.2763
vn 0.7512 -0.6449 0.1410
vn 0.4278 -0.8629 -0.2691
vn 0.5370 -0.7726 -0.3388
vn 0.4228 -0.8462 -0.3243
vn 0.6595 -0.6716 0.3376
vn 0.4746 -0.7077 0.5234
vn 0.2538 -0.9661 0.0483
vn 0.4078 -0.4593 0.7891
vn 0.2729 -0.9309 0.2428
vn 0.5535 -0.5174 0.6526
vn 0.4333 -0.9010 -0.0213
vn 0.7097 -0.4747 0.5206
vn 0.6659 -0.6967 -0.2667
vn 0.8371 -0.3861 0.3875
vn 0.7526 -0.5054 -0.4220
vn 0.9528 -0.2232 0.2057
vn 0.8106 -0.2902 -0.5087
vn 0.8982 -0.3915 0.1999
vn 0.7010 -0.6011 -0.3838
vn 0.5728 -0.6332 0.5205
vn 0.3377 -0.9409 0.0257
vn 0.1795 -0.5955 0.7830
vn 0.3194 -0.9455 -0.0631
vn 0.5891 -0.6669 -0.4562
vn 0.6081 -0.5973 -0.5229
vn 0.4995 -0.8657 0.0310
vn 0.6965 -0.4717 -0.5407
vn 0.7790 -0.5671 -0.2675
vn 0.2321 -0.8335 0.5014
vn 0.6258 -0.7600 0.1756
vn 0.6827 -0.3373 -0.6482
vn 0.8063 -0.4077 -0.4286
vn 0.6081 -0.6890 0.3944
vn 0.8495 -0.4470 0.2803
vn 0.8771 -0.4569 -0.1479
vn 0.7939 -0.4508 -0.4080
vn 0.6274 -0.3154 -0.7120
vn 0.5872 -0.4120 0.6968
vn 0.3812 -0.3221 0.8665
vn 0.1765 -0.1558 0.9719
vn 0.1856 -0.2648 0.9463
vn 0.6050 -0.6474 0.4635
vn 0.6854 -0.5612 -0.4639
vn 0.3960 -0.8782 0.2681
vn 0.4054 -0.6543 0.6384
vn 0.4564 -0.8185 -0.3488
vn 0.3687 -0.9283 -0.0485
vn 0.5956 -0.4637 0.6559
vn 0.5556 -0.2784 0.7835
vn 0.4559 -0.8703 0.1865
vn 0.1638 -0.9067 -0.3886
vn 0.4167 -0.7887 -0.4519
vn 0.1888 -0.9470 -0.2600
vn 0.1252 -0.9442 -0.3045
vn 0.4178 -0.8128 -0.4060
vn 0.5989 -0.5469 -0.5850
vn 0.5444 -0.5127 -0.6639
vn 0.5133 -0.7897 -0.3359
vn 0.2234 -0.9729 -0.0600
vn 0.6499 -0.4611 -0.6042
vn 0.6124 -0.7265 -0.3116
vn 0.7559 -0.4657 -0.4601
vn 0.3068 -0.9508 -0.0437
vn 0.7622 -0.3480 -0.5458
vn 0.6407 -0.3865 -0.6634
vn 0.6333 -0.3360 -0.6972
vn 0.1725 -0.9786 0.1121
vn 0.0884 -0.9828 -0.1623
vn 0.3114 -0.9191 -0.2415
vn 0.2465 -0.9154 -0.3184
vn 0.3265 -0.9430 -0.0640
vn 0.1225 -0.9924 -0.0122
vn 0.1642 -0.9423 -0.2917
vn 0.0759 -0.9966 -0.0327
vn 0.2518 -0.9428 -0.2183
vn -0.0040 -0.9324 -0.3615
vn 0.6068 -0.7831 0.1363
vn 0.4642 -0.8613 0.2065
vn 0.8251 -0.3670 0.4295
vn 0.7536 -0.4497 0.4795
vn 0.7907 -0.3570 0.4973
vn 0.7771 -0.3705 0.5089
vn 0.7568 -0.4620 0.4624
vn 0.8402 -0.3760 0.3908
vn 0.7988 -0.4682 0.3778
vn 0.8101 -0.4046 0.4243
vn 0.8068 -0.5307 0.2597
vn 0.7865 -0.5443 0.2917
vn 0.5789 -0.3172 0.7512
vn 0.8141 -0.5032 0.2899
vn 0.7559 -0.5757 0.3118
vn 0.6082 -0.4745 0.6364
vn 0.6736 -0.6158 0.4088
vn 0.7574 -0.5792 0.3015
vn 0.7006 -0.6295 0.3360
vn 0.6792 -0.6294 0.3776
vn 0.3093 -0.4622 0.8310
vn 0.4714 -0.6619 0.5829
vn 0.5795 -0.6800 0.4492
vn 0.3975 -0.8444 0.3592
vn 0.2318 -0.7895 0.5683
vn 0.3512 -0.5997 0.7191
vn 0.0708 -0.6328 0.7711
vn -0.0318 -0.5625 0.8262
vn 0.0541 -0.7225 0.6892
vn 0.3987 -0.6284 0.6679
vn 0.1939 -0.2898 0.9373
vn -0.2873 -0.6688 0.6856
vn 0.1526 -0.2282 0.9616
vn 0.6550 -0.6733 0.3430
vn 0.2930 -0.9169 0.2712
vn 0.2673 -0.9608 0.0735
vn 0.6591 -0.7476 0.0820
vn 0.7568 -0.6088 0.2379
vn 0.7709 -0.5584 0.3064
vn 0.6387 -0.7584 -0.1299
vn 0.7861 -0.6130 -0.0791
vn 0.5841 -0.7530 -0.3030
vn 0.2358 -0.9576 -0.1656
vn 0.2450 -0.8951 -0.3724
vn 0.7395 -0.6319 -0.2322
vn 0.5163 -0.7881 -0.3351
vn 0.6883 -0.6974 -0.1998
vn 0.7861 -0.6064 -0.1196
vn 0.8122 -0.5674 -0.1355
vn 0.7147 -0.6958 -0.0715
vn 0.6158 -0.7804 -0.1084
vn 0.5261 -0.8401 -0.1321
vn 0.5581 -0.8185 -0.1363
vn 0.6337 -0.7651 -0.1141
vn 0.8122 -0.5810 -0.0533
vn 0.7457 -0.6583 -0.1024
vn 0.6284 -0.7569 -0.1798
vn 0.5298 -0.8260 -0.1927
vn 0.4580 -0.8574 -0.2348
vn 0.5194 -0.8170 -0.2503
vn 0.4425 -0.8546 -0.2716
vn 0.4439 -0.8803 -0.1673
vn 0.3897 -0.8911 -0.2325
vn 0.4080 -0.8967 -0.1717
vn 0.4736 -0.8669 -0.1557
vn 0.5993 -0.7778 -0.1893
vn 0.7507 -0.6504 -0.1158
vn 0.5223 -0.8392 -0.1514
vn 0.5249 -0.8511 -0.0094
vn 0.5123 -0.8569 0.0570
vn 0.4673 -0.7090 0.5281
vn 0.5060 -0.7237 0.4692
vn 0.4431 -0.8709 0.2125
vn 0.5357 -0.7745 0.3364
vn 0.3881 -0.7487 0.5374
vn 0.3604 -0.8937 0.2670
vn 0.2519 -0.8004 0.5440
vn 0.3342 -0.9354 -0.1151
vn 0.3524 -0.8811 0.3154
vn 0.2930 -0.9552 -0.0416
vn 0.3534 -0.8614 0.3647
vn 0.2105 -0.8445 0.4925
vn 0.2892 -0.8172 0.4985
vn 0.3338 -0.7693 0.5448
vn 0.2035 -0.8625 0.4634
vn 0.2246 -0.8724 0.4341
vn 0.2707 -0.8473 0.4569
vn 0.2082 -0.8826 0.4216
vn 0.1512 -0.9028 0.4026
vn 0.1672 -0.8969 0.4094
vn 0.0776 -0.9328 0.3521
vn 0.1064 -0.9097 0.4013
vn 0.1238 -0.8948 0.4290
vn 0.0279 -0.9163 0.3995
vn 0.0113 -0.9309 0.3651
vn 0.0186 -0.9232 0.3838
vn 0.1674 -0.9181 0.3593
vn 0.1156 -0.9314 0.3452
vn 0.0938 -0.9331 0.3471
vn 0.1016 -0.9529 0.2856
vn 0.0615 -0.9553 0.2891
vn 0.1253 -0.9686 0.2147
vn 0.0309 -0.9626 0.2693
vn -0.0266 -0.9502 0.3106
vn 0.1128 -0.9609 0.2527
vn -0.0341 -0.9450 0.3254
vn 0.0415 -0.9441 0.3271
vn 0.1703 -0.9697 0.1753
vn 0.1348 -0.9747 0.1781
vn -0.0260 -0.9698 0.2425
vn -0.0386 -0.9829 0.1803
vn 0.1476 -0.9620 0.2298
vn 0.1348 -0.9717 0.1942
vn 0.0904 -0.9725 0.2148
vn 0.1027 -0.9831 0.1518
vn -0.0345 -0.9774 0.2087
vn -0.0471 -0.9844 0.1694
vn -0.1967 -0.9677 0.1575
vn -0.2138 -0.9561 0.2003
vn -0.1790 -0.9827 0.0473
vn -0.0528 -0.9958 0.0754
vn 0.0810 -0.9954 0.0515
vn 0.1229 -0.9924 0.0068
vn -0.0619 -0.9981 -0.0002
vn -0.2570 -0.9664 -0.0045
vn 0.0094 -0.9964 -0.0838
vn 0.0310 -0.9944 0.1014
vn -0.0639 -0.9954 -0.0714
vn -0.1049 -0.9824 0.1543
vn -0.0201 -0.9596 0.2806
vn -0.2226 -0.9551 0.1957
vn -0.1772 -0.9177 0.3557
vn -0.2561 -0.9609 -0.1053
vn -0.2457 -0.9678 -0.0542
vn -0.3037 -0.9316 0.1999
vn -0.3725 -0.8306 0.4140
vn -0.4541 -0.8799 -0.1398
vn -0.6238 -0.7561 0.1981
vn -0.7917 -0.4701 0.3901
vn -0.9465 -0.2797 -0.1607
vn -0.9453 -0.2991 0.1299
vn -0.9478 -0.0847 0.3073
vn -0.9682 -0.2034 0.1456
vn -0.8970 -0.2417 0.3701
vn -0.9960 -0.0285 -0.0847
vn -0.8139 0.3827 -0.4373
vn -0.9563 0.1468 -0.2527
vn -0.6574 -0.2720 -0.7027
vn -0.6521 0.5980 -0.4661
vn -0.8749 0.2861 -0.3908
vn -0.5080 0.5982 -0.6197
vn -0.6755 0.5902 -0.4420
vn -0.5855 0.7080 -0.3948
vn -0.8519 0.3276 -0.4086
vn -0.6574 0.5438 -0.5217
vn -0.8227 0.2954 -0.4856
vn -0.4946 0.6776 -0.5443
vn -0.4333 0.8299 -0.3515
vn -0.3471 0.7981 -0.4924
vn -0.0540 0.7153 -0.6967
vn -0.3335 0.5856 -0.7389
vn 0.2530 0.5314 -0.8084
vn -0.1303 0.3945 -0.9096
vn -0.5942 0.4665 -0.6552
vn 0.4408 0.5269 -0.7267
vn 0.4530 0.2672 -0.8505
vn 0.6865 0.2754 -0.6730
vn 0.7934 0.1483 -0.5903
vn 0.0768 0.7644 -0.6402
vn 0.3707 0.7016 -0.6085
vn 0.6467 0.3805 -0.6611
vn -0.2295 0.8694 -0.4375
vn 0.0204 0.8985 -0.4384
vn -0.2872 0.7772 -0.5599
vn -0.2447 0.9263 -0.2865
vn 0.4122 -0.2692 -0.8704
vn -0.2605 0.3002 -0.9176
vn 0.1009 0.9155 -0.3894
vn -0.0002 -0.4189 -0.9080
vn 0.4092 -0.7414 -0.5319
vn -0.0327 -0.9340 -0.3558
vn 0.3410 -0.8906 -0.3008
vn 0.1655 -0.9477 -0.2728
vn -0.0938 -0.9855 -0.1417
vn -0.0958 -0.9723 -0.2132
vn -0.2528 -0.9449 -0.2078
vn -0.3010 -0.9025 -0.3081
vn -0.2084 -0.9512 -0.2275
vn -0.2338 -0.9331 -0.2732
vn -0.0472 -0.9155 -0.3996
vn -0.1555 -0.9009 -0.4052
vn 0.1034 -0.9681 -0.2281
vn 0.0945 -0.9678 -0.2333
vn 0.1080 -0.8220 -0.5591
vn 0.1396 -0.9300 -0.3401
vn 0.4272 -0.8975 -0.1097
vn 0.2813 -0.9566 -0.0764
vn 0.1973 -0.9787 -0.0572
vn 0.5464 -0.7944 -0.2652
vn 0.2965 -0.7983 -0.5242
vn 0.3051 -0.6617 -0.6849
vn 0.1941 -0.9806 -0.0271
vn 0.4906 -0.8713 -0.0113
vn 0.4533 -0.8871 0.0867
vn 0.1905 -0.9803 0.0526
vn 0.2464 -0.9660 0.0779
vn 0.6894 -0.7241 -0.0198
vn 0.6022 -0.7946 0.0770
vn -0.0890 -0.9959 0.0168
vn 0.3402 -0.9395 0.0403
vn -0.0784 -0.9966 0.0245
vn 0.7459 -0.6576 0.1059
vn 0.4447 -0.8770 0.1821
vn -0.0797 -0.9968 -0.0017
vn -0.1644 -0.9809 0.1039
vn -0.4025 -0.8996 -0.1693
vn -0.5470 -0.8097 -0.2125
vn -0.6363 -0.7158 -0.2878
vn -0.2784 -0.9403 0.1957
vn 0.3911 -0.8079 0.4407
vn -0.2926 -0.9344 0.2032
vn 0.1849 -0.8011 0.5692
vn -0.5396 -0.7733 -0.3329
vn -0.6892 -0.4952 -0.5290
vn -0.7639 -0.4295 -0.4817
vn -0.5984 -0.5600 -0.5730
vn -0.6112 -0.7410 -0.2782
vn -0.7819 -0.2750 -0.5595
vn -0.7134 -0.3344 -0.6158
vn -0.6046 -0.4235 -0.6746
vn -0.4629 -0.4725 -0.7500
vn -0.4750 -0.6446 -0.5991
vn -0.3562 -0.7101 -0.6074
vn -0.4512 -0.8220 -0.3475
vn -0.3171 -0.5457 -0.7757
vn -0.3838 -0.2662 -0.8842
vn -0.5504 -0.2701 -0.7900
vn -0.2494 -0.3444 -0.9051
vn -0.3129 -0.0528 -0.9483
vn -0.1650 -0.1268 -0.9781
vn -0.0265 -0.2021 -0.9790
vn -0.1199 -0.4089 -0.9047
vn -0.0548 0.0896 -0.9945
vn -0.2030 0.1281 -0.9708
vn 0.0648 0.0036 -0.9979
vn 0.1810 -0.0565 -0.9819
vn 0.0825 -0.2564 -0.9630
vn -0.0185 -0.4543 -0.8906
vn 0.1771 -0.3081 -0.9347
vn 0.0821 -0.4994 -0.8625
vn 0.2668 -0.1199 -0.9563
vn 0.3246 -0.1957 -0.9254
vn 0.2409 -0.4041 -0.8824
vn 0.1488 -0.6049 -0.7823
vn -0.1170 -0.6365 -0.7624
vn -0.0144 -0.6970 -0.7169
vn 0.3314 -0.5108 -0.7932
vn 0.2145 -0.6991 -0.6821
vn 0.0548 -0.7603 -0.6473
vn 0.4820 -0.4794 -0.7334
vn 0.3564 -0.6756 -0.6454
vn 0.1260 -0.7904 -0.5995
vn 0.0165 -0.8867 -0.4621
vn 0.2483 -0.7943 -0.5545
vn 0.1356 -0.8862 -0.4431
vn -0.0490 -0.8732 -0.4848
vn -0.2062 -0.9593 -0.1931
vn -0.1803 -0.9629 -0.2006
vn 0.3963 -0.7818 -0.4814
vn 0.2722 -0.8974 -0.3472
vn -0.0704 -0.9786 -0.1934
vn -0.4224 -0.8756 0.2344
vn 0.0076 -0.9962 -0.0872
vn -0.4003 -0.8691 0.2906
vn -0.4606 -0.8561 0.2343
vn -0.0121 -0.9987 0.0495
vn -0.4441 -0.8316 0.3334
vn 0.2764 -0.9399 -0.2004
vn 0.1911 -0.9761 -0.1037
vn -0.0910 -0.9882 0.1230
vn -0.5010 -0.7886 0.3567
vn -0.7110 -0.4696 0.5235
vn -0.7510 -0.4427 0.4899
vn -0.8479 -0.1159 0.5173
vn -0.7771 -0.4122 0.4757
vn -0.8676 -0.0860 0.4898
vn -0.7990 -0.1599 0.5798
vn -0.7301 -0.1972 0.6542
vn -0.6719 -0.4912 0.5544
vn -0.6532 -0.2381 0.7188
vn -0.6332 -0.5071 0.5847
vn -0.5761 -0.2857 0.7658
vn -0.5704 -0.5251 0.6316
vn -0.4418 -0.8551 0.2714
vn -0.6312 -0.0413 0.7745
vn -0.5519 -0.1039 0.8274
vn -0.5889 0.1228 0.7988
vn -0.4901 0.0845 0.8676
vn -0.6931 0.1553 0.7039
vn -0.7307 -0.0121 0.6826
vn -0.8085 0.0392 0.5872
vn -0.7683 0.2168 0.6023
vn -0.7043 0.3633 0.6099
vn -0.6310 0.3189 0.7072
vn -0.5407 0.4979 0.6780
vn -0.5183 0.3087 0.7976
vn -0.6150 0.5232 0.5899
vn -0.4244 0.6694 0.6098
vn -0.4242 0.5018 0.7538
vn -0.4960 0.6824 0.5370
vn -0.2871 0.8044 0.5202
vn -0.3031 0.6659 0.6817
vn -0.3441 0.8258 0.4468
vn -0.1313 0.9013 0.4128
vn -0.1750 0.7850 0.5942
vn -0.1618 0.9317 0.3253
vn -0.1639 0.6467 0.7449
vn -0.0443 0.7634 0.6444
vn -0.0613 0.8654 0.4972
vn 0.0318 0.8215 0.5694
vn 0.0671 0.9624 0.2632
vn 0.0983 0.9246 0.3682
vn 0.1287 0.8781 0.4609
vn 0.0830 0.7616 0.6427
vn 0.1324 0.8158 0.5630
vn 0.3546 0.9148 0.1936
vn 0.1719 0.7968 0.5792
vn 0.3317 0.9368 0.1110
vn 0.5659 0.7782 -0.2725
vn 0.3763 0.8976 0.2294
vn 0.5521 0.7914 -0.2624
vn 0.3163 0.9482 0.0295
vn 0.5496 0.7920 -0.2659
vn 0.5378 0.7907 -0.2926
vn 0.3034 0.9516 -0.0497
vn 0.0522 0.9849 0.1652
vn 0.0484 0.9944 0.0939
vn -0.1723 0.9527 0.2503
vn 0.2910 0.9512 -0.1029
vn 0.2900 0.9487 -0.1261
vn 0.0520 0.9977 0.0445
vn 0.3096 0.9414 -0.1339
vn 0.0683 0.9976 0.0082
vn -0.1632 0.9690 0.1853
vn -0.1477 0.9806 0.1288
vn -0.3615 0.8562 0.3691
vn -0.3481 0.8934 0.2839
vn -0.3142 0.9274 0.2032
vn -0.1369 0.9879 0.0725
vn 0.0775 0.9967 -0.0247
vn -0.0654 0.9974 0.0303
vn -0.2835 0.9532 0.1045
vn -0.1510 0.9875 0.0455
vn 0.0992 0.9945 -0.0324
vn -0.4391 0.8685 0.2302
vn -0.4104 0.9036 0.1229
vn -0.2768 0.9600 0.0430
vn -0.0736 0.9971 -0.0210
vn -0.0178 0.9987 0.0474
vn -0.4397 0.8978 0.0235
vn -0.1520 0.9876 -0.0399
vn -0.5345 0.8314 0.1518
vn -0.0179 0.9978 -0.0639
vn -0.2406 0.9654 -0.1009
vn -0.0125 0.9864 -0.1637
vn 0.0020 0.9994 -0.0358
vn -0.6175 0.7857 0.0354
vn -0.0847 0.9798 -0.1811
vn -0.4465 0.8804 -0.1599
vn 0.1078 0.9858 -0.1285
vn 0.0794 0.9909 -0.1087
vn -0.0169 0.9974 -0.0703
vn 0.1400 0.9899 -0.0242
vn 0.1915 0.9815 -0.0080
vn 0.2024 0.9789 -0.0269
vn 0.0252 0.9997 -0.0007
vn -0.1966 0.9750 -0.1033
vn 0.1290 0.9890 0.0727
vn 0.2756 0.9565 0.0954
vn 0.1923 0.9638 0.1845
vn -0.0488 0.9351 0.3511
vn -0.0633 0.9307 0.3602
vn -0.0786 0.9638 0.2546
vn -0.1359 0.8774 0.4602
vn 0.0009 0.9200 0.3918
vn 0.1583 0.9598 0.2317
vn -0.0290 0.9055 0.4233
vn -0.0742 0.8961 0.4376
vn 0.0321 0.8995 0.4358
vn 0.0193 0.9599 0.2795
vn -0.1867 0.8610 0.4732
vn -0.3193 0.8408 0.4372
vn -0.0001 0.8937 0.4486
vn -0.0318 0.8391 0.5430
vn -0.1295 0.9363 0.3264
vn 0.2776 0.9567 0.0877
vn 0.3208 0.9417 0.1012
vn 0.1929 0.9728 0.1284
vn 0.4132 0.9104 -0.0191
vn 0.4598 0.8880 -0.0108
vn 0.4744 0.8801 0.0194
vn 0.3920 0.9197 0.0240
vn 0.5800 0.8064 -0.1152
vn 0.6134 0.7854 -0.0836
vn 0.6146 0.7844 -0.0839
vn 0.4277 0.8990 -0.0939
vn 0.6921 0.7068 -0.1466
vn 0.6420 0.7416 -0.1946
vn 0.6885 0.7081 -0.1566
vn 0.8110 0.5272 -0.2535
vn 0.8075 0.4802 -0.3424
vn 0.7702 0.6023 -0.2099
vn 0.6666 0.7195 -0.1949
vn 0.7491 0.5945 -0.2923
vn 0.7962 0.4628 -0.3897
vn 0.8503 0.4121 -0.3273
vn 0.7658 0.4699 -0.4390
vn 0.6951 0.6300 -0.3464
vn 0.5861 0.7587 -0.2842
vn 0.7323 0.5463 -0.4066
vn 0.7603 0.4112 -0.5029
vn 0.5467 0.7661 -0.3380
vn 0.5011 0.8565 -0.1240
vn 0.3909 0.9179 -0.0683
vn 0.3344 0.9416 0.0386
vn 0.2971 0.9514 0.0812
vn 0.0761 0.9827 0.1688
vn -0.0021 0.9720 0.2350
vn 0.3393 0.9398 0.0414
vn 0.2738 0.9352 0.2244
vn 0.3672 0.9204 0.1341
vn 0.0042 0.9114 0.4116
vn 0.2363 0.9342 0.2671
vn 0.3914 0.9057 0.1626
vn 0.6771 0.7225 -0.1394
vn 0.5779 0.7466 -0.3297
vn 0.7448 0.6664 -0.0348
vn 0.8581 0.3490 -0.3767
vn 0.8415 0.3346 -0.4241
vn 0.7708 0.4361 -0.4644
vn 0.8575 0.1689 -0.4859
vn 0.8551 0.2158 -0.4714
vn 0.8150 0.3210 -0.4824
vn 0.8623 0.3938 -0.3185
vn 0.8599 0.2598 -0.4394
vn 0.8725 0.3378 -0.3530
vn 0.8571 0.4833 -0.1782
vn 0.7542 0.6565 0.0095
vn 0.7978 0.6014 0.0427
vn 0.4724 0.8673 0.1572
vn 0.6153 0.7781 0.1262
vn 0.6973 0.7133 0.0708
vn 0.7709 0.6370 -0.0020
vn 0.8255 0.5558 -0.0979
vn 0.4288 0.8746 0.2264
vn 0.3201 0.9208 0.2230
vn 0.5410 0.8190 0.1914
vn 0.6216 0.7612 0.1852
vn 0.7228 0.6841 0.0980
vn 0.7866 0.6169 0.0265
vn 0.4898 0.8342 0.2536
vn 0.4308 0.8627 0.2648
vn 0.3316 0.9361 0.1172
vn 0.2964 0.9162 0.2698
vn 0.4782 0.8574 0.1903
vn 0.4999 0.8312 0.2433
vn 0.0916 0.9877 0.1266
vn 0.1373 0.9430 0.3031
vn 0.2220 0.9643 -0.1446
vn 0.4449 0.8956 0.0029
vn 0.4604 0.8743 0.1535
vn 0.5244 0.8356 0.1638
vn 0.2326 0.9714 0.0470
vn 0.0459 0.9663 0.2532
vn 0.3377 0.9141 0.2243
vn 0.5254 0.8291 0.1912
vn 0.5259 0.8189 0.2300
vn 0.5267 0.8225 0.2147
vn 0.5165 0.8317 0.2039
vn 0.5525 0.8021 0.2269
vn 0.1219 0.9677 0.2208
vn 0.4941 0.8394 0.2265
vn 0.5902 0.7585 0.2763
vn 0.5936 0.7627 0.2567
vn 0.5614 0.7755 0.2888
vn 0.4809 0.8238 0.3002
vn 0.6168 0.7118 0.3360
vn 0.5993 0.7331 0.3214
vn 0.6464 0.6816 0.3429
vn 0.6189 0.6946 0.3667
vn 0.6245 0.6623 0.4139
vn 0.7517 0.5577 0.3519
vn 0.8830 0.3707 0.2878
vn 0.9604 -0.0029 0.2786
vn 0.9016 -0.4097 0.1388
vn 0.8276 -0.1689 0.5353
vn 0.9524 -0.0894 0.2914
vn 0.8787 0.4084 0.2473
vn 0.9299 0.0212 0.3672
vn 0.9553 0.2933 0.0370
vn 0.6066 0.1392 0.7827
vn 0.5003 0.1379 0.8548
vn 0.7654 -0.1406 0.6280
vn 0.6728 -0.2568 0.6938
vn 0.8598 -0.4802 0.1738
vn 0.8781 -0.4066 0.2521
vn 0.8048 -0.5570 0.2052
vn 0.9607 -0.1167 0.2520
vn 0.8998 -0.4307 0.0696
vn 0.7891 -0.0475 0.6124
vn 0.7858 -0.2386 0.5706
vn 0.7331 -0.5141 0.4454
vn 0.4093 -0.8564 0.3149
vn 0.5020 -0.7793 0.3751
vn 0.4790 -0.7246 0.4954
vn -0.1012 -0.9161 0.3880
vn -0.0067 -0.9057 0.4238
vn -0.0051 -0.9394 0.3428
vn -0.4393 -0.8505 0.2892
vn -0.3964 -0.8969 0.1958
vn -0.4727 -0.8316 0.2915
vn 0.4290 -0.7578 0.4916
vn 0.0612 -0.9715 0.2289
vn -0.6281 -0.7737 0.0829
vn -0.3388 -0.9374 0.0805
vn -0.6682 -0.7270 0.1579
vn -0.7492 -0.6624 -0.0028
vn -0.5532 -0.8313 -0.0536
vn -0.7943 -0.6004 0.0927
vn -0.8238 -0.5636 -0.0602
vn -0.6787 -0.7209 -0.1402
vn -0.8421 -0.5330 0.0819
vn -0.5992 -0.7585 -0.2562
vn -0.4603 -0.8669 -0.1911
vn -0.7461 -0.6437 -0.1704
vn -0.6660 -0.6740 -0.3196
vn -0.7499 -0.5972 -0.2846
vn -0.7047 -0.5921 -0.3910
vn -0.6270 -0.6080 -0.4870
vn -0.8212 -0.5639 -0.0873
vn -0.8127 -0.5183 -0.2662
vn -0.6787 -0.5700 -0.4631
vn -0.8546 -0.4637 -0.2339
vn -0.7279 -0.5368 -0.4265
vn -0.5998 -0.6030 -0.5260
vn -0.6936 -0.6234 -0.3609
vn -0.6826 -0.5730 -0.4535
vn -0.8219 -0.5397 -0.1823
vn -0.8272 -0.4369 -0.3533
vn -0.7939 -0.4589 -0.3990
vn -0.8753 -0.4311 -0.2190
vn -0.9513 -0.1944 -0.2393
vn -0.9906 -0.1276 -0.0485
vn -0.9540 -0.1694 -0.2474
vn -0.9924 -0.1204 -0.0235
vn -0.9222 -0.3547 -0.1539
vn -0.9959 0.0183 0.0885
vn -0.9523 -0.3029 0.0364
vn -0.9192 -0.3933 0.0212
vn -0.9857 -0.0942 0.1394
vn -0.8784 -0.4732 0.0680
vn -0.9201 -0.3817 0.0877
vn -0.8681 -0.4921 0.0659
vn -0.8893 -0.4570 -0.0194
vn -0.8442 -0.5330 0.0562
vn -0.7975 -0.5985 0.0763
vn -0.8511 -0.5233 0.0410
vn -0.6750 -0.7188 0.1663
vn -0.7999 -0.5943 0.0835
vn -0.6846 -0.7089 0.1697
vn -0.2227 -0.8981 0.3792
vn -0.5019 -0.8218 0.2697
vn -0.5327 -0.8027 0.2684
vn -0.2860 -0.8807 0.3776
vn -0.7148 -0.6743 0.1856
vn -0.6025 -0.7402 0.2985
vn -0.7823 -0.5840 0.2166
vn -0.8979 -0.4072 0.1673
vn -0.8258 -0.5513 0.1186
vn -0.9600 -0.1872 0.2083
vn -0.8706 -0.4329 0.2338
vn -0.6831 -0.6574 0.3182
vn -0.9877 0.0155 0.1559
vn -0.9295 -0.3053 0.2068
vn -0.9524 -0.2771 0.1271
vn -0.9932 0.0676 0.0948
vn -0.7524 -0.5556 0.3539
vn -0.7719 -0.4860 0.4098
vn -0.9864 0.1445 0.0779
vn -0.9441 0.3134 0.1022
vn -0.9456 0.2962 0.1349
vn -0.9030 0.3923 0.1753
vn -0.9360 0.3056 0.1749
vn -0.8953 0.4217 0.1437
vn -0.7549 0.6258 0.1963
vn -0.8341 0.5060 0.2197
vn -0.6859 0.7029 0.1886
vn -0.5307 0.8044 0.2670
vn -0.8249 0.5181 0.2260
vn -0.8835 0.3940 0.2532
vn -0.3290 0.9091 0.2556
vn -0.2527 0.9191 0.3023
vn -0.2552 0.9352 0.2457
vn -0.4222 0.8606 0.2847
vn -0.3182 0.9149 0.2485
vn -0.2344 0.9273 0.2917
vn -0.5509 0.7535 0.3588
vn -0.5067 0.7850 0.3564
vn -0.3521 0.8892 0.2921
vn -0.2243 0.9460 0.2342
vn -0.2626 0.9384 0.2245
vn 0.2775 0.8896 0.3628
vn 0.1771 0.9302 0.3215
vn 0.0475 0.9571 0.2858
vn -0.1757 0.9542 0.2423
vn -0.1397 0.9530 0.2688
vn -0.2936 0.9208 0.2567
vn -0.1993 0.9790 -0.0430
vn -0.0058 0.9996 -0.0263
vn -0.0887 0.9715 -0.2197
vn 0.0369 0.9856 -0.1653
vn -0.1519 0.9314 0.3308
vn -0.0562 0.9531 0.2973
vn -0.2254 0.9479 0.2253
vn -0.2815 0.9494 -0.1395
vn -0.4250 0.9052 -0.0026
vn -0.2046 0.7577 0.6197
vn -0.0888 0.7883 0.6088
vn -0.4655 0.8128 0.3503
vn -0.5097 0.8416 0.1788
vn -0.7144 0.5608 0.4186
vn -0.7872 0.5719 0.2306
vn -0.6305 0.7762 0.0099
vn -0.7123 0.7003 0.0476
vn -0.8341 0.5516 -0.0005
vn -0.8283 0.5602 -0.0102
vn -0.5144 0.8338 0.2003
vn -0.7156 0.6814 0.1540
vn -0.7879 0.5937 0.1633
vn -0.8775 0.4706 -0.0925
vn -0.8732 0.4673 0.1385
vn -0.8938 0.3620 0.2647
vn -0.9640 0.2138 -0.1579
vn -0.9753 0.2127 0.0588
vn -0.9284 0.3040 0.2134
vn -0.9058 0.3759 0.1956
vn -0.9420 0.2942 0.1613
vn -0.9600 0.1350 0.2452
vn -0.9650 -0.2279 0.1295
vn -0.8862 -0.4582 0.0680
vn -0.9558 0.2360 -0.1752
vn -0.9589 0.2825 0.0261
vn -0.8896 0.4545 -0.0446
vn -0.8653 0.4846 0.1279
vn -0.8644 0.3685 0.3422
vn -0.9295 0.0645 0.3630
vn -0.8950 -0.2309 0.3816
vn -0.7865 -0.0064 0.6175
vn -0.8859 0.1835 0.4261
vn -0.8482 0.3985 0.3490
vn -0.9599 -0.1298 0.2486
vn -0.9850 0.1116 0.1313
vn -0.9931 -0.0918 0.0729
vn -0.9153 0.3378 0.2191
vn -0.9459 -0.3233 -0.0267
vn -0.8326 -0.2260 0.5057
vn -0.7189 -0.0865 0.6897
vn -0.9011 -0.4076 0.1476
vn -0.8767 -0.4645 -0.1255
vn -0.8949 -0.4461 -0.0125
vn -0.8442 -0.5056 -0.1781
vn -0.8578 -0.5110 -0.0551
vn -0.8055 -0.5874 -0.0782
vn -0.7126 -0.6983 0.0681
vn -0.8771 -0.4144 0.2427
vn -0.7066 -0.6096 0.3593
vn -0.6321 -0.7531 0.1826
vn -0.8726 0.0968 0.4788
vn -0.6662 -0.3944 0.6329
vn -0.2761 -0.6504 0.7076
vn -0.4434 -0.7229 0.5299
vn -0.5138 -0.2442 0.8224
vn -0.0055 -0.6276 0.7785
vn -0.0746 -0.8427 0.5332
vn -0.1982 -0.8623 0.4660
vn -0.2647 -0.8804 0.3936
vn -0.3157 -0.9016 0.2959
vn -0.3230 -0.8786 0.3518
vn -0.3493 -0.9065 0.2374
vn -0.5759 -0.8118 0.0965
vn -0.6887 -0.7087 0.1530
vn -0.9243 -0.3814 0.0135
vn -0.8389 -0.5440 0.0187
vn -0.7797 -0.6255 0.0297
vn -0.9155 -0.3772 -0.1398
vn -0.3808 -0.9046 0.1916
vn -0.7724 -0.6341 -0.0365
vn -0.8615 -0.4475 -0.2401
vn -0.4554 -0.8631 0.2183
vn -0.8091 -0.5877 -0.0089
vn -0.8928 -0.4116 -0.1830
vn -0.9349 -0.2142 -0.2830
vn -0.9752 -0.2122 -0.0635
vn -0.9110 -0.3764 -0.1686
vn -0.9407 -0.1683 -0.2944
vn -0.8317 -0.5549 -0.0198
vn -0.9222 -0.3543 -0.1551
vn -0.9403 -0.1744 -0.2924
vn -0.8345 -0.5502 -0.0287
vn -0.9782 -0.1114 -0.1755
vn -0.9596 -0.1372 -0.2456
vn -0.8477 -0.5297 -0.0299
vn -0.9496 -0.2961 -0.1027
vn -0.6296 -0.7513 0.1977
vn -0.5862 -0.7778 0.2269
vn -0.5357 -0.8126 0.2297
vn -0.0123 -0.9332 0.3590
vn 0.0282 -0.8971 0.4409
vn 0.4073 -0.7748 0.4835
vn 0.4202 -0.8018 0.4249
vn -0.0244 -0.9773 0.2105
vn 0.4229 -0.8251 0.3747
vn 0.4363 -0.8512 0.2918
vn -0.5621 -0.8238 0.0741
vn -0.4741 -0.8801 -0.0263
vn -0.0132 -0.9954 0.0951
vn 0.7539 -0.6042 0.2580
vn 0.4120 -0.9012 0.1347
vn 0.7542 -0.5573 0.3473
vn 0.8885 -0.3387 0.3096
vn 0.9076 -0.3520 0.2289
vn 0.8963 -0.3565 0.2639
vn 0.7238 -0.5472 0.4204
vn 0.8729 -0.3310 0.3584
vn 0.9357 0.1496 0.3195
vn 0.9618 0.0121 0.2735
vn 0.8113 0.5147 0.2772
vn 0.9404 -0.0492 0.3364
vn 0.8326 0.4794 0.2774
vn 0.7103 0.6429 0.2866
vn 0.8469 -0.3112 0.4312
vn 0.8987 0.0424 0.4366
vn 0.8046 0.5199 0.2868
vn 0.5876 0.7815 0.2099
vn 0.5953 0.7726 0.2206
vn 0.7486 0.5788 0.3232
vn 0.6218 0.7545 0.2102
vn 0.7705 0.1466 0.6203
vn 0.5336 0.7226 0.4394
vn 0.6522 0.7348 0.1863
vn 0.5678 0.3175 0.7595
vn 0.5935 -0.1928 0.7814
vn 0.8000 -0.2842 0.5284
vn 0.6820 -0.5310 0.5028
vn 0.6953 -0.5612 0.4490
vn 0.4144 -0.7562 0.5065
vn 0.0249 -0.8862 0.4627
vn 0.0757 -0.8733 0.4812
vn 0.2998 -0.6897 0.6591
vn 0.4717 -0.4675 0.7477
vn 0.0241 -0.8574 0.5141
vn -0.0497 -0.2820 0.9581
vn 0.0321 0.0419 0.9986
vn -0.5594 0.2099 0.8019
vn -0.4680 0.5014 0.7277
vn 0.1101 0.4526 0.8849
vn -0.7470 0.4556 0.4842
vn -0.4152 0.7279 0.5456
vn -0.6616 0.6275 0.4105
vn -0.4373 0.8039 0.4032
vn -0.5650 0.7536 0.3358
vn -0.7590 0.5790 0.2976
vn -0.6120 0.7233 0.3197
vn -0.3565 0.8754 0.3266
vn -0.3355 0.8726 0.3550
vn -0.5488 0.7323 0.4031
vn -0.7290 0.5941 0.3401
vn -0.2553 0.8243 0.5054
vn 0.0593 0.9307 0.3610
vn 0.0396 0.8876 0.4589
vn -0.8417 0.4691 0.2673
vn -0.8068 0.4830 0.3402
vn -0.8070 0.4724 0.3543
vn -0.2706 0.9095 0.3156
vn 0.4815 0.8310 0.2785
vn 0.4246 0.8902 0.1653
vn 0.6160 0.7816 0.0982
vn 0.5837 0.7989 -0.1453
vn 0.2798 0.9540 0.1081
vn 0.4789 0.8077 -0.3439
vn 0.2152 0.9672 0.1353
vn 0.4842 0.8328 -0.2684
vn 0.5915 0.8050 -0.0466
vn 0.5856 0.7909 0.1774
vn 0.4071 0.9133 0.0055
vn 0.5297 0.8397 0.1200
vn 0.5484 0.8031 0.2329
vn 0.5114 0.8400 0.1814
vn 0.5710 0.7971 0.1966
vn 0.4753 0.8426 0.2531
vn 0.5433 0.8005 0.2531
vn 0.2285 0.9196 0.3195
vn 0.3917 0.8599 0.3274
vn 0.5317 0.8115 0.2424
vn 0.4202 0.8483 0.3223
vn 0.5717 0.7304 0.3737
vn 0.3205 0.8595 0.3981
vn 0.5530 0.6764 0.4864
vn 0.8675 0.2394 0.4360
vn 0.8373 0.2271 0.4973
vn 0.8911 -0.2990 0.3414
vn 0.7248 -0.6577 0.2052
vn 0.7605 0.2030 0.6167
vn 0.8239 -0.3539 0.4426
vn 0.6948 -0.6948 0.1858
vn 0.3219 -0.9443 0.0692
vn 0.5751 -0.7812 0.2428
vn 0.1227 -0.9869 0.1048
vn 0.6059 -0.3968 0.6895
vn 0.1363 -0.7360 0.6632
vn -0.3645 -0.7849 0.5011
vn -0.2601 -0.9650 0.0331
vn -0.0604 -0.9979 0.0233
vn -0.6477 -0.6916 0.3196
vn -0.5434 -0.8392 0.0212
vn -0.4445 -0.8927 -0.0743
vn -0.7884 -0.5763 0.2152
vn -0.7607 -0.6476 -0.0441
vn -0.7196 -0.6657 -0.1976
vn -0.9225 -0.3702 0.1095
vn -0.8669 -0.4703 -0.1651
vn -0.8332 -0.4840 -0.2675
vn -0.9801 -0.1920 -0.0505
vn -0.8901 -0.3642 -0.2739
vn -0.9042 -0.3326 -0.2679
vn -0.8220 -0.5464 -0.1606
vn -0.9178 -0.3575 -0.1727
vn -0.9644 -0.1578 -0.2121
vn -0.9647 -0.2339 -0.1206
vn -0.9669 -0.1465 -0.2089
vn -0.9873 -0.1109 -0.1137
vn -0.9899 -0.0682 -0.1240
vn -0.9909 0.0420 -0.1275
vn -0.9505 -0.3059 -0.0547
vn -0.8442 -0.5333 -0.0545
vn -0.9838 0.0096 -0.1788
vn -0.9594 -0.0769 -0.2712
vn -0.9399 0.3389 -0.0416
vn -0.9516 0.3037 -0.0464
vn -0.9574 0.2886 -0.0084
vn -0.8429 0.5362 0.0448
vn -0.7752 0.6293 0.0552
vn -0.7357 0.6760 0.0427
vn -0.9388 0.2717 -0.2117
vn -0.9411 -0.1451 -0.3053
vn -0.9449 -0.1519 -0.2901
vn -0.9035 0.1598 -0.3977
vn -0.8148 0.5680 -0.1158
vn -0.8435 0.4992 -0.1979
vn -0.6924 0.7167 0.0833
vn -0.6539 0.7266 -0.2110
vn -0.5294 0.7372 -0.4198
vn -0.3659 0.9306 0.0005
vn -0.1356 0.9197 -0.3685
vn -0.0393 0.8889 -0.4565
vn -0.6861 0.7274 0.0135
vn -0.5303 0.8455 0.0618
vn -0.6601 0.7510 0.0148
vn -0.8172 0.5763 0.0029
vn -0.1898 0.9732 0.1296
vn -0.0680 0.9919 0.1075
vn 0.1617 0.9853 -0.0554
vn 0.3203 0.9388 0.1267
vn 0.2764 0.9319 0.2351
vn -0.0411 0.9470 0.3185
vn -0.4107 0.8804 0.2369
vn -0.5314 0.8099 0.2485
vn -0.2703 0.9012 0.3389
vn -0.0238 0.9328 0.3596
vn 0.1523 0.9214 0.3575
vn -0.3426 0.8741 0.3442
vn -0.1375 0.9015 0.4105
vn -0.5112 0.8002 0.3136
vn -0.7098 0.5975 0.3730
vn -0.5988 0.6652 0.4460
vn -0.4765 0.7026 0.5285
vn 0.1166 0.8578 0.5006
vn 0.4523 0.6762 0.5816
vn -0.2151 0.7300 0.6487
vn 0.1126 0.6579 0.7446
vn 0.3998 0.2054 0.8933
vn -0.2492 0.0538 0.9670
vn -0.7325 0.0400 0.6796
vn -0.8598 0.1010 0.5006
vn -0.9204 0.1166 0.3733
vn -0.9538 0.1813 0.2395
vn -0.7961 0.5513 0.2495
vn -0.8933 0.4462 0.0540
vn -0.6502 0.7364 0.1867
vn -0.8232 0.5657 0.0484
vn -0.9822 0.1854 0.0308
vn -0.7915 0.6066 0.0747
vn -0.7639 0.6410 0.0752
vn -0.8912 0.4537 0.0003
vn -0.9027 0.4285 -0.0391
vn -0.9022 0.4287 -0.0467
vn -0.9598 0.2743 -0.0593
vn -0.8945 0.4467 0.0168
vn -0.9716 0.2340 -0.0345
vn -0.9889 0.0610 -0.1352
vn -0.9749 0.1591 -0.1556
vn -0.9349 0.3403 -0.1003
vn 0.2764 0.8901 -0.3623
vn 0.3165 0.8764 -0.3629
vn -0.0304 0.9995 -0.0050
vn -0.0773 0.9535 0.2914
vn 0.1525 0.9871 0.0488
vn -0.1850 0.9727 0.1404
vn -0.5952 0.8034 -0.0195
vn -0.4372 0.8922 0.1133
vn -0.5947 0.7773 -0.2054
vn -0.9088 0.4137 -0.0550
vn -0.8331 0.5531 -0.0069
vn -0.8529 0.5189 -0.0564
vn -0.9880 0.1149 0.1035
vn -0.9968 0.0755 0.0273
vn -0.9898 -0.1133 0.0866
vn -0.9733 -0.1583 0.1660
vn -0.9812 0.1215 0.1497
vn -0.9413 -0.2430 0.2342
vn -0.8535 0.4613 0.2422
vn -0.9426 0.1424 0.3020
vn -0.9107 -0.1044 0.3996
vn -0.7925 -0.5122 0.3311
vn -0.9144 -0.3846 0.1261
vn -0.7926 -0.5934 0.1406
vn -0.7103 -0.6826 0.1721
vn -0.5777 -0.7587 0.3011
vn -0.7907 -0.4368 0.4291
vn -0.5402 -0.7650 0.3507
vn -0.7899 -0.3935 0.4703
vn -0.5268 -0.7668 0.3668
vn -0.8831 -0.0809 0.4622
vn -0.8719 0.1453 0.4677
vn -0.8898 0.1445 0.4329
vn -0.8358 0.3642 0.4108
vn -0.8356 0.4036 0.3727
vn -0.6940 0.6915 0.2003
vn -0.7017 0.6442 0.3042
vn -0.8189 0.2981 0.4905
vn -0.7348 0.5573 0.3866
vn -0.7410 0.4506 0.4978
vn -0.8528 0.1015 0.5123
vn -0.6367 0.5976 0.4873
vn -0.6168 0.6960 0.3676
vn -0.5148 0.7303 0.4490
vn -0.4945 0.7977 0.3451
vn -0.5514 0.7977 0.2444
vn -0.1485 -0.9746 0.1675
vn -0.1737 -0.9701 0.1694
vn 0.1324 -0.9912 -0.0024
vn 0.1472 -0.9889 -0.0226
vn 0.0425 -0.9974 -0.0583
vn -0.2942 -0.9480 0.1214
vn 0.4115 -0.8896 -0.1983
vn 0.3795 -0.9133 -0.1477
vn 0.4447 -0.8719 -0.2051
vn 0.1361 -0.9701 -0.2010
vn -0.3553 -0.9279 -0.1130
vn 0.7390 -0.6016 -0.3030
vn 0.5823 -0.7812 -0.2251
vn 0.7811 -0.5612 -0.2738
vn 0.8329 -0.4760 -0.2824
vn 0.4572 -0.8117 -0.3635
vn 0.7925 -0.3582 -0.4936
vn 0.0599 -0.9265 -0.3715
vn 0.3021 -0.7386 -0.6027
vn -0.1856 -0.8241 -0.5353
vn 0.7383 -0.3566 -0.5725
vn 0.6068 0.1703 -0.7764
vn 0.9830 -0.1405 -0.1179
vn 0.8658 0.1696 -0.4709
vn 0.6149 -0.1189 -0.7796
vn 0.4614 0.5616 -0.6868
vn 0.9131 0.1516 -0.3786
vn 0.4955 0.4242 -0.7580
vn 0.6924 -0.4230 -0.5845
vn 0.5712 -0.3480 -0.7434
vn 0.5411 -0.4104 -0.7340
vn 0.6060 -0.0172 -0.7953
vn 0.5051 -0.2763 -0.8176
vn 0.7652 -0.0072 -0.6437
vn 0.7199 0.3358 -0.6074
vn 0.8159 0.3886 -0.4281
vn 0.5926 0.7217 -0.3577
vn 0.5342 0.6573 -0.5316
vn 0.8693 0.3319 -0.3664
vn 0.8717 0.1179 -0.4757
vn 0.7495 0.6117 -0.2533
vn 0.8576 0.4639 -0.2223
vn 0.8787 0.3621 -0.3111
vn 0.8652 0.2134 -0.4537
vn 0.7781 0.1107 -0.6183
vn 0.7783 0.2096 -0.5919
vn 0.8538 0.3372 -0.3968
vn 0.8170 0.2881 -0.4996
vn 0.8802 0.4228 -0.2154
vn 0.8798 0.3336 -0.3386
vn 0.8774 0.4612 -0.1317
vn 0.8640 0.4450 0.2354
vn 0.9197 0.3899 0.0469
vn 0.8247 0.4665 0.3197
vn 0.8715 0.4265 0.2420
vn 0.8629 0.4992 -0.0783
vn 0.9098 0.3854 0.1540
vn 0.8598 0.5046 -0.0787
vn 0.8231 0.5288 -0.2072
vn 0.8359 0.1403 0.5307
vn 0.6442 0.2212 0.7321
vn 0.5787 0.3185 0.7507
vn 0.3922 0.1651 0.9049
vn 0.3698 0.2061 0.9060
vn 0.4851 -0.0064 0.8744
vn 0.9557 -0.1191 0.2690
vn 0.6984 -0.3269 0.6367
vn 0.2905 -0.0919 0.9524
vn 0.4397 -0.4248 0.7913
vn 0.2264 0.0176 0.9739
vn -0.0213 -0.2326 0.9723
vn 0.0709 -0.4686 0.8806
vn -0.0452 -0.2156 0.9754
vn -0.0644 -0.2218 0.9730
vn 0.2356 0.0431 0.9709
vn -0.3544 -0.4963 0.7925
vn -0.3152 -0.4849 0.8158
vn -0.3366 -0.4690 0.8166
vn -0.6288 -0.7010 0.3364
vn -0.7077 -0.6123 0.3525
vn -0.7407 -0.4717 0.4784
vn -0.2696 -0.5243 0.8077
vn -0.2740 -0.6651 0.6947
vn -0.7048 -0.5073 0.4959
vn -0.5852 -0.6033 0.5419
vn -0.3113 -0.7068 0.6352
vn 0.0860 -0.7972 0.5976
vn -0.6849 -0.7167 0.1317
vn -0.7380 -0.6749 0.0017
vn -0.5468 -0.6653 0.5083
vn -0.4206 -0.7103 0.5645
vn -0.7361 -0.6203 0.2711
vn -0.5023 -0.7314 0.4612
vn -0.7178 -0.6239 0.3090
vn -0.6903 -0.7230 -0.0274
vn -0.7779 -0.6208 0.0976
vn -0.6292 -0.7461 0.2177
vn -0.4412 -0.7961 0.4142
vn -0.7443 -0.6637 0.0744
vn -0.5974 -0.7953 0.1027
vn -0.7519 -0.6568 0.0576
vn -0.5914 -0.7915 0.1540
vn -0.3561 -0.8569 0.3726
vn -0.3306 -0.8628 0.3825
vn -0.4036 -0.8005 0.4430
vn -0.4599 -0.7277 0.5090
vn -0.5308 -0.7928 0.2995
vn -0.4788 -0.8045 0.3514
vn -0.4264 -0.8826 0.1980
vn -0.3062 -0.8823 0.3576
vn -0.0489 -0.9942 0.0961
vn -0.5016 -0.8589 -0.1033
vn 0.0229 -0.8845 -0.4660
vn 0.2454 -0.9691 0.0257
vn -0.0946 -0.8985 0.4287
vn 0.4411 -0.8494 -0.2897
vn 0.4712 -0.8152 0.3367
vn 0.6947 -0.7004 0.1639
vn 0.5517 -0.6674 -0.5003
vn 0.8863 -0.4373 -0.1525
vn 0.8181 -0.2331 -0.5256
vn 0.5299 -0.4373 -0.7266
vn 0.9732 0.2283 -0.0266
vn 0.3002 -0.5535 -0.7769
vn 0.2511 -0.7007 -0.6678
vn 0.0545 -0.6108 -0.7899
vn -0.1108 -0.6464 -0.7549
vn 0.1642 -0.5430 -0.8235
vn 0.3796 -0.4172 -0.8257
vn 0.3486 -0.4422 -0.8264
vn 0.4517 -0.4443 -0.7737
vn 0.2314 -0.5514 -0.8015
vn 0.5046 -0.3508 -0.7889
vn 0.2535 -0.5822 -0.7725
vn 0.1191 -0.6292 -0.7681
vn 0.6767 -0.3611 -0.6416
vn 0.5945 -0.2740 -0.7559
vn 0.7314 -0.4031 -0.5501
vn 0.6263 -0.0269 -0.7791
vn 0.3870 -0.2373 -0.8910
vn 0.1421 -0.5332 -0.8340
vn 0.3407 0.1888 -0.9210
vn 0.1671 -0.1807 -0.9692
vn -0.0418 -0.4080 -0.9120
vn 0.0745 -0.2614 -0.9624
vn -0.0964 -0.3151 -0.9441
vn 0.3166 0.0018 -0.9485
vn 0.3446 -0.2106 -0.9148
vn 0.0929 -0.3154 -0.9444
vn 0.0527 -0.3498 -0.9353
vn 0.3529 -0.3032 -0.8852
vn 0.0661 -0.5002 -0.8634
vn -0.0625 -0.5969 -0.7999
vn -0.2154 -0.3085 -0.9265
vn -0.0810 -0.4791 -0.8740
vn -0.4659 -0.3873 -0.7955
vn -0.3377 -0.5900 -0.7334
vn -0.0396 -0.6076 -0.7932
vn -0.1660 -0.6193 -0.7674
vn -0.0942 -0.5702 -0.8161
vn -0.1529 -0.5983 -0.7866
vn -0.4423 -0.6570 -0.6106
vn -0.6064 -0.5897 -0.5334
vn -0.6658 -0.6699 -0.3286
vn -0.4783 -0.6953 -0.5365
vn -0.6662 -0.7030 -0.2489
vn -0.7900 -0.5216 -0.3222
vn -0.9127 -0.3308 -0.2399
vn -0.7554 -0.4206 -0.5025
vn -0.9585 -0.2620 -0.1125
vn -0.8701 -0.4544 -0.1908
vn -0.8816 -0.4394 -0.1721
vn -0.7475 -0.6200 -0.2384
vn -0.7771 -0.5995 -0.1917
vn -0.9691 -0.2301 -0.0888
vn -0.9720 -0.2191 -0.0851
vn -0.9204 -0.3354 -0.2011
vn -0.9886 -0.1439 -0.0450
vn -0.9275 -0.3713 -0.0435
vn -0.9733 -0.2284 -0.0241
vn -0.9490 -0.2985 -0.1011
vn -0.9752 -0.2190 -0.0307
vn -0.8611 -0.5064 -0.0447
vn -0.9492 -0.3135 0.0262
vn -0.7925 -0.6053 -0.0748
vn -0.9161 -0.3784 0.1322
vn -0.8624 -0.5003 0.0778
vn -0.8170 -0.5670 -0.1053
vn -0.7498 -0.6559 -0.0871
vn -0.7859 -0.6183 0.0134
vn -0.7330 -0.6378 0.2364
vn -0.7333 -0.6799 -0.0093
vn -0.6362 -0.7393 0.2207
vn -0.8338 -0.4741 0.2829
vn -0.5385 -0.6392 0.5490
vn -0.4598 -0.7069 0.5375
vn -0.6365 -0.7306 0.2471
vn -0.4360 -0.7216 0.5377
vn -0.7385 -0.6743 0.0013
vn -0.6469 -0.7216 0.2466
vn -0.4628 -0.6946 0.5508
vn -0.7116 -0.7025 0.0023
vn -0.7390 -0.6617 -0.1270
vn -0.7474 -0.6575 -0.0954
vn -0.7158 -0.6777 -0.1685
vn -0.7386 -0.6653 -0.1092
vn -0.6852 -0.7024 -0.1926
vn -0.5100 -0.7733 -0.3766
vn -0.6785 -0.7323 -0.0586
vn -0.6544 -0.7370 0.1691
vn -0.5911 -0.7706 -0.2383
vn -0.5963 -0.8021 0.0340
vn -0.4792 -0.7487 -0.4581
vn -0.5405 -0.8266 -0.1566
vn -0.2576 -0.7121 -0.6531
vn -0.1835 -0.6122 -0.7691
vn -0.3721 -0.7233 -0.5817
vn -0.5260 -0.7947 -0.3028
vn -0.4161 -0.6318 -0.6540
vn -0.2367 -0.5722 -0.7852
vn -0.5794 -0.7284 -0.3656
vn -0.3554 -0.5921 -0.7233
vn -0.3774 -0.7726 -0.5105
vn -0.2264 -0.5409 -0.8100
vn -0.4314 -0.9021 -0.0137
vn -0.5313 -0.8399 0.1113
vn -0.1212 -0.9558 0.2680
vn -0.0868 -0.9025 -0.4219
vn 0.1444 -0.9086 -0.3919
vn -0.3643 -0.8362 0.4099
vn -0.5256 -0.8191 0.2297
vn -0.4019 -0.7294 0.5535
vn -0.2639 -0.5893 0.7636
vn -0.1083 -0.6632 0.7405
vn -0.2589 -0.4865 0.8345
vn -0.3678 -0.6512 0.6638
vn 0.0267 -0.4088 0.9122
vn 0.2065 -0.2726 0.9397
vn 0.4176 -0.0504 0.9072
vn 0.4464 -0.0978 0.8895
vn 0.0684 -0.2244 0.9721
vn 0.1019 -0.6859 0.7205
vn 0.6927 0.1171 0.7116
vn 0.6049 0.0482 0.7949
vn 0.5982 -0.4322 0.6748
vn 0.4756 -0.8186 0.3220
vn 0.9574 -0.0015 0.2889
vn 0.8360 0.2271 0.4996
vn 0.9443 0.3126 0.1028
vn 0.9518 0.3055 0.0265
vn 0.9651 -0.1686 -0.2003
vn 0.4245 -0.4476 -0.7871
vn 0.7450 -0.1426 -0.6517
vn 0.9600 0.2800 -0.0034
vn 0.9542 0.2874 -0.0833
vn 0.8651 0.1934 -0.4627
vn 0.8405 0.1180 -0.5289
vn 0.5669 -0.0513 -0.8222
vn 0.5275 -0.1588 -0.8346
vn 0.9178 0.2962 -0.2642
vn 0.7502 0.1442 -0.6453
vn 0.5271 -0.1219 -0.8410
vn 0.4197 -0.3403 -0.8415
vn 0.5612 -0.0485 -0.8262
vn 0.6078 -0.0203 -0.7939
vn 0.5677 -0.0682 -0.8204
vn 0.5994 -0.0903 -0.7953
vn 0.7711 0.1830 -0.6098
vn 0.4575 -0.2183 -0.8620
vn 0.5195 -0.1315 -0.8443
vn 0.5973 -0.1142 -0.7938
vn 0.5480 -0.1073 -0.8296
vn 0.6527 -0.0148 -0.7575
vn 0.7437 0.1100 -0.6594
vn 0.7229 0.3631 -0.5878
vn 0.5727 0.2948 -0.7649
vn 0.4543 0.1915 -0.8700
vn 0.3861 0.3400 -0.8575
vn 0.5064 0.3980 -0.7649
vn 0.6734 -0.1121 -0.7307
vn 0.7126 -0.0007 -0.7016
vn 0.7783 -0.3236 -0.5380
vn 0.8468 -0.0678 -0.5275
vn 0.8291 0.1018 -0.5498
vn 0.7508 0.1792 -0.6358
vn 0.8688 0.2082 -0.4493
vn 0.7892 0.3954 -0.4699
vn 0.6270 0.4621 -0.6271
vn 0.7410 0.5233 -0.4209
vn 0.8696 0.3793 -0.3161
vn 0.8489 0.3984 -0.3473
vn 0.8620 0.4283 -0.2711
vn 0.8803 0.3935 -0.2651
vn 0.8919 0.3535 -0.2819
vn 0.8950 0.3882 -0.2198
vn 0.8889 0.3804 -0.2552
vn 0.9275 0.3682 -0.0640
vn 0.8897 0.4508 -0.0722
vn 0.9157 0.3671 -0.1633
vn 0.8591 0.4270 0.2822
vn 0.6779 0.6082 0.4129
vn 0.8409 0.4387 0.3169
vn 0.6068 0.3799 0.6982
vn 0.5416 0.3910 0.7442
vn 0.9540 0.0236 0.2989
vn 0.9443 -0.2905 0.1544
vn 0.8902 -0.2053 0.4066
vn 0.6066 0.0161 0.7949
vn 0.8636 -0.3498 0.3629
vn 0.8244 -0.3539 0.4418
vn 0.7109 -0.0658 0.7002
vn 0.4941 -0.3339 0.8027
vn 0.6149 -0.4459 0.6504
vn 0.5251 -0.2758 0.8051
vn 0.2396 -0.1976 0.9506
vn -0.1279 -0.0909 0.9876
vn 0.0490 -0.3707 0.9274
vn 0.2247 -0.5445 0.8081
vn -0.2867 -0.4996 0.8174
vn -0.3550 -0.3897 0.8498
vn -0.2179 -0.5965 0.7725
vn -0.1520 -0.6328 0.7593
vn 0.1701 -0.4886 0.8557
vn 0.2290 0.3170 0.9204
vn 0.2185 0.0114 0.9758
vn 0.2768 0.0857 0.9571
vn 0.1110 -0.0948 0.9893
vn 0.0258 -0.3718 0.9280
vn -0.0641 -0.3818 0.9220
vn 0.4283 -0.0688 0.9010
vn 0.1256 -0.1855 0.9746
vn -0.2891 -0.5610 0.7757
vn -0.2311 -0.5629 0.7936
vn -0.1604 -0.6033 0.7812
vn -0.5127 -0.6743 0.5314
vn -0.5162 -0.7092 0.4803
vn -0.3019 -0.6045 0.7372
vn -0.0903 -0.3891 0.9167
vn -0.1583 -0.4505 0.8786
vn -0.5033 -0.7742 0.3839
vn 0.1169 -0.2283 0.9666
vn 0.4539 -0.0757 0.8878
vn 0.6644 -0.0145 0.7472
vn 0.7603 0.1326 0.6359
vn 0.8629 0.0572 0.5022
vn 0.7278 -0.0203 0.6855
vn 0.5645 0.2879 0.7736
vn 0.9503 0.1399 0.2782
vn 0.8607 0.3995 0.3157
vn 0.9785 0.1635 0.1254
vn 0.9721 0.2334 -0.0242
vn 0.9466 0.3153 -0.0675
vn 0.6663 0.3552 0.6556
vn 0.2726 0.2874 0.9182
vn 0.9302 0.3474 0.1184
vn 0.9249 0.3329 -0.1837
vn 0.9412 0.3139 -0.1254
vn 0.8983 0.3798 -0.2210
vn 0.9213 0.3553 -0.1580
vn 0.8886 0.3564 -0.2887
vn 0.8832 0.3874 -0.2644
vn 0.8559 0.2786 -0.4356
vn 0.9462 0.3118 -0.0859
vn 0.9568 0.2831 -0.0661
vn 0.9737 0.2277 -0.0014
vn 0.9468 0.2753 0.1667
vn 0.9154 0.1906 0.3546
vn 0.8400 0.2864 0.4608
vn -0.6516 -0.4955 0.5744
vn -0.8759 -0.3471 0.3351
vn -0.6606 -0.4867 0.5715
vn -0.8259 -0.4883 0.2819
vn -0.8504 -0.5195 0.0831
vn -0.8425 -0.5334 -0.0749
vn -0.3873 -0.9107 -0.1433
vn -0.3978 -0.9173 -0.0161
vn -0.3466 -0.9154 -0.2047
vn -0.1718 -0.9504 -0.2591
vn -0.7017 -0.6909 -0.1737
vn -0.0207 -0.9591 -0.2822
vn -0.4741 -0.8364 -0.2751
vn -0.3673 -0.9076 -0.2035
vn -0.8717 -0.4792 -0.1027
vn -0.3681 -0.8689 -0.3308
vn 0.0033 -0.9654 -0.2607
vn -0.0458 -0.9419 -0.3327
vn -0.8091 -0.5335 -0.2464
vn -0.6567 -0.5163 -0.5497
vn -0.7873 -0.3824 -0.4836
vn -0.4775 -0.3522 -0.8050
vn -0.2927 -0.5114 -0.8080
vn -0.2236 -0.3294 -0.9173
vn 0.0387 -0.7014 -0.7117
vn -0.0392 -0.4934 -0.8689
vn -0.1908 -0.8134 -0.5495
vn 0.1352 -0.6554 -0.7430
vn 0.0463 -0.6766 -0.7349
vn -0.0500 -0.8240 -0.5643
vn -0.3410 -0.6695 -0.6599
vn -0.4067 -0.8098 -0.4228
vn -0.2557 -0.9329 -0.2534
vn -0.6830 -0.6413 -0.3496
vn -0.6045 -0.7542 -0.2563
vn -0.1145 -0.9569 -0.2669
vn -0.4634 -0.8597 -0.2149
vn -0.0739 -0.9557 -0.2850
vn -0.3533 -0.9081 -0.2247
vn -0.0765 -0.9573 -0.2787
vn -0.3082 -0.9282 -0.2086
vn -0.1243 -0.9530 -0.2762
vn -0.3204 -0.9403 -0.1146
vn -0.1185 -0.9893 -0.0853
vn -0.5255 -0.7824 0.3343
vn 0.0935 -0.9774 0.1897
vn -0.0837 -0.7791 0.6213
vn -0.3003 -0.8998 0.3164
vn -0.1268 -0.4994 0.8571
vn -0.1375 0.0291 0.9901
vn 0.2605 -0.6721 0.6931
vn 0.0377 -0.1851 0.9820
vn 0.1057 -0.3056 0.9463
vn 0.2957 -0.6076 0.7372
vn 0.0515 -0.4918 0.8692
vn 0.1630 -0.6653 0.7286
vn 0.3344 -0.5826 0.7408
vn 0.5010 -0.4882 0.7146
vn 0.4862 -0.4309 0.7603
vn 0.5038 -0.3560 0.7870
vn 0.4519 -0.4004 0.7972
vn 0.3253 -0.7674 0.5526
vn 0.8086 -0.0671 0.5845
vn 0.7833 -0.0154 0.6215
vn 0.7442 0.0212 0.6676
vn 0.6785 0.0825 0.7299
vn 0.5661 -0.3935 0.7243
vn 0.7289 0.3602 0.5822
vn 0.7832 0.2938 0.5481
vn 0.8565 0.4505 0.2519
vn 0.8567 0.2217 0.4657
vn 0.7903 0.5208 0.3227
vn 0.7224 0.5599 0.4058
vn 0.9279 0.1211 0.3527
vn 0.9219 0.3548 0.1556
vn 0.8290 0.5458 0.1222
vn 0.9540 0.0804 0.2888
vn 0.9590 0.2669 0.0949
vn 0.8744 0.4777 0.0850
vn 0.8372 0.5448 -0.0481
vn 0.8799 0.4751 -0.0044
vn 0.8820 0.4423 -0.1625
vn 0.9429 0.3283 -0.0572
vn 0.9001 0.3333 -0.2806
vn 0.9824 0.1816 0.0431
vn 0.9911 -0.0859 0.1013
vn 0.9164 -0.2415 0.3191
vn 0.8515 -0.1435 0.5043
vn 0.6702 -0.3121 0.6734
vn 0.8829 0.4038 -0.2396
vn 0.8944 0.2974 -0.3341
vn 0.7844 0.5992 0.1602
vn 0.7810 0.5918 0.1994
vn 0.6509 0.7012 0.2908
vn 0.6650 0.5906 0.4572
vn 0.5863 0.4386 0.6811
vn 0.8649 0.4360 0.2487
vn 0.6495 0.7114 0.2682
vn 0.7174 0.2878 0.6344
vn 0.6776 0.7013 0.2214
vn 0.4711 0.3264 0.8195
vn 0.5455 0.2492 0.8002
vn 0.4931 0.0702 0.8671
vn 0.6280 -0.6239 0.4652
vn 0.5867 -0.1697 0.7919
vn 0.6115 -0.4000 0.6827
vn 0.4973 -0.2013 0.8439
vn 0.4773 -0.8173 0.3227
vn 0.0978 -0.9934 0.0592
vn 0.1299 -0.9875 0.0895
vn 0.5217 -0.8473 0.0994
vn -0.2756 -0.9610 -0.0232
vn -0.2956 -0.9534 0.0608
vn -0.6896 -0.7156 -0.1109
vn -0.5557 -0.8280 -0.0742
vn -0.7477 -0.4953 0.4424
vn -0.8151 -0.4073 0.4119
vn -0.8490 -0.2804 0.4478
vn -0.7945 -0.5987 -0.1016
vn -0.7766 -0.1456 0.6130
vn -0.7087 -0.3088 0.6344
vn -0.7724 -0.1185 0.6240
vn -0.8285 -0.3122 0.4648
vn -0.7584 -0.4045 0.5111
vn -0.8572 -0.3136 0.4084
vn -0.7768 -0.0922 0.6229
vn -0.8874 -0.3494 0.3008
vn -0.7980 -0.1145 0.5917
vn -0.8258 -0.0872 0.5571
vn -0.7317 -0.0535 0.6795
vn -0.9065 -0.4212 -0.0280
vn -0.8958 -0.3558 0.2662
vn -0.8763 -0.2878 0.3864
vn -0.8489 -0.5277 0.0298
vn -0.7942 -0.6031 -0.0745
vn -0.8421 -0.5255 0.1213
vn -0.8190 -0.5606 -0.1225
vn -0.6341 -0.7634 -0.1235
vn -0.7586 -0.6507 -0.0323
vn -0.7040 -0.6982 -0.1302
vn -0.7655 -0.6243 -0.1557
vn -0.8066 -0.5501 -0.2162
vn -0.7203 -0.6615 -0.2086
vn -0.5054 -0.7090 -0.4918
vn -0.5682 -0.8177 -0.0927
vn -0.7163 -0.6967 0.0393
vn -0.5426 -0.8398 -0.0205
vn -0.6401 -0.7425 0.1973
vn -0.7429 -0.5692 0.3523
vn -0.8224 -0.5261 0.2164
vn -0.3934 -0.4003 0.8277
vn -0.4698 -0.6557 0.5910
vn 0.1559 -0.6288 0.7618
vn 0.1542 -0.8877 0.4338
vn 0.5485 -0.8334 0.0682
vn 0.5435 -0.7714 0.3310
vn 0.4885 -0.7554 0.4368
vn 0.8191 -0.0962 -0.5656
vn 0.7981 -0.0467 -0.6006
vn 0.7687 0.0198 -0.6393
vn 0.5298 -0.2715 -0.8035
vn 0.4602 -0.3891 -0.7980
vn 0.5628 -0.2389 -0.7913
vn 0.6838 -0.1360 -0.7169
vn 0.7193 0.1277 -0.6828
vn 0.5672 -0.3825 -0.7294
vn 0.6913 -0.3486 -0.6330
vn 0.7760 -0.0945 -0.6236
vn 0.8262 -0.1752 -0.5354
vn 0.8130 -0.2430 -0.5291
vn 0.7779 -0.3013 -0.5514
vn 0.8647 0.0001 -0.5022
vn 0.8101 -0.3244 -0.4884
vn 0.8714 -0.0912 -0.4821
vn 0.7809 -0.3699 -0.5033
vn 0.8328 0.2103 -0.5120
vn 0.8875 0.2698 -0.3736
vn 0.6921 0.6621 -0.2875
vn 0.9246 0.2824 -0.2558
vn 0.5571 0.7620 -0.3301
vn 0.5336 0.6689 -0.5175
vn 0.8425 0.1348 -0.5215
vn 0.8589 0.1136 -0.4993
vn 0.8642 -0.4363 -0.2508
vn 0.9654 -0.2606 -0.0058
vn 0.7419 -0.5199 -0.4234
vn 0.9618 -0.2588 -0.0896
vn 0.8876 -0.3979 -0.2322
vn 0.9663 -0.1869 -0.1772
vn 0.9650 -0.2140 -0.1516
vn 0.9535 -0.2335 -0.1904
vn 0.9206 -0.2170 -0.3246
vn 0.8137 -0.3882 -0.4327
vn 0.8808 -0.0880 -0.4653
vn 0.9273 -0.0975 -0.3614
vn 0.8844 -0.0122 -0.4667
vn 0.9697 -0.1220 -0.2118
vn 0.8905 0.0873 -0.4466
vn 0.8723 0.1963 -0.4478
vn 0.8911 0.1179 -0.4382
vn 0.8924 0.2813 -0.3528
vn 0.8197 0.2320 -0.5237
vn 0.7770 0.2084 -0.5940
vn 0.8147 0.4779 -0.3284
vn 0.9273 -0.0444 -0.3716
vn 0.9208 0.1289 -0.3681
vn 0.8403 0.4637 -0.2808
vn 0.9555 0.0963 -0.2788
vn 0.9450 -0.0719 -0.3190
vn 0.9692 -0.1066 -0.2221
vn 0.8602 0.4334 -0.2688
vn 0.9657 0.1048 -0.2376
vn 0.9899 -0.0534 -0.1316
vn 0.9837 -0.0685 -0.1662
vn 0.9805 0.0043 -0.1963
vn 0.9845 -0.0640 -0.1633
vn 0.9634 -0.0540 -0.2626
vn 0.9779 -0.0951 -0.1863
vn 0.9456 -0.1933 -0.2617
vn 0.9619 0.0675 -0.2650
vn 0.9068 0.1035 -0.4087
vn 0.9004 -0.0940 -0.4248
vn 0.9080 -0.3215 -0.2685
vn 0.8637 -0.2763 -0.4215
vn 0.9761 -0.1123 -0.1862
vn 0.7259 -0.6109 -0.3160
vn 0.8077 -0.4456 -0.3861
vn 0.9662 -0.1486 -0.2106
vn 0.8620 -0.4142 -0.2923
vn 0.4756 -0.8199 -0.3188
vn 0.3616 -0.9137 -0.1852
vn 0.4838 -0.7736 -0.4092
vn 0.5704 -0.7056 -0.4204
vn 0.3710 -0.8893 -0.2673
vn 0.4244 -0.8272 -0.3683
vn 0.5316 -0.6922 -0.4882
vn 0.5028 -0.6350 -0.5865
vn 0.6000 -0.5614 -0.5699
vn 0.6016 -0.4786 -0.6395
vn 0.6462 -0.3325 -0.6869
vn 0.5719 -0.2658 -0.7761
vn 0.6499 -0.4141 -0.6373
vn 0.6362 -0.4825 -0.6021
vn 0.5648 -0.6445 -0.5154
vn 0.6934 -0.3137 -0.6487
vn 0.6906 -0.2536 -0.6773
vn 0.6923 -0.0516 -0.7197
vn 0.7127 -0.1023 -0.6940
vn 0.7637 -0.3113 -0.5655
vn 0.6898 -0.5342 -0.4888
vn 0.7394 -0.1300 -0.6606
vn 0.8058 -0.1204 -0.5798
vn 0.8245 0.0972 -0.5575
vn 0.7514 0.0725 -0.6558
vn 0.7994 0.3353 -0.4985
vn 0.7405 0.3190 -0.5916
vn 0.7218 0.3013 -0.6231
vn 0.7301 0.0833 -0.6782
vn 0.6646 0.5788 -0.4726
vn 0.7049 0.5823 -0.4050
vn 0.6601 0.5560 -0.5051
vn 0.7230 0.2991 -0.6227
vn 0.6783 0.5445 -0.4933
vn 0.5126 0.7971 -0.3192
vn 0.6693 0.5149 -0.5356
vn 0.6727 0.2528 -0.6954
vn 0.6355 0.4990 -0.5892
vn 0.6411 0.0951 -0.7615
vn 0.6042 0.2300 -0.7629
vn 0.7064 0.0996 -0.7008
vn 0.6236 0.0017 -0.7817
vn 0.5537 0.1212 -0.8239
vn 0.6737 -0.1893 -0.7144
vn 0.6127 -0.0988 -0.7841
vn 0.5421 0.0748 -0.8370
vn 0.4409 0.1360 -0.8872
vn 0.4996 -0.0313 -0.8657
vn 0.4007 -0.0241 -0.9159
vn 0.4286 0.1416 -0.8923
vn 0.3748 0.2065 -0.9038
vn 0.3421 0.0748 -0.9367
vn 0.4489 -0.2275 -0.8641
vn 0.3293 0.2504 -0.9104
vn 0.2606 0.1271 -0.9570
vn 0.2136 0.2933 -0.9319
vn 0.3300 0.2593 -0.9077
vn 0.3711 0.2051 -0.9057
vn 0.2482 0.3278 -0.9116
vn 0.1230 0.4042 -0.9064
vn 0.0972 0.3654 -0.9258
vn 0.1559 0.1852 -0.9703
vn 0.0194 0.2632 -0.9645
vn -0.0121 0.4416 -0.8972
vn 0.0323 0.4865 -0.8731
vn -0.0789 0.5513 -0.8306
vn -0.1229 0.5236 -0.8431
vn -0.2144 0.4102 -0.8865
vn -0.0805 0.3302 -0.9405
vn -0.1721 0.5776 -0.7980
vn -0.3599 0.4415 -0.8220
vn -0.2427 0.5530 -0.7971
vn -0.3623 0.1855 -0.9134
vn -0.5149 0.2254 -0.8271
vn -0.4653 0.4150 -0.7819
vn -0.3284 0.5599 -0.7607
vn -0.6426 0.1728 -0.7465
vn -0.7294 -0.0247 -0.6837
vn -0.6300 -0.0125 -0.7765
vn -0.7122 0.2070 -0.6708
vn -0.6970 -0.2104 -0.6855
vn -0.7686 -0.1531 -0.6212
vn -0.7897 0.0307 -0.6127
vn -0.7369 0.2504 -0.6279
vn -0.7894 0.0812 -0.6085
vn -0.8050 -0.0878 -0.5868
vn -0.8125 -0.0329 -0.5820
vn -0.7023 0.2982 -0.6464
vn -0.7908 0.1054 -0.6029
vn -0.6934 0.3783 -0.6132
vn -0.7936 0.1755 -0.5826
vn -0.8175 -0.0379 -0.5747
vn -0.8093 0.0662 -0.5837
vn -0.6403 0.5052 -0.5786
vn -0.7768 0.3108 -0.5477
vn -0.7876 0.0844 -0.6104
vn -0.8111 0.2308 -0.5374
vn -0.8127 -0.0809 -0.5771
vn -0.8486 -0.2010 -0.4893
vn -0.7859 -0.1476 -0.6004
vn -0.7696 -0.3565 -0.5298
vn -0.8338 -0.3300 -0.4426
vn -0.8259 -0.2633 -0.4985
vn -0.8219 -0.1218 -0.5565
vn -0.8097 -0.1992 -0.5519
vn -0.8008 -0.3474 -0.4879
vn -0.7364 -0.5717 -0.3618
vn -0.8100 -0.4269 -0.4020
vn -0.7372 -0.6140 -0.2820
vn -0.7966 -0.4361 -0.4186
vn -0.6504 -0.7379 -0.1801
vn -0.7554 -0.5661 -0.3298
vn -0.3840 -0.9210 -0.0651
vn -0.5663 -0.8171 -0.1077
vn -0.6986 -0.6858 -0.2037
vn -0.3479 -0.9369 -0.0345
vn -0.5794 -0.8091 -0.0982
vn -0.5702 -0.7766 -0.2679
vn -0.5193 -0.8468 -0.1154
vn -0.3387 -0.9395 -0.0511
vn -0.4586 -0.8881 -0.0308
vn -0.3237 -0.9300 -0.1741
vn -0.4094 -0.8637 -0.2940
vn -0.0709 -0.9969 -0.0343
vn -0.3117 -0.9493 -0.0409
vn -0.0618 -0.9966 -0.0538
vn -0.0537 -0.9977 -0.0404
vn 0.1724 -0.9835 -0.0541
vn 0.1456 -0.9876 -0.0588
vn -0.3013 -0.9523 -0.0485
vn -0.2944 -0.9554 -0.0228
vn -0.0365 -0.9981 -0.0497
vn 0.1507 -0.9884 -0.0172
vn -0.4200 -0.9065 -0.0439
vn -0.3165 -0.9447 -0.0855
vn -0.1281 -0.9877 -0.0891
vn -0.1243 -0.9889 0.0813
vn -0.0853 -0.9788 -0.1862
vn -0.0229 -0.9966 -0.0795
vn 0.1629 -0.9640 -0.2104
vn 0.2829 -0.9572 -0.0619
vn 0.0665 -0.9887 0.1347
vn 0.3448 -0.9029 0.2566
vn 0.2926 -0.9401 -0.1750
vn 0.3686 -0.9294 0.0163
vn 0.1573 -0.9045 0.3964
vn 0.5298 -0.7670 0.3620
vn -0.0210 -0.9564 0.2914
vn -0.1785 -0.9472 0.2663
vn -0.0287 -0.9567 0.2898
vn -0.2327 -0.9481 0.2166
vn -0.1805 -0.9599 0.2146
vn -0.2689 -0.9490 0.1644
vn -0.2196 -0.9610 0.1681
vn -0.2081 -0.9563 0.2055
vn -0.2357 -0.9614 0.1422
vn -0.2013 -0.9505 0.2366
vn -0.0287 -0.9680 0.2495
vn -0.1515 -0.9447 0.2907
vn -0.1100 -0.9540 0.2790
vn -0.2237 -0.9046 0.3628
vn -0.1004 -0.9111 0.3997
vn -0.1080 -0.9377 0.3303
vn -0.0009 -0.9373 0.3486
vn 0.1846 -0.9673 0.1739
vn -0.1481 -0.9766 0.1560
vn 0.1867 -0.9025 0.3881
vn 0.3050 -0.9391 -0.1582
vn 0.0139 -0.9996 0.0229
vn 0.4916 -0.8691 0.0553
vn 0.3328 -0.9336 -0.1324
vn -0.0772 -0.9947 0.0686
vn 0.4886 -0.8550 0.1740
vn 0.7009 -0.6844 -0.2007
vn 0.5202 -0.8032 -0.2902
vn 0.9560 -0.2908 0.0395
vn 0.5655 -0.7097 0.4202
vn 0.9714 0.0736 0.2256
vn 0.8207 0.5282 0.2179
vn 0.9768 0.1670 0.1342
vn 0.7709 0.6263 0.1159
vn 0.9360 0.0776 0.3434
vn 0.8743 0.4269 0.2310
vn 0.8471 0.3938 0.3570
vn 0.9146 0.3199 0.2472
vn 0.9247 0.1051 0.3658
vn 0.9000 0.1245 0.4177
vn 0.8797 -0.1910 0.4356
vn 0.9254 0.1431 0.3509
vn 0.9170 -0.1556 0.3672
vn 0.8866 -0.2023 0.4160
vn 0.9684 0.1358 0.2092
vn 0.8884 0.4557 0.0557
vn 0.9194 -0.1946 0.3418
vn 0.9534 -0.1839 0.2391
vn 0.9873 0.1535 0.0420
vn 0.9051 0.4157 -0.0891
vn 0.8202 0.5710 0.0358
vn 0.9404 -0.3241 0.1032
vn 0.8334 0.5261 -0.1694
vn 0.9059 -0.0844 -0.4151
vn 0.1706 -0.9631 -0.2081
vn -0.0508 -0.9366 -0.3466
vn 0.1070 -0.9677 -0.2284
vn -0.2175 -0.9509 -0.2200
vn 0.2203 -0.9449 -0.2423
vn 0.1783 -0.9559 -0.2334
vn -0.0169 -0.9610 -0.2759
vn 0.0736 -0.9382 -0.3382
vn -0.1327 -0.9777 -0.1625
vn -0.2243 -0.9560 -0.1888
vn -0.1418 -0.9200 -0.3652
vn -0.2703 -0.9169 -0.2937
vn -0.3764 -0.8401 -0.3905
vn -0.5103 -0.7799 -0.3625
vn -0.4196 -0.8584 -0.2950
vn -0.4902 -0.8556 -0.1667
vn -0.6073 -0.7689 -0.1998
vn -0.6219 -0.7681 -0.1525
vn -0.6521 -0.7468 -0.1305
vn -0.5944 -0.7843 -0.1778
vn -0.5582 -0.7063 -0.4354
vn -0.4457 -0.8553 -0.2645
vn -0.5545 -0.8077 -0.2003
vn -0.6083 -0.7604 -0.2274
vn -0.4968 -0.7876 -0.3645
vn -0.5922 -0.7485 -0.2985
vn -0.6671 -0.6588 -0.3477
vn -0.6943 -0.5893 -0.4132
vn -0.7349 -0.4745 -0.4845
vn -0.6545 -0.6454 -0.3938
vn -0.5629 -0.6791 -0.4712
vn -0.7556 -0.4452 -0.4805
vn -0.7015 -0.4066 -0.5853
vn -0.5044 -0.7079 -0.4944
vn -0.6429 -0.6799 -0.3526
vn -0.5997 -0.4899 -0.6328
vn -0.7118 -0.5665 -0.4152
vn -0.7169 -0.2454 -0.6525
vn -0.7286 -0.0088 -0.6849
vn -0.7132 0.2298 -0.6623
vn -0.8170 -0.1486 -0.5571
vn -0.7175 0.1646 -0.6769
vn -0.7721 -0.2311 -0.5920
vn -0.8173 0.0540 -0.5737
vn -0.7769 0.2945 -0.5564
vn -0.8056 0.0547 -0.5899
vn -0.8148 0.2951 -0.4990
vn -0.7162 0.3552 -0.6007
vn -0.7120 0.4886 -0.5043
vn -0.6818 0.4990 -0.5350
vn -0.6420 0.5129 -0.5700
vn -0.6348 0.3933 -0.6651
vn -0.6796 0.4589 -0.5723
vn -0.7285 0.3649 -0.5798
vn -0.6199 0.5760 -0.5329
vn -0.7198 0.4647 -0.5157
vn -0.5731 0.6293 -0.5250
vn -0.5077 0.6909 -0.5147
vn -0.3977 0.7514 -0.5265
vn -0.3833 0.7472 -0.5429
vn -0.2956 0.8160 -0.4969
vn -0.4543 0.6826 -0.5724
vn -0.2244 0.8044 -0.5501
vn -0.5201 0.7123 -0.4713
vn -0.1778 0.7307 -0.6592
vn -0.4721 0.7030 -0.5319
vn -0.3217 0.8192 -0.4748
vn -0.3587 0.8022 -0.4773
vn -0.0827 0.7583 -0.6466
vn -0.5603 0.7128 -0.4219
vn -0.5678 0.6727 -0.4744
vn -0.4468 0.7522 -0.4843
vn -0.4894 0.7573 -0.4323
vn -0.4876 0.7341 -0.4725
vn -0.4741 0.7707 -0.4258
vn -0.4745 0.7486 -0.4631
vn -0.2788 0.7424 -0.6092
vn -0.4431 0.7351 -0.5132
vn -0.1867 0.7970 -0.5744
vn 0.0220 0.6988 -0.7150
vn 0.0509 0.8423 -0.5366
vn -0.0772 0.9702 -0.2295
vn -0.4039 0.8615 -0.3077
vn 0.1169 0.8318 -0.5426
vn 0.1003 0.7866 -0.6092
vn -0.4770 0.7679 -0.4275
vn 0.0657 0.8220 -0.5657
vn -0.5658 0.7457 -0.3518
vn 0.0429 0.8751 -0.4820
vn -0.6644 0.7326 -0.1482
vn 0.0475 0.8893 -0.4548
vn -0.6764 0.6940 -0.2466
vn -0.6496 0.7470 -0.1414
vn -0.8022 0.5898 -0.0929
vn -0.3867 0.9194 -0.0721
vn -0.3486 0.9135 -0.2095
vn 0.0226 0.9983 -0.0530
vn -0.1144 0.9819 -0.1509
vn 0.3603 0.9146 -0.1837
vn -0.2038 0.9786 -0.0289
vn -0.6711 0.7413 -0.0012
vn -0.3723 0.8095 -0.4540
vn -0.4962 0.8681 0.0110
vn -0.5415 0.8393 -0.0484
vn -0.6161 0.7807 -0.1050
vn -0.7399 0.6715 -0.0405
vn -0.7381 0.6747 0.0015
vn -0.6586 0.7513 0.0434
vn -0.6087 0.7925 0.0368
vn -0.6448 0.7635 0.0358
vn -0.5283 0.8456 0.0766
vn -0.5137 0.8573 0.0338
vn -0.4804 0.8738 0.0761
vn -0.5353 0.8361 0.1200
vn -0.5237 0.8475 0.0869
vn -0.5258 0.8409 0.1281
vn -0.6950 0.7168 -0.0563
vn -0.5630 0.8264 -0.0118
vn -0.6987 0.6889 -0.1930
vn -0.5556 0.8266 0.0901
vn -0.8770 0.4541 -0.1572
vn -0.7217 0.6917 -0.0271
vn -0.8478 0.4881 -0.2074
vn -0.7119 0.6521 -0.2607
vn -0.8227 0.4944 -0.2807
vn -0.6316 0.7634 -0.1352
vn -0.6925 0.6169 -0.3741
vn -0.7642 0.5101 -0.3948
vn -0.6698 0.6995 -0.2491
vn -0.6574 0.6579 -0.3674
vn -0.6732 0.5809 -0.4576
vn -0.6476 0.6236 -0.4379
vn -0.6416 0.5532 -0.5314
vn -0.6598 0.5517 -0.5102
vn -0.6060 0.6140 -0.5058
vn -0.5531 0.6697 -0.4956
vn -0.5011 0.7438 -0.4423
vn -0.5799 0.7087 -0.4019
vn -0.6370 0.7235 -0.2661
vn -0.6043 0.6390 -0.4759
vn -0.4652 0.8281 -0.3127
vn -0.6949 0.6756 -0.2462
vn -0.0148 0.9996 -0.0254
vn -0.5011 0.8652 0.0208
vn -0.4440 0.8723 -0.2048
vn -0.6027 0.7405 -0.2974
vn -0.6009 0.7587 -0.2518
vn -0.4926 0.8701 -0.0152
vn -0.5269 0.7826 -0.3314
vn -0.4631 0.8852 0.0447
vn -0.5395 0.8418 -0.0196
vn -0.6078 0.7878 -0.0997
vn -0.3102 0.6993 -0.6440
vn -0.4005 0.8358 -0.3755
vn -0.8831 0.2822 -0.3748
vn -0.9209 0.2496 -0.2993
vn -0.9335 0.0023 -0.3586
vn -0.8688 0.0285 -0.4943
vn -0.9394 0.2149 -0.2673
vn -0.9507 -0.0004 -0.3101
vn -0.9734 0.1378 -0.1831
vn -0.9619 -0.0842 -0.2602
vn -0.8801 -0.2838 -0.3806
vn -0.8435 -0.3457 -0.4112
vn -0.8915 -0.3031 -0.3367
vn -0.6827 -0.6137 -0.3965
vn -0.6879 -0.5857 -0.4288
vn -0.7193 -0.5499 -0.4244
vn -0.9095 -0.2485 -0.3334
vn -0.9760 -0.0882 -0.1989
vn -0.4145 -0.8252 -0.3836
vn -0.4331 -0.7661 -0.4749
vn -0.7676 -0.4263 -0.4785
vn -0.3163 -0.8755 -0.3654
vn -0.2020 -0.8711 -0.4477
vn -0.4837 -0.6632 -0.5712
vn -0.5025 -0.6169 -0.6057
vn -0.8251 -0.3428 -0.4491
vn -0.1824 -0.7514 -0.6342
vn -0.2769 -0.8193 -0.5021
vn -0.8442 -0.2175 -0.4900
vn -0.4085 -0.6968 -0.5895
vn -0.7651 -0.3461 -0.5430
vn -0.7430 0.0707 -0.6656
vn -0.5467 -0.5678 -0.6154
vn -0.2843 -0.5295 -0.7993
vn -0.7450 0.5109 -0.4288
vn -0.5202 -0.2773 -0.8077
vn -0.6170 -0.5184 -0.5921
vn -0.8476 0.4445 -0.2900
vn -0.7555 -0.1785 -0.6304
vn -0.9758 0.0351 -0.2159
vn -0.8552 -0.3599 -0.3729
vn -0.7920 -0.4069 -0.4552
vn -0.8021 -0.5588 -0.2108
vn -0.8505 -0.5101 -0.1285
vn -0.8299 -0.5074 -0.2320
vn -0.9034 -0.4081 0.1316
vn -0.9334 -0.3566 0.0398
vn -0.7831 -0.6209 0.0359
vn -0.8302 -0.5350 0.1566
vn -0.7760 -0.6272 0.0668
vn -0.8416 -0.5397 0.0218
vn -0.7406 -0.6704 -0.0448
vn -0.7943 -0.6069 -0.0291
vn -0.8458 -0.5327 -0.0301
vn -0.7131 -0.6992 -0.0522
vn -0.8389 -0.5306 -0.1213
vn -0.9158 -0.3844 -0.1168
vn -0.7269 -0.6748 -0.1276
vn -0.7325 -0.6684 -0.1294
vn -0.7787 -0.6221 -0.0817
vn -0.6845 -0.6986 -0.2084
vn -0.6288 -0.7666 -0.1299
vn -0.6965 -0.7006 -0.1548
vn -0.6738 -0.7203 -0.1646
vn -0.7087 -0.6633 -0.2405
vn -0.6785 -0.7092 -0.1917
vn -0.6846 -0.6645 -0.2996
vn -0.4046 -0.9119 -0.0696
vn -0.4172 -0.8999 -0.1269
vn -0.4465 -0.8918 -0.0728
vn -0.7300 -0.6646 -0.1592
vn -0.4967 -0.8634 -0.0885
vn 0.0826 -0.9876 0.1334
vn -0.0203 -0.9997 0.0131
vn -0.0469 -0.9988 -0.0100
vn -0.5315 -0.8470 -0.0094
vn -0.8038 -0.5837 -0.1149
vn 0.5068 -0.8285 0.2383
vn 0.5806 -0.7568 0.3002
vn 0.4003 -0.9023 0.1602
vn 0.3314 -0.9291 0.1639
vn -0.0250 -0.9958 0.0881
vn 0.2955 -0.8883 0.3516
vn -0.0620 -0.9490 0.3092
vn -0.5381 -0.8415 0.0477
vn -0.5554 -0.7955 0.2424
vn -0.8554 -0.5146 -0.0593
vn -0.9033 -0.4253 -0.0560
vn -0.8321 -0.4873 -0.2649
vn -0.8858 -0.3766 -0.2712
vn -0.9341 -0.2529 -0.2521
vn -0.9467 -0.1812 -0.2662
vn -0.9004 -0.4247 0.0946
vn -0.9407 -0.1776 0.2892
vn -0.9765 -0.1946 -0.0925
vn -0.7468 -0.1586 0.6458
vn -0.5354 -0.7242 0.4346
vn -0.2201 -0.6517 0.7259
vn -0.4906 0.1050 0.8651
vn -0.7528 0.4988 0.4295
vn -0.9367 0.2609 0.2335
vn -0.4897 0.6506 0.5805
vn -0.8894 0.4535 0.0576
vn -0.6505 0.7257 0.2239
vn -0.4175 0.8560 0.3050
vn -0.0679 0.7152 0.6956
vn -0.0156 0.1815 0.9833
vn 0.4413 0.7619 0.4742
vn -0.0303 0.9003 0.4342
vn 0.4163 0.6082 0.6758
vn 0.4737 0.1338 0.8705
vn 0.1633 -0.5604 0.8120
vn 0.5762 -0.7156 0.3949
vn 0.5746 -0.3718 0.7291
vn 0.5807 -0.7684 0.2690
vn 0.8134 -0.4435 0.3764
vn 0.8126 -0.5116 0.2792
vn 0.8224 -0.4908 0.2878
vn 0.6213 -0.7268 0.2928
vn 0.8224 -0.4495 0.3488
vn 0.6626 -0.6522 0.3681
vn 0.9707 -0.1552 0.1832
vn 0.9867 -0.1010 0.1273
vn 0.9702 0.2193 -0.1027
vn 0.9466 0.2630 -0.1863
vn 0.9987 -0.0447 -0.0232
vn 0.9328 0.2150 -0.2893
vn 0.8563 -0.1784 0.4846
vn 0.9928 -0.0359 0.1143
vn 0.9203 0.1381 -0.3661
vn 0.8494 0.3430 -0.4011
vn 0.7771 0.2755 -0.5659
vn 0.6280 0.4344 -0.6458
vn 0.7006 0.5274 -0.4806
vn 0.8813 0.3834 -0.2762
vn 0.3085 0.5131 -0.8010
vn 0.4861 0.6391 -0.5960
vn 0.7128 0.5755 -0.4008
vn 0.7326 0.5933 -0.3335
vn 0.5793 0.6973 -0.4221
vn 0.6176 0.0811 -0.7823
vn 0.8889 0.4027 -0.2182
vn 0.4449 0.6844 -0.5776
vn -0.0368 -0.6854 -0.7272
vn -0.0172 -0.0382 -0.9991
vn 0.0753 0.7412 -0.6670
vn 0.1442 0.3743 -0.9160
vn -0.2529 0.6818 -0.6864
vn -0.2754 0.4960 -0.8235
vn 0.4392 0.6428 -0.6277
vn -0.1955 0.4954 -0.8464
vn -0.5779 0.3631 -0.7309
vn -0.6356 0.5640 -0.5272
vn -0.5127 0.7150 -0.4752
vn -0.7455 0.3171 -0.5863
vn -0.6395 0.7390 -0.2118
vn -0.5457 0.8123 -0.2058
vn -0.7323 0.0629 -0.6781
vn -0.7618 0.0132 -0.6477
vn -0.7934 0.4473 -0.4129
vn -0.5031 0.8617 0.0663
vn -0.7093 0.6912 -0.1386
vn -0.7799 0.0554 -0.6234
vn -0.8841 0.1792 -0.4317
vn -0.5277 0.8187 0.2264
vn -0.6754 0.7279 0.1182
vn -0.9827 0.1420 -0.1190
vn -0.7907 -0.5138 -0.3329
vn -0.8054 -0.5141 -0.2949
vn -0.7453 -0.4241 -0.5144
vn -0.7187 -0.5537 -0.4206
vn -0.6852 -0.6352 -0.3565
vn -0.7669 -0.5838 -0.2665
vn -0.7395 -0.6396 -0.2097
vn -0.7877 -0.4206 -0.4502
vn -0.8731 -0.2254 -0.4324
vn -0.7391 -0.3176 -0.5940
vn -0.7923 -0.1781 -0.5836
vn -0.8709 -0.0958 -0.4820
vn -0.8097 -0.0789 -0.5815
vn -0.6818 0.0323 -0.7308
vn -0.4858 0.2188 -0.8462
vn -0.7768 -0.0240 -0.6292
vn -0.9100 -0.1373 -0.3911
vn -0.7707 -0.0529 -0.6350
vn -0.3984 0.1292 -0.9080
vn -0.7863 -0.0052 -0.6178
vn -0.4754 0.0651 -0.8774
vn -0.5326 0.0899 -0.8416
vn 0.0175 0.2006 -0.9795
vn -0.0844 0.1988 -0.9764
vn 0.1246 0.3126 -0.9417
vn -0.5556 0.1513 -0.8175
vn -0.8499 0.0614 -0.5233
vn -0.1780 0.1635 -0.9704
vn 0.4059 0.2553 -0.8775
vn 0.4427 0.2644 -0.8568
vn -0.1856 0.1487 -0.9713
vn 0.3547 0.1857 -0.9164
vn 0.3243 0.1377 -0.9359
vn -0.1522 -0.0051 -0.9883
vn -0.5604 0.1412 -0.8161
vn -0.0581 -0.3918 -0.9182
vn -0.6356 -0.0114 -0.7720
vn 0.3861 -0.4052 -0.8287
vn 0.7262 0.1433 -0.6723
vn 0.2934 -0.0163 -0.9559
vn 0.7145 0.0395 -0.6985
vn 0.7864 -0.2514 -0.5643
vn 0.3918 -0.7657 -0.5100
vn 0.1216 -0.8042 -0.5818
vn 0.3664 -0.8240 -0.4321
vn 0.7563 -0.5614 -0.3358
vn 0.7261 -0.5944 -0.3457
vn 0.2288 -0.8578 -0.4603
vn 0.2347 -0.7708 -0.5922
vn 0.4671 -0.6883 -0.5550
vn 0.2885 -0.5121 -0.8090
vn 0.0463 -0.7366 -0.6747
vn 0.7144 -0.3938 -0.5784
vn 0.6231 -0.1234 -0.7724
vn 0.9606 -0.1769 -0.2141
vn 0.9329 0.0762 -0.3519
vn 0.8872 0.2248 -0.4029
vn 0.9010 0.4337 0.0032
vn 0.9181 0.3951 -0.0324
vn 0.8737 0.4337 0.2202
vn 0.9772 -0.1818 -0.1102
vn 0.9676 0.1720 0.1851
vn 0.6773 0.5300 0.5103
vn 0.8084 0.4426 0.3881
vn 0.7449 0.4240 0.5152
vn 0.7033 0.5313 0.4723
vn 0.5910 0.5384 0.6006
vn 0.8299 0.1407 0.5399
vn 0.9965 0.0623 0.0559
vn 0.9692 -0.0378 -0.2433
vn 0.9189 0.0805 -0.3863
vn 0.9416 0.1326 -0.3095
vn 0.8968 0.1254 -0.4242
vn 0.7518 0.1568 -0.6405
vn 0.7825 0.2020 -0.5889
vn 0.7308 0.2382 -0.6397
vn 0.6733 0.2567 -0.6934
vn 0.5229 0.3149 -0.7921
vn 0.8776 0.1884 -0.4408
vn -0.2081 0.3166 -0.9255
vn 0.1629 0.5177 -0.8399
vn 0.9555 0.2709 0.1170
vn 0.8851 0.4068 0.2261
vn 0.9077 0.3951 0.1416
vn 0.8792 0.1802 0.4410
vn 0.9987 0.0098 0.0508
vn 0.5090 -0.0723 0.8578
vn 0.9373 -0.2815 0.2057
vn 0.4490 -0.7455 0.4926
vn 0.7188 0.4102 0.5612
vn 0.2896 -0.3971 0.8709
vn 0.7763 -0.5875 -0.2285
vn 0.4072 -0.9071 0.1068
vn -0.2429 -0.7554 0.6086
vn 0.8767 -0.4422 -0.1894
vn 0.5993 -0.7581 -0.2571
vn 0.6024 -0.6644 -0.4424
vn 0.5109 -0.7258 -0.4606
vn 0.9119 -0.4103 -0.0059
vn 0.5055 -0.8626 -0.0215
vn 0.2711 -0.9561 0.1116
vn 0.8484 -0.5252 0.0665
vn 0.9974 0.0576 0.0430
vn 0.9978 -0.0326 0.0580
vn 0.9443 0.3179 0.0851
vn 0.9444 0.3209 0.0712
vn 0.8020 0.5723 0.1710
vn 0.6699 0.7223 0.1715
vn 0.7135 0.6468 0.2695
vn 0.3654 0.8813 0.2997
vn 0.8416 0.5151 0.1621
vn 0.3061 0.8731 0.3796
vn 0.5211 0.8167 0.2479
vn 0.8592 0.4665 0.2100
vn 0.6881 0.6965 0.2035
vn 0.7470 0.5443 0.3817
vn 0.4429 0.8479 0.2913
vn 0.2699 0.9330 0.2379
vn 0.1620 0.9411 0.2968
vn -0.0031 0.9858 0.1681
vn -0.0129 0.9583 0.2854
vn -0.3681 0.9168 0.1550
vn -0.3569 0.9125 0.1998
vn -0.4342 0.8897 0.1415
vn -0.5285 0.8350 0.1531
vn -0.4794 0.8749 0.0688
vn -0.6683 0.7437 0.0180
vn -0.9056 0.4130 -0.0968
vn -0.7138 0.7000 -0.0228
vn -0.4445 0.8827 0.1527
vn -0.4243 0.8624 0.2762
vn -0.4223 0.8794 0.2199
vn -0.7588 0.6513 0.0062
vn -0.6216 0.7810 0.0599
vn -0.2016 0.9320 0.3012
vn -0.4322 0.8489 0.3042
vn -0.8813 0.4285 -0.1991
vn -0.9267 0.3147 -0.2053
vn -0.9296 0.3088 -0.2011
vn -0.4551 0.8877 0.0704
vn 0.0628 0.9637 0.2596
vn -0.8276 0.5610 -0.0204
vn -0.4195 0.8898 0.1795
vn 0.0766 0.9575 0.2780
vn -0.7963 0.5821 0.1646
vn -0.4419 0.8317 0.3361
vn 0.0357 0.8993 0.4359
vn -0.2300 0.9453 0.2311
vn -0.1485 0.9630 0.2247
vn -0.5786 0.8022 0.1472
vn -0.5236 0.8415 0.1330
vn -0.1548 0.9131 0.3772
vn -0.5382 0.8100 0.2330
vn -0.2720 0.7819 0.5609
vn -0.5468 0.6963 0.4650
vn -0.1322 0.7718 0.6220
vn -0.2892 0.3574 0.8880
vn -0.7033 0.3620 0.6118
vn -0.0857 0.4783 0.8740
vn -0.4275 0.7397 0.5197
vn -0.7311 0.4164 0.5405
vn -0.7700 0.5616 0.3027
vn -0.9819 0.1236 0.1435
vn -0.8874 -0.0783 0.4543
vn -0.9710 0.2364 -0.0363
vn -0.9622 0.2095 -0.1742
vn -0.9009 -0.3461 -0.2618
vn -0.9263 -0.3346 -0.1730
vn -0.3660 -0.9135 -0.1777
vn -0.8873 -0.4612 0.0040
vn -0.3952 -0.8865 -0.2407
vn 0.3244 -0.9450 -0.0408
vn 0.3254 -0.9431 -0.0690
vn -0.3265 -0.9451 0.0093
vn 0.3115 -0.9492 -0.0439
vn 0.2834 -0.9541 -0.0967
vn 0.2748 -0.9588 0.0721
vn -0.0765 -0.9868 -0.1430
vn -0.0882 -0.9772 -0.1930
vn 0.1606 -0.9868 0.0200
vn 0.1015 -0.9910 -0.0876
vn 0.1580 -0.9727 -0.1699
vn -0.1841 -0.9690 -0.1651
vn 0.3889 -0.9148 -0.1092
vn 0.3560 -0.9345 0.0044
vn 0.1549 -0.9779 -0.1402
vn 0.4016 -0.8628 0.3071
vn 0.4126 -0.9100 -0.0413
vn -0.4214 -0.9005 0.1078
vn 0.0453 -0.9732 0.2255
vn -0.7348 -0.3600 0.5748
vn 0.3407 -0.2925 0.8935
vn -0.2466 0.4666 0.8494
vn 0.1982 0.4057 0.8923
vn -0.3655 -0.3314 0.8698
vn -0.2343 0.3376 0.9116
vn -0.5240 0.4053 0.7491
vn -0.7348 -0.2045 0.6467
vn -0.5965 -0.7815 0.1829
vn -0.2110 -0.9090 0.3595
vn -0.4037 0.6807 0.6113
vn 0.1939 0.7254 0.6604
vn -0.3061 0.8340 0.4590
vn -0.3381 0.8269 0.4494
vn 0.1783 0.8422 0.5089
vn -0.1484 0.9349 0.3224
vn 0.2991 0.8832 0.3613
vn 0.3577 0.8037 0.4755
vn -0.1552 0.9508 0.2680
vn 0.0845 0.7264 0.6820
vn -0.0609 0.9556 0.2882
vn 0.0117 0.9746 0.2237
vn 0.5422 0.8005 0.2554
vn 0.8809 0.3708 0.2943
vn 0.9340 0.3224 0.1541
vn 0.9879 -0.1379 0.0711
vn 0.9817 -0.1563 0.1086
vn 0.6719 -0.7391 -0.0481
vn 0.7474 -0.6621 0.0544
vn 0.7289 -0.6812 0.0680
vn 0.9412 -0.1440 0.3057
vn 0.5380 0.3050 0.7859
vn 0.7517 0.4067 0.5191
vn 0.6153 -0.7222 0.3158
vn 0.7021 -0.1973 0.6842
vn 0.0201 -0.9912 -0.1312
vn -0.0407 -0.9884 -0.1462
vn -0.0482 -0.9451 0.3231
vn -0.4274 -0.8839 -0.1900
vn -0.3302 -0.9280 -0.1727
vn -0.0505 -0.9918 -0.1175
vn 0.0407 -0.9898 -0.1368
vn -0.0947 -0.9955 0.0028
vn 0.2795 -0.9445 0.1727
vn -0.5115 -0.8591 0.0199
vn -0.1123 -0.9732 0.2008
vn -0.3768 -0.9118 0.1632
vn -0.0260 -0.9794 0.2003
vn 0.0253 -0.9818 0.1884
vn -0.0123 -0.9962 0.0866
vn 0.1240 -0.9918 -0.0305
vn 0.2701 -0.9517 -0.1463
vn 0.0348 -0.9988 0.0351
vn 0.3340 -0.8626 -0.3799
vn 0.2559 -0.9108 -0.3240
vn 0.3923 -0.8235 -0.4098
vn 0.3342 -0.7479 -0.5735
vn 0.3222 -0.7614 -0.5626
vn 0.2966 -0.8694 -0.3952
vn 0.3845 -0.7743 -0.5026
vn 0.2188 -0.9479 -0.2317
vn -0.0738 -0.9862 0.1481
vn 0.1165 -0.9756 0.1861
vn -0.0548 -0.9343 -0.3521
vn -0.2218 -0.9280 -0.2995
vn -0.5225 -0.8245 0.2170
vn 0.0065 -0.9898 -0.1425
vn -0.4670 -0.7321 0.4960
vn -0.3017 -0.8634 -0.4044
vn -0.2519 -0.9676 -0.0142
vn -0.3171 -0.8763 0.3627
vn 0.3735 -0.7423 -0.5563
vn 0.5512 -0.8323 -0.0590
vn 0.4556 -0.7939 0.4028
vn -0.5118 -0.6362 0.5772
vn 0.0525 -0.6891 0.7227
vn -0.3598 -0.7978 0.4839
vn 0.8539 -0.3512 0.3840
vn 0.4169 -0.5600 0.7160
vn 0.9166 0.0884 0.3899
vn 0.9765 0.2019 -0.0760
vn 0.9742 -0.2240 -0.0264
vn 0.8675 0.1742 -0.4660
vn 0.7700 -0.2135 -0.6012
vn 0.4364 -0.1876 -0.8800
vn 0.1257 -0.4920 -0.8615
vn 0.4880 -0.0795 -0.8692
vn 0.0061 -0.3494 -0.9369
vn -0.2738 -0.6309 -0.7259
vn -0.4617 -0.8487 -0.2579
vn -0.3088 -0.6420 -0.7018
vn 0.0527 -0.8340 -0.5492
vn 0.1321 -0.7820 -0.6091
vn 0.1691 -0.9133 -0.3705
vn 0.2340 -0.9328 -0.2740
vn 0.3260 -0.9097 -0.2572
vn 0.1309 -0.8969 -0.4224
vn 0.2432 -0.8060 -0.5396
vn 0.3146 -0.8193 -0.4794
vn 0.1755 -0.8599 -0.4794
vn 0.1994 -0.9513 -0.2353
vn -0.0186 -0.9423 -0.3342
vn 0.1113 -0.8940 -0.4339
vn 0.0301 -0.9764 -0.2140
vn -0.1517 -0.9861 0.0678
vn -0.1442 -0.9797 0.1395
vn 0.1056 -0.9605 -0.2574
vn -0.3291 -0.9260 0.1852
vn -0.1752 -0.9608 0.2148
vn 0.1114 -0.9849 0.1322
vn 0.3532 -0.9046 0.2387
vn -0.2156 -0.9751 -0.0523
vn 0.0934 -0.9876 0.1261
vn -0.7412 -0.6221 -0.2522
vn -0.8062 -0.4486 -0.3857
vn -0.4164 -0.7914 -0.4475
vn -0.9402 -0.1384 -0.3111
vn -0.9402 -0.1723 -0.2940
vn -0.9288 -0.1622 -0.3331
vn -0.2262 -0.8451 -0.4843
vn -0.9384 -0.1351 -0.3180
vn -0.7294 -0.4997 -0.4672
vn -0.3329 -0.7025 -0.6291
vn -0.9660 0.0602 -0.2513
vn -0.9708 0.1460 -0.1905
vn -0.9618 0.0240 -0.2728
vn -0.9815 0.1825 -0.0583
vn -0.9496 -0.1207 -0.2894
vn -0.9964 0.0833 0.0125
vn -0.9583 -0.0263 -0.2846
vn -0.9978 -0.0635 0.0197
vn -0.9120 0.0633 -0.4053
vn -0.6159 -0.3357 -0.7127
vn -0.6807 -0.5217 -0.5142
vn -0.3334 -0.7180 -0.6111
vn -0.0272 -0.8488 -0.5280
vn -0.3519 -0.6916 -0.6307
vn 0.1213 -0.8158 -0.5654
vn -0.7459 -0.4551 -0.4864
vn -0.9448 0.0325 -0.3260
vn -0.9123 -0.3137 -0.2631
vn -0.9370 -0.0068 -0.3491
vn -0.9605 0.0620 -0.2711
vn -0.8760 -0.3957 -0.2756
vn -0.6135 -0.7823 -0.1077
vn -0.4986 -0.8507 -0.1663
vn 0.2056 -0.9774 0.0487
vn 0.2869 -0.9550 0.0758
vn -0.1636 -0.9864 0.0164
vn -0.1132 -0.9884 0.1008
vn 0.0165 -0.9966 0.0804
vn -0.1207 0.4652 0.8769
vn -0.1009 -0.3045 0.9472
vn 0.0572 0.9267 0.3714
vn 0.1429 0.9078 0.3944
vn 0.2519 0.9073 0.3366
vn 0.1889 0.8844 0.4268
vn -0.1513 0.9523 0.2649
vn -0.1799 0.9145 0.3624
vn -0.6256 0.7382 0.2524
vn -0.1052 0.9419 0.3189
vn -0.5027 0.8052 0.3145
vn -0.4120 0.8526 0.3215
vn -0.4667 0.8598 0.2071
vn -0.0465 0.9790 0.1984
vn -0.1105 0.9613 0.2523
vn -0.1357 0.8813 0.4527
vn -0.1868 0.7529 0.6311
vn -0.2878 -0.3416 0.8947
vn 0.0488 -0.1807 0.9823
vn 0.1511 -0.8124 0.5632
vn -0.0832 -0.8431 0.5313
vn -0.5040 -0.1555 0.8496
vn -0.3869 -0.8080 0.4443
vn -0.8386 -0.4825 0.2529
vn -0.4226 0.4704 0.7747
vn -0.7862 0.6125 -0.0815
vn -0.5661 0.8236 0.0366
vn -0.7305 -0.2843 -0.6209
vn 0.8126 -0.4205 0.4036
vn 0.7110 -0.5854 0.3896
vn 0.8072 -0.4135 0.4213
vn 0.7489 -0.5463 0.3750
vn 0.8262 -0.3992 0.3975
vn 0.7818 -0.5233 0.3390
vn 0.8529 -0.4002 0.3353
vn 0.7927 -0.5309 0.2995
vn 0.8649 -0.3992 0.3042
vn 0.7831 -0.5442 0.3008
vn 0.9399 -0.2281 0.2539
vn 0.8313 -0.4315 0.3503
vn 0.7518 -0.5684 0.3343
vn 0.8730 -0.3690 0.3190
vn 0.9707 -0.2268 0.0792
vn 0.9498 -0.2629 0.1694
vn 0.9806 -0.0366 0.1926
vn 0.8367 -0.3243 0.4414
vn 0.8537 -0.3419 0.3928
vn 0.8152 -0.2303 0.5315
vn 0.8200 -0.2489 0.5153
vn 0.9008 -0.3816 0.2074
vn 0.7502 -0.1002 0.6536
vn 0.7103 -0.1346 0.6909
vn 0.6995 -0.3572 0.6190
vn 0.3938 -0.0921 0.9146
vn 0.6309 0.0859 0.7711
vn 0.3172 0.2856 0.9043
vn 0.3479 -0.4603 0.8167
vn 0.6303 -0.6074 0.4835
vn 0.7872 -0.4525 0.4190
vn 0.1982 -0.7366 0.6466
vn -0.0582 -0.2104 0.9759
vn -0.1148 -0.5563 0.8230
vn -0.1528 -0.8192 0.5528
vn -0.2986 -0.8964 0.3277
vn 0.1136 -0.8887 0.4442
vn -0.3578 -0.9025 0.2398
vn 0.1398 -0.9302 0.3392
vn 0.5614 -0.7339 0.3825
vn 0.7029 -0.5488 0.4525
vn 0.5603 -0.7477 0.3563
vn 0.5979 -0.7343 0.3216
vn 0.1537 -0.9483 0.2777
vn 0.6361 -0.7162 0.2870
vn 0.1943 -0.9530 0.2325
vn -0.3581 -0.9319 0.0570
vn -0.3257 -0.9330 0.1533
vn 0.1769 -0.9773 0.1162
vn 0.1280 -0.9859 0.1075
vn 0.6272 -0.7220 0.2923
vn 0.5895 -0.7485 0.3037
vn -0.8117 -0.5841 0.0039
vn -0.7573 -0.6529 -0.0144
vn -0.9243 -0.3706 -0.0916
vn -0.8980 -0.3974 -0.1890
vn -0.8533 -0.5213 -0.0103
vn -0.8489 -0.5285 -0.0062
vn -0.8515 -0.5072 -0.1326
vn -0.8577 -0.4524 -0.2443
vn -0.9082 -0.4175 0.0281
vn -0.9275 -0.3688 -0.0605
vn -0.9159 -0.4003 0.0281
vn -0.8661 -0.4995 0.0213
vn -0.9161 -0.4009 -0.0090
vn -0.9616 -0.2403 0.1324
vn -0.9770 -0.1785 0.1165
vn -0.8874 -0.4588 0.0458
vn -0.9510 -0.3019 0.0676
vn -0.9183 -0.3775 0.1197
vn -0.9486 -0.2860 0.1353
vn -0.9855 -0.0926 0.1421
vn -0.9681 -0.2201 -0.1198
vn -0.9962 -0.0865 -0.0122
vn -0.9476 0.1627 0.2749
vn -0.9977 0.0486 0.0477
vn -0.9782 -0.0419 0.2034
vn -0.9928 0.1153 -0.0309
vn -0.9420 0.2313 0.2431
vn -0.9592 0.2401 0.1493
vn -0.9885 0.0118 -0.1505
vn -0.9963 0.0245 -0.0828
vn -0.7926 0.4325 0.4298
vn -0.8559 0.3678 0.3635
vn -0.9741 0.2012 0.1034
vn -0.9299 0.3641 -0.0525
vn -0.8754 0.4088 0.2580
vn -0.8356 0.5401 0.1003
vn -0.7346 0.5182 0.4380
vn -0.6467 0.7180 0.2574
vn -0.4470 0.7938 0.4124
vn -0.7289 0.4468 0.5187
vn -0.6962 0.4801 0.5336
vn -0.6882 0.4719 0.5511
vn -0.7932 0.3857 0.4713
vn -0.7452 0.4198 0.5181
vn -0.7345 0.4598 0.4991
vn -0.8012 0.4153 0.4307
vn -0.8062 0.4236 0.4131
vn -0.7830 0.4110 0.4669
vn -0.8635 0.2819 0.4182
vn -0.8941 0.3236 0.3097
vn -0.7039 0.4662 0.5359
vn -0.7560 0.4035 0.5155
vn -0.6764 0.3866 0.6269
vn -0.5594 0.5173 0.6477
vn -0.4916 0.3792 0.7840
vn -0.4860 0.5036 0.7143
vn -0.2561 0.4993 0.8277
vn -0.7441 0.4486 0.4951
vn 0.0988 0.3886 0.9161
vn -0.1152 0.3945 0.9116
vn -0.3049 0.2440 0.9206
vn 0.1754 0.2017 0.9636
vn -0.1287 0.5020 0.8552
vn -0.0048 0.2644 0.9644
vn 0.4395 0.2020 0.8752
vn -0.5774 0.2064 0.7899
vn -0.5669 -0.2649 0.7801
vn -0.6053 -0.5757 0.5497
vn -0.9442 -0.1448 0.2959
vn -0.6755 -0.7073 0.2085
vn -0.9808 -0.1208 0.1531
vn -0.8560 0.1981 0.4775
vn -0.9347 0.1623 0.3161
vn -0.9610 0.1158 0.2513
vn -0.9576 0.0265 0.2869
vn -0.8788 0.2417 0.4115
vn 0.6179 -0.0366 0.7854
vn 0.3468 -0.0758 0.9349
vn 0.6854 -0.3014 0.6628
vn 0.5394 -0.2607 0.8007
vn 0.7768 -0.4730 0.4158
vn 0.7000 -0.3779 0.6059
vn 0.3060 0.1449 0.9410
vn 0.5982 0.0113 0.8013
vn 0.8216 -0.5002 0.2733
vn 0.7914 -0.2045 0.5761
vn 0.9160 -0.2579 0.3072
vn 0.8478 0.0253 0.5297
vn 0.9570 -0.0081 0.2899
vn 0.8715 0.2609 0.4153
vn 0.6312 0.3560 0.6891
vn 0.6453 0.5310 0.5492
vn 0.8995 0.2215 0.3767
vn 0.9266 -0.1772 0.3316
vn 0.8112 -0.5329 0.2407
vn 0.7386 -0.0303 0.6734
vn 0.7310 -0.4310 0.5290
vn 0.2836 -0.6575 0.6980
vn 0.0090 -0.5071 0.8618
vn 0.5882 -0.6709 0.4515
vn 0.7152 -0.6329 0.2965
vn 0.1274 -0.8608 0.4927
vn 0.5153 -0.7814 0.3520
vn 0.6630 -0.7486 -0.0060
vn 0.7274 -0.6806 0.0879
vn 0.7718 -0.6201 0.1406
vn 0.6985 -0.6782 -0.2285
vn 0.9141 -0.3858 -0.1248
vn 0.8957 -0.4418 -0.0505
vn 0.9944 -0.0987 0.0369
vn 0.8220 -0.5582 0.1126
vn 0.8886 -0.4575 0.0329
vn 0.8015 -0.5881 0.1085
vn -0.2303 -0.8831 0.4088
vn -0.2063 -0.8424 0.4977
vn -0.3269 -0.8525 0.4078
vn -0.4057 -0.8181 0.4075
vn -0.2529 -0.7504 0.6107
vn -0.4694 -0.7911 0.3922
vn -0.4981 -0.7553 0.4259
vn -0.3476 -0.8705 0.3484
vn -0.5761 -0.6665 0.4731
vn -0.5525 -0.7191 0.4215
vn -0.5958 -0.6796 0.4279
vn -0.4992 -0.6521 0.5705
vn -0.7106 -0.5774 0.4022
vn -0.7903 -0.5007 0.3531
vn -0.6840 -0.3387 0.6461
vn -0.9222 -0.3743 0.0974
vn -0.8741 -0.3244 0.3617
vn -0.4920 -0.0755 0.8673
vn 0.0339 0.1360 0.9901
vn 0.6045 0.4347 0.6675
vn 0.0662 0.3105 0.9483
vn 0.4703 0.5751 0.6694
vn 0.4610 0.5394 0.7046
vn 0.1210 0.3816 0.9164
vn -0.0039 0.1938 0.9810
vn -0.3468 0.2333 0.9084
vn -0.3218 0.4377 0.8396
vn -0.9204 -0.3500 0.1744
vn -0.8330 -0.3868 0.3957
vn -0.8335 -0.4571 0.3104
vn -0.7654 -0.5780 0.2828
vn -0.7056 -0.4032 0.5826
vn -0.7023 -0.5505 0.4513
vn -0.6579 -0.4665 0.5912
vn -0.6940 -0.7174 -0.0609
vn -0.7256 -0.6705 -0.1545
vn -0.6626 -0.7476 0.0462
vn -0.6956 -0.5020 0.5139
vn -0.7009 -0.6996 0.1389
vn -0.6188 -0.5610 0.5498
vn -0.6360 -0.5414 0.5498
vn -0.7381 -0.6207 0.2645
vn -0.5650 -0.6745 0.4752
vn -0.6200 -0.7248 0.3006
vn -0.4741 -0.7816 0.4053
vn -0.4072 -0.8096 0.4228
vn -0.4213 -0.8427 0.3351
vn -0.5228 -0.8395 -0.1483
vn -0.4230 -0.9051 -0.0430
vn -0.2610 -0.8971 0.3564
vn -0.3239 -0.8492 0.4170
vn -0.3012 -0.9536 0.0043
vn -0.4299 -0.8841 -0.1831
vn -0.3684 -0.8858 -0.2821
vn -0.1611 -0.9809 -0.1091
vn -0.1395 -0.9758 -0.1684
vn 0.0230 -0.9984 0.0510
vn -0.3175 -0.8918 -0.3223
vn 0.2647 -0.9541 0.1401
vn 0.0172 -0.9883 -0.1513
vn -0.3163 -0.8991 -0.3026
vn -0.3868 -0.8403 -0.3799
vn -0.4983 -0.7614 -0.4147
vn -0.4196 -0.8910 -0.1734
vn -0.5915 -0.7271 -0.3486
vn 0.0768 -0.9944 -0.0727
vn 0.0969 -0.9952 -0.0124
vn -0.4118 -0.8760 -0.2510
vn -0.6751 -0.6897 -0.2619
vn -0.7724 -0.5642 -0.2918
vn -0.6760 -0.6276 -0.3862
vn -0.8288 -0.4567 -0.3233
vn -0.7045 -0.6104 -0.3622
vn -0.5877 -0.6826 -0.4345
vn -0.5309 -0.7480 -0.3983
vn -0.5933 -0.7233 -0.3533
vn -0.6038 -0.7198 -0.3424
vn -0.5761 -0.7623 -0.2950
vn -0.9063 -0.3103 -0.2869
vn -0.8592 -0.4072 -0.3098
vn -0.9233 -0.2660 -0.2771
vn -0.9321 -0.2510 -0.2610
vn -0.9662 -0.2571 -0.0201
vn -0.9316 -0.2530 -0.2611
vn -0.9660 -0.2526 -0.0550
vn -0.9407 -0.2899 0.1765
vn -0.9422 -0.2951 0.1587
vn -0.9717 -0.2358 -0.0141
vn -0.9750 -0.1453 0.1679
vn -0.9108 -0.2916 0.2922
vn -0.9208 -0.0422 0.3878
vn -0.8558 0.0605 0.5137
vn -0.8630 0.0697 0.5004
vn -0.8979 -0.1701 0.4060
vn -0.9109 -0.3353 0.2405
vn -0.8922 -0.3304 0.3080
vn -0.8748 -0.3270 0.3575
vn -0.8393 -0.1538 0.5215
vn -0.8168 -0.0264 0.5763
vn -0.6530 -0.1444 0.7434
vn -0.7288 -0.2788 0.6254
vn -0.6036 -0.0565 0.7953
vn -0.8339 -0.0184 0.5516
vn -0.6537 -0.2358 0.7191
vn -0.3073 -0.1448 0.9405
vn -0.3390 -0.1845 0.9225
vn -0.4465 -0.5531 0.7033
vn -0.5438 -0.7969 0.2632
vn -0.7347 -0.6080 0.3011
vn -0.2997 -0.9467 -0.1179
vn -0.1060 -0.9259 -0.3626
vn -0.4447 -0.8881 -0.1166
vn -0.1804 -0.9406 -0.2877
vn -0.2962 -0.8945 -0.3349
vn -0.0249 -0.8667 -0.4983
vn -0.1239 -0.9713 -0.2031
vn -0.2650 -0.8546 -0.4465
vn -0.1905 -0.9511 -0.2431
vn -0.5054 -0.8157 -0.2815
vn -0.5802 -0.7085 -0.4017
vn -0.8387 -0.4416 -0.3186
vn -0.8310 -0.4979 -0.2482
vn -0.9544 -0.2825 -0.0966
vn -0.9786 -0.2004 0.0460
vn -0.7394 -0.4496 0.5012
vn -0.6225 -0.2077 0.7546
vn -0.4672 -0.2222 0.8558
vn -0.8749 -0.3267 0.3576
vn -0.3542 -0.2571 0.8991
vn -0.4639 -0.3999 0.7905
vn -0.3058 -0.2081 0.9291
vn -0.7568 -0.4845 0.4387
vn -0.6860 -0.5759 0.4447
vn -0.4830 -0.7827 0.3925
vn -0.7641 -0.5115 0.3931
vn -0.7472 -0.5000 0.4377
vn -0.7426 -0.5402 0.3959
vn -0.3807 -0.8874 0.2600
vn 0.2371 -0.9425 0.2353
vn 0.3278 -0.9446 0.0177
vn 0.5647 -0.8180 0.1093
vn -0.3653 -0.9270 0.0847
vn 0.3055 -0.9480 -0.0893
vn 0.5469 -0.8216 0.1612
vn -0.3279 -0.9284 -0.1749
vn -0.7586 -0.6412 0.1153
vn -0.7618 -0.6395 -0.1037
vn -0.7092 -0.6318 -0.3128
vn -0.3123 -0.8708 -0.3797
vn 0.1799 -0.9823 -0.0523
vn 0.5931 -0.7955 0.1244
vn 0.5559 -0.8161 0.1581
vn 0.5316 -0.8406 0.1035
vn -0.0399 -0.9851 0.1673
vn 0.6573 -0.7301 0.1865
vn -0.5562 -0.8215 0.1255
vn -0.0510 -0.9665 0.2517
vn -0.6992 -0.6875 0.1960
vn -0.5783 -0.7957 0.1800
vn -0.6044 -0.7835 0.1439
vn -0.6098 -0.7576 0.2327
vn -0.0405 -0.9375 0.3457
vn -0.4981 -0.8568 0.1336
vn -0.3114 -0.9442 0.1072
vn -0.4032 -0.8805 0.2493
vn 0.5634 -0.7841 0.2604
vn 0.3391 -0.9050 0.2569
vn -0.0369 -0.9608 0.2748
vn 0.4613 -0.8753 0.1447
vn 0.2116 -0.9699 0.1202
vn -0.0302 -0.9955 0.0902
vn 0.1226 -0.9908 -0.0569
vn -0.0173 -0.9979 -0.0618
vn -0.1293 -0.9835 0.1267
vn -0.0581 -0.9925 0.1071
vn -0.1531 -0.9854 -0.0746
vn -0.2535 -0.9630 0.0910
vn 0.0328 -0.9931 0.1128
vn 0.1303 -0.9883 0.0790
vn 0.0624 -0.9946 -0.0827
vn -0.0966 -0.9942 0.0477
vn -0.0666 -0.9257 0.3723
vn -0.0089 -0.9213 0.3887
vn 0.0761 -0.9157 0.3946
vn -0.0626 -0.9192 0.3887
vn 0.1783 -0.9122 0.3690
vn 0.2225 -0.9746 0.0239
vn 0.2426 -0.9674 -0.0732
vn 0.0602 -0.9876 -0.1447
vn 0.2523 -0.9505 -0.1814
vn 0.1961 -0.9480 -0.2506
vn 0.3034 -0.9288 -0.2129
vn 0.3791 -0.8885 -0.2584
vn 0.2239 -0.9472 -0.2294
vn -0.0676 -0.9857 -0.1541
vn 0.2965 -0.9476 -0.1193
vn 0.4587 -0.8693 -0.1840
vn -0.0941 -0.9934 -0.0656
vn 0.3006 -0.9288 -0.2169
vn -0.1650 -0.9862 -0.0129
vn -0.2388 -0.9705 -0.0318
vn -0.1219 -0.9271 0.3544
vn -0.0450 -0.9323 0.3588
vn -0.1714 -0.9097 0.3783
vn -0.1412 -0.9190 0.3680
vn -0.2216 -0.9058 0.3612
vn -0.2352 -0.8907 0.3890
vn -0.1065 -0.9152 0.3886
vn -0.0352 -0.9231 0.3829
vn -0.9068 -0.4034 -0.1220
vn -0.8934 -0.3654 0.2614
vn -0.8531 -0.3853 0.3517
vn -0.8368 -0.4248 0.3454
vn -0.8141 -0.4489 0.3685
vn 0.2485 -0.9476 0.2009
vn -0.6145 -0.7654 0.1910
vn -0.1491 -0.9846 0.0914
vn -0.1447 -0.9791 0.1426
vn -0.5989 -0.4920 0.6319
vn -0.4618 -0.6820 0.5672
vn -0.5296 0.7899 0.3092
vn -0.6777 0.7163 0.1663
vn -0.6018 0.6210 0.5022
vn -0.7909 0.5686 0.2263
vn -0.7140 0.7002 -0.0029
vn -0.9553 -0.1088 -0.2750
vn -0.8532 -0.4013 -0.3332
vn -0.8619 -0.5070 -0.0076
vn -0.8020 -0.2733 -0.5312
vn -0.5658 0.6609 -0.4930
vn -0.7270 0.6299 -0.2731
vn -0.7509 0.5130 -0.4158
vn -0.8670 0.4707 -0.1638
vn -0.8948 0.3604 -0.2637
vn -0.8277 0.3773 -0.4154
vn -0.7679 0.4807 -0.4233
vn -0.8394 0.3072 -0.4483
vn -0.8499 0.3105 -0.4258
vn -0.6604 0.4532 -0.5987
vn -0.7339 0.4715 -0.4890
vn -0.5396 0.6166 -0.5733
vn -0.5048 0.7676 -0.3949
vn -0.4670 0.6962 -0.5452
vn -0.6485 0.5936 -0.4766
vn -0.3127 0.8083 -0.4989
vn -0.2820 0.8861 -0.3678
vn -0.2829 0.8525 -0.4395
vn -0.1422 0.8864 -0.4406
vn -0.1938 0.9568 -0.2169
vn -0.0901 0.9338 -0.3463
vn -0.1439 0.8966 -0.4187
vn -0.0231 0.9081 -0.4182
vn 0.0049 0.9146 -0.4043
vn -0.0004 0.9511 -0.3089
vn 0.1970 0.9576 -0.2103
vn -0.0035 0.9877 -0.1561
vn 0.0894 0.9339 -0.3461
vn -0.0007 0.9340 -0.3573
vn 0.0368 0.9171 -0.3971
vn 0.1556 0.9138 -0.3751
vn 0.0700 0.9318 -0.3561
vn 0.3122 0.8988 -0.3076
vn 0.1247 0.9135 -0.3874
vn 0.2564 0.8698 -0.4215
vn 0.4343 0.8500 -0.2981
vn 0.2901 0.8797 -0.3769
vn 0.3060 0.8125 -0.4962
vn 0.5203 0.7572 -0.3949
vn 0.4921 0.6724 -0.5529
vn 0.3685 0.8824 -0.2925
vn 0.6425 0.5965 -0.4810
vn 0.5302 0.6053 -0.5937
vn 0.7384 0.4485 -0.5036
vn 0.5585 0.5317 -0.6367
vn 0.8458 0.2841 -0.4515
vn 0.7047 0.3095 -0.6385
vn 0.8311 0.3617 -0.4224
vn 0.1852 0.4183 -0.8892
vn 0.5756 0.5170 -0.6336
vn 0.7569 0.4751 -0.4488
vn 0.4944 0.6193 -0.6099
vn 0.4198 0.6754 -0.6064
vn 0.7471 0.5439 -0.3822
vn 0.8938 0.3331 -0.3001
vn 0.0087 0.7496 -0.6618
vn 0.0108 0.8468 -0.5318
vn 0.8815 0.4208 -0.2143
vn 0.7957 0.5537 -0.2454
vn 0.0266 0.8946 -0.4461
vn -0.7933 0.5671 -0.2217
vn -0.4557 0.6475 -0.6108
vn -0.7470 0.5579 -0.3614
vn -0.5197 0.5539 -0.6505
vn 0.0078 0.6611 -0.7502
vn -0.0043 0.7174 -0.6967
vn 0.5154 0.5541 -0.6537
vn -0.4867 0.6345 -0.6005
vn -0.0011 0.8260 -0.5637
vn -0.4419 0.7465 -0.4975
vn 0.0082 0.9547 -0.2974
vn -0.3663 0.8831 -0.2932
vn 0.4461 0.7327 -0.5139
vn 0.7184 0.6412 -0.2697
vn 0.6061 0.7173 -0.3436
vn 0.8243 0.5522 -0.1250
vn 0.7223 0.6637 -0.1944
vn 0.5139 0.7675 -0.3832
vn 0.5841 0.6456 -0.4919
vn 0.5891 0.5712 -0.5715
vn 0.3513 0.6233 -0.6986
vn 0.6677 0.5746 -0.4733
vn 0.5103 0.5460 -0.6644
vn 0.7103 0.6084 -0.3541
vn 0.1437 0.8829 -0.4471
vn 0.6932 0.5565 -0.4580
vn 0.7978 0.5237 -0.2988
vn 0.7341 0.6138 -0.2905
vn 0.1539 0.8864 -0.4367
vn 0.7660 0.6072 -0.2113
vn 0.1850 0.8839 -0.4295
vn 0.8431 0.4966 -0.2062
vn 0.6827 0.6482 -0.3372
vn 0.5849 0.6687 -0.4591
vn 0.6091 0.6697 -0.4248
vn 0.4987 0.6301 -0.5952
vn 0.3752 0.6168 -0.6919
vn 0.6620 0.5883 -0.4644
vn 0.4029 0.4894 -0.7734
vn 0.5990 0.5294 -0.6008
vn 0.7716 0.4458 -0.4537
vn 0.6581 0.4213 -0.6240
vn 0.6114 0.3956 -0.6853
vn 0.5694 0.5003 -0.6522
vn 0.8306 0.2099 -0.5158
vn 0.7057 0.2252 -0.6718
vn 0.5677 0.3358 -0.7517
vn 0.8960 0.2951 -0.3319
vn 0.9429 0.0555 -0.3283
vn 0.9748 0.1089 -0.1947
vn 0.7672 0.5363 -0.3517
vn 0.9757 -0.1160 -0.1858
vn 0.9989 0.0415 -0.0207
vn 0.8904 0.3895 -0.2357
vn 0.9803 -0.1971 0.0092
vn 0.9615 0.0424 0.2714
vn 0.9593 0.2786 -0.0459
vn 0.9605 -0.1406 0.2400
vn 0.9500 -0.2470 0.1910
vn 0.9464 -0.3123 -0.0832
vn 0.9353 -0.1572 -0.3170
vn 0.8899 -0.3283 -0.3168
vn 0.9517 -0.2658 0.1539
vn 0.7794 -0.4498 -0.4362
vn 0.8954 -0.4097 -0.1744
vn 0.8770 -0.4727 -0.0861
vn 0.9227 -0.3471 0.1679
vn 0.8743 -0.2932 0.3867
vn 0.8265 -0.2492 0.5047
vn 0.6762 -0.3718 0.6360
vn 0.8166 -0.4871 0.3099
vn 0.6456 -0.5386 0.5414
vn 0.6441 -0.2677 0.7165
vn 0.7101 -0.1209 0.6936
vn 0.5499 -0.0518 0.8336
vn 0.4695 -0.3515 0.8100
vn 0.5107 -0.2121 0.8332
vn 0.4443 -0.0374 0.8951
vn 0.3381 -0.2277 0.9131
vn 0.3133 -0.3607 0.8785
vn 0.4016 -0.5431 0.7374
vn 0.2540 -0.5179 0.8168
vn 0.1066 -0.4826 0.8693
vn 0.1590 -0.3267 0.9317
vn -0.0482 -0.4505 0.8915
vn 0.0965 -0.1081 0.9895
vn 0.0034 -0.2882 0.9576
vn 0.3482 -0.0149 0.9373
vn 0.2054 0.0708 0.9761
vn 0.2472 -0.1737 0.9533
vn 0.3406 0.2763 0.8987
vn 0.4708 0.2365 0.8500
vn 0.5522 0.2178 0.8047
vn 0.6192 0.4679 0.6306
vn 0.6429 0.1721 0.7464
vn 0.5603 0.4714 0.6810
vn 0.6380 0.6000 0.4826
vn 0.7194 0.4113 0.5596
vn 0.5940 0.6060 0.5291
vn 0.4578 0.4911 0.7412
vn 0.5175 0.6425 0.5652
vn 0.5322 0.6808 0.5033
vn 0.5986 0.6629 0.4497
vn 0.6442 0.6387 0.4208
vn 0.4092 0.7297 0.5478
vn 0.3894 0.6927 0.6071
vn 0.2290 0.7383 0.6344
vn 0.2916 0.5459 0.7855
vn 0.1048 0.5879 0.8021
vn 0.2652 0.7728 0.5766
vn 0.3839 0.7021 0.5997
vn 0.5067 0.6270 0.5917
vn 0.2469 0.7718 0.5860
vn 0.4134 0.8798 0.2346
vn 0.5436 0.7713 -0.3311
vn 0.5270 0.7772 -0.3437
vn 0.5101 0.8059 0.3004
vn 0.5788 0.7529 0.3132
vn 0.5403 0.7733 -0.3318
vn 0.5241 0.7844 -0.3317
vn 0.5959 0.7287 0.3374
vn 0.5738 0.5867 0.5714
vn 0.6390 0.7032 0.3118
vn 0.6429 0.5536 0.5293
vn 0.6632 0.6911 0.2874
vn 0.7187 0.5069 0.4759
vn 0.7134 0.6092 0.3463
vn 0.7310 0.5483 0.4062
vn 0.8062 0.5055 0.3074
vn 0.7965 0.5247 0.3005
vn 0.8160 0.4657 0.3425
vn 0.8413 0.4955 0.2160
vn 0.8347 0.4998 0.2312
vn 0.8502 0.5111 0.1264
vn 0.8362 0.4644 0.2917
vn 0.8426 0.4877 0.2283
vn 0.8782 0.4731 0.0706
vn 0.8611 0.5080 -0.0184
vn 0.8710 0.4736 0.1307
vn 0.8540 0.5202 0.0118
vn 0.8893 0.4553 0.0440
vn 0.7898 0.6002 -0.1263
vn 0.8092 0.5506 -0.2050
vn 0.9277 0.3215 0.1898
vn 0.6937 0.6422 -0.3260
vn 0.7034 0.6543 -0.2778
vn 0.8684 0.4900 -0.0762
vn 0.7871 0.6065 -0.1121
vn 0.2032 0.8858 -0.4172
vn 0.7768 0.6239 -0.0856
vn 0.2386 0.8859 -0.3978
vn -0.5029 0.7177 -0.4817
vn -0.4061 0.7302 -0.5494
vn -0.5852 0.6538 -0.4797
vn -0.3267 0.7386 -0.5896
vn 0.7512 0.6596 -0.0258
vn 0.2703 0.8836 -0.3824
vn 0.7241 0.6879 0.0492
vn 0.2827 0.8843 -0.3717
vn -0.2693 0.7360 -0.6211
vn -0.5739 0.5860 -0.5721
vn -0.6198 0.6123 -0.4908
vn -0.5066 0.5642 -0.6519
vn -0.4441 0.5238 -0.7269
vn -0.1889 0.7133 -0.6749
vn -0.1342 0.6591 -0.7400
vn 0.3221 0.8827 -0.3421
vn 0.3371 0.8713 -0.3567
vn -0.3357 0.4768 -0.8124
vn -0.3252 0.5602 -0.7618
vn -0.3990 0.5839 -0.7070
vn -0.4635 0.6166 -0.6364
vn -0.4070 0.5912 -0.6963
vn -0.4748 0.6020 -0.6420
vn -0.2795 0.4517 -0.8473
vn -0.1873 0.4089 -0.8932
vn -0.1254 0.5896 -0.7979
vn -0.0466 0.5412 -0.8396
vn 0.3634 0.8607 -0.3565
vn 0.4048 0.8389 -0.3639
vn 0.7012 0.6966 0.1517
vn 0.7085 0.7018 0.0739
vn 0.0696 0.4915 -0.8681
vn 0.4599 0.8065 -0.3715
vn 0.2281 0.4555 -0.8605
vn 0.0389 0.2631 -0.9640
vn -0.0717 0.3451 -0.9358
vn 0.3313 0.3979 -0.8555
vn 0.1841 0.1948 -0.9634
vn 0.2923 0.1594 -0.9429
vn 0.4395 0.4179 -0.7951
vn 0.3528 0.1364 -0.9257
vn 0.4667 0.1714 -0.8676
vn 0.4757 0.4376 -0.7630
vn 0.5795 0.4763 -0.6613
vn -0.5516 0.4504 -0.7021
vn -0.4730 0.6707 -0.5714
vn -0.6104 0.4565 -0.6473
vn -0.4723 0.6529 -0.5922
vn -0.4334 0.7056 -0.5607
vn -0.5851 0.4956 -0.6420
vn -0.5353 0.5836 -0.6106
vn -0.4352 0.7340 -0.5214
vn -0.3237 0.7933 -0.5157
vn -0.3494 0.7784 -0.5215
vn 0.8819 0.3356 0.3310
vn 0.8292 0.3422 0.4419
vn 0.8690 0.1085 0.4827
vn 0.7824 0.0746 0.6183
vn 0.8582 -0.1121 0.5010
vn -0.0467 0.6232 0.7807
vn -0.0476 0.3932 0.9182
vn -0.1900 0.4428 0.8763
vn -0.2935 0.4803 0.8265
vn -0.1813 0.1910 0.9647
vn -0.3149 0.2481 0.9161
vn -0.4041 0.2919 0.8669
vn -0.4127 0.0480 0.9096
vn -0.4793 -0.1402 0.8664
vn -0.2834 0.0088 0.9590
vn -0.3480 -0.1762 0.9208
vn -0.0866 -0.0458 0.9952
vn -0.1663 -0.2294 0.9590
vn -0.3758 -0.3212 0.8692
vn -0.2105 -0.3840 0.8990
vn -0.5002 -0.3012 0.8118
vn -0.3917 -0.5489 0.7384
vn -0.4960 -0.5352 0.6838
vn -0.4099 -0.8682 0.2798
vn -0.3815 -0.8867 0.2612
vn -0.2699 -0.6063 0.7481
vn -0.3485 -0.9063 0.2390
vn -0.1364 -0.6646 0.7347
vn -0.2973 -0.9283 0.2232
vn -0.0220 -0.6986 0.7151
vn -0.2919 -0.9334 0.2085
vn 0.0695 -0.7391 0.6700
vn -0.3650 -0.8614 -0.3532
vn -0.3231 -0.8809 -0.3459
vn -0.2644 -0.7456 -0.6117
vn -0.2758 -0.9047 -0.3248
vn -0.1862 -0.7829 -0.5936
vn -0.2217 -0.9448 -0.2412
vn -0.1090 -0.8385 -0.5339
vn -0.2061 -0.5995 -0.7734
vn 0.0181 0.1287 0.9915
vn 0.1491 0.3329 0.9311
vn 0.6867 -0.6578 0.3093
vn 0.8433 -0.5211 0.1314
vn 0.8615 -0.4923 -0.1247
vn 0.8163 -0.5656 -0.1175
vn 0.5711 -0.7052 -0.4202
vn 0.6337 -0.6042 -0.4831
vn 0.4194 -0.5682 -0.7079
vn 0.5566 -0.3801 -0.7387
vn 0.4216 -0.4669 -0.7773
vn 0.5220 -0.1893 -0.8317
vn 0.6690 -0.2214 -0.7095
vn 0.5664 0.0214 -0.8239
vn 0.5102 -0.4671 -0.7222
vn 0.5372 -0.2126 -0.8162
vn 0.7929 -0.0821 -0.6037
vn 0.6867 0.0951 -0.7207
vn 0.5124 0.1619 -0.8434
vn 0.4974 0.0065 -0.8675
vn 0.5843 0.1749 -0.7925
vn 0.4996 0.2481 -0.8300
vn 0.4544 0.1743 -0.8736
vn 0.5974 0.1634 -0.7851
vn 0.5567 0.2701 -0.7856
vn 0.4253 0.3178 -0.8474
vn 0.4289 0.3634 -0.8270
vn 0.5054 0.3699 -0.7796
vn 0.5139 0.4535 -0.7281
vn 0.3505 0.2241 -0.9093
vn 0.5447 0.1718 -0.8208
vn 0.6240 0.3486 -0.6993
vn 0.8065 0.2825 -0.5195
vn 0.6539 0.4875 -0.5786
vn 0.7743 0.4739 -0.4193
vn 0.8097 0.0691 -0.5828
vn 0.4646 -0.1067 -0.8791
vn 0.3763 -0.0116 -0.9264
vn 0.7125 -0.2034 -0.6716
vn 0.5545 -0.4863 -0.6753
vn 0.4424 -0.3967 -0.8043
vn 0.4909 -0.2788 -0.8254
vn 0.4215 -0.6480 -0.6343
vn 0.4202 -0.6947 -0.5839
vn 0.3672 -0.7048 -0.6070
vn 0.6475 -0.4673 -0.6019
vn 0.4849 -0.6352 -0.6012
vn 0.7332 -0.4174 -0.5368
vn 0.8320 -0.1881 -0.5219
vn 0.8715 -0.2074 -0.4443
vn 0.8988 0.0170 -0.4381
vn 0.9182 -0.0729 -0.3893
vn 0.9451 -0.0872 -0.3148
vn 0.8927 -0.1599 -0.4214
vn 0.7859 -0.2969 -0.5425
vn 0.9581 0.0340 -0.2844
vn 0.9178 -0.0191 -0.3966
vn 0.7866 -0.2026 -0.5833
vn 0.9533 -0.1024 -0.2843
vn 0.9865 -0.0317 -0.1609
vn 0.9667 -0.2557 0.0081
vn 0.9573 -0.2748 -0.0901
vn 0.8407 -0.1804 -0.5106
vn 0.5808 -0.2461 -0.7759
vn 0.8647 -0.3006 -0.4024
vn 0.6891 -0.1153 -0.7154
vn 0.5384 -0.3836 -0.7503
vn 0.8862 -0.4139 -0.2080
vn 0.9096 -0.4131 0.0456
vn 0.8813 -0.2121 -0.4223
vn 0.8334 -0.5526 -0.0039
vn 0.8523 -0.5191 0.0640
vn 0.9116 -0.4111 0.0047
vn 0.9301 -0.3630 0.0558
vn 0.8567 -0.5157 -0.0135
vn 0.8324 -0.5542 -0.0019
vn 0.8677 -0.4969 -0.0094
vn 0.9270 -0.3716 -0.0516
vn 0.9641 -0.2654 0.0023
vn 0.8436 -0.5367 -0.0157
vn 0.8385 -0.5448 -0.0050
vn 0.8305 -0.5568 0.0110
vn 0.8957 -0.4445 -0.0089
vn 0.9090 -0.4107 -0.0710
vn 0.8514 -0.5101 -0.1220
vn 0.8923 -0.4197 -0.1660
vn 0.7914 -0.6108 0.0267
vn 0.7316 -0.6817 -0.0081
vn 0.8445 -0.4861 -0.2247
vn 0.9265 -0.3739 -0.0435
vn 0.6443 -0.7370 0.2044
vn 0.8970 -0.4376 0.0629
vn 0.5852 -0.6608 0.4699
vn 0.2026 -0.8468 0.4919
vn 0.3116 -0.9081 0.2798
vn -0.1909 -0.7886 0.5846
vn 0.1035 -0.6452 0.7569
vn -0.0926 -0.9154 0.3918
vn -0.2918 -0.5605 0.7751
vn -0.5924 -0.5185 0.6166
vn -0.5476 -0.6874 0.4771
vn -0.4789 -0.7960 0.3701
vn -0.6880 -0.5758 0.4416
vn -0.6941 -0.5936 0.4072
vn -0.6303 -0.6372 0.4435
vn -0.0889 -0.9415 0.3249
vn -0.4800 -0.8065 0.3451
vn -0.1071 -0.9567 0.2705
vn -0.5060 -0.8056 0.3082
vn -0.6478 -0.6748 0.3534
vn -0.6626 -0.6809 0.3122
vn -0.1612 -0.9682 0.1914
vn -0.5335 -0.8066 0.2545
vn -0.1334 -0.9872 0.0872
vn -0.5357 -0.8107 0.2363
vn -0.6802 -0.6800 0.2737
vn -0.6802 -0.6797 0.2745
vn -0.7348 -0.6149 0.2864
vn -0.7030 -0.6348 0.3207
vn -0.7302 -0.6114 0.3050
vn -0.7791 -0.5263 0.3407
vn -0.7359 -0.5727 0.3611
vn -0.7972 -0.5481 0.2531
vn -0.8731 -0.4278 0.2339
vn -0.8425 -0.3760 0.3858
vn -0.8011 -0.4568 0.3867
vn -0.6867 -0.6500 0.3255
vn -0.7654 -0.5661 0.3060
vn -0.9144 -0.1465 0.3773
vn -0.8716 -0.4257 0.2429
vn -0.8273 -0.5201 0.2124
vn -0.9529 -0.2963 0.0646
vn -0.9855 -0.1382 -0.0984
vn -0.8856 -0.4485 0.1204
vn -0.9736 -0.0095 -0.2279
vn -0.9278 -0.3694 0.0534
vn -0.7388 -0.6502 0.1770
vn -0.7354 -0.6376 0.2294
vn -0.7066 -0.6413 0.2992
vn -0.5569 -0.8043 0.2072
vn -0.5913 -0.7697 0.2407
vn -0.6237 -0.7237 0.2953
vn -0.5129 -0.8339 0.2038
vn -0.6551 -0.6974 0.2906
vn -0.4641 -0.8709 0.1616
vn -0.0882 -0.9906 0.1045
vn -0.0062 -0.9997 0.0239
vn -0.1017 -0.9905 0.0923
vn -0.5106 -0.8302 0.2238
vn 0.3910 -0.9141 -0.1072
vn 0.3816 -0.9221 -0.0638
vn 0.6749 -0.7204 -0.1596
vn 0.6178 -0.7786 -0.1103
vn 0.4369 -0.8981 -0.0511
vn 0.6717 -0.7255 -0.1496
vn 0.4921 -0.8667 -0.0818
vn 0.7355 -0.6616 -0.1463
vn 0.5404 -0.8414 -0.0075
vn 0.8080 -0.5833 -0.0837
vn 0.0686 -0.9975 0.0165
vn -0.3768 -0.9211 0.0975
vn -0.3228 -0.9388 0.1204
vn 0.0528 -0.9952 0.0826
vn 0.0624 -0.9508 0.3035
vn 0.5524 -0.8279 0.0967
vn -0.2730 -0.9093 0.3142
vn -0.1642 -0.6655 0.7281
vn 0.1779 -0.6778 0.7134
vn 0.5676 -0.7840 0.2512
vn 0.5851 -0.6814 0.4397
vn 0.9143 -0.3890 0.1127
vn 0.8830 -0.4639 -0.0715
vn 0.9416 -0.3368 0.0030
vn 0.9529 -0.1225 -0.2776
vn 0.9571 -0.2038 -0.2061
vn 0.8979 -0.1085 -0.4267
vn 0.9295 -0.0370 -0.3668
vn 0.8754 0.0609 -0.4796
vn 0.8418 -0.3317 -0.4260
vn 0.7781 -0.1641 -0.6064
vn 0.8059 0.0043 -0.5921
vn 0.8050 0.1499 -0.5741
vn 0.7920 0.0793 -0.6053
vn 0.7104 0.3049 -0.6344
vn 0.8246 0.0704 -0.5614
vn 0.4975 0.1858 -0.8473
vn 0.0083 0.2875 -0.9577
vn 0.5417 0.1831 -0.8204
vn 0.0928 0.2718 -0.9579
vn 0.1841 0.2206 -0.9578
vn 0.5724 0.2246 -0.7886
vn 0.5808 0.2492 -0.7750
vn 0.8618 0.1609 -0.4811
vn 0.9153 0.1611 -0.3692
vn 0.1917 0.1874 -0.9634
vn 0.9797 -0.1074 -0.1692
vn 0.9984 0.0535 0.0188
vn 0.9587 0.0356 -0.2823
vn 0.6360 0.0571 -0.7696
vn 0.9402 -0.1077 -0.3230
vn 0.9820 0.1843 0.0414
vn 0.9698 0.2361 -0.0606
vn 0.6230 -0.3313 -0.7086
vn 0.9427 -0.1008 -0.3181
vn 0.6843 -0.4576 -0.5678
vn 0.3944 -0.6500 -0.6495
vn 0.9225 0.3061 0.2352
vn 0.8681 0.4943 0.0453
vn 0.9660 0.1771 -0.1883
vn 0.9627 0.0828 -0.2575
vn 0.8910 0.4427 -0.1010
vn 0.9194 0.3302 -0.2139
vn 0.9300 -0.1372 -0.3409
vn 0.9606 0.0372 -0.2753
vn 0.9454 -0.1282 -0.2995
vn 0.7020 0.7069 -0.0860
vn 0.7575 0.6526 -0.0177
vn 0.9194 0.3280 -0.2170
vn 0.8776 0.4271 -0.2178
vn 0.6194 0.7810 0.0806
vn 0.4399 0.8944 0.0805
vn 0.9437 0.0354 -0.3289
vn 0.8236 0.5666 -0.0255
vn 0.9600 0.0676 -0.2718
vn 0.9322 -0.0305 -0.3606
vn 0.9045 -0.3130 -0.2895
vn 0.9412 -0.1615 -0.2968
vn 0.8674 -0.4099 -0.2822
vn 0.6142 -0.7821 -0.1058
vn 0.7388 -0.6235 -0.2558
vn 0.4959 -0.8521 -0.1671
vn 0.9654 0.1828 -0.1859
vn 0.8984 -0.3526 -0.2617
vn 0.9710 0.2377 -0.0238
vn 0.9219 -0.3475 -0.1712
vn 0.3897 -0.8923 -0.2280
vn 0.8910 -0.4537 -0.0179
vn 0.3579 -0.9168 -0.1770
vn 0.9789 0.1445 0.1446
vn 0.7963 0.5790 0.1752
vn 0.7451 0.5774 0.3340
vn 0.4010 0.9035 0.1513
vn 0.4340 0.8310 0.3479
vn 0.4307 0.7373 0.5204
vn -0.0762 0.9569 0.2803
vn -0.0187 0.9035 0.4281
vn 0.1152 0.8121 0.5720
vn 0.1501 0.9641 0.2189
vn 0.1412 0.9166 0.3741
vn 0.5220 0.8173 0.2439
vn 0.2649 0.7888 0.5546
vn 0.5256 0.8404 0.1318
vn 0.2326 0.9469 0.2220
vn -0.0561 0.9644 0.2585
vn 0.5853 0.8004 0.1297
vn 0.4068 0.8539 0.3247
vn 0.6180 0.7543 0.2217
vn 0.1976 0.9288 0.3136
vn 0.4072 0.8453 0.3458
vn 0.4343 0.8596 0.2691
vn 0.4062 0.8850 0.2273
vn 0.5124 0.8152 0.2698
vn 0.4177 0.8836 0.2114
vn 0.0766 0.9512 0.2991
vn -0.0264 0.9770 0.2115
vn -0.1391 0.9225 0.3600
vn 0.1443 0.9319 0.3328
vn -0.1230 0.9492 0.2895
vn 0.3101 0.9381 0.1545
vn -0.0276 0.9820 0.1867
vn -0.1983 0.9475 0.2510
vn -0.0225 0.9467 0.3214
vn -0.3587 0.8672 0.3453
vn 0.4204 0.8995 0.1192
vn 0.3246 0.9255 0.1949
vn 0.4665 0.8762 0.1210
vn 0.4831 0.8745 0.0432
vn 0.5407 0.8287 0.1445
vn 0.6561 0.7541 0.0300
vn 0.6388 0.7427 0.2007
vn 0.3942 0.8702 0.2954
vn 0.7561 0.5054 0.4158
vn 0.4807 0.6404 0.5990
vn 0.8137 -0.1232 0.5681
vn 0.9461 -0.1183 0.3015
vn 0.4195 0.0242 0.9074
vn 0.0622 0.7001 0.7113
vn -0.0086 0.0852 0.9963
vn -0.4750 0.0446 0.8789
vn -0.5665 -0.5100 0.6473
vn -0.4245 0.5621 0.7098
vn -0.5409 -0.7831 0.3068
vn -0.8374 0.0380 0.5453
vn -0.7403 -0.6007 0.3018
vn -0.9776 -0.1934 -0.0829
vn -0.8174 -0.3387 0.4660
vn -0.9812 -0.1720 0.0879
vn -0.9988 -0.0212 0.0445
vn -0.7629 0.3575 0.5387
vn -0.9747 0.1045 0.1974
vn -0.9682 -0.2266 -0.1060
vn -0.9389 0.0677 -0.3374
vn -0.9160 0.0288 -0.4002
vn -0.9670 -0.0939 -0.2367
vn -0.7741 -0.2736 -0.5709
vn -0.9049 0.0781 -0.4184
vn -0.7072 0.0529 -0.7050
vn -0.7439 -0.5781 -0.3353
vn -0.7159 -0.6141 -0.3322
vn -0.9581 -0.2116 -0.1929
vn -0.8985 0.4052 0.1687
vn -0.7147 -0.4075 -0.5685
vn -0.9330 0.0430 -0.3572
vn -0.9181 0.3883 -0.0795
vn -0.6495 0.6911 0.3171
vn -0.6911 0.5337 0.4874
vn -0.6942 0.5607 0.4513
vn -0.7450 0.4461 0.4959
vn -0.7467 0.5961 0.2952
vn -0.9519 0.1927 0.2384
vn -0.8569 -0.0714 0.5105
vn -0.9889 -0.1454 0.0301
vn -0.8562 -0.4841 0.1804
vn -0.5115 -0.2894 0.8091
vn -0.8439 0.2716 0.4626
vn -0.3507 -0.8327 0.4286
vn -0.3105 -0.4611 0.8312
vn 0.2470 -0.7418 0.6234
vn -0.4113 -0.5760 0.7064
vn -0.9266 0.0340 0.3744
vn -0.8421 -0.3802 0.3824
vn -0.9778 0.2008 -0.0601
vn -0.9489 0.3075 -0.0703
vn -0.9678 -0.2514 -0.0148
vn -0.8703 0.1670 -0.4634
vn -0.7587 -0.2651 -0.5951
vn -0.8852 0.2047 -0.4179
vn -0.6229 -0.1104 -0.7744
vn -0.2652 -0.5032 -0.8225
vn -0.5344 -0.0806 -0.8414
vn -0.2328 -0.7731 -0.5900
vn -0.0362 -0.7360 -0.6760
vn 0.2710 -0.6670 -0.6940
vn -0.1342 -0.7811 -0.6099
vn -0.0653 -0.8344 -0.5473
vn 0.2380 -0.9264 -0.2918
vn 0.0582 -0.9350 -0.3498
vn -0.1767 -0.9150 -0.3627
vn -0.2406 -0.8035 -0.5445
vn 0.0039 -0.9898 -0.1426
vn -0.2154 -0.9361 -0.2780
vn -0.2042 -0.9415 -0.2679
vn 0.0704 -0.9853 0.1554
vn -0.3338 -0.9117 -0.2395
vn -0.3360 -0.8126 -0.4762
vn -0.3794 -0.7574 -0.5314
vn -0.1914 -0.8597 -0.4735
vn -0.2849 -0.9005 -0.3286
vn -0.0274 -0.9676 -0.2510
vn -0.1947 -0.9484 -0.2503
vn -0.1155 -0.8903 -0.4405
vn 0.0067 -0.9435 -0.3314
vn 0.1734 -0.9819 0.0757
vn 0.1513 -0.9784 0.1405
vn -0.1125 -0.9846 0.1338
vn 0.4082 -0.7939 -0.4506
vn 0.2047 -0.9775 -0.0516
vn 0.8062 -0.4439 -0.3912
vn -0.0960 -0.9869 0.1296
vn -0.3536 -0.9050 0.2366
vn -0.1909 -0.9802 0.0530
vn 0.1742 -0.9609 0.2151
vn -0.2949 -0.9526 0.0751
vn 0.1642 -0.9862 0.0189
vn 0.3331 -0.9237 0.1891
vn 0.1087 -0.9882 0.1075
vn -0.0012 -0.9731 0.2302
vn -0.0149 -0.9987 0.0494
vn -0.2758 -0.9455 0.1730
vn -0.3611 -0.9325 0.0009
vn 0.0720 -0.9974 0.0035
vn 0.0841 -0.9749 0.2064
vn 0.5010 -0.8652 0.0212
vn 0.3755 -0.9121 0.1644
vn -0.0133 -0.9732 0.2294
vn 0.0184 -0.9959 0.0886
vn -0.1179 -0.9926 -0.0299
vn -0.2674 -0.9520 -0.1486
vn -0.2709 -0.9569 0.1049
vn -0.5063 -0.8622 -0.0164
vn -0.9115 -0.4106 -0.0238
vn -0.8472 -0.5275 0.0622
vn -0.5994 -0.7596 -0.2524
vn -0.8787 -0.4388 -0.1880
vn -0.9958 -0.0137 0.0904
vn -0.7905 -0.5639 -0.2389
vn -0.3653 -0.9265 0.0907
vn -0.5726 -0.6319 -0.5223
vn -0.6011 -0.6547 -0.4583
vn 0.3460 -0.7630 0.5459
vn -0.3817 -0.8624 -0.3326
vn -0.0565 -0.9571 0.2841
vn 0.4992 -0.6417 0.5822
vn 0.4542 -0.7215 0.5226
vn -0.0129 -0.7074 0.7067
vn 0.3184 -0.8570 0.4051
vn -0.4322 -0.7976 0.4207
vn 0.2692 -0.9627 0.0258
vn -0.5450 -0.8383 -0.0123
vn -0.3936 -0.7481 -0.5343
vn 0.2869 -0.8635 -0.4148
vn 0.5145 -0.8243 0.2364
vn 0.2680 -0.6248 -0.7334
vn 0.4919 -0.8505 -0.1863
vn -0.1278 -0.5070 -0.8524
vn -0.0759 -0.3438 -0.9360
vn -0.4640 -0.2471 -0.8507
vn -0.3289 -0.7544 -0.5681
vn -0.3434 -0.7642 -0.5459
vn -0.3396 -0.8602 -0.3805
vn -0.3843 -0.8283 -0.4078
vn -0.1303 -0.9592 -0.2507
vn -0.9465 0.2764 0.1667
vn -0.9964 -0.0425 0.0730
vn -0.9452 0.3141 0.0888
vn -0.8682 0.4383 0.2328
vn -0.7885 0.5749 0.2185
vn -0.3209 0.8926 0.3165
vn -0.6703 0.7231 0.1669
vn -0.5900 0.7441 0.3132
vn -0.6763 0.6981 0.2353
vn -0.1478 0.9192 0.3649
vn -0.3441 0.9066 0.2442
vn -0.7028 0.6800 0.2089
vn -0.4983 0.8411 0.2103
vn -0.6496 0.6705 0.3585
vn -0.4247 0.7404 0.5210
vn 0.0293 0.8860 0.4628
vn -0.0329 0.9360 0.3504
vn -0.1987 0.8933 0.4032
vn -0.2565 0.9073 0.3332
vn 0.0625 0.9546 0.2912
vn -0.0107 0.9754 0.2201
vn 0.1706 0.9506 0.2593
vn -0.3069 0.8801 0.3623
vn 0.1434 0.9553 0.2585
vn 0.1309 0.9588 0.2520
vn 0.1263 0.8810 0.4560
vn -0.1884 0.8396 0.5094
vn 0.5633 0.6876 0.4582
vn 0.1808 0.7504 0.6358
vn 0.1469 0.9412 0.3043
vn 0.2920 0.8464 0.4454
vn -0.1962 0.7162 0.6698
vn 0.3283 0.8488 0.4145
vn 0.4139 0.6806 0.6045
vn -0.3465 0.8135 0.4671
vn -0.1106 0.7343 0.6698
vn -0.5470 0.7987 0.2507
vn -0.9368 0.3173 0.1472
vn -0.8831 0.3784 0.2774
vn -0.9789 -0.1702 0.1133
vn -0.9868 -0.1354 0.0890
vn -0.7567 0.3813 0.5311
vn -0.9460 -0.1373 0.2938
vn -0.7161 -0.6966 0.0438
vn -0.6647 -0.7465 -0.0293
vn -0.7513 -0.6560 0.0721
vn -0.0199 -0.9900 -0.1398
vn 0.0319 -0.9892 -0.1430
vn -0.0387 -0.9970 0.0676
vn 0.3231 -0.9297 -0.1768
vn -0.0424 -0.9889 -0.1425
vn 0.4169 -0.8913 -0.1782
vn 0.0473 -0.9911 -0.1244
vn -0.3832 -0.9173 -0.1083
vn -0.3876 -0.9202 -0.0541
vn -0.0895 -0.9945 -0.0539
vn -0.1567 -0.9727 -0.1710
vn -0.1540 -0.9774 -0.1452
vn 0.0851 -0.9764 -0.1987
vn 0.0786 -0.9866 -0.1429
vn 0.1863 -0.9693 -0.1607
vn 0.4159 -0.9007 0.1255
vn -0.3920 -0.8664 0.3093
vn -0.0638 -0.9688 0.2395
vn 0.7320 -0.3556 0.5812
vn -0.3310 -0.3054 0.8928
vn 0.3734 -0.3192 0.8710
vn 0.2770 -0.8957 0.3479
vn -0.1984 0.4148 0.8880
vn 0.2537 0.4600 0.8509
vn 0.2926 0.4002 0.8685
vn 0.5625 0.3759 0.7364
vn 0.0969 0.4579 0.8837
vn 0.6991 -0.2047 0.6851
vn -0.5283 0.3048 0.7924
vn -0.6986 -0.1858 0.6910
vn 0.0736 -0.2243 0.9717
vn 0.0275 -0.9340 0.3562
vn -0.6314 -0.7108 0.3100
vn 0.5794 -0.7909 0.1970
vn 0.7028 0.3565 0.6156
vn 0.3048 0.3530 0.8846
vn 0.2814 -0.3570 0.8907
vn -0.0356 -0.1728 0.9843
vn -0.1625 -0.8106 0.5627
vn 0.1082 -0.8697 0.4816
vn -0.1812 -0.9833 0.0153
vn -0.2643 -0.9626 0.0601
vn -0.2674 -0.9582 -0.1016
vn -0.3197 -0.9446 -0.0741
vn 0.3335 -0.9427 -0.0089
vn 0.3719 -0.8192 0.4366
vn -0.3288 -0.9424 -0.0611
vn -0.3065 -0.9509 -0.0420
vn 0.8130 -0.5278 0.2458
vn 0.5089 -0.1563 0.8465
vn 0.8825 -0.0473 0.4679
vn 0.4367 0.4567 0.7750
vn 0.7380 0.3580 0.5720
vn 0.0920 0.4850 0.8697
vn 0.2191 -0.8487 -0.4813
vn 0.7051 -0.5050 -0.4979
vn 0.3546 -0.7017 -0.6180
vn -0.1245 -0.9012 -0.4152
vn 0.3340 -0.6873 -0.6450
vn 0.7478 -0.4115 -0.5211
vn -0.1513 -0.8130 -0.5622
vn 0.0260 -0.8444 -0.5351
vn -0.2221 -0.8652 -0.4495
vn -0.0764 -0.7897 -0.6087
vn -0.3810 -0.7688 -0.5137
vn -0.3627 -0.8361 -0.4115
vn -0.4600 -0.6340 -0.6217
vn -0.3726 -0.4053 -0.8348
vn 0.0924 -0.3749 -0.9224
vn 0.1492 0.0431 -0.9879
vn -0.3138 -0.0074 -0.9494
vn -0.2894 0.1481 -0.9457
vn -0.3282 0.2395 -0.9137
vn -0.7273 0.1241 -0.6750
vn -0.3823 0.2855 -0.8788
vn -0.7546 0.2131 -0.6206
vn -0.7464 0.1452 -0.6495
vn -0.9072 0.0764 -0.4137
vn -0.8517 0.1432 -0.5041
vn -0.9056 0.1549 -0.3948
vn -0.7079 0.2317 -0.6672
vn -0.9527 -0.3000 0.0486
vn -0.9508 0.0913 -0.2961
vn -0.7538 0.2744 -0.5971
vn -0.5003 0.3549 -0.7897
vn -0.6484 0.2746 -0.7100
vn -0.4194 0.3052 -0.8550
vn -0.7300 -0.6584 0.1832
vn -0.5217 -0.8358 0.1711
vn 0.8057 -0.3089 -0.5054
vn 0.8649 0.3398 -0.3694
vn 0.7397 0.3091 -0.5977
vn 0.6056 0.7939 -0.0548
vn 0.6265 0.6831 -0.3753
vn 0.4421 0.8887 -0.1215
vn 0.5519 0.6786 -0.4848
vn 0.2305 0.9186 -0.3210
vn 0.4427 0.8843 0.1484
vn 0.5943 0.7757 0.2121
vn 0.9515 0.3033 -0.0511
vn 0.4582 0.8383 0.2955
vn 0.4569 0.8825 0.1119
vn 0.6281 0.7772 0.0381
vn 0.7110 0.3201 -0.6261
vn 0.5442 0.8169 -0.1912
vn 0.8249 -0.0667 -0.5613
vn 0.5327 -0.5097 -0.6756
vn 0.7462 0.0466 -0.6641
vn 0.2094 -0.7682 -0.6049
vn 0.3376 -0.6938 -0.6362
vn 0.2733 -0.5540 -0.7864
vn 0.5744 -0.5136 -0.6374
vn 0.3939 -0.0933 -0.9144
vn 0.5582 0.3668 -0.7442
vn 0.6363 0.7686 -0.0662
vn 0.8008 0.2836 -0.5276
vn 0.9250 -0.1633 -0.3431
vn 0.9587 0.2508 -0.1345
vn 0.8748 -0.4478 -0.1847
vn 0.7904 -0.5764 -0.2075
vn 0.8599 -0.4330 -0.2703
vn 0.7185 -0.6365 -0.2806
vn 0.6976 -0.6880 -0.1999
vn 0.8478 -0.4247 -0.3176
vn 0.7259 -0.5951 -0.3448
vn 0.7569 -0.4878 -0.4348
vn 0.7844 -0.5664 -0.2527
vn 0.8614 -0.4105 -0.2990
vn 0.7372 -0.6359 -0.2286
vn 0.6903 -0.7057 -0.1596
vn 0.7094 -0.6999 -0.0830
vn 0.7255 -0.6783 -0.1160
vn 0.7969 -0.6036 -0.0236
vn 0.8350 -0.5408 -0.1011
vn 0.7153 -0.6901 -0.1101
vn 0.8964 -0.4325 -0.0974
vn 0.7684 -0.6367 -0.0639
vn 0.3256 -0.9351 0.1396
vn 0.3470 -0.9376 0.0249
vn 0.3621 -0.9017 0.2361
vn 0.7896 -0.6135 0.0147
vn 0.7543 -0.6515 -0.0813
vn 0.2966 -0.7846 -0.5445
vn 0.4189 -0.7685 -0.4837
vn 0.6700 0.0251 -0.7419
vn 0.4750 -0.7406 -0.4752
vn 0.5260 -0.5478 -0.6505
vn 0.5309 -0.7025 -0.4741
vn 0.5319 -0.7232 -0.4406
vn 0.5241 -0.7379 -0.4252
vn 0.4569 -0.6285 -0.6295
vn 0.3495 -0.7518 -0.5591
vn 0.2028 -0.8655 -0.4581
vn 0.4495 -0.8030 -0.3914
vn 0.2876 0.9485 -0.1328
vn -0.9212 -0.2170 0.3231
vn -0.9049 -0.4111 0.1104
vn -0.7607 -0.6488 -0.0178
vn -0.7507 -0.6141 0.2435
vn -0.5528 -0.8264 -0.1074
vn -0.2668 -0.9634 -0.0275
vn -0.3273 -0.8967 0.2981
vn 0.0311 -0.9935 0.1098
vn -0.0401 -0.9480 0.3159
vn -0.2220 -0.9694 -0.1051
vn -0.0312 -0.9971 0.0698
vn -0.4158 -0.8911 -0.1817
vn -0.4791 -0.8602 0.1744
vn -0.3102 -0.9270 0.2106
vn -0.1100 -0.9686 0.2230
vn -0.5930 -0.7942 -0.1331
vn -0.5538 -0.8166 0.1624
vn -0.4748 -0.7074 0.5237
vn -0.2819 -0.8487 0.4475
vn -0.6094 -0.7721 0.1800
vn -0.5995 -0.6925 0.4013
vn -0.7542 -0.6232 0.2068
vn -0.7635 -0.6435 0.0540
vn -0.8325 -0.5355 0.1420
vn -0.7958 -0.5448 0.2645
vn -0.7472 -0.5505 0.3723
vn -0.6787 -0.6370 0.3656
vn -0.6538 -0.5190 0.5506
vn -0.6882 -0.5858 0.4281
vn -0.6429 -0.5023 0.5783
vn -0.5603 -0.3437 0.7536
vn -0.5626 -0.3428 0.7524
vn -0.6759 -0.6330 0.3776
vn -0.4516 -0.1446 0.8804
vn -0.2647 -0.2487 0.9317
vn 0.0279 -0.2892 0.9569
vn -0.1953 0.0566 0.9791
vn 0.0195 0.0802 0.9966
vn 0.1339 0.3751 0.9173
vn 0.0136 0.1877 0.9821
vn -0.2526 -0.0177 0.9674
vn -0.0665 0.0459 0.9967
vn -0.2451 -0.1975 0.9492
vn -0.4245 -0.1987 0.8833
vn -0.5145 -0.3907 0.7633
vn -0.6464 -0.5184 0.5599
vn -0.3859 -0.3676 0.8461
vn -0.5416 -0.4725 0.6953
vn -0.4510 -0.1218 0.8842
vn -0.6267 -0.3006 0.7190
vn -0.1694 0.0130 0.9855
vn -0.6117 -0.1625 0.7742
vn -0.4449 0.2045 0.8719
vn -0.3015 0.4453 0.8431
vn -0.3278 0.3020 0.8952
vn -0.2699 -0.2134 0.9390
vn 0.2027 -0.0047 0.9792
vn -0.1951 0.4377 0.8777
vn 0.0690 -0.0490 0.9964
vn 0.0773 -0.4376 0.8959
vn 0.2875 -0.1556 0.9451
vn -0.2622 0.2677 0.9271
vn -0.4330 0.4020 0.8068
vn 0.5405 -0.3442 0.7677
vn 0.6045 -0.4308 0.6701
vn 0.5803 -0.3498 0.7354
vn 0.2331 -0.1340 0.9632
vn -0.1727 0.1737 0.9695
vn 0.5102 0.0711 0.8571
vn 0.2843 0.2178 0.9337
vn 0.6897 0.3013 0.6584
vn 0.6388 -0.0387 0.7684
vn 0.5276 0.3570 0.7708
vn 0.8931 0.0777 0.4431
vn 0.6870 0.5607 0.4622
vn 0.5721 0.6031 0.5558
vn 0.4176 0.5947 0.6870
vn 0.3536 0.4173 0.8372
vn 0.0850 0.4415 0.8932
vn 0.1794 0.5427 0.8205
vn 0.5097 0.6856 0.5197
vn 0.4129 0.6078 0.6783
vn 0.6560 0.6879 0.3107
vn 0.5891 0.7198 0.3672
vn 0.7108 0.5896 0.3836
vn 0.3952 0.4906 0.7766
vn 0.0232 0.4525 0.8915
vn 0.8649 0.5008 0.0351
vn 0.7797 0.6261 0.0110
vn 0.7255 0.4187 0.5462
vn 0.9007 0.3596 0.2438
vn 0.7176 0.1939 0.6689
vn 0.9182 0.1800 0.3530
vn 0.3549 0.2322 0.9056
vn 0.6359 0.0950 0.7659
vn 0.8229 0.1545 0.5468
vn 0.3538 0.1067 0.9292
vn 0.9407 0.3347 0.0555
vn 0.9836 0.1657 0.0706
vn 0.9043 0.2485 0.3472
vn 0.6556 0.2664 0.7066
vn 0.5032 0.1737 0.8465
vn 0.7486 0.3092 0.5865
vn 0.7222 0.3568 0.5926
vn 0.3583 0.2920 0.8868
vn 0.5416 0.3657 0.7569
vn 0.3287 0.0374 0.9437
vn 0.1923 0.1801 0.9647
vn 0.5699 0.0894 0.8169
vn 0.4868 0.3855 0.7838
vn 0.8519 0.1042 0.5133
vn 0.7662 0.3332 0.5494
vn 0.9400 0.0980 0.3268
vn 0.9017 0.2381 0.3610
vn 0.8125 0.3234 0.4851
vn 0.8131 0.3513 0.4642
vn 0.8542 0.2984 0.4259
vn 0.8926 0.2098 0.3990
vn 0.8056 0.3334 0.4898
vn 0.7655 0.3629 0.5314
vn 0.8083 0.3484 0.4746
vn 0.8671 0.3106 0.3894
vn 0.9162 0.3134 0.2498
vn 0.8821 0.2977 0.3651
vn 0.8302 0.3606 0.4252
vn 0.9492 0.2490 0.1926
vn 0.7843 0.3640 0.5025
vn 0.9299 0.3544 0.0984
vn 0.8846 0.3702 0.2837
vn 0.8658 0.5003 0.0071
vn 0.7493 0.5819 0.3161
vn 0.6237 0.5591 0.5462
vn 0.5218 0.7324 0.4373
vn 0.4180 0.6767 0.6061
vn 0.7637 0.6455 -0.0083
vn 0.7312 0.6737 -0.1071
vn 0.6704 0.7354 -0.0988
vn 0.8727 0.4876 -0.0255
vn 0.4635 0.7734 0.4324
vn 0.6443 0.5484 0.5330
vn 0.8685 0.4442 -0.2200
vn 0.9714 0.2253 0.0750
vn 0.9321 0.2275 -0.2818
vn 0.9410 0.2103 -0.2651
vn 0.9443 0.3193 -0.0796
vn 0.8506 0.3489 0.3934
vn 0.8367 0.5254 0.1542
vn 0.9338 0.1942 -0.3006
vn 0.9136 0.2860 -0.2889
vn 0.8635 0.4931 -0.1061
vn 0.7398 0.6680 0.0804
vn 0.6944 0.5672 0.4429
vn 0.3505 0.6736 0.6507
vn 0.6303 0.7494 0.2031
vn 0.5316 0.7653 0.3629
vn 0.5966 0.8026 0.0040
vn 0.6918 0.7166 -0.0888
vn 0.6016 0.7979 -0.0368
vn 0.6774 0.7310 -0.0824
vn 0.6244 0.7811 -0.0076
vn 0.5960 0.8026 -0.0248
vn 0.6104 0.7921 -0.0017
vn 0.7340 0.6667 -0.1298
vn 0.7156 0.6753 0.1782
vn 0.8656 0.5007 0.0005
vn 0.6974 0.6864 -0.2060
vn 0.6337 0.7616 -0.1356
vn 0.5977 0.8015 0.0149
vn 0.6684 0.6301 -0.3954
vn 0.7136 0.6170 -0.3319
vn 0.6700 0.7364 -0.0942
vn 0.6148 0.7886 0.0075
vn 0.6402 0.7583 -0.1226
vn 0.7414 0.6066 -0.2868
vn 0.6663 0.7020 -0.2516
vn 0.7419 0.5055 -0.4405
vn 0.7519 0.4496 -0.4821
vn 0.7468 0.3374 -0.5732
vn 0.6563 0.5360 -0.5310
vn 0.6497 0.4133 -0.6380
vn 0.6645 0.2705 -0.6967
vn 0.6481 0.1355 -0.7494
vn 0.7034 0.2210 -0.6755
vn 0.6377 0.1347 -0.7584
vn 0.6711 0.0918 -0.7356
vn 0.6042 0.2192 -0.7661
vn 0.7477 0.3805 -0.5443
vn 0.6194 0.3948 -0.6786
vn 0.7233 0.6048 -0.3334
vn 0.4692 0.4656 -0.7504
vn 0.4147 0.5975 -0.6863
vn 0.3988 0.8860 -0.2365
vn 0.5984 0.4646 -0.6528
vn 0.5689 0.5493 -0.6121
vn -0.0319 0.9640 -0.2639
vn 0.7092 0.4006 -0.5802
vn 0.6051 0.5867 -0.5382
vn 0.4870 0.5196 -0.7021
vn 0.3647 0.8923 -0.2659
vn 0.2618 0.7229 -0.6395
vn 0.1777 0.5517 -0.8149
vn 0.1647 0.9549 -0.2472
vn 0.4254 0.8937 -0.1423
vn 0.2315 0.9676 -0.1004
vn 0.1826 0.9314 -0.3150
vn 0.6407 0.7460 -0.1816
vn 0.7113 0.6167 -0.3371
vn 0.3176 0.7990 -0.5105
vn 0.1609 0.9838 0.0787
vn 0.1058 0.8852 -0.4530
vn 0.5933 0.8028 -0.0588
vn 0.6495 0.7542 -0.0969
vn 0.7023 0.6982 -0.1388
vn 0.7216 0.6736 -0.1599
vn 0.7242 0.6878 -0.0492
vn 0.7667 0.5290 -0.3637
vn 0.7468 0.3327 -0.5759
vn 0.7032 0.6204 -0.3473
vn 0.4919 0.7005 -0.5170
vn 0.7506 0.6600 -0.0313
vn 0.6590 0.7518 -0.0231
vn 0.7892 0.6068 -0.0945
vn 0.8201 0.5080 -0.2635
vn 0.7832 0.5993 -0.1657
vn 0.8093 0.2964 -0.5072
vn 0.8553 0.3840 -0.3479
vn 0.8304 0.2261 -0.5093
vn 0.8738 0.2466 -0.4191
vn 0.9202 0.2078 -0.3317
vn 0.7228 0.3977 -0.5652
vn 0.8584 0.2565 -0.4442
vn 0.8743 0.2363 -0.4239
vn 0.9378 0.2005 -0.2833
vn 0.8644 0.1750 -0.4714
vn 0.9608 0.1524 -0.2318
vn 0.7024 0.3440 -0.6232
vn 0.5745 0.7124 -0.4030
vn 0.8939 0.1931 -0.4046
vn 0.9536 0.1295 -0.2718
vn 0.7234 0.3778 -0.5779
vn 0.8282 0.3125 -0.4652
vn 0.8382 0.4205 -0.3472
vn 0.9854 0.0565 -0.1608
vn 0.9858 0.0542 -0.1589
vn 0.9978 0.0247 -0.0622
vn 0.9985 0.0053 -0.0542
vn 0.9907 0.0941 -0.0987
vn 0.9985 0.0198 -0.0518
vn 0.8888 0.3279 -0.3203
vn 0.9890 0.0498 -0.1390
vn 0.9908 -0.0061 -0.1354
vn 0.9986 -0.0076 -0.0528
vn 0.9960 -0.0311 -0.0842
vn 0.9854 0.0095 -0.1700
vn 0.9840 -0.0964 -0.1497
vn 0.9857 -0.0778 -0.1492
vn 0.9930 0.0100 -0.1179
vn 0.9912 -0.0358 -0.1272
vn 0.9940 0.0311 -0.1049
vn 0.9961 0.0022 -0.0884
vn 0.9939 0.0835 -0.0715
vn 0.9732 -0.0773 -0.2168
vn 0.9817 -0.0893 -0.1684
vn 0.9877 -0.0836 -0.1319
vn 0.9934 -0.0836 -0.0786
vn 0.9075 -0.2106 -0.3635
vn 0.9937 -0.0944 0.0603
vn 0.9122 -0.0221 -0.4091
vn 0.5108 -0.4347 -0.7417
vn 0.8233 -0.4787 -0.3050
vn 0.9793 0.0756 -0.1877
vn 0.6641 -0.4561 -0.5924
vn 0.3038 -0.5345 -0.7887
vn 0.9792 -0.0644 0.1922
vn 0.1435 -0.3761 -0.9154
vn 0.4908 -0.2886 -0.8221
vn 0.0928 -0.4201 -0.9027
vn 0.4720 -0.3932 -0.7890
vn 0.4567 -0.3325 -0.8251
vn 0.0744 -0.4121 -0.9081
vn 0.4321 -0.2534 -0.8655
vn 0.4053 -0.3552 -0.8424
vn 0.1052 -0.4128 -0.9047
vn 0.3670 -0.3877 -0.8456
vn 0.5137 -0.1322 -0.8477
vn 0.1639 -0.1261 -0.9784
vn 0.6439 -0.0739 -0.7616
vn 0.3608 -0.2533 -0.8976
vn 0.1531 0.2920 -0.9441
vn 0.6337 0.4497 -0.6294
vn 0.3640 0.1676 -0.9162
vn 0.4097 0.8607 -0.3023
vn 0.8798 0.4705 0.0674
vn 0.5149 0.8533 -0.0821
vn 0.7001 0.7103 0.0733
vn 0.8412 0.5401 -0.0254
vn 0.9684 0.2488 0.0169
vn 0.6717 0.7407 0.0112
vn 0.9448 0.3093 -0.1083
vn 0.9904 0.0720 -0.1183
vn 0.7960 0.5975 -0.0970
vn 0.7323 0.6620 -0.1597
vn 0.8125 0.5623 -0.1538
vn 0.9144 0.3866 -0.1202
vn 0.9592 0.2793 -0.0431
vn 0.9071 0.4209 0.0035
vn 0.9415 0.2840 -0.1813
vn 0.9914 0.1296 -0.0173
vn 0.9734 0.2270 -0.0328
vn 0.9420 0.3343 -0.0296
vn 0.9949 0.0646 -0.0779
vn 0.9851 0.0966 -0.1421
vn 0.9364 0.3499 -0.0282
vn 0.9533 0.2861 -0.0966
vn 0.9611 0.2599 -0.0930
vn 0.9347 0.3368 -0.1135
vn 0.9662 0.1974 -0.1658
vn 0.8408 0.5353 -0.0804
vn 0.8564 0.5070 -0.0977
vn 0.9404 0.3156 -0.1267
vn 0.9391 0.2686 -0.2144
vn 0.9801 0.1626 -0.1135
vn 0.9919 0.0267 -0.1242
vn 0.9910 -0.1035 -0.0845
vn 0.9691 0.0187 -0.2461
vn 0.8833 0.3906 -0.2592
vn 0.9664 -0.1788 -0.1845
vn 0.9720 -0.2313 -0.0400
vn 0.8980 -0.4383 -0.0390
vn 0.7881 -0.5902 -0.1748
vn 0.7807 -0.6108 -0.1320
vn 0.9364 -0.2122 -0.2794
vn 0.9161 -0.2459 -0.3167
vn 0.9626 -0.0029 -0.2708
vn 0.9565 -0.0001 -0.2918
vn 0.7701 -0.5924 -0.2368
vn 0.7812 -0.5951 -0.1888
vn 0.7918 -0.5141 -0.3298
vn 0.7547 -0.5693 -0.3262
vn 0.8887 -0.4114 -0.2024
vn 0.8589 -0.3859 -0.3367
vn 0.7950 -0.6026 0.0702
vn 0.9070 -0.4017 -0.1263
vn 0.9209 -0.3279 0.2107
vn 0.8964 -0.3731 0.2393
vn 0.8607 0.4106 0.3008
vn 0.9903 0.1274 0.0558
vn 0.7683 -0.2182 0.6017
vn 0.7750 -0.4561 0.4374
vn 0.8683 -0.3137 0.3843
vn 0.8285 -0.5223 0.2020
vn 0.7200 -0.6605 0.2130
vn 0.7032 -0.5775 0.4147
vn 0.8614 -0.5070 0.0307
vn 0.7259 -0.6869 0.0368
vn 0.7156 -0.6158 0.3297
vn 0.6847 -0.5286 0.5018
vn 0.6637 -0.7357 0.1352
vn 0.7022 -0.5723 0.4236
vn 0.7058 -0.5924 0.3885
vn 0.6502 -0.7396 0.1736
vn 0.6008 -0.5688 0.5617
vn 0.6016 -0.6290 0.4925
vn 0.6164 -0.7419 0.2638
vn 0.4489 -0.5607 0.6957
vn 0.3797 -0.5314 0.7572
vn 0.3687 -0.6542 0.6604
vn 0.4660 -0.7207 0.5133
vn 0.3303 -0.7942 0.5100
vn 0.5600 -0.6687 0.4892
vn 0.3413 -0.7774 0.5284
vn 0.2648 -0.6852 0.6786
vn 0.2316 -0.8145 0.5320
vn 0.0404 -0.7896 0.6123
vn 0.1346 -0.8898 0.4360
vn -0.0141 -0.9049 0.4254
vn -0.0458 -0.9496 0.3100
vn -0.0736 -0.9321 0.3546
vn -0.2424 -0.8236 0.5128
vn 0.0895 -0.9781 0.1880
vn -0.5086 -0.6728 0.5373
vn -0.0960 -0.7542 0.6496
vn -0.2772 -0.5775 0.7679
vn -0.6174 -0.4430 0.6500
vn -0.6771 -0.5398 0.5002
vn -0.6584 -0.6470 0.3847
vn -0.3848 -0.4244 0.8196
vn 0.1672 -0.5390 0.8255
vn 0.3871 -0.3609 0.8484
vn 0.5479 -0.5326 0.6451
vn 0.5848 -0.8098 -0.0467
vn 0.5630 -0.8134 -0.1461
vn 0.6129 -0.7858 -0.0830
vn 0.5830 -0.8006 -0.1386
vn 0.6712 -0.7366 -0.0836
vn 0.8470 -0.5313 -0.0175
vn 0.7034 -0.7105 0.0218
vn 0.7803 -0.6061 0.1541
vn 0.8777 -0.4685 -0.1007
vn 0.8669 -0.4919 -0.0813
vn 0.8279 -0.5446 -0.1340
vn 0.7883 -0.6152 -0.0061
vn 0.8127 -0.5732 -0.1049
vn 0.8433 -0.5317 -0.0783
vn 0.8232 -0.5573 -0.1081
vn 0.8062 -0.5698 -0.1593
vn 0.7849 -0.5993 -0.1574
vn 0.8105 -0.5654 -0.1534
vn 0.8433 -0.5019 -0.1921
vn 0.8032 -0.5846 -0.1145
vn 0.8279 -0.5602 0.0293
vn 0.8014 -0.5889 0.1052
vn 0.7818 -0.5809 0.2267
vn 0.8095 -0.5807 0.0865
vn 0.8268 -0.5085 0.2405
vn 0.8079 -0.5467 0.2200
vn 0.7776 -0.5662 0.2733
vn 0.7809 -0.5454 0.3046
vn 0.8190 -0.5627 0.1124
vn 0.3691 -0.8645 0.3413
vn 0.5472 -0.8138 0.1956
vn 0.6333 -0.7735 0.0235
vn 0.7360 -0.6556 -0.1691
vn 0.5260 -0.8375 -0.1483
vn 0.7872 -0.6020 -0.1343
vn 0.5325 -0.8381 -0.1185
vn 0.6732 -0.7277 -0.1316
vn 0.5757 -0.8173 0.0237
vn 0.3572 -0.9304 0.0826
vn 0.3799 -0.9203 0.0931
vn 0.2222 -0.9630 0.1527
vn 0.6078 -0.7838 -0.1270
vn 0.8315 -0.5270 -0.1754
vn 0.5015 -0.8637 -0.0494
vn 0.7922 -0.5914 -0.1503
vn 0.5750 -0.8138 0.0850
vn 0.7662 -0.6387 -0.0713
vn 0.5900 -0.8049 -0.0635
vn 0.6657 -0.7456 0.0305
vn 0.7040 -0.6988 0.1270
vn 0.5586 -0.8267 0.0675
vn 0.5277 -0.8490 0.0261
vn 0.7051 -0.6670 0.2405
vn 0.6886 -0.7045 0.1719
vn 0.7574 -0.6493 0.0685
vn 0.7794 -0.6180 0.1029
vn 0.8243 -0.5648 -0.0380
vn 0.6053 -0.7940 0.0557
vn 0.7954 -0.6004 -0.0829
vn 0.7006 -0.7135 -0.0050
vn 0.7548 -0.6173 -0.2219
vn 0.7546 -0.6412 -0.1394
vn 0.7964 -0.5900 -0.1328
vn 0.7701 -0.5975 -0.2237
vn 0.9226 -0.3261 -0.2059
vn 0.7085 -0.7004 -0.0860
vn 0.6313 -0.7750 -0.0281
vn 0.8685 -0.4774 -0.1337
vn 0.9191 -0.2822 -0.2749
vn 0.9495 -0.0138 -0.3136
vn 0.8646 0.3881 -0.3192
vn 0.8707 0.4012 -0.2847
vn 0.8887 0.3852 -0.2488
vn 0.7162 0.6689 -0.1990
vn 0.6659 0.7096 -0.2302
vn 0.6256 0.7668 -0.1437
vn 0.7533 0.6309 -0.1857
vn 0.8915 -0.3784 -0.2491
vn 0.8251 -0.5469 -0.1419
vn 0.7831 -0.5875 -0.2041
vn 0.7665 -0.6392 -0.0630
vn 0.7136 -0.6807 -0.1658
vn 0.8243 -0.5466 -0.1473
vn 0.6870 -0.7197 -0.0998
vn 0.6317 -0.7708 -0.0830
vn 0.6251 -0.7673 -0.1428
vn 0.6961 -0.7160 0.0526
vn 0.9858 0.0919 -0.1403
vn 0.7669 0.6328 0.1072
vn 0.9493 0.2044 -0.2388
vn 0.6632 0.6872 0.2965
vn 0.6760 0.7186 0.1630
vn 0.9993 0.0277 -0.0240
vn 0.9931 0.0321 -0.1127
vn 0.9926 -0.0123 -0.1209
vn 0.9985 0.0101 -0.0534
vn 0.9923 0.0948 -0.0795
vn 0.9897 0.1152 0.0847
vn 0.9844 0.0988 0.1459
vn 0.9852 0.0633 0.1593
vn 0.9649 0.1392 -0.2227
vn 0.9381 0.3217 -0.1282
vn 0.9887 0.0119 -0.1493
vn 0.9971 -0.0756 -0.0070
vn 0.9849 -0.0097 0.1728
vn 0.9884 -0.0236 0.1502
vn 0.7160 -0.1878 -0.6724
vn 0.7544 -0.0894 -0.6503
vn 0.7379 0.5305 -0.4171
vn 0.7446 0.6625 -0.0824
vn 0.6043 0.7886 -0.1136
vn 0.7579 0.1035 -0.6441
vn 0.8882 0.0022 -0.4594
vn 0.8767 0.2154 -0.4300
vn 0.8521 0.4301 -0.2982
vn 0.9218 0.3449 -0.1767
vn 0.9487 0.1087 -0.2968
vn 0.9778 0.0211 -0.2087
vn 0.9886 0.1499 -0.0168
vn 0.9856 0.0878 -0.1443
vn 0.9782 0.2010 0.0520
vn 0.9966 0.0597 -0.0575
vn 0.9658 0.2190 0.1386
vn 0.9061 0.3028 0.2953
vn 0.9262 0.3251 0.1908
vn 0.8555 0.3327 0.3967
vn 0.8511 0.2798 0.4443
vn 0.9770 0.1013 0.1875
vn 0.9958 -0.0832 0.0373
vn 0.7701 0.3789 0.5132
vn 0.9138 0.1751 0.3664
vn 0.9682 -0.0112 0.2498
vn 0.9884 -0.0635 0.1380
vn 0.9719 -0.2291 0.0540
vn 0.9760 -0.2045 0.0752
vn 0.9598 0.0468 0.2766
vn 0.9728 -0.1529 0.1738
vn 0.9207 -0.1969 0.3369
vn 0.5767 -0.3364 0.7445
vn 0.7981 0.3600 0.4832
vn 0.7740 0.3966 0.4936
vn 0.8074 0.4481 0.3837
vn 0.6756 0.5048 0.5374
vn 0.2612 0.7018 0.6628
vn 0.0824 0.0103 0.9965
vn -0.0422 0.2674 0.9627
vn -0.1875 0.3148 0.9304
vn -0.2441 0.3523 0.9035
vn 0.1492 -0.9771 0.1515
vn 0.0958 -0.9550 0.2807
vn 0.8135 -0.2748 -0.5125
vn -0.4509 0.8359 -0.3130
vn 0.0990 -0.9938 -0.0503
vn -0.0188 -0.9822 -0.1869
vn -0.4887 -0.0659 -0.8699
vn 0.5087 0.8035 -0.3091
vn 0.5349 0.7978 -0.2780
vn 0.7710 0.5389 -0.3393
vn 0.5910 0.7623 -0.2639
vn 0.6375 0.7286 -0.2503
vn 0.3393 0.9294 -0.1453
vn 0.3564 0.9235 -0.1422
vn 0.8328 0.4647 -0.3009
vn 0.8755 0.3025 -0.3768
vn 0.9313 0.2216 -0.2893
vn 0.6537 0.7278 -0.2074
vn 0.6134 0.7621 -0.2073
vn 0.3503 0.9298 -0.1134
vn 0.3475 0.9308 -0.1134
vn 0.6044 0.7684 -0.2105
vn 0.1029 0.9947 -0.0083
vn 0.0737 0.9967 -0.0327
vn 0.3771 0.9192 -0.1137
vn -0.0125 0.9999 -0.0009
vn 0.9734 -0.0461 -0.2244
vn 0.1835 -0.3539 -0.9171
vn -0.1295 -0.5141 -0.8479
vn -0.1271 -0.5591 -0.8193
vn 0.0990 -0.4109 -0.9063
vn 0.0232 -0.4812 -0.8763
vn 0.3769 -0.3626 -0.8523
vn 0.1011 -0.6803 -0.7259
vn 0.2919 -0.6360 -0.7143
vn 0.3002 -0.4977 -0.8138
vn 0.5409 -0.7991 -0.2624
vn -0.5192 -0.7691 0.3726
vn -0.5594 -0.8021 -0.2090
vn -0.7016 -0.6500 -0.2919
vn -0.4364 -0.7864 -0.4371
vn -0.2198 -0.9286 -0.2989
vn -0.5673 -0.6349 -0.5245
vn -0.8136 -0.5068 -0.2851
vn 0.3435 -0.6834 -0.6442
vn -0.2269 -0.7614 -0.6073
vn 0.3107 -0.7179 -0.6229
vn -0.2859 -0.7083 -0.6454
vn -0.3577 -0.7192 -0.5956
vn -0.4388 -0.6082 -0.6615
vn -0.3352 -0.7330 -0.5918
vn 0.1366 -0.6810 -0.7195
vn -0.0872 -0.5613 -0.8230
vn -0.5221 -0.5399 -0.6603
vn 0.3766 -0.3741 -0.8475
vn 0.4097 -0.3324 -0.8495
vn 0.2478 -0.3793 -0.8915
vn 0.2728 -0.3137 -0.9095
vn 0.0626 -0.3297 -0.9420
vn 0.0566 -0.3781 -0.9240
vn -0.1035 -0.4908 -0.8651
vn -0.4930 -0.5474 -0.6762
vn -0.2007 -0.4828 -0.8525
vn -0.5694 -0.5446 -0.6158
vn -0.2280 -0.3734 -0.8992
vn -0.4495 -0.4370 -0.7791
vn -0.6815 -0.4388 -0.5857
vn -0.5075 -0.3451 -0.7895
vn -0.7198 -0.3896 -0.5746
vn -0.3295 -0.3023 -0.8945
vn -0.2224 -0.3632 -0.9048
vn -0.4856 -0.5315 -0.6940
vn -0.7144 -0.5624 -0.4164
vn -0.1122 -0.2307 -0.9665
vn -0.2260 -0.2569 -0.9396
vn 0.0091 -0.2684 -0.9633
vn -0.0959 -0.3252 -0.9408
vn 0.1937 -0.2493 -0.9489
vn 0.3726 -0.2354 -0.8976
vn 0.3005 -0.1570 -0.9408
vn 0.4924 -0.1273 -0.8610
vn 0.6516 -0.0523 -0.7568
vn 0.6488 0.0248 -0.7606
vn 0.4758 -0.0596 -0.8775
vn 0.6984 0.0990 -0.7088
vn 0.5885 0.0140 -0.8084
vn 0.7804 0.1887 -0.5961
vn 0.7244 0.0770 -0.6851
vn 0.8683 0.2256 -0.4417
vn 0.8638 0.0874 -0.4962
vn 0.9626 0.2614 -0.0710
vn 0.9939 0.0847 -0.0708
vn 0.7230 0.3393 0.6018
vn 0.8152 0.2418 0.5263
vn 0.8599 0.1309 0.4933
vn 0.4412 0.2015 0.8745
vn 0.4912 0.1556 0.8570
vn 0.3738 0.2527 0.8924
vn 0.1344 0.0830 0.9874
vn 0.0801 0.1068 0.9910
vn 0.0680 0.0765 0.9947
vn -0.2756 -0.1077 0.9552
vn -0.3404 -0.1056 0.9343
vn -0.1314 -0.1897 0.9730
vn -0.5502 -0.3274 0.7682
vn -0.6444 -0.3042 0.7016
vn -0.8106 -0.4323 0.3950
vn -0.7983 -0.4810 0.3623
vn -0.4796 -0.4207 0.7701
vn -0.7282 -0.6097 0.3132
vn -0.4133 -0.4844 0.7711
vn -0.6317 -0.7189 0.2900
vn -0.0817 -0.2263 0.9706
vn -0.7806 -0.6132 -0.1214
vn -0.7007 -0.7044 -0.1127
vn -0.6631 -0.6500 0.3713
vn -0.6354 -0.6686 -0.3863
vn -0.6025 -0.7063 -0.3716
vn -0.6791 -0.7230 -0.1270
vn -0.5937 -0.7113 -0.3762
vn -0.6998 -0.7046 -0.1174
vn -0.6929 -0.6298 -0.3509
vn -0.4756 -0.6268 -0.6172
vn -0.8257 -0.5641 0.0041
vn -0.5719 -0.5732 -0.5867
vn -0.6032 -0.5651 -0.5628
vn -0.6914 -0.6242 -0.3638
vn -0.6980 -0.5480 -0.4609
vn -0.7857 -0.5172 -0.3393
vn -0.8226 -0.4066 -0.3975
vn -0.8842 -0.3978 -0.2449
vn -0.8597 -0.3909 -0.3289
vn -0.8395 -0.4931 -0.2284
vn -0.8561 -0.4989 -0.1350
vn -0.8937 -0.4484 0.0140
vn -0.8194 -0.5725 0.0287
vn -0.7492 -0.5728 0.3327
vn -0.6789 -0.7080 -0.1946
vn -0.6560 -0.7515 0.0694
vn -0.6594 -0.4889 0.5711
vn -0.3844 -0.3203 0.8658
vn -0.3406 -0.7701 0.5394
vn -0.5799 -0.7652 0.2796
vn 0.1041 -0.9352 -0.3385
vn -0.0830 -0.8956 -0.4370
vn 0.0756 -0.6159 0.7842
vn 0.5077 -0.8589 -0.0675
vn 0.6468 -0.5138 -0.5636
vn 0.7105 -0.4678 -0.5257
vn 0.8785 -0.4323 0.2031
vn 0.4764 -0.2706 0.8366
vn 0.8384 -0.3635 -0.4061
vn 0.8542 -0.1941 -0.4823
vn 0.7321 -0.1807 -0.6568
vn 0.9185 -0.0399 0.3933
vn 0.9737 -0.1234 -0.1913
vn 0.4941 -0.0112 0.8694
vn -0.0099 -0.1042 0.9945
vn 0.5177 -0.5805 -0.6284
vn 0.5808 -0.2273 -0.7816
vn 0.3939 -0.2069 -0.8956
vn 0.3553 -0.6093 -0.7089
vn -0.2561 -0.8443 -0.4707
vn -0.3484 -0.7408 -0.5743
vn 0.0950 -0.5333 -0.8406
vn 0.1682 -0.2108 -0.9629
vn -0.7435 -0.6584 -0.1172
vn 0.2111 0.0634 0.9754
vn 0.3497 0.2462 0.9039
vn 0.6154 0.3676 0.6972
vn -0.9627 -0.2472 0.1099
vn -0.9739 -0.1429 -0.1761
vn -0.9748 0.0790 -0.2086
vn -0.8115 0.5688 -0.1338
vn -0.4709 0.8681 -0.1569
vn 0.5782 0.7334 0.3576
vn 0.6604 0.6457 0.3833
vn 0.6371 0.6564 0.4041
vn 0.7591 0.5516 0.3456
vn 0.7546 0.5211 0.3988
vn 0.6401 0.6368 0.4298
vn 0.8735 0.1569 0.4608
vn 0.6484 0.3589 0.6714
vn 0.2298 0.6867 0.6896
vn 0.4836 -0.3151 0.8166
vn -0.0208 -0.2161 0.9762
vn 0.8601 -0.1426 0.4897
vn 0.1205 -0.6666 0.7356
vn 0.7370 -0.4014 0.5438
vn 0.8358 -0.1947 0.5134
vn 0.8215 -0.2323 0.5208
vn 0.6041 -0.4993 0.6211
vn 0.5839 -0.5977 0.5493
vn 0.3477 -0.7131 0.6088
vn -0.0266 -0.7475 0.6637
vn 0.0275 -0.8822 0.4701
vn -0.0620 -0.8409 0.5377
vn -0.4032 -0.7921 0.4582
vn -0.4612 -0.7036 0.5405
vn 0.1207 -0.8834 0.4528
vn -0.3299 -0.8559 0.3982
vn 0.6322 -0.5446 0.5510
vn 0.2352 -0.8784 0.4161
vn 0.7989 -0.1802 0.5738
vn 0.7956 -0.1629 0.5835
vn 0.8651 -0.0112 0.5015
vn 0.8204 0.1719 0.5454
vn 0.7513 0.4014 0.5239
vn 0.6959 0.5260 0.4890
vn 0.8355 0.3064 0.4562
vn 0.8946 0.1926 0.4033
vn -0.4663 -0.5209 0.7150
vn -0.8268 0.0029 0.5624
vn -0.7086 0.0897 0.6999
vn -0.6463 0.6302 0.4302
vn -0.3300 0.2805 0.9013
vn -0.5235 0.7193 0.4567
vn -0.0724 0.8951 0.4400
vn -0.9593 -0.0229 0.2813
vn -0.6937 0.5354 0.4818
vn -0.7884 0.4237 0.4460
vn 0.9093 -0.3363 0.2453
vn 0.9703 -0.1301 0.2041
vn 0.8575 0.2861 -0.4276
vn 0.9682 0.1421 0.2061
vn 0.8922 0.2658 -0.3651
vn 0.8807 0.3867 -0.2735
vn 0.7860 0.5333 -0.3128
vn 0.6926 0.6624 -0.2855
vn 0.8069 0.5173 -0.2852
vn 0.7587 0.6044 -0.2432
vn 0.8874 0.4310 -0.1637
vn 0.9800 0.1979 0.0202
vn 0.8268 0.4783 -0.2959
vn 0.8496 0.4761 -0.2269
vn -0.9242 0.3815 0.0179
vn -0.7981 -0.0012 -0.6025
vn -0.9084 0.1112 -0.4031
vn -0.8598 0.2903 -0.4200
vn -0.9201 0.0650 -0.3863
vn -0.8119 0.3440 -0.4717
vn -0.8715 -0.0334 -0.4892
vn -0.8553 0.1160 -0.5050
vn -0.8829 0.3682 -0.2915
vn -0.9495 0.1771 -0.2589
vn -0.9829 0.1761 -0.0530
vn -0.9392 0.2791 -0.2000
vn -0.9870 0.1011 0.1249
vn -0.9550 0.0155 0.2963
vn -0.9112 -0.1271 0.3920
vn -0.9945 0.0274 0.1013
vn -0.8437 -0.1301 0.5208
vn -0.8964 -0.0642 0.4385
vn -0.7482 -0.2635 0.6089
vn -0.8174 -0.3394 0.4654
vn -0.9644 -0.0840 0.2507
vn -0.9890 -0.1476 0.0012
vn -0.8432 -0.4704 0.2603
vn -0.9354 -0.1632 -0.3137
vn -0.8815 -0.4681 -0.0616
vn -0.8655 0.0075 -0.5009
vn -0.8960 -0.2276 -0.3812
vn -0.8494 -0.0185 -0.5274
vn -0.8058 -0.0781 -0.5870
vn -0.8260 0.1023 -0.5543
vn -0.6124 -0.2584 -0.7471
vn -0.5671 -0.1282 -0.8136
vn -0.5418 0.2617 -0.7987
vn -0.8648 0.1883 -0.4655
vn -0.9032 -0.3139 -0.2927
vn -0.9433 0.0839 -0.3210
vn -0.3778 0.2079 -0.9022
vn -0.3658 -0.2257 -0.9029
vn -0.3541 0.5601 -0.7490
vn -0.1595 0.2988 -0.9409
vn -0.2437 0.6616 -0.7092
vn -0.3227 0.7808 -0.5350
vn -0.3300 0.9030 -0.2753
vn -0.4793 0.8678 -0.1310
vn -0.6638 0.7418 0.0956
vn -0.5760 0.8080 -0.1241
vn -0.6539 0.7553 0.0435
vn -0.4146 0.8219 -0.3907
vn -0.6700 0.7299 -0.1353
vn -0.6000 0.7789 -0.1826
vn -0.5617 0.7734 -0.2939
vn -0.8239 0.4823 -0.2978
vn -0.6361 0.7504 -0.1799
vn -0.8428 0.4744 -0.2542
vn -0.7992 0.5029 -0.3292
vn -0.9387 0.1238 -0.3218
vn -0.9241 0.1124 -0.3651
vn -0.8021 0.4344 -0.4099
vn -0.9370 -0.1300 -0.3242
vn -0.9274 -0.1181 -0.3548
vn -0.8473 -0.4420 -0.2944
vn -0.9527 -0.0992 -0.2873
vn -0.9511 0.1168 -0.2859
vn -0.9609 0.1287 -0.2452
vn -0.9827 -0.0202 -0.1841
vn -0.8680 -0.4347 -0.2399
vn -0.8593 -0.3216 -0.3976
vn -0.8658 -0.3427 -0.3645
vn -0.8738 -0.4540 -0.1741
vn -0.8531 -0.5030 -0.1387
vn -0.9126 -0.1839 -0.3652
vn -0.8984 -0.2942 -0.3260
vn -0.9297 -0.1472 -0.3377
vn -0.8963 -0.3249 -0.3017
vn -0.9495 -0.1568 -0.2718
vn -0.8605 -0.4231 -0.2836
vn -0.8374 -0.4498 -0.3104
vn -0.9589 0.2572 -0.1202
vn -0.9931 0.0667 -0.0967
vn -0.9799 0.1550 -0.1257
vn -0.9042 0.4146 -0.1023
vn -0.9002 0.4245 -0.0975
vn -0.8193 0.5647 -0.0990
vn -0.8396 0.4852 -0.2443
vn -0.9321 0.3530 -0.0811
vn -0.7966 0.6000 -0.0740
vn -0.9052 0.4249 -0.0031
vn -0.9106 0.3764 -0.1710
vn -0.6805 0.7167 -0.1530
vn -0.7447 0.6506 -0.1490
vn -0.8760 0.4706 -0.1053
vn -0.8732 0.4871 0.0164
vn -0.7669 0.6322 -0.1105
vn -0.8051 0.5928 -0.0209
vn -0.9252 0.3658 -0.1007
vn -0.9474 0.3190 0.0243
vn -0.9878 0.0988 -0.1207
vn -0.9909 0.1052 -0.0843
vn -0.9853 0.1502 0.0811
vn -0.8576 0.5059 0.0927
vn -0.9527 0.1823 -0.2432
vn -0.9851 0.0924 0.1449
vn -0.9364 0.3170 -0.1509
vn -0.9932 0.0927 -0.0698
vn -0.9950 0.0316 -0.0952
vn -0.9943 0.0197 -0.1050
vn -0.9984 -0.0072 -0.0561
vn -0.9940 0.0561 -0.0942
vn -0.9984 0.0094 -0.0551
vn -0.9956 -0.0205 -0.0919
vn -0.9925 -0.0024 -0.1223
vn -0.9960 0.0054 -0.0893
vn -0.9899 -0.0422 -0.1356
vn -0.9852 -0.0760 -0.1533
vn -0.9836 -0.0935 -0.1542
vn -0.9818 -0.0918 -0.1664
vn -0.9060 -0.2109 -0.3670
vn -0.9803 -0.1083 -0.1654
vn -0.9858 0.0068 -0.1676
vn -0.9091 -0.0040 -0.4167
vn -0.9952 -0.0687 0.0692
vn -0.8303 -0.4655 -0.3064
vn -0.4497 -0.4969 -0.7422
vn -0.6550 -0.3328 -0.6784
vn -0.7472 -0.0735 -0.6605
vn -0.4691 -0.2677 -0.8416
vn -0.7417 -0.1842 -0.6449
vn -0.6757 -0.2279 -0.7011
vn -0.4445 -0.3348 -0.8308
vn -0.4009 -0.3556 -0.8443
vn -0.0933 -0.3896 -0.9163
vn -0.3849 -0.3602 -0.8497
vn -0.0931 -0.4128 -0.9060
vn -0.1531 -0.3856 -0.9099
vn -0.1503 -0.1541 -0.9765
vn -0.4613 -0.1212 -0.8789
vn -0.6243 -0.1067 -0.7738
vn -0.3881 -0.2475 -0.8878
vn -0.4809 -0.4005 -0.7799
vn -0.9825 0.0052 -0.1863
vn -0.9861 0.0223 0.1648
vn -0.9942 -0.1054 -0.0193
vn -0.9849 -0.0021 0.1733
vn -0.6627 -0.4543 -0.5953
vn -0.9809 -0.0605 0.1850
vn -0.9907 0.0030 0.1363
vn -0.9932 -0.0925 -0.0707
vn -0.9904 -0.0775 -0.1144
vn -0.1379 -0.3836 -0.9132
vn -0.3076 -0.5414 -0.7825
vn -0.6446 0.4680 -0.6046
vn -0.9482 0.3165 -0.0266
vn -0.9989 0.0340 -0.0322
vn -0.9865 0.1633 -0.0150
vn -0.9582 0.2845 -0.0292
vn -0.8888 0.4581 0.0095
vn -0.9121 0.4029 -0.0765
vn -0.9104 0.3206 -0.2613
vn -0.9512 -0.0447 -0.3054
vn -0.9645 -0.2055 -0.1658
vn -0.9698 0.0274 -0.2423
vn -0.9979 0.0144 -0.0632
vn -0.8002 -0.5926 0.0919
vn -0.8515 -0.4812 -0.2084
vn -0.8212 -0.4825 0.3046
vn -0.9666 0.1720 0.1898
vn -0.7945 -0.3535 0.4938
vn -0.9792 0.1914 -0.0679
vn -0.8593 0.5015 0.1006
vn -0.9685 0.2057 0.1401
vn -0.8654 0.4578 0.2040
vn -0.9603 0.1651 0.2249
vn -0.9940 0.1051 0.0305
vn -0.9697 0.2407 0.0424
vn -0.9588 0.2544 0.1268
vn -0.8527 0.4319 0.2939
vn -0.9263 0.3554 0.1248
vn -0.7760 0.4376 0.4542
vn -0.5496 0.7102 0.4399
vn -0.6762 0.6786 0.2869
vn -0.5394 0.6371 0.5506
vn -0.6264 0.7756 0.0773
vn -0.5535 0.8325 0.0241
vn -0.4983 0.8504 -0.1689
vn -0.7249 0.6887 0.0141
vn -0.4779 0.7748 -0.4138
vn -0.7145 0.6540 -0.2485
vn -0.6453 0.7228 -0.2472
vn -0.8305 0.5367 -0.1490
vn -0.6926 0.6566 -0.2986
vn -0.5732 0.7506 -0.3287
vn -0.8202 0.5151 -0.2487
vn -0.6831 0.6762 -0.2760
vn -0.4327 0.8239 -0.3659
vn -0.5416 0.7613 -0.3565
vn -0.8601 0.4095 -0.3043
vn -0.9446 0.1462 -0.2939
vn -0.9495 -0.1600 -0.2698
vn -0.9349 -0.1906 0.2994
vn -0.3811 -0.8272 0.4129
vn -0.7478 -0.5048 0.4312
vn 0.0001 -0.9200 0.3919
vn -0.0738 -0.6460 0.7597
vn 0.3468 -0.8466 0.4037
vn 0.8368 -0.5165 0.1816
vn 0.1912 -0.7191 0.6681
vn -0.2235 -0.6790 0.6992
vn -0.1393 -0.6074 0.7821
vn -0.4847 -0.3807 0.7875
vn -0.6918 -0.1131 0.7132
vn -0.7647 0.2656 0.5872
vn -0.4506 -0.4950 0.7430
vn -0.7151 -0.6872 0.1281
vn -0.8427 -0.4829 0.2381
vn -0.6010 -0.2324 0.7647
vn -0.6219 -0.4376 0.6494
vn -0.6625 -0.7450 0.0775
vn -0.8128 -0.5437 0.2094
vn -0.5000 -0.6596 0.5612
vn -0.7041 -0.4694 0.5328
vn -0.8092 -0.3878 0.4415
vn -0.9145 -0.0736 0.3979
vn -0.9402 -0.0450 0.3377
vn -0.3056 -0.2838 0.9089
vn -0.3085 -0.1012 0.9458
vn -0.9690 0.2339 0.0793
vn -0.9743 0.2142 0.0702
vn -0.9425 0.3322 -0.0375
vn -0.9304 0.3634 -0.0478
vn -0.5164 0.3202 0.7942
vn -0.4738 0.5113 0.7170
vn -0.9047 0.4197 -0.0727
vn -0.8564 0.5076 -0.0944
vn -0.7405 0.5555 0.3783
vn -0.7006 0.6164 0.3595
vn -0.8000 0.5959 -0.0704
vn -0.8500 0.5256 0.0351
vn -0.7522 0.6494 0.1118
vn -0.5733 0.3512 0.7403
vn -0.8771 0.4705 0.0964
vn -0.8763 0.4818 -0.0034
vn -0.8916 0.4370 -0.1183
vn -0.8034 0.5427 -0.2452
vn -0.8317 0.5448 -0.1068
vn -0.8876 0.4560 -0.0646
vn -0.8242 0.5485 -0.1408
vn -0.9178 0.3886 -0.0816
vn -0.9206 0.3881 -0.0431
vn -0.8980 0.4382 -0.0404
vn -0.1704 0.7350 0.6563
vn -0.6167 0.6466 0.4491
vn -0.7230 0.5719 0.3876
vn 0.1995 0.4979 0.8440
vn 0.0410 0.5360 0.8432
vn 0.3961 0.4859 0.7791
vn 0.3496 0.5285 0.7736
vn 0.1180 0.7316 0.6714
vn 0.0077 0.6681 0.7440
vn -0.0598 0.6845 0.7265
vn 0.1565 0.7439 0.6497
vn 0.5020 0.3251 0.8014
vn -0.5991 0.5831 0.5487
vn -0.8731 0.4763 0.1043
vn 0.2316 0.4681 0.8528
vn -0.9336 0.3564 -0.0375
vn -0.3466 0.6594 0.6671
vn -0.9393 0.3423 0.0215
vn -0.9594 0.2815 -0.0157
vn -0.9672 0.2534 0.0160
vn -0.8338 0.4625 0.3016
vn -0.9445 0.2884 0.1572
vn -0.9817 0.1445 0.1241
vn -0.9806 0.1787 0.0801
vn -0.8511 -0.1599 0.5001
vn -0.7425 -0.2365 0.6267
vn -0.4075 -0.5457 0.7322
vn -0.9589 0.1311 0.2515
vn 0.5567 -0.3093 0.7710
vn -0.4362 -0.2752 0.8567
vn 0.8012 0.0013 0.5983
vn -0.5949 0.1626 0.7872
vn -0.1165 -0.0742 0.9904
vn 0.8636 0.0081 0.5041
vn 0.8713 -0.0449 0.4888
vn 0.6960 0.2121 0.6860
vn 0.7796 -0.3862 0.4930
vn 0.8769 -0.1322 0.4622
vn 0.8119 -0.4663 0.3512
vn 0.8622 0.2094 0.4613
vn 0.8313 0.3612 0.4225
vn 0.4350 0.2765 0.8569
vn 0.7859 0.4036 0.4685
vn 0.3548 0.3652 0.8607
vn 0.5003 0.4486 0.7406
vn -0.5681 0.5046 0.6501
vn 0.7143 0.4616 0.5260
vn -0.1956 0.6393 0.7437
vn 0.5869 0.3982 0.7050
vn 0.3008 0.5555 0.7752
vn 0.5769 0.3173 0.7527
vn 0.5348 0.2758 0.7987
vn 0.5903 0.4485 0.6711
vn 0.6440 0.4794 0.5962
vn 0.5414 0.5686 0.6193
vn 0.1167 0.3384 0.9337
vn 0.0300 0.3587 0.9330
vn 0.2604 0.2540 0.9315
vn 0.2143 0.2847 0.9344
vn 0.1424 0.0815 0.9865
vn 0.3412 -0.3134 0.8862
vn 0.8232 -0.3498 0.4472
vn 0.3339 -0.3910 0.8577
vn 0.7115 -0.3672 0.5991
vn 0.4982 -0.0897 0.8624
vn 0.8985 -0.1744 0.4029
vn 0.8291 -0.2084 0.5188
vn 0.8797 -0.0986 0.4653
vn 0.8897 -0.1189 0.4408
vn 0.2712 -0.2505 0.9294
vn 0.2778 -0.0300 0.9602
vn 0.0636 0.2382 0.9691
vn 0.5493 0.3896 0.7392
vn -0.0837 0.3574 0.9302
vn -0.2698 0.3049 0.9134
vn 0.4014 0.5201 0.7539
vn 0.3033 0.6543 0.6927
vn -0.0509 0.2802 0.9586
vn -0.0133 0.4598 0.8879
vn 0.3366 0.7011 0.6286
vn 0.2173 0.8885 0.4041
vn 0.1796 0.7016 0.6895
vn 0.1271 0.8151 0.5652
vn -0.2242 0.9097 0.3496
vn -0.0018 0.8321 0.5546
vn -0.0169 0.9378 0.3466
vn 0.1163 0.7358 0.6671
vn 0.3294 0.5336 0.7789
vn 0.3119 0.5599 0.7676
vn 0.3546 0.5429 0.7613
vn 0.0307 0.8499 0.5261
vn -0.2430 0.9229 0.2987
vn 0.0020 0.8545 0.5194
vn -0.2521 0.9294 0.2694
vn -0.0885 0.8069 0.5841
vn -0.1364 0.7935 0.5930
vn -0.1201 0.7818 0.6119
vn -0.0567 0.6419 0.7647
vn 0.0484 0.7061 0.7064
vn -0.1057 0.5659 0.8177
vn 0.1435 0.6999 0.6997
vn 0.0311 0.4128 0.9103
vn 0.2555 0.5454 0.7983
vn 0.0089 0.8587 0.5124
vn -0.2161 0.8650 0.4529
vn -0.6282 0.4591 0.6281
vn 0.0871 0.3398 0.9365
vn -0.7485 0.6333 0.1968
vn -0.6570 0.1748 0.7333
vn -0.4556 0.8888 -0.0492
vn -0.3997 0.8663 -0.2997
vn -0.4387 0.8986 0.0041
vn -0.3665 0.7844 -0.5004
vn -0.3529 0.9109 -0.2136
vn -0.3010 0.9528 0.0406
vn -0.2232 0.9591 -0.1739
vn -0.3396 0.8285 -0.4454
vn -0.0447 0.9932 0.1075
vn -0.2978 0.8725 -0.3874
vn -0.0814 0.9932 -0.0827
vn 0.0840 0.9775 0.1935
vn -0.0604 0.9951 0.0786
vn -0.2337 0.5526 0.8000
vn -0.3619 0.6663 0.6520
vn -0.5015 0.6572 0.5627
vn -0.3502 0.9184 -0.1840
vn -0.4809 0.7830 -0.3946
vn -0.3977 0.7642 -0.5078
vn -0.7119 0.6602 0.2395
vn -0.5185 0.7821 -0.3456
vn -0.3387 0.8202 -0.4610
vn -0.4114 0.7467 -0.5227
vn -0.3753 0.7500 -0.5447
vn -0.4042 0.7452 -0.5305
vn -0.3983 0.7386 -0.5439
vn -0.3940 0.7528 -0.5274
vn -0.8175 0.5003 0.2855
vn 0.4969 0.2878 0.8187
vn 0.5135 0.3179 0.7970
vn -0.7682 0.6212 0.1550
vn -0.1071 0.7952 0.5968
vn -0.2994 0.9541 0.0119
vn 0.0216 0.8757 0.4824
vn -0.2223 0.9746 -0.0261
vn 0.1070 0.9924 0.0602
vn -0.1125 0.9933 0.0271
vn -0.2654 0.9479 0.1764
vn -0.1904 0.9631 0.1900
vn 0.0913 0.9803 0.1751
vn 0.3250 0.9324 0.1584
vn 0.0583 0.9468 0.3165
vn 0.2942 0.9556 0.0167
vn 0.0559 0.9170 0.3950
vn 0.3120 0.9258 0.2136
vn 0.0630 0.9706 0.2324
vn 0.4224 0.8744 0.2389
vn 0.2986 0.9112 0.2838
vn 0.0371 0.9494 0.3117
vn -0.2034 0.9470 0.2486
vn -0.2781 0.9268 0.2524
vn -0.2092 0.9103 0.3573
vn -0.3295 0.8853 0.3282
vn -0.4058 0.8717 0.2746
vn -0.2071 0.8992 0.3855
vn -0.2654 0.9189 0.2919
vn 0.0330 0.9381 0.3447
vn 0.3416 0.9022 0.2632
vn -0.0215 0.7169 0.6968
vn 0.0909 0.8374 0.5390
vn -0.6230 -0.1339 0.7707
vn 0.5653 0.8171 -0.1129
vn 0.7324 0.6012 0.3196
vn 0.5295 0.8162 -0.2312
vn -0.6539 0.7191 -0.2350
vn -0.7929 0.3913 0.4671
vn 0.0174 0.2307 0.9729
vn -0.7060 0.7041 0.0767
vn -0.1924 -0.3410 0.9201
vn -0.2343 0.6860 0.6888
vn 0.9186 -0.3172 -0.2357
vn 0.2322 0.6832 0.6924
vn 0.1990 -0.3513 0.9149
vn 0.7887 0.6147 -0.0121
vn 0.3147 -0.1209 0.9415
s 1
usemtl _17174_Tiamat_v1default
f 2//1 4//2 5//3
f 3//4 2//1 902//5
f 4//2 7//6 5//3
f 9//7 6//8 8//9
f 8//9 11//10 9//7
f 13//11 10//12 12//13
f 13//11 14//14 16//15
f 16//15 15//16 17//17
f 16//15 19//18 13//11
f 17//17 18//19 16//15
f 22//20 18//19 21//21
f 21//21 20//22 23//23
f 21//21 25//24 22//20
f 24//25 21//21 23//23
f 28//26 25//24 24//25
f 23//23 26//27 24//25
f 27//28 26//27 6343//29
f 24//25 27//28 28//26
f 29//30 25//24 28//26
f 28//26 32//31 29//30
f 27//28 30//32 28//26
f 33//33 30//32 31//34
f 35//35 30//32 33//33
f 31//34 34//36 33//33
f 34//36 36//37 33//33
f 33//33 38//38 35//35
f 39//39 37//40 40//41
f 41//42 36//37 39//39
f 39//39 43//43 42//44
f 42//44 41//42 39//39
f 42//44 49//45 45//46
f 46//47 42//44 45//46
f 45//46 1008//48 46//47
f 66//49 45//46 48//50
f 49//45 48//50 45//46
f 51//51 43//43 52//52
f 51//51 50//53 49//45
f 52//52 53//54 51//51
f 51//51 53//54 54//55
f 54//55 55//56 51//51
f 55//56 57//57 56//58
f 56//58 50//53 55//56
f 56//58 57//57 58//59
f 58//59 59//60 56//58
f 60//61 56//58 59//60
f 59//60 61//62 60//61
f 60//61 61//62 62//63
f 62//63 63//64 60//61
f 50//53 60//61 63//64
f 63//64 65//65 64//66
f 63//64 48//50 50//53
f 64//66 48//50 63//64
f 67//67 64//66 65//65
f 64//66 70//68 66//49
f 65//65 68//69 67//67
f 68//69 69//70 67//67
f 70//68 67//67 69//70
f 69//70 72//71 70//68
f 47//72 70//68 71//73
f 71//73 72//71 73//74
f 75//75 72//71 69//70
f 73//74 74//76 76//77
f 78//78 74//76 75//75
f 76//77 77//79 79//80
f 80//81 78//78 81//82
f 79//80 77//79 80//81
f 85//83 80//81 81//82
f 80//81 82//84 79//80
f 83//85 82//84 80//81
f 84//86 83//85 80//81
f 80//81 85//83 84//86
f 81//82 87//87 85//83
f 1018//88 85//83 86//89
f 86//89 87//87 88//90
f 89//91 87//87 81//82
f 88//90 87//87 89//91
f 81//82 91//92 89//91
f 89//91 90//93 88//90
f 90//93 91//92 92//94
f 81//82 93//95 91//92
f 92//94 91//92 93//95
f 81//82 95//96 93//95
f 93//95 94//97 92//94
f 94//97 95//96 96//98
f 97//99 95//96 81//82
f 96//98 95//96 97//99
f 81//82 98//100 97//99
f 98//100 100//101 97//99
f 97//99 99//102 96//98
f 99//102 100//101 101//103
f 100//101 104//104 102//105
f 103//106 100//101 102//105
f 104//104 98//100 105//107
f 105//107 98//100 106//108
f 98//100 108//109 106//108
f 109//110 106//108 108//109
f 98//100 113//111 108//109
f 108//109 114//112 109//110
f 108//109 110//113 111//114
f 110//113 113//111 1626//115
f 108//109 111//114 112//116
f 108//109 112//116 114//112
f 116//117 114//112 115//118
f 115//118 112//116 117//119
f 115//118 119//120 116//117
f 117//119 118//121 115//118
f 121//122 119//120 118//121
f 118//121 123//123 121//122
f 121//122 144//124 122//125
f 122//125 124//126 121//122
f 6790//127 124//126 125//128
f 125//128 126//129 127//130
f 127//130 128//131 131//132
f 130//133 126//129 122//125
f 131//132 129//134 132//135
f 140//136 128//131 130//133
f 132//135 135//137 133//138
f 133//138 136//139 134//140
f 137//141 129//134 140//136
f 138//142 135//137 137//141
f 137//141 170//143 138//142
f 140//136 139//144 137//141
f 130//133 141//145 140//136
f 171//146 141//145 142//147
f 142//147 143//148 145//149
f 145//149 144//124 146//150
f 122//125 143//148 130//133
f 146//150 147//151 145//149
f 145//149 149//152 142//147
f 150//153 148//154 152//155
f 151//156 147//151 150//153
f 150//153 156//157 151//156
f 152//155 153//158 150//153
f 155//159 154//160 1618//161
f 157//162 153//158 155//159
f 159//163 156//157 157//162
f 151//156 158//164 160//165
f 162//166 158//164 159//163
f 160//165 161//167 164//168
f 1613//169 161//167 162//166
f 164//168 163//170 165//171
f 165//171 166//172 164//168
f 164//168 168//173 160//165
f 169//174 167//175 172//176
f 171//146 166//172 169//174
f 169//174 139//144 171//146
f 172//176 170//143 169//174
f 172//176 175//177 174//178
f 173//179 172//176 174//178
f 174//178 202//180 176//181
f 176//181 177//182 174//178
f 174//178 177//182 173//179
f 179//183 178//184 180//185
f 182//186 177//182 179//183
f 180//185 181//187 179//183
f 179//183 183//188 182//186
f 182//186 136//139 138//142
f 138//142 173//179 182//186
f 184//189 181//187 185//190
f 134//140 183//188 184//189
f 185//190 188//191 186//192
f 186//192 189//193 187//194
f 190//195 188//191 180//185
f 187//194 189//193 191//196
f 195//197 189//193 190//195
f 191//196 192//198 187//194
f 192//198 193//199 6787//200
f 194//201 193//199 191//196
f 191//196 195//197 194//201
f 195//197 198//202 194//201
f 190//195 196//203 195//197
f 209//204 196//203 197//205
f 197//205 199//206 200//207
f 180//185 199//206 190//195
f 200//207 178//184 176//181
f 176//181 201//208 200//207
f 200//207 205//209 197//205
f 203//210 202//180 1609//211
f 201//208 203//210 204//212
f 204//212 205//209 201//208
f 208//213 205//209 204//212
f 197//205 205//209 206//214
f 314//215 206//214 208//213
f 209//204 207//216 210//217
f 206//214 209//204 197//205
f 198//202 209//204 210//217
f 210//217 211//218 198//202
f 211//218 210//217 212//219
f 210//217 215//220 212//219
f 212//219 216//221 211//218
f 214//222 213//223 212//219
f 213//223 216//221 212//219
f 212//219 215//220 214//222
f 6789//224 216//221 217//225
f 217//225 218//226 220//227
f 220//227 219//228 221//229
f 305//230 218//226 213//223
f 220//227 223//231 217//225
f 221//229 222//232 220//227
f 6785//233 222//232 224//234
f 224//234 225//235 226//236
f 226//236 227//237 230//238
f 229//239 225//235 221//229
f 311//240 227//237 229//239
f 230//238 228//241 231//242
f 231//242 233//243 232//244
f 233//243 234//245 232//244
f 235//246 236//247 237//248
f 238//249 233//243 239//250
f 237//248 238//249 240//251
f 241//252 238//249 239//250
f 240//251 241//252 243//253
f 239//250 242//254 241//252
f 244//255 242//254 245//256
f 243//253 241//252 244//255
f 247//257 245//256 248//258
f 246//259 244//255 247//257
f 244//255 246//259 243//253
f 247//257 248//258 251//260
f 247//257 249//261 246//259
f 249//261 250//262 1102//263
f 251//260 250//262 247//257
f 248//258 252//264 251//260
f 251//260 255//265 253//266
f 253//266 250//262 251//260
f 254//267 256//268 253//266
f 253//266 284//269 254//267
f 1102//263 256//268 257//270
f 257//270 258//271 260//272
f 260//272 259//273 262//274
f 280//275 258//271 254//267
f 262//274 261//276 260//272
f 260//272 1098//277 257//270
f 264//278 263//279 262//274
f 262//274 265//280 264//278
f 264//278 268//281 266//282
f 1094//283 266//282 267//284
f 266//282 270//285 267//284
f 269//286 265//280 279//287
f 271//288 268//281 269//286
f 269//286 272//289 271//288
f 273//290 274//291 275//292
f 279//287 274//291 269//286
f 275//292 276//293 277//294
f 277//294 278//295 6766//296
f 281//297 276//293 279//287
f 279//287 259//273 280//275
f 280//275 281//297 279//287
f 285//298 281//297 282//299
f 282//299 283//300 284//269
f 254//267 283//300 280//275
f 282//299 255//265 286//301
f 286//301 285//298 282//299
f 286//301 252//264 288//302
f 288//302 287//303 286//301
f 288//302 309//304 289//305
f 290//306 288//302 289//305
f 289//305 292//307 290//306
f 291//308 290//306 292//307
f 6782//309 290//306 291//308
f 293//310 292//307 289//305
f 294//311 292//307 293//310
f 292//307 294//311 291//308
f 293//310 295//312 294//311
f 296//313 294//311 295//312
f 294//311 297//314 291//308
f 6780//315 296//313 298//316
f 298//316 299//317 300//318
f 295//312 299//317 296//313
f 300//318 299//317 301//319
f 302//320 301//319 299//317
f 299//317 295//312 302//320
f 303//321 301//319 302//320
f 302//320 214//222 303//321
f 304//322 302//320 295//312
f 213//223 304//322 305//230
f 295//312 293//310 304//322
f 305//230 293//310 306//323
f 306//323 219//228 305//230
f 308//324 307//325 306//323
f 289//305 306//323 293//310
f 289//305 308//324 306//323
f 245//256 309//304 248//258
f 245//256 310//326 308//324
f 229//239 310//326 311//240
f 311//240 242//254 239//250
f 239//250 228//241 311//240
f 221//229 307//325 229//239
f 303//321 215//220 313//327
f 313//327 312//328 303//321
f 313//327 207//216 314//215
f 314//215 315//329 313//327
f 319//330 315//329 317//331
f 317//331 316//332 318//333
f 318//333 320//334 317//331
f 317//331 322//335 319//330
f 323//336 321//337 325//338
f 324//339 320//334 323//336
f 324//339 326//340 328//341
f 329//342 323//336 325//338
f 328//341 326//340 327//343
f 331//344 326//340 329//342
f 325//338 330//345 329//342
f 329//342 332//346 331//344
f 327//343 331//344 334//347
f 331//344 332//346 333//348
f 333//348 334//347 331//344
f 334//347 335//349 327//343
f 337//350 335//349 334//347
f 334//347 333//348 336//351
f 336//351 337//350 334//347
f 339//352 338//353 337//350
f 337//350 341//354 339//352
f 342//355 340//356 339//352
f 339//352 344//357 342//355
f 345//358 341//354 346//359
f 347//360 345//358 346//359
f 348//361 349//362 351//363
f 346//359 349//362 347//360
f 351//363 350//364 352//365
f 1616//366 349//362 346//359
f 352//365 353//367 351//363
f 351//363 356//368 348//361
f 357//369 353//367 354//370
f 354//370 355//371 1617//372
f 354//370 358//373 357//369
f 360//374 359//375 362//376
f 360//374 363//377 361//378
f 362//376 365//379 364//380
f 364//380 363//377 362//376
f 364//380 1584//381 366//382
f 366//382 367//383 364//380
f 394//384 367//383 368//385
f 368//385 369//386 371//387
f 1582//388 369//386 366//382
f 371//387 370//389 373//390
f 373//390 372//391 371//387
f 371//387 392//392 368//385
f 373//390 1579//393 374//394
f 374//394 375//395 373//390
f 389//396 375//395 376//397
f 376//397 377//398 379//399
f 1567//400 377//398 374//394
f 379//399 377//398 378//401
f 378//401 380//402 379//399
f 380//402 381//403 379//399
f 379//399 384//404 376//397
f 383//405 381//403 382//406
f 384//404 383//405 385//407
f 385//407 386//408 384//404
f 376//397 386//408 389//396
f 388//409 387//410 402//411
f 390//412 386//408 388//409
f 390//412 372//391 389//396
f 388//409 391//413 390//412
f 391//413 392//392 390//412
f 368//385 393//414 394//384
f 394//384 395//415 396//416
f 397//417 393//414 391//413
f 397//417 400//418 398//419
f 398//419 401//420 399//421
f 402//411 400//418 388//409
f 405//422 401//420 402//411
f 399//421 403//423 406//424
f 403//423 407//425 406//424
f 404//426 403//423 405//422
f 404//426 408//427 407//425
f 409//428 408//427 404//426
f 411//429 409//428 404//426
f 412//430 411//429 414//431
f 414//431 413//432 412//430
f 417//433 414//431 416//434
f 416//434 411//429 404//426
f 418//435 416//434 404//426
f 416//434 419//436 417//433
f 420//437 418//435 404//426
f 421//438 418//435 420//437
f 422//439 420//437 404//426
f 423//440 419//436 421//438
f 423//440 422//439 426//441
f 423//440 514//442 424//443
f 426//441 425//444 423//440
f 427//445 428//446 426//441
f 422//439 427//445 426//441
f 430//447 429//448 432//449
f 431//450 428//446 430//447
f 430//447 434//451 431//450
f 432//449 433//452 430//447
f 438//453 433//452 436//454
f 436//454 435//455 439//456
f 436//454 521//457 438//453
f 439//456 437//458 436//454
f 439//456 6368//459 440//460
f 440//460 441//461 439//456
f 472//462 441//461 442//463
f 441//461 444//464 442//463
f 449//465 443//466 445//467
f 448//468 443//466 440//460
f 445//467 447//469 446//470
f 446//470 449//465 445//467
f 448//468 447//469 445//467
f 444//464 449//465 451//471
f 454//472 449//465 450//473
f 449//465 6538//474 450//473
f 452//475 453//476 451//471
f 455//477 452//475 451//471
f 451//471 453//476 444//464
f 451//471 454//472 455//477
f 452//475 458//478 460//479
f 456//480 454//472 450//473
f 455//477 456//480 457//481
f 457//481 458//478 455//477
f 460//479 458//478 459//482
f 6539//483 458//478 457//481
f 459//482 461//484 460//479
f 460//479 465//485 452//475
f 461//484 462//486 460//479
f 463//487 464//488 652//489
f 466//490 462//486 463//487
f 467//491 465//485 466//490
f 463//487 468//492 466//490
f 466//490 471//493 467//491
f 473//494 468//492 469//495
f 468//492 645//496 469//495
f 472//462 473//494 474//497
f 467//491 472//462 442//463
f 476//498 473//494 469//495
f 474//497 473//494 475//499
f 475//499 476//498 479//500
f 479//500 477//501 475//499
f 478//502 475//499 477//501
f 475//499 478//502 474//497
f 476//498 481//503 479//500
f 477//501 479//500 480//504
f 479//500 483//505 480//504
f 484//506 482//507 486//508
f 487//509 481//503 484//506
f 486//508 485//510 484//506
f 484//506 488//511 487//509
f 489//512 483//505 487//509
f 487//509 490//513 489//512
f 480//504 483//505 491//514
f 491//514 492//515 480//504
f 492//515 494//516 480//504
f 495//517 494//516 493//518
f 495//517 500//519 497//520
f 499//521 498//522 497//520
f 498//522 494//516 497//520
f 497//520 500//519 499//521
f 502//523 500//519 501//524
f 501//524 496//525 504//526
f 501//524 517//527 502//523
f 504//526 503//528 501//524
f 507//529 505//530 506//531
f 506//531 509//532 507//529
f 511//533 508//534 510//535
f 510//535 415//536 511//533
f 512//537 415//536 417//433
f 512//537 509//532 511//533
f 417//433 424//443 512//537
f 424//443 513//538 512//537
f 515//539 514//442 516//540
f 507//529 513//538 515//539
f 516//540 517//527 515//539
f 515//539 503//528 507//529
f 502//523 518//541 519//542
f 519//542 434//451 438//453
f 431//450 518//541 516//540
f 438//453 520//543 519//542
f 519//542 499//521 502//523
f 478//502 521//457 474//497
f 498//522 520//543 478//502
f 474//497 437//458 472//462
f 516//540 425//444 431//450
f 477//501 498//522 478//502
f 480//504 494//516 477//501
f 522//544 490//513 488//511
f 488//511 523//545 522//544
f 522//544 523//545 524//546
f 524//546 525//547 522//544
f 525//547 528//548 526//549
f 526//549 530//550 527//551
f 529//552 524//546 634//553
f 532//554 528//548 529//552
f 534//555 530//550 532//554
f 527//551 531//556 570//557
f 529//552 533//558 532//554
f 532//554 535//559 534//555
f 534//555 539//560 536//561
f 536//561 531//556 534//555
f 537//562 538//563 568//564
f 540//565 536//561 539//560
f 540//565 541//566 544//567
f 541//566 535//559 542//568
f 542//568 543//569 541//566
f 541//566 545//570 544//567
f 544//567 547//571 546//572
f 546//572 540//565 544//567
f 549//573 547//571 551//574
f 552//575 546//572 549//573
f 550//576 549//573 551//574
f 550//576 553//577 549//573
f 554//578 552//575 549//573
f 549//573 553//577 554//578
f 557//579 554//578 555//580
f 555//580 553//577 572//581
f 552//575 556//582 558//583
f 560//584 556//582 557//579
f 558//583 559//585 561//586
f 560//584 562//587 559//585
f 563//588 559//585 562//587
f 560//584 343//589 564//590
f 565//591 561//586 563//588
f 567//592 566//593 565//591
f 569//594 568//564 567//592
f 570//557 537//562 569//594
f 538//563 566//593 568//564
f 561//586 571//595 558//583
f 538//563 548//596 571//595
f 558//583 548//596 552//575
f 557//579 340//356 560//584
f 555//580 338//353 557//579
f 572//581 335//349 555//580
f 327//343 572//581 328//341
f 572//581 573//597 328//341
f 328//341 574//598 324//339
f 577//599 573//597 550//576
f 324//339 575//600 322//335
f 576//601 575//600 574//598
f 574//598 577//599 576//601
f 578//602 576//601 577//599
f 577//599 580//603 578//602
f 579//604 580//603 577//599
f 577//599 550//576 579//604
f 581//605 578//602 580//603
f 582//606 581//605 580//603
f 580//603 579//604 582//606
f 581//605 583//607 6776//608
f 585//609 582//606 584//610
f 584//610 582//606 579//604
f 584//610 588//611 585//609
f 551//574 586//612 584//610
f 579//604 551//574 584//610
f 587//613 588//611 586//612
f 586//612 545//570 587//613
f 590//614 589//615 593//616
f 585//609 590//614 592//617
f 593//616 591//618 590//614
f 592//617 591//618 598//619
f 593//616 622//620 594//621
f 594//621 595//622 593//616
f 597//623 596//624 600//625
f 598//619 595//622 597//623
f 597//623 6774//626 598//619
f 601//627 599//628 597//623
f 600//625 601//627 597//623
f 6752//629 601//627 603//630
f 603//630 604//631 606//632
f 6751//633 604//631 600//625
f 606//632 605//634 607//635
f 609//636 608//637 607//635
f 605//634 609//636 607//635
f 613//638 609//636 612//639
f 612//639 611//640 614//641
f 612//639 616//642 613//638
f 614//641 615//643 612//639
f 6717//644 615//643 617//645
f 617//645 618//646 619//647
f 619//647 618//646 620//648
f 621//649 618//646 614//641
f 620//648 623//650 619//647
f 594//621 620//648 621//649
f 623//650 622//620 624//651
f 619//647 623//650 625//652
f 624//651 626//653 623//650
f 626//653 625//652 623//650
f 628//654 627//655 626//653
f 626//653 542//568 628//654
f 627//655 628//654 630//656
f 542//568 533//558 628//654
f 628//654 533//558 629//657
f 629//657 630//656 628//654
f 631//658 630//656 632//659
f 630//656 631//658 627//655
f 633//660 632//659 630//656
f 630//656 629//657 633//660
f 633//660 634//553 636//661
f 634//553 629//657 529//552
f 632//659 635//662 638//663
f 636//661 635//662 633//660
f 636//661 637//664 635//662
f 523//545 485//510 636//661
f 634//553 523//545 636//661
f 635//662 637//664 639//665
f 639//665 638//663 635//662
f 642//666 639//665 637//664
f 639//665 642//666 640//667
f 640//667 641//668 639//665
f 638//663 641//668 6707//669
f 637//664 486//508 642//666
f 486//508 644//670 642//666
f 643//671 640//667 642//666
f 642//666 644//670 643//671
f 469//495 482//507 476//498
f 645//496 644//670 469//495
f 649//672 643//671 645//496
f 640//667 643//671 646//673
f 646//673 6703//674 648//675
f 647//676 646//673 649//672
f 646//673 648//675 640//667
f 649//672 470//677 651//678
f 649//672 653//679 650//680
f 649//672 650//680 647//676
f 652//489 470//677 463//487
f 655//681 651//678 652//489
f 656//682 653//679 655//681
f 650//680 653//679 654//683
f 652//489 657//684 655//681
f 655//681 659//685 656//682
f 658//686 657//684 464//488
f 661//687 657//684 658//686
f 656//682 660//688 6744//689
f 662//690 659//685 661//687
f 661//687 664//691 663//692
f 661//687 666//693 662//690
f 663//692 6541//694 665//695
f 665//695 666//693 663//692
f 662//690 666//693 667//696
f 667//696 668//697 669//698
f 669//698 670//699 673//700
f 671//701 668//697 665//695
f 672//702 671//701 6543//703
f 673//700 672//702 674//704
f 673//700 676//705 669//698
f 674//704 675//706 673//700
f 679//707 675//706 678//708
f 678//708 677//709 680//710
f 678//708 6745//711 679//707
f 680//710 6809//712 678//708
f 6792//713 680//710 681//714
f 677//709 681//714 680//710
f 6793//715 681//714 683//716
f 683//716 682//717 685//718
f 685//718 684//719 683//716
f 684//719 6793//715 683//716
f 688//720 6794//721 684//719
f 6559//722 686//723 688//720
f 693//724 689//725 692//726
f 692//726 691//727 694//728
f 692//726 696//729 693//724
f 694//728 695//730 692//726
f 701//731 695//730 698//732
f 698//732 697//733 700//734
f 1226//735 698//732 700//734
f 698//732 703//736 701//731
f 702//737 696//729 701//731
f 701//731 706//738 702//737
f 704//739 706//738 703//736
f 703//736 705//740 704//739
f 703//736 1224//741 705//740
f 702//737 706//738 707//742
f 710//743 706//738 704//739
f 707//742 709//744 702//737
f 709//744 708//745 6677//746
f 712//747 707//742 710//743
f 704//739 711//748 710//743
f 710//743 714//749 712//747
f 713//750 715//751 712//747
f 712//747 714//749 713//750
f 708//745 712//747 715//751
f 715//751 713//750 716//752
f 716//752 717//753 715//751
f 717//753 718//754 715//751
f 715//751 718//754 708//745
f 6677//746 718//754 719//755
f 719//755 720//756 721//757
f 723//758 720//756 717//753
f 721//757 720//756 722//759
f 722//759 723//758 726//760
f 725//761 722//759 724//762
f 726//760 724//762 722//759
f 722//759 725//761 721//757
f 727//763 726//760 723//758
f 726//760 727//763 729//764
f 724//762 726//760 728//765
f 729//764 728//765 726//760
f 729//764 732//766 731//767
f 734//768 729//764 731//767
f 728//765 730//769 6580//770
f 732//766 733//771 731//767
f 731//767 736//772 734//768
f 735//773 730//769 734//768
f 734//768 738//774 735//773
f 737//775 733//771 746//776
f 739//777 736//772 737//775
f 737//775 740//778 739//777
f 740//778 743//779 741//780
f 745//781 742//782 744//783
f 746//776 742//782 737//775
f 744//783 748//784 745//781
f 744//783 749//785 747//786
f 751//787 747//786 750//788
f 750//788 749//785 753//789
f 750//788 775//790 751//787
f 753//789 752//791 750//788
f 755//792 754//793 753//789
f 753//789 757//794 755//792
f 759//795 755//792 758//796
f 758//796 757//794 732//766
f 758//796 727//763 760//797
f 760//797 759//795 758//796
f 717//753 716//752 760//797
f 760//797 723//758 717//753
f 723//758 760//797 727//763
f 761//798 756//799 759//795
f 713//750 761//798 759//795
f 759//795 716//752 713//750
f 763//800 762//801 761//798
f 761//798 714//749 763//800
f 764//802 763//800 714//749
f 765//803 763//800 764//802
f 770//804 765//803 767//805
f 764//802 766//806 765//803
f 767//805 766//806 768//807
f 6568//808 767//805 768//807
f 770//804 769//809 771//810
f 771//810 754//793 770//804
f 770//804 756//799 762//801
f 772//811 752//791 771//810
f 771//810 774//812 772//811
f 775//790 772//811 773//813
f 772//811 6573//814 773//813
f 775//790 777//815 751//787
f 773//813 776//816 775//790
f 777//815 776//816 778//817
f 776//816 773//813 779//818
f 779//818 778//817 776//816
f 779//818 782//819 781//820
f 773//813 780//821 779//818
f 781//820 778//817 779//818
f 781//820 6577//822 783//823
f 783//823 784//824 781//820
f 786//825 784//824 785//826
f 788//827 784//824 786//825
f 785//826 787//828 786//825
f 789//829 786//825 787//828
f 790//830 788//827 786//825
f 786//825 789//829 790//830
f 788//827 790//830 792//831
f 790//830 793//832 791//833
f 791//833 792//831 790//830
f 793//832 790//830 789//829
f 794//834 795//835 793//832
f 789//829 794//834 793//832
f 793//832 798//836 791//833
f 796//837 797//838 800//839
f 799//840 795//835 796//837
f 741//780 798//836 799//840
f 791//833 743//779 745//781
f 800//839 801//841 802//842
f 803//843 797//838 794//834
f 802//842 804//844 807//845
f 806//846 801//841 803//843
f 843//847 804//844 806//846
f 807//845 805//848 808//849
f 808//849 810//850 809//851
f 811//852 810//850 812//853
f 812//853 813//854 811//852
f 815//855 814//856 817//857
f 815//855 818//858 816//859
f 817//857 821//860 819//861
f 822//862 817//857 819//861
f 819//861 824//863 820//864
f 820//864 822//862 819//861
f 819//861 825//865 823//866
f 826//867 824//863 823//866
f 823//866 828//868 826//867
f 827//869 826//867 829//870
f 826//867 833//871 829//870
f 829//870 830//872 827//869
f 1126//873 829//870 831//874
f 832//875 831//874 829//870
f 829//870 833//871 832//875
f 834//876 832//875 833//871
f 833//871 835//877 834//876
f 835//877 828//868 837//878
f 835//877 1141//879 834//876
f 837//878 836//880 835//877
f 839//881 838//882 837//878
f 837//878 825//865 839//881
f 841//883 840//884 839//881
f 839//881 821//860 841//883
f 812//853 842//885 841//883
f 841//883 814//856 812//853
f 843//847 840//884 842//885
f 842//885 805//848 843//847
f 806//846 844//886 843//847
f 838//882 844//886 845//887
f 845//887 846//888 847//889
f 846//888 806//846 803//843
f 847//889 848//890 787//828
f 803//843 848//890 846//888
f 794//834 848//890 803//843
f 787//828 848//890 789//829
f 849//891 845//887 847//889
f 847//889 850//892 849//891
f 787//828 850//892 847//889
f 851//893 849//891 850//892
f 850//892 852//894 851//893
f 852//894 785//826 783//823
f 854//895 852//894 783//823
f 851//893 853//896 855//897
f 858//898 853//896 854//895
f 855//897 856//899 859//900
f 1142//901 856//899 858//898
f 859//900 857//902 860//903
f 860//903 861//904 859//900
f 859//900 862//905 855//897
f 1131//906 861//904 863//907
f 863//907 864//908 865//909
f 865//909 867//910 863//907
f 869//911 866//912 868//913
f 868//913 871//914 869//911
f 871//914 872//915 873//916
f 873//916 874//917 876//918
f 874//917 878//919 876//918
f 878//919 877//920 876//918
f 876//918 1127//921 873//916
f 879//922 880//923 878//919
f 875//924 879//922 878//919
f 884//925 880//923 882//926
f 882//926 881//927 883//928
f 883//928 885//929 882//926
f 885//929 884//925 882//926
f 886//930 887//931 885//929
f 886//930 888//932 889//933
f 889//933 890//934 891//935
f 890//934 883//928 893//936
f 891//935 892//937 922//938
f 893//936 892//937 890//934
f 894//939 893//936 895//940
f 893//936 881//927 895//940
f 896//941 895//940 897//942
f 895//940 896//941 894//939
f 895//940 881//927 879//922
f 879//922 897//942 895//940
f 898//943 899//944 900//945
f 897//942 898//943 896//941
f 901//946 897//942 879//922
f 900//945 902//5 898//943
f 903//947 898//943 902//5
f 903//947 2//1 904//948
f 896//941 903//947 905//949
f 905//949 904//948 907//950
f 905//949 894//939 896//941
f 894//939 905//949 906//951
f 907//950 906//951 905//949
f 909//952 908//953 907//950
f 907//950 910//954 909//952
f 909//952 989//955 911//956
f 911//956 912//957 909//952
f 917//958 912//957 914//959
f 914//959 913//960 915//961
f 915//961 916//962 914//959
f 914//959 918//963 917//958
f 919//964 908//953 917//958
f 917//958 920//965 919//964
f 922//938 906//951 919//964
f 919//964 920//965 921//966
f 921//966 922//938 919//964
f 922//938 924//967 891//935
f 923//968 920//965 1140//969
f 927//970 921//966 923//968
f 891//935 925//971 889//933
f 926//972 925//971 924//967
f 924//967 927//970 926//972
f 927//970 929//973 928//974
f 928//974 926//972 927//970
f 929//973 927//970 923//968
f 1063//975 929//973 930//976
f 930//976 929//973 931//977
f 923//968 931//977 929//973
f 1140//969 931//977 923//968
f 933//978 932//979 935//980
f 931//977 933//978 930//976
f 935//980 934//981 933//978
f 933//978 1061//982 930//976
f 936//983 937//984 935//980
f 935//980 971//985 936//983
f 938//986 935//980 937//984
f 1060//987 938//986 939//988
f 939//988 938//986 940//989
f 937//984 940//989 938//986
f 940//989 937//984 941//990
f 941//990 943//991 940//989
f 940//989 942//992 939//988
f 942//992 940//989 943//991
f 946//993 943//991 941//990
f 943//991 944//994 942//992
f 944//994 945//995 947//996
f 951//997 945//995 946//993
f 947//996 948//998 949//999
f 949//999 950//1000 1038//1001
f 952//1002 948//998 951//997
f 951//997 955//1003 952//1002
f 946//993 953//1004 951//997
f 956//1005 954//1006 959//1007
f 957//1008 953//1004 956//1005
f 956//1005 1017//1009 957//1008
f 959//1007 958//1010 956//1005
f 961//1011 960//1012 959//1007
f 959//1007 962//1013 961//1011
f 959//1007 963//1014 962//1013
f 962//1013 966//1015 961//1011
f 963//1014 964//1016 962//1013
f 967//1017 965//1018 936//983
f 968//1019 964//1016 967//1017
f 936//983 969//1020 967//1017
f 967//1017 972//1021 968//1019
f 970//1022 969//1020 971//985
f 973//1023 969//1020 970//1022
f 978//1024 972//1021 973//1023
f 968//1019 974//1025 975//1026
f 975//1026 977//1027 1002//1028
f 974//1025 978//1024 976//1029
f 976//1029 977//1027 974//1025
f 979//1030 978//1024 973//1023
f 981//1031 978//1024 979//1030
f 973//1023 980//1032 979//1030
f 982//1033 980//1032 915//961
f 983//1034 979//1030 982//1033
f 915//961 984//1035 982//1033
f 982//1033 986//1036 983//1034
f 987//1037 913//960 911//956
f 985//1038 986//1036 984//1035
f 984//1035 987//1037 985//1038
f 987//1037 989//955 988//1039
f 988//1039 985//1038 987//1037
f 988//1039 910//954 5//3
f 5//3 990//1040 988//1039
f 990//1040 9//7 991//1041
f 993//1042 990//1040 991//1041
f 9//7 992//1043 991//1041
f 991//1041 994//1044 993//1042
f 995//1045 985//1038 993//1042
f 993//1042 997//1046 995//1045
f 996//1047 986//1036 995//1045
f 995//1045 29//30 996//1047
f 22//20 997//1046 994//1044
f 998//1048 983//1034 996//1047
f 996//1047 32//31 998//1048
f 998//1048 999//1049 976//1029
f 999//1049 32//31 35//35
f 976//1029 981//1031 998//1048
f 35//35 1000//1050 999//1049
f 999//1049 977//1027 976//1029
f 1001//1051 38//38 41//42
f 1000//1050 1001//1051 1002//1028
f 1002//1028 977//1027 1000//1050
f 1003//1052 975//1026 1002//1028
f 1002//1028 1004//1053 1003//1052
f 1001//1051 1004//1053 1002//1028
f 1004//1053 1006//1054 1003//1052
f 1006//1054 44//1055 46//47
f 41//42 1005//1056 1001//1051
f 1003//1052 1006//1054 961//1011
f 1007//1057 1006//1054 46//47
f 1006//1054 960//1012 961//1011
f 46//47 1008//48 1007//1057
f 1008//48 1009//1058 1007//1057
f 1009//1058 960//1012 1007//1057
f 1010//1059 958//1010 1009//1058
f 1009//1058 1012//1060 1010//1059
f 1011//1061 47//72 71//73
f 73//74 1011//1061 71//73
f 76//77 1012//1060 73//74
f 1010//1059 1013//1062 1014//1063
f 79//80 1013//1062 76//77
f 1014//1063 82//84 83//85
f 1015//1064 1014//1063 83//85
f 1014//1063 1017//1009 1010//1059
f 83//85 84//86 1015//1064
f 1016//1065 84//86 1018//88
f 957//1008 1015//1064 1016//1065
f 1018//88 1019//1066 1016//1065
f 1016//1065 955//1003 957//1008
f 952//1002 1019//1066 1020//1067
f 1020//1067 1021//1068 1022//1069
f 86//89 1021//1068 1018//88
f 1022//1069 1023//1070 1025//1071
f 1025//1071 1024//1072 1027//1073
f 88//90 1023//1070 86//89
f 1025//1071 1034//1074 1022//1069
f 1025//1071 1028//1075 1026//1076
f 96//98 1027//1073 94//97
f 1027//1073 92//94 94//97
f 1026//1076 1029//1077 1031//1078
f 99//102 1028//1075 96//98
f 101//103 1029//1077 99//102
f 1029//1077 1032//1079 1031//1078
f 1033//1080 1026//1076 1031//1078
f 1031//1078 1035//1081 1033//1080
f 1036//1082 1034//1074 1033//1080
f 1033//1080 1037//1083 1036//1082
f 1036//1082 1040//1084 1038//1001
f 1038//1001 1039//1085 1036//1082
f 1022//1069 1039//1085 1020//1067
f 1020//1067 950//1000 952//1002
f 1038//1001 1042//1086 949//999
f 1041//1087 1037//1083 1135//1088
f 1043//1089 1040//1084 1041//1087
f 1046//1090 1042//1086 1043//1089
f 949//999 1044//1091 947//996
f 1047//1092 1045//1093 1044//1091
f 947//996 1044//1091 1045//1093
f 1044//1091 1046//1090 1047//1092
f 1047//1092 1050//1094 1045//1093
f 1049//1095 1050//1094 1048//1096
f 944//994 1050//1094 942//992
f 942//992 1050//1094 1051//1097
f 1051//1097 939//988 942//992
f 939//988 1052//1098 1060//987
f 1051//1097 1049//1095 1053//1099
f 1053//1099 1052//1098 1051//1097
f 1052//1098 1053//1099 1054//1100
f 1055//1101 1056//1102 1054//1100
f 1054//1100 1056//1102 1052//1098
f 1058//1103 1057//1104 1059//1105
f 1060//987 1056//1102 1058//1103
f 1059//1105 1061//982 1058//1103
f 1058//1103 934//981 1060//987
f 930//976 1061//982 1062//1106
f 1065//1107 1062//1106 1059//1105
f 1062//1106 1063//975 930//976
f 1063//975 1062//1106 1064//1108
f 1066//1109 1064//1108 1065//1107
f 1064//1108 1067//1110 1063//975
f 1064//1108 1070//1111 1067//1110
f 1067//1110 928//974 1063//975
f 1069//1112 1068//1113 1067//1110
f 1069//1112 1067//1110 1070//1111
f 1070//1111 1073//1114 1069//1112
f 1070//1111 1072//1115 1071//1116
f 1071//1116 1073//1114 1070//1111
f 1072//1115 1070//1111 1066//1109
f 1073//1114 1074//1117 1075//1118
f 1074//1117 1073//1114 1071//1116
f 1075//1118 1069//1112 1073//1114
f 1075//1118 1134//1119 1069//1112
f 1077//1120 1076//1121 1075//1118
f 1077//1120 1075//1118 1074//1117
f 1079//1122 1078//1123 1077//1120
f 1081//1124 1077//1120 1078//1123
f 1077//1120 1080//1125 1079//1122
f 1074//1117 1080//1125 1077//1120
f 1082//1126 1081//1124 1083//1127
f 1133//1128 1081//1124 1082//1126
f 1078//1123 1083//1127 1081//1124
f 1083//1127 1084//1129 1082//1126
f 1084//1129 1085//1130 820//864
f 1086//1131 1083//1127 1078//1123
f 1087//1132 1085//1130 1086//1131
f 1086//1131 1090//1133 1087//1132
f 1088//1134 1086//1131 1078//1123
f 1078//1123 1079//1122 1088//1134
f 1089//1135 1079//1122 1097//1136
f 1091//1137 1088//1134 1089//1135
f 1087//1132 1092//1138 1093//1139
f 1094//283 1090//1133 1091//1137
f 1092//1138 1096//1140 1093//1139
f 1095//1141 1094//283 267//284
f 816//859 1093//1139 1096//1140
f 1091//1137 263//279 1094//283
f 1093//1139 822//862 1087//1132
f 1089//1135 261//276 1091//1137
f 1097//1136 1098//277 1089//1135
f 257//270 1099//1142 1102//263
f 1097//1136 1101//1143 1099//1142
f 1100//1144 1102//263 1099//1142
f 1099//1142 1101//1143 1100//1144
f 1100//1144 249//261 1102//263
f 1104//1145 1101//1143 1103//1146
f 1080//1125 1103//1146 1097//1136
f 1074//1117 1104//1145 1103//1146
f 1103//1146 1080//1125 1074//1117
f 1071//1116 1104//1145 1074//1117
f 1071//1116 1100//1144 1104//1145
f 1105//1147 1071//1116 1072//1115
f 1072//1115 1106//1148 1105//1147
f 249//261 1105//1147 1106//1148
f 1106//1148 1072//1115 1108//1149
f 1106//1148 246//259 249//261
f 246//259 1107//1150 243//253
f 1108//1149 1107//1150 1106//1148
f 1108//1149 1111//1151 1109//1152
f 1109//1152 1107//1150 1108//1149
f 1066//1109 1108//1149 1072//1115
f 1112//1153 1110//1154 1109//1152
f 1109//1152 1114//1155 1112//1153
f 1115//1156 1113//1157 1112//1153
f 1112//1153 1116//1158 1115//1156
f 237//248 1117//1159 235//246
f 1118//1160 1116//1158 1114//1155
f 1114//1155 1119//1161 1118//1160
f 1118//1160 1119//1161 1057//1104
f 1057//1104 1055//1101 1118//1160
f 1119//1161 1111//1151 1065//1107
f 1059//1105 1119//1161 1065//1107
f 240//251 1113//1157 237//248
f 1065//1107 1111//1151 1066//1109
f 243//253 1110//1154 240//251
f 1097//1136 1079//1122 1080//1125
f 1082//1126 1084//1129 1120//1162
f 1120//1162 1084//1129 820//864
f 1120//1162 1121//1163 1082//1126
f 1122//1164 1121//1163 1120//1162
f 820//864 824//863 1120//1162
f 1120//1162 824//863 827//869
f 827//869 1122//1164 1120//1162
f 1124//1165 1123//1166 1122//1164
f 1122//1164 827//869 830//872
f 830//872 1124//1165 1122//1164
f 1125//1167 830//872 1126//873
f 884//925 1124//1165 1125//1167
f 1126//873 1127//921 1125//1167
f 1125//1167 877//920 884//925
f 873//916 1128//1168 871//914
f 871//914 1129//1169 869//911
f 831//874 1128//1168 1126//873
f 869//911 1130//1170 867//910
f 832//875 1129//1169 831//874
f 863//907 1130//1170 1131//906
f 1131//906 1130//1170 832//875
f 862//905 1131//906 834//876
f 832//875 834//876 1131//906
f 1132//1171 1123//1166 886//930
f 1082//1126 1132//1171 1133//1128
f 889//933 1132//1171 886//930
f 1133//1128 925//971 926//972
f 1133//1128 1134//1119 1076//1121
f 926//972 1068//1113 1133//1128
f 1045//1093 944//994 947//996
f 1135//1088 1035//1081 1136//1172
f 1136//1172 1032//1079 1137//1173
f 1137//1173 1030//1174 1138//1175
f 1138//1175 101//103 103//106
f 90//93 1024//1072 88//90
f 975//1026 966//1015 968//1019
f 961//1011 966//1015 1003//1052
f 994//1044 19//18 22//20
f 13//11 992//1043 11//10
f 970//1022 980//1032 973//1023
f 971//985 1139//1176 970//1022
f 1139//1176 932//979 1140//969
f 1139//1176 916//962 970//1022
f 918//963 1139//1176 1140//969
f 1140//969 920//965 918//963
f 937//984 965//1018 963//1014
f 963//1014 941//990 937//984
f 941//990 954//1006 946//993
f 5//3 904//948 2//1
f 906//951 892//937 894//939
f 855//897 862//905 1141//879
f 834//876 1141//879 862//905
f 1141//879 851//893 855//897
f 1141//879 849//891 851//893
f 858//898 1146//1177 1142//901
f 854//895 1143//1178 858//898
f 1145//1179 1143//1178 1144//1180
f 1147//1181 1143//1178 1145//1179
f 1145//1179 1148//1182 1147//1181
f 1150//1183 1149//1184 1152//1185
f 1153//1186 1150//1183 1152//1185
f 1152//1185 1155//1187 1153//1186
f 1152//1185 1156//1188 1154//1189
f 1158//1190 1154//1189 1157//1191
f 1154//1189 1159//1192 1157//1191
f 1160//1193 1158//1190 1157//1191
f 1157//1191 1163//1194 1160//1193
f 1165//1195 1160//1193 1164//1196
f 1162//1197 1164//1196 1160//1193
f 1160//1193 1163//1194 1162//1197
f 1164//1196 1803//1198 1165//1195
f 1166//1199 1164//1196 1167//1200
f 1167//1200 1164//1196 1168//1201
f 1168//1201 1164//1196 1162//1197
f 1168//1201 1171//1202 1167//1200
f 1172//1203 1168//1201 1169//1204
f 1169//1204 1170//1205 6570//1206
f 1162//1197 1170//1205 1168//1201
f 1175//1207 1171//1202 1173//1208
f 1173//1208 1172//1203 1174//1209
f 1178//1210 1173//1208 1174//1209
f 1175//1207 1173//1208 1176//1211
f 1177//1212 1178//1210 6562//1213
f 1176//1211 1177//1212 705//740
f 1176//1211 1179//1214 1175//1207
f 705//740 1179//1214 1176//1211
f 1179//1214 1184//1215 1175//1207
f 1180//1216 1179//1214 705//740
f 1181//1217 1182//1218 1215//1219
f 1180//1216 1181//1217 1183//1220
f 705//740 1182//1218 1180//1216
f 1183//1220 1184//1215 1180//1216
f 1175//1207 1185//1221 1167//1200
f 1186//1222 1185//1221 1184//1215
f 1184//1215 1183//1220 1186//1222
f 1183//1220 1187//1223 1186//1222
f 1186//1222 1190//1224 1188//1225
f 1185//1221 1186//1222 1188//1225
f 1188//1225 1191//1226 1189//1227
f 1188//1225 1803//1198 1166//1199
f 1188//1225 1166//1199 1185//1221
f 1193//1228 1190//1224 1192//1229
f 1192//1229 1187//1223 1194//1230
f 1192//1229 1196//1231 1193//1228
f 1194//1230 1195//1232 1192//1229
f 1199//1233 1195//1232 1198//1234
f 1198//1234 1197//1235 1201//1236
f 1198//1234 4524//1237 1199//1233
f 1201//1236 1200//1238 1198//1234
f 1203//1239 1202//1240 1201//1236
f 1201//1236 1206//1241 1203//1239
f 1203//1239 4477//1242 1204//1243
f 1206//1241 1205//1244 1203//1239
f 1210//1245 1206//1241 1208//1246
f 1208//1246 1197//1235 1194//1230
f 1194//1230 1209//1247 1208//1246
f 1208//1246 1212//1248 1210//1245
f 4461//1249 1210//1245 1211//1250
f 1211//1250 1212//1248 1213//1251
f 1215//1219 1212//1248 1181//1217
f 1181//1217 1212//1248 1209//1247
f 4459//1252 1213//1251 1214//1253
f 1216//1254 1213//1251 1215//1219
f 1215//1219 1217//1255 1216//1254
f 1216//1254 1221//1256 1218//1257
f 1218//1257 1214//1253 1216//1254
f 1218//1257 4453//1258 1219//1259
f 1218//1257 1222//1260 1220//1261
f 1217//1255 1223//1262 1221//1256
f 1222//1260 1221//1256 1223//1262
f 1223//1262 699//1263 1226//735
f 1223//1262 1225//1264 1222//1260
f 1226//735 1225//1264 1223//1262
f 1227//1265 1226//735 700//734
f 1228//1266 1225//1264 1227//1265
f 1227//1265 1229//1267 1228//1266
f 700//734 1229//1267 1227//1265
f 1230//1268 1229//1267 700//734
f 1228//1266 1229//1267 1230//1268
f 700//734 1233//1269 1230//1268
f 1230//1268 1231//1270 1228//1266
f 1231//1270 1232//1271 4441//1272
f 1235//1273 1230//1268 1233//1269
f 1233//1269 700//734 697//733
f 1235//1273 1234//1274 1236//1275
f 697//733 1234//1274 1233//1269
f 1235//1273 1238//1276 1232//1271
f 1236//1275 1237//1277 1235//1273
f 1238//1276 1237//1277 1240//1278
f 1240//1278 1239//1279 1243//1280
f 1240//1278 1241//1281 1238//1276
f 1242//1282 1241//1281 1240//1278
f 1240//1278 1244//1283 1242//1282
f 1246//1284 1243//1280 1245//1285
f 1245//1285 1239//1279 1247//1286
f 1245//1285 6796//1287 1246//1284
f 1247//1286 6795//1288 1245//1285
f 1251//1289 1249//1290 1252//1291
f 694//728 1250//1292 1251//1289
f 1236//1275 1251//1289 1252//1291
f 1251//1289 697//733 694//728
f 1252//1291 6797//1293 1247//1286
f 1252//1291 1239//1279 1236//1275
f 1258//1294 1254//1295 1256//1296
f 1256//1296 1253//1297 1259//1298
f 1256//1296 4550//1299 1258//1294
f 1259//1298 1257//1300 1256//1296
f 1259//1298 6798//1301 1260//1302
f 1260//1302 1261//1303 1259//1298
f 1263//1304 1262//1305 1264//1306
f 1266//1307 1261//1303 1263//1304
f 1267//1308 1263//1304 1264//1306
f 1265//1309 1266//1307 1263//1304
f 1263//1304 1267//1308 1265//1309
f 1264//1306 1268//1310 1267//1308
f 1272//1311 1267//1308 1268//1310
f 1267//1308 1270//1312 1269//1313
f 1269//1313 1265//1309 1267//1308
f 1271//1314 1270//1312 1272//1311
f 1270//1312 4429//1315 1269//1313
f 1273//1316 1272//1311 1268//1310
f 1274//1317 1272//1311 1273//1316
f 1272//1311 1274//1317 1271//1314
f 1273//1316 1276//1318 1274//1317
f 4410//1319 1274//1317 1275//1320
f 1275//1320 1276//1318 1277//1321
f 1278//1322 1276//1318 1273//1316
f 1279//1323 1276//1318 1278//1322
f 1273//1316 1281//1324 1278//1322
f 1278//1322 1352//1325 1279//1323
f 1280//1326 1278//1322 1281//1324
f 1281//1324 1273//1316 1285//1327
f 1281//1324 1282//1328 1280//1326
f 1283//1329 1282//1328 1281//1324
f 1281//1324 1284//1330 1283//1329
f 1285//1327 1284//1330 1281//1324
f 1268//1310 1285//1327 1273//1316
f 1286//1331 1268//1310 1264//1306
f 1286//1331 1284//1330 1285//1327
f 1290//1332 1286//1331 1264//1306
f 1287//1333 1288//1334 1289//1335
f 1289//1335 1291//1336 1293//1337
f 1291//1336 1290//1332 1292//1338
f 1296//1339 1291//1336 1292//1338
f 1293//1337 1294//1340 1295//1341
f 1295//1341 1297//1342 1299//1343
f 1298//1344 1294//1340 1296//1339
f 1303//1345 1297//1342 1298//1344
f 1299//1343 1300//1346 1304//1347
f 1304//1347 1301//1348 1305//1349
f 1302//1350 1301//1348 1300//1346
f 1300//1346 1303//1345 1302//1350
f 1306//1351 1304//1347 1305//1349
f 1304//1347 1308//1352 1299//1343
f 1309//1353 1307//1354 1310//1355
f 1305//1349 1307//1354 1306//1351
f 1311//1356 1306//1351 1309//1353
f 1310//1355 1312//1357 1309//1353
f 1309//1353 1315//1358 1311//1356
f 1316//1359 1312//1357 1313//1360
f 1313//1360 1312//1357 1314//1361
f 1311//1356 1317//1362 1318//1363
f 1319//1364 1315//1358 1316//1359
f 1321//1365 1318//1363 1317//1362
f 1320//1366 1317//1362 1319//1364
f 1317//1362 1320//1366 1321//1365
f 1320//1366 1322//1367 1321//1365
f 1321//1365 1324//1368 1323//1369
f 1321//1365 1325//1370 1318//1363
f 1323//1369 1289//1335 1293//1337
f 1323//1369 1293//1337 1295//1341
f 1295//1341 1325//1370 1323//1369
f 1318//1363 1308//1352 1311//1356
f 1325//1370 1295//1341 1299//1343
f 1299//1343 1308//1352 1325//1370
f 1287//1333 1324//1368 1326//1371
f 1326//1371 1322//1367 1327//1372
f 1326//1371 1284//1330 1287//1333
f 1328//1373 1326//1371 1327//1372
f 1327//1372 1331//1374 1330//1375
f 1327//1372 1341//1376 1328//1373
f 1330//1375 1329//1377 1327//1372
f 1330//1375 6409//1378 1332//1379
f 1332//1379 1333//1380 1330//1375
f 1335//1381 1334//1382 1336//1383
f 1338//1384 1333//1380 1335//1381
f 1337//1385 1335//1381 1336//1383
f 1335//1381 1339//1386 1338//1384
f 1338//1384 1343//1387 1340//1388
f 1340//1388 1329//1377 1338//1384
f 1342//1389 1341//1376 1340//1388
f 1340//1388 1345//1390 1342//1389
f 1344//1391 1339//1386 6426//1392
f 1346//1393 1343//1387 1344//1391
f 1345//1390 1346//1393 1347//1394
f 1347//1394 1348//1395 1345//1390
f 1342//1389 1348//1395 1350//1396
f 1349//1397 1347//1394 1369//1398
f 1351//1399 1348//1395 1349//1397
f 1352//1325 1350//1396 1351//1399
f 1350//1396 1282//1328 1342//1389
f 1351//1399 1355//1400 1352//1325
f 1349//1397 1353//1401 1351//1399
f 4401//1402 1353//1401 1354//1403
f 1354//1403 1356//1404 1358//1405
f 1369//1398 1356//1404 1349//1397
f 1358//1405 1357//1406 1360//1407
f 1358//1405 4391//1408 1354//1403
f 1360//1407 1359//1409 1358//1405
f 1362//1410 1361//1411 1360//1407
f 1360//1407 1365//1412 1362//1410
f 1363//1413 1364//1414 1362//1410
f 1362//1410 1366//1415 1363//1413
f 1368//1416 1365//1412 1367//1417
f 1367//1417 1357//1406 1369//1398
f 1367//1417 1372//1418 1368//1416
f 1370//1419 1367//1417 1369//1398
f 1369//1398 1347//1394 1370//1419
f 1371//1420 1347//1394 1346//1393
f 1373//1421 1370//1419 1371//1420
f 1368//1416 1374//1422 1375//1423
f 1377//1424 1372//1418 1373//1421
f 1375//1423 1376//1425 4350//1426
f 1378//1427 1374//1422 1377//1424
f 1377//1424 1382//1428 1378//1427
f 1373//1421 1379//1429 1377//1424
f 1381//1430 1380//1431 6422//1432
f 1382//1428 1381//1430 1384//1433
f 1378//1427 1383//1434 4346//1435
f 1385//1436 1382//1428 1384//1433
f 1384//1433 1388//1437 1387//1438
f 1386//1439 1385//1436 1384//1433
f 1384//1433 1387//1438 1386//1439
f 1387//1438 1391//1440 1389//1441
f 1395//1442 1387//1438 1389//1441
f 1390//1443 1392//1444 1389//1441
f 1389//1441 1391//1440 1390//1443
f 1394//1445 1389//1441 1392//1444
f 1395//1442 1389//1441 1393//1446
f 1389//1441 6561//1447 1393//1446
f 1396//1448 1386//1439 1395//1442
f 1396//1448 1395//1442 1397//1449
f 1393//1446 1397//1449 1395//1442
f 1419//1450 1397//1449 1393//1446
f 1399//1451 1398//1452 1401//1453
f 1397//1449 1399//1451 1396//1448
f 1399//1451 4347//1454 1396//1448
f 1401//1453 1400//1455 1399//1451
f 1403//1456 1402//1457 1401//1453
f 1401//1453 1406//1458 1403//1456
f 1404//1459 1403//1456 1407//1460
f 1405//1461 1407//1460 1403//1456
f 1403//1456 1406//1458 1405//1461
f 1407//1460 4342//1462 1408//1463
f 1407//1460 1408//1463 1404//1459
f 1410//1464 1409//1465 1407//1460
f 1407//1460 1405//1461 1410//1464
f 1410//1464 1405//1461 1411//1466
f 1411//1466 1413//1467 1410//1464
f 1409//1465 1412//1468 4344//1469
f 1412//1468 1413//1467 1414//1470
f 1414//1470 1413//1467 1415//1471
f 1418//1472 1413//1467 1411//1466
f 1415//1471 1417//1473 1414//1470
f 1419//1450 1415//1471 1418//1472
f 1417//1473 1416//1474 1420//1475
f 1418//1472 1398//1452 1419//1450
f 1411//1466 1406//1458 1418//1472
f 1416//1474 1419//1450 1393//1446
f 1420//1475 1421//1476 1417//1473
f 1417//1473 1424//1477 1414//1470
f 1423//1478 1422//1479 1456//1480
f 1426//1481 1421//1476 1423//1478
f 1428//1482 1424//1477 1426//1481
f 1414//1470 1425//1483 1412//1468
f 1426//1481 1429//1484 1428//1482
f 1423//1478 1427//1485 1426//1481
f 1428//1482 1431//1486 1430//1487
f 1425//1483 1430//1487 1432//1488
f 1436//1489 1430//1487 1431//1486
f 1430//1487 1434//1490 1432//1488
f 4345//1491 1433//1492 1435//1493
f 1435//1493 1433//1492 1436//1489
f 1439//1494 1431//1486 1440//1495
f 1436//1489 1437//1496 1435//1493
f 1438//1497 1437//1496 1436//1489
f 1436//1489 1439//1494 1438//1497
f 1439//1494 1443//1498 1438//1497
f 1440//1495 1441//1499 1439//1494
f 1445//1500 1441//1499 1444//1501
f 1443//1498 1442//1502 4240//1503
f 1445//1500 1446//1504 4234//1505
f 1444//1501 1440//1495 1447//1506
f 1447//1506 1446//1504 1444//1501
f 1440//1495 1429//1484 1447//1506
f 1447//1506 1427//1485 1448//1507
f 1448//1507 1446//1504 1447//1506
f 1450//1508 1449//1509 1448//1507
f 1448//1507 1453//1510 1450//1508
f 1451//1511 1452//1512 4554//1513
f 1450//1508 1454//1514 1452//1512
f 1456//1480 1453//1510 1423//1478
f 1452//1512 1455//1515 4562//1516
f 1458//1517 1454//1514 1456//1480
f 1457//1518 1458//1517 1456//1480
f 1456//1480 1394//1445 1457//1518
f 1394//1445 1456//1480 1422//1479
f 1458//1517 1460//1519 1459//1520
f 1459//1520 1455//1515 1458//1517
f 1459//1520 1464//1521 1462//1522
f 1462//1522 1461//1523 1459//1520
f 1462//1522 6514//1524 1463//1525
f 1468//1526 1462//1522 1463//1525
f 1461//1523 1465//1527 1466//1528
f 1467//1529 1466//1528 1465//1527
f 1465//1527 1468//1526 1467//1529
f 1468//1526 1471//1530 1467//1529
f 1469//1531 1463//1525 1470//1532
f 1469//1531 1473//1533 1471//1530
f 1467//1529 1472//1534 4563//1535
f 1475//1536 1471//1530 1473//1533
f 1470//1532 1476//1537 1473//1533
f 1474//1538 1475//1536 1473//1533
f 1476//1537 1474//1538 1473//1533
f 1477//1539 1478//1540 1476//1537
f 1479//1541 1476//1537 1478//1540
f 1478//1540 1482//1542 1479//1541
f 1474//1538 1479//1541 1480//1543
f 1480//1543 1479//1541 1481//1544
f 1481//1544 1479//1541 1482//1542
f 1478//1540 1484//1545 1482//1542
f 1482//1542 1483//1546 1481//1544
f 1482//1542 1487//1547 1483//1546
f 6512//1548 1484//1545 1486//1549
f 1487//1547 1485//1550 1488//1551
f 1488//1551 1489//1552 1487//1547
f 1483//1546 1489//1552 1491//1553
f 1491//1553 1490//1554 1492//1555
f 1491//1553 1496//1556 1483//1546
f 1492//1555 1493//1557 1491//1553
f 1494//1558 1495//1559 6467//1560
f 1497//1561 1493//1557 1494//1558
f 1481//1544 1496//1556 1497//1561
f 1483//1546 1496//1556 1481//1544
f 1494//1558 1498//1562 1497//1561
f 1497//1561 1498//1562 1499//1563
f 1499//1563 1481//1544 1497//1561
f 1499//1563 1498//1562 1500//1564
f 1500//1564 1507//1565 1499//1563
f 1481//1544 1501//1566 4582//1567
f 1499//1563 1502//1568 1501//1566
f 1503//1569 1502//1568 1499//1563
f 1504//1570 1503//1569 1499//1563
f 1505//1571 1504//1570 1499//1563
f 1506//1572 1505//1571 1499//1563
f 1499//1563 1507//1565 1506//1572
f 1507//1565 1510//1573 1508//1574
f 1507//1565 1508//1574 1511//1575
f 1510//1573 1507//1565 1500//1564
f 1509//1576 1506//1572 1507//1565
f 1511//1575 1509//1576 1507//1565
f 1512//1577 1511//1575 1508//1574
f 1514//1578 1511//1575 1512//1577
f 1509//1576 1513//1579 1515//1580
f 1516//1581 1514//1578 1517//1582
f 1515//1580 1516//1581 1519//1583
f 1516//1581 1517//1582 1520//1584
f 1520//1584 1518//1585 1516//1581
f 1519//1583 1518//1585 6074//1586
f 1525//1587 1520//1584 1521//1588
f 1517//1582 1521//1588 1520//1584
f 1522//1589 1518//1585 1520//1584
f 1522//1589 6073//1590 1523//1591
f 1525//1587 1524//1592 1522//1589
f 1527//1593 1526//1594 1525//1587
f 1529//1595 1525//1587 1521//1588
f 1530//1596 1528//1597 1527//1593
f 1527//1593 1532//1598 1530//1596
f 1533//1599 1531//1600 1530//1596
f 1530//1596 1534//1601 1533//1599
f 1533//1599 1538//1602 1536//1603
f 1536//1603 1535//1604 1533//1599
f 1539//1605 1537//1606 1536//1603
f 1536//1603 1541//1607 1539//1605
f 1542//1608 1540//1609 1539//1605
f 1541//1607 1542//1608 1539//1605
f 1544//1610 1543//1611 1542//1608
f 1544//1610 1545//1612 1546//1613
f 1549//1614 1545//1612 1541//1607
f 1546//1613 1547//1615 1548//1616
f 1551//1617 1548//1616 1547//1615
f 1549//1614 1550//1618 1547//1615
f 1547//1615 1550//1618 1551//1617
f 1551//1617 1590//1619 1548//1616
f 1553//1620 1552//1621 1551//1617
f 1553//1620 1550//1618 1556//1622
f 1553//1620 1581//1623 1554//1624
f 1556//1622 1555//1625 1553//1620
f 1549//1614 1557//1626 1556//1622
f 1561//1627 1557//1626 1559//1628
f 1559//1628 1558//1629 1562//1630
f 1559//1628 1578//1631 1561//1627
f 1562//1630 1560//1632 1559//1628
f 1563//1633 1534//1601 1532//1598
f 1558//1629 1534//1601 1562//1630
f 1564//1634 1532//1598 1529//1595
f 1566//1635 1563//1633 1564//1634
f 1529//1595 1565//1636 1564//1634
f 1564//1634 1568//1637 1566//1635
f 1567//400 1560//1632 1566//1635
f 1566//1635 378//401 1567//400
f 1569//1638 1565//1636 1517//1582
f 380//402 1568//1637 1569//1638
f 1570//1639 1569//1638 1517//1582
f 382//406 380//402 1569//1638
f 1569//1638 1570//1639 382//406
f 1517//1582 1514//1578 1570//1639
f 1572//1640 1514//1578 1512//1577
f 1571//1641 382//406 1570//1639
f 1570//1639 1572//1640 1571//1641
f 1508//1574 1572//1640 1512//1577
f 1572//1640 1573//1642 1571//1641
f 382//406 1571//1641 383//405
f 1573//1642 383//405 1571//1641
f 1508//1574 1575//1643 1573//1642
f 1575//1643 1574//1644 1573//1642
f 1508//1574 404//426 1575//1643
f 404//426 1576//1645 1575//1643
f 1576//1645 1574//1644 1575//1643
f 1574//1644 1576//1645 385//407
f 1576//1645 387//410 385//407
f 405//422 1577//1646 404//426
f 402//411 1577//1646 405//422
f 385//407 383//405 1574//1644
f 374//394 1578//1631 1567//400
f 1561//1627 1579//393 1580//1647
f 1580//1647 370//389 1582//388
f 1582//388 1581//1623 1580//1647
f 1580//1647 1555//1625 1561//1627
f 366//382 1583//1648 1582//388
f 1554//1624 1583//1648 1585//1649
f 1585//1649 1584//381 1586//1650
f 1588//1651 1554//1624 1585//1649
f 1585//1649 1586//1650 1587//1652
f 1587//1652 1588//1651 1585//1649
f 1589//1653 1552//1621 1588//1651
f 1588//1651 1591//1654 1589//1653
f 1592//1655 1590//1619 1589//1653
f 1589//1653 1593//1656 1592//1655
f 1594//1657 1593//1656 1615//1658
f 1594//1657 1595//1659 1592//1655
f 1548//1616 1595//1659 1596//1660
f 1598//1661 1596//1660 1595//1659
f 1595//1659 1597//1662 1598//1661
f 1598//1661 1614//1663 1596//1660
f 1600//1664 1599//1665 1598//1661
f 1598//1661 330//345 1600//1664
f 325//338 1601//1666 1600//1664
f 1604//1667 1601//1666 1602//1668
f 1602//1668 321//337 318//333
f 318//333 1603//1669 1602//1668
f 1602//1668 1606//1670 1604//1667
f 1605//1671 1599//1665 1604//1667
f 1604//1667 1607//1672 1605//1671
f 204//212 1603//1669 208//213
f 203//210 1606//1670 204//212
f 1605//1671 1608//1673 1544//1610
f 1609//211 1607//1672 203//210
f 1610//1674 1608//1673 1609//211
f 1610//1674 1609//211 1611//1675
f 1609//211 175//177 1611//1675
f 1611//1675 1612//1676 1610//1674
f 165//171 1612//1676 1611//1675
f 1611//1675 167//175 165//171
f 1610//1674 163//170 1613//169
f 1613//169 1543//1611 1610//1674
f 162//166 1540//1609 1613//169
f 1544//1610 1614//1663 1605//1671
f 1596//1660 1546//1613 1548//1616
f 208//213 316//332 314//215
f 330//345 1597//1662 1594//1657
f 1594//1657 332//346 330//345
f 1615//1658 332//346 1594//1657
f 1616//366 333//348 1615//1658
f 1615//1658 350//364 1616//366
f 336//351 1616//366 346//359
f 352//365 1593//1656 1591//1654
f 1591//1654 1587//1652 355//371
f 355//371 352//365 1591//1654
f 1617//372 1587//1652 1586//1650
f 1586//1650 365//379 1617//372
f 1617//372 359//375 354//370
f 1549//1614 1538//1602 1558//1629
f 159//163 1537//1606 162//166
f 157//162 1535//1604 159//163
f 155//159 1531//1600 157//162
f 1618//161 1528//1597 155//159
f 1619//1677 1526//1594 1618//161
f 1618//161 1623//1678 1619//1677
f 1619//1677 1623//1678 1620//1679
f 1620//1679 1622//1680 1619//1677
f 1622//1680 1621//1681 1619//1677
f 1524//1592 1619//1677 1621//1681
f 1623//1678 1624//1682 1625//1683
f 1624//1682 154//160 152//155
f 1625//1683 1620//1679 1623//1678
f 1624//1682 1627//1684 1625//1683
f 1620//1679 1625//1683 113//111
f 1626//115 113//111 1625//1683
f 1625//1683 1627//1684 1626//115
f 1629//1685 1628//1686 1631//1687
f 1630//1688 1627//1684 1629//1685
f 1631//1687 120//1689 1629//1685
f 1630//1688 120//1689 117//119
f 1631//1687 148//154 146//150
f 146//150 123//123 1631//1687
f 110//113 1626//115 1630//1688
f 1630//1688 111//114 110//113
f 117//119 111//114 1630//1688
f 152//155 1628//1686 1624//1682
f 1622//1680 1634//1690 1633//1691
f 1635//1692 1622//1680 1633//1691
f 98//100 81//82 1633//1691
f 1635//1692 1633//1691 81//82
f 1633//1691 1634//1690 98//100
f 81//82 1636//1693 1635//1692
f 1636//1693 1632//1694 1635//1692
f 1636//1693 81//82 1639//1695
f 1639//1695 1637//1696 1636//1693
f 1637//1696 1638//1697 1636//1693
f 1649//1698 1639//1695 81//82
f 1639//1695 1644//1699 1640//1700
f 1640//1700 1645//1701 1639//1695
f 1641//1702 1642//1703 1639//1695
f 1649//1698 1641//1702 1639//1695
f 1639//1695 1642//1703 1643//1704
f 1644//1699 1639//1695 1643//1704
f 1639//1695 1645//1701 1646//1705
f 1639//1695 1646//1705 1647//1706
f 1648//1707 1639//1695 1647//1706
f 1639//1695 1648//1707 1637//1696
f 81//82 78//78 1649//1698
f 1652//1708 78//78 75//75
f 1650//1709 1651//1710 1649//1698
f 1649//1698 1652//1708 1650//1709
f 75//75 1653//1711 1652//1708
f 1652//1708 1654//1712 1650//1709
f 1656//1713 1653//1711 68//69
f 1650//1709 1655//1714 6008//1715
f 1657//1716 1654//1712 1656//1713
f 61//62 1658//1717 1656//1713
f 1656//1713 62//63 61//62
f 68//69 62//63 1656//1713
f 1656//1713 1659//1718 1657//1716
f 1661//1719 61//62 59//60
f 1660//1720 1659//1718 1658//1717
f 1658//1717 1661//1719 1660//1720
f 59//60 1662//1721 1661//1719
f 1661//1719 1665//1722 1660//1720
f 1664//1723 58//59 6350//1724
f 1663//1725 1665//1722 1662//1721
f 1662//1721 1664//1723 1663//1725
f 1660//1720 1665//1722 1666//1726
f 1669//1727 1665//1722 1663//1725
f 1666//1726 1667//1728 1660//1720
f 1667//1728 1668//1729 5790//1730
f 1668//1729 1666//1726 1669//1727
f 1669//1727 1670//1731 1668//1729
f 1670//1731 1669//1727 1671//1732
f 1669//1727 1672//1733 1671//1732
f 1671//1732 1672//1733 1675//1734
f 1671//1732 1673//1735 1670//1731
f 1674//1736 1673//1735 1671//1732
f 1675//1734 1674//1736 1671//1732
f 1677//1737 1675//1734 1672//1733
f 1674//1736 1676//1738 5964//1739
f 1679//1740 1675//1734 1677//1737
f 1672//1733 1678//1741 1677//1737
f 1677//1737 1681//1742 1680//1743
f 1677//1737 1683//1744 1679//1740
f 1680//1743 1681//1742 1682//1745
f 1682//1745 1684//1746 1680//1743
f 1685//1747 1680//1743 1684//1746
f 1684//1746 1687//1748 1686//1749
f 1686//1749 1685//1747 1684//1746
f 1686//1749 6341//1750 1688//1751
f 1691//1752 1686//1749 1688//1751
f 1690//1753 1685//1747 1689//1754
f 1690//1753 1691//1752 1692//1755
f 1688//1751 1693//1756 1691//1752
f 1691//1752 1696//1757 1692//1755
f 1695//1758 1694//1759 6336//1760
f 1696//1757 1695//1758 1698//1761
f 1696//1757 5931//1762 1692//1755
f 1698//1761 1697//1763 1696//1757
f 1695//1758 1699//1764 1698//1761
f 1702//1765 1698//1761 1699//1764
f 1766//1766 1700//1767 1701//1768
f 1703//1769 1700//1767 1702//1765
f 1701//1768 1704//1770 1705//1771
f 1705//1771 1706//1772 1707//1773
f 1707//1773 1708//1774 1709//1775
f 1709//1775 1710//1776 1711//1777
f 1711//1777 1712//1778 1713//1779
f 1713//1779 1714//1780 1715//1781
f 1715//1781 1716//1782 1717//1783
f 1717//1783 1718//1784 1719//1785
f 1719//1785 1151//1786 1153//1186
f 1153//1186 1720//1787 1719//1785
f 1719//1785 1721//1788 1717//1783
f 1724//1789 1720//1787 1722//1790
f 1722//1790 1155//1187 1158//1190
f 1723//1791 1724//1789 1722//1790
f 1722//1790 1727//1792 1723//1791
f 1158//1190 1726//1793 1722//1790
f 1725//1794 1727//1792 1722//1790
f 1722//1790 1726//1793 1725//1794
f 1731//1795 1727//1792 1728//1796
f 1728//1796 1727//1792 1725//1794
f 1725//1794 1729//1797 1728//1796
f 1730//1798 1728//1796 1729//1797
f 1728//1796 1730//1798 1732//1799
f 1732//1799 1731//1795 1728//1796
f 1731//1795 1733//1800 1762//1801
f 1735//1802 1733//1800 1732//1799
f 1732//1799 1734//1803 1735//1802
f 1734//1803 1732//1799 1730//1798
f 1734//1803 1736//1804 1735//1802
f 1735//1802 1739//1805 1737//1806
f 1733//1800 1735//1802 1737//1806
f 1737//1806 1738//1807 1733//1800
f 1740//1808 1738//1807 1737//1806
f 1740//1808 1739//1805 1742//1809
f 1741//1810 1740//1808 1742//1809
f 1744//1811 1742//1809 1743//1812
f 1742//1809 6332//1813 1743//1812
f 1742//1809 1744//1811 1741//1810
f 1743//1812 1745//1814 1744//1811
f 1746//1815 1744//1811 1745//1814
f 1749//1816 1744//1811 1746//1815
f 1747//1817 1746//1815 1748//1818
f 1746//1815 1751//1819 1749//1816
f 1745//1814 1748//1818 1746//1815
f 1750//1820 1741//1810 1749//1816
f 1749//1816 1752//1821 1750//1820
f 1753//1822 1747//1817 1754//1823
f 1755//1824 1751//1819 1753//1822
f 1754//1823 1756//1825 1753//1822
f 1753//1822 1758//1826 1755//1824
f 1711//1777 1757//1827 1709//1775
f 1713//1779 1756//1825 1711//1777
f 1715//1781 1758//1826 1713//1779
f 1755//1824 1759//1828 1760//1829
f 1717//1783 1759//1828 1715//1781
f 1760//1829 1721//1788 1724//1789
f 1724//1789 1761//1830 1760//1829
f 1760//1829 1752//1821 1755//1824
f 1750//1820 1761//1830 1762//1801
f 1762//1801 1723//1791 1731//1795
f 1762//1801 1738//1807 1750//1820
f 1709//1775 1757//1827 1763//1831
f 1763//1831 1754//1823 1764//1832
f 1763//1831 1765//1833 1705//1771
f 1705//1771 1707//1773 1763//1831
f 1765//1833 1763//1831 1764//1832
f 1763//1831 1707//1773 1709//1775
f 1701//1768 1765//1833 1766//1766
f 1766//1766 1765//1833 1767//1834
f 1764//1832 1767//1834 1765//1833
f 1767//1834 1768//1835 1766//1766
f 1769//1836 1768//1835 1767//1834
f 1767//1834 1770//1837 1769//1836
f 1764//1832 1770//1837 1767//1834
f 1773//1838 1770//1837 1771//1839
f 1771//1839 1770//1837 1772//1840
f 1754//1823 1747//1817 1772//1840
f 1772//1840 1764//1832 1754//1823
f 1748//1818 1772//1840 1747//1817
f 1772//1840 1748//1818 1771//1839
f 1748//1818 1775//1841 1771//1839
f 1774//1842 1773//1838 1771//1839
f 1771//1839 1775//1841 1774//1842
f 1778//1843 1775//1841 1776//1844
f 1776//1844 1745//1814 1743//1812
f 1776//1844 1780//1845 1778//1843
f 1743//1812 1777//1846 1776//1844
f 1774//1842 1778//1843 1779//1847
f 1778//1843 1781//1848 1779//1847
f 1782//1849 1781//1848 1780//1845
f 1782//1849 1777//1846 1785//1850
f 1784//1851 1783//1852 1782//1849
f 1785//1850 1784//1851 1782//1849
f 1786//1853 1787//1854 1785//1850
f 1785//1850 6332//1813 1786//1853
f 1789//1855 1788//1856 1792//1857
f 1784//1851 1789//1855 1790//1858
f 1790//1858 1791//1859 1805//1860
f 1792//1857 1791//1859 1789//1855
f 1793//1861 1792//1857 1788//1856
f 1792//1857 1796//1862 1794//1863
f 1805//1860 1794//1863 1795//1864
f 1794//1863 1798//1865 1795//1864
f 1797//1866 1796//1862 1793//1861
f 1799//1867 1796//1862 1797//1866
f 1189//1227 1798//1865 1799//1867
f 1795//1864 1191//1226 1193//1228
f 1797//1866 1800//1868 1799//1867
f 1799//1867 1803//1198 1189//1227
f 1801//1869 1800//1868 1802//1870
f 1165//1195 1800//1868 1801//1869
f 1802//1870 1729//1797 1801//1869
f 1729//1797 1802//1870 1730//1798
f 1804//1871 1802//1870 1797//1866
f 1801//1869 1161//1872 1165//1195
f 1729//1797 1726//1793 1801//1869
f 1793//1861 1804//1871 1797//1866
f 1804//1871 6331//1873 1734//1803
f 1730//1798 1804//1871 1734//1803
f 1795//1864 1808//1874 1805//1860
f 1193//1228 1806//1875 1795//1864
f 1807//1876 1196//1231 1199//1233
f 1810//1877 1806//1875 1807//1876
f 1811//1878 1808//1874 1810//1877
f 1805//1860 1809//1879 1790//1858
f 1807//1876 1812//1880 1810//1877
f 1810//1877 1814//1881 1811//1878
f 1815//1882 1813//1883 1816//1884
f 1818//1885 1812//1880 1815//1882
f 1816//1884 1817//1886 1815//1882
f 1815//1882 1820//1887 1818//1885
f 1818//1885 1821//1888 1819//1889
f 1819//1889 1814//1881 1818//1885
f 1825//1890 1820//1887 1822//1891
f 1822//1891 1817//1886 1823//1892
f 1823//1892 1824//1893 1822//1891
f 1822//1891 1827//1894 1825//1890
f 1826//1895 1821//1888 1825//1890
f 1825//1890 1828//1896 1826//1895
f 1830//1897 1827//1894 1829//1898
f 1829//1898 1824//1893 1831//1899
f 1829//1898 1835//1900 1830//1897
f 1831//1899 1832//1901 1829//1898
f 1834//1902 1833//1903 1846//1904
f 1837//1905 1832//1901 1834//1902
f 1830//1897 1836//1906 5898//1907
f 1838//1908 1835//1900 1837//1905
f 1837//1905 1842//1909 1838//1908
f 1834//1902 1839//1910 1837//1905
f 1840//1911 1841//1912 1839//1910
f 1839//1910 1843//1913 1840//1911
f 5861//1914 1839//1910 1841//1912
f 1844//1915 1840//1911 1843//1913
f 1843//1913 1845//1916 1844//1915
f 1846//1904 1843//1913 1834//1902
f 1845//1916 1851//1917 1844//1915
f 1848//1918 1845//1916 1846//1904
f 1847//1919 1848//1918 1849//1920
f 1849//1920 1850//1921 1847//1919
f 1853//1922 1847//1919 1850//1921
f 1844//1915 1852//1923 5863//1924
f 1853//1922 1852//1923 1851//1917
f 1850//1921 1854//1925 1853//1922
f 1854//1925 1855//1926 1853//1922
f 5867//1927 1855//1926 1856//1928
f 1856//1928 1857//1929 1858//1930
f 1858//1930 1859//1931 1862//1932
f 1861//1933 1857//1929 1854//1925
f 4506//1934 1859//1931 1861//1933
f 1862//1932 1860//1935 1863//1936
f 1862//1932 1865//1937 1858//1930
f 1863//1936 1864//1938 1862//1932
f 1870//1939 1864//1938 1867//1940
f 1864//1938 1871//1941 1867//1940
f 1868//1942 1869//1943 1867//1940
f 1871//1941 1868//1942 1867//1940
f 1870//1939 1867//1940 1869//1943
f 1872//1944 1873//1945 1871//1941
f 4538//1946 1871//1941 1866//1947
f 1876//1948 1873//1945 1875//1949
f 1875//1949 1874//1950 1877//1951
f 1875//1949 1879//1952 1876//1948
f 1877//1951 1878//1953 1875//1949
f 1892//1954 1878//1953 1880//1955
f 1880//1955 1881//1956 1883//1957
f 1881//1956 1884//1958 1883//1957
f 1877//1951 1882//1959 1881//1956
f 1883//1957 1887//1960 1885//1961
f 1883//1957 1888//1962 1880//1955
f 1889//1963 1885//1961 1886//1964
f 1885//1961 3402//1965 1886//1964
f 1891//1966 1888//1962 1889//1963
f 1880//1955 1890//1967 1892//1954
f 1895//1968 1890//1967 1891//1966
f 1892//1954 1893//1969 1894//1970
f 1894//1970 1896//1971 1898//1972
f 1897//1973 1893//1969 1895//1968
f 1900//1974 1896//1971 1897//1973
f 1898//1972 1899//1975 1902//1976
f 1899//1975 1900//1974 1901//1977
f 1901//1977 1903//1978 1899//1975
f 1902//1976 1903//1978 1904//1979
f 1908//1980 1903//1978 1901//1977
f 1904//1979 1903//1978 1905//1981
f 1905//1981 1907//1982 1904//1979
f 1907//1982 1906//1983 5004//1984
f 1909//1985 1905//1981 1908//1980
f 1910//1986 1908//1980 1901//1977
f 1908//1980 1912//1987 1909//1985
f 1901//1977 1911//1988 1910//1986
f 1913//1989 1910//1986 1911//1988
f 1915//1990 1910//1986 1913//1989
f 1911//1988 1914//1991 1913//1989
f 1916//1992 1914//1991 1919//1993
f 1915//1990 1916//1992 1918//1994
f 1918//1994 1917//1995 5426//1996
f 1921//1997 1916//1992 1919//1993
f 1935//1998 1919//1993 1914//1991
f 1921//1997 1920//1999 1922//2000
f 1923//2001 1921//1997 1922//2000
f 1923//2001 1917//1995 1921//1997
f 1922//2000 1926//2002 1923//2001
f 1924//2003 1925//2004 1923//2001
f 1924//2003 1923//2001 1926//2002
f 1926//2002 1922//2000 1929//2005
f 1926//2002 1927//2006 1924//2003
f 1927//2006 1928//2007 5056//2008
f 1929//2005 1928//2007 1926//2002
f 1932//2009 1929//2005 1922//2000
f 1930//2010 1931//2011 1929//2005
f 1929//2005 1932//2009 1930//2010
f 1928//2007 1929//2005 1931//2011
f 1922//2000 1920//1999 1932//2009
f 1934//2012 1920//1999 1935//1998
f 1933//2013 1930//2010 1932//2009
f 1932//2009 1934//2012 1933//2013
f 1935//1998 1936//2014 1934//2012
f 1934//2012 1939//2015 1933//2013
f 1937//2016 1936//2014 1940//2017
f 1936//2014 1937//2016 1938//2018
f 1938//2018 1939//2015 1936//2014
f 1940//2017 1935//1998 1914//1991
f 1914//1991 1942//2019 1940//2017
f 1940//2017 1941//2020 1937//2016
f 1941//2020 1940//2017 1942//2019
f 1944//2021 1942//2019 1914//1991
f 1942//2019 1943//2022 1941//2020
f 1943//2022 1944//2021 1945//2023
f 1914//1991 1911//1988 1944//2021
f 1946//2024 1944//2021 1911//1988
f 1947//2025 1944//2021 1946//2024
f 1911//1988 1901//1977 1946//2024
f 1900//1974 1946//2024 1901//1977
f 1947//2025 1948//2026 1950//2027
f 1897//1973 1948//2026 1900//1974
f 1950//2027 1949//2028 1952//2029
f 1947//2025 1951//2030 1945//2023
f 1954//2031 1950//2027 1952//2029
f 1949//2028 1953//2032 1952//2029
f 1952//2029 1956//2033 1954//2031
f 1955//2034 1951//2030 1954//2031
f 1954//2031 1958//2035 1955//2034
f 1956//2033 1960//2036 1958//2035
f 1957//2037 1953//2032 6078//2038
f 1962//2039 1958//2035 1960//2036
f 1955//2034 1959//2040 5507//2041
f 1957//2037 1961//2042 1960//2036
f 1961//2042 1963//2043 1960//2036
f 1963//2043 1962//2039 1960//2036
f 1966//2044 1964//2045 1968//2046
f 1966//2044 1965//2047 1963//2043
f 1968//2046 1967//2048 1966//2044
f 1969//2049 1970//2050 1968//2046
f 1968//2046 3392//2051 1969//2049
f 4892//2052 1970//2050 1971//2053
f 1971//2053 1972//2054 1974//2055
f 1969//2049 1973//2056 1972//2054
f 1972//2054 1976//2057 1974//2055
f 1975//2058 1978//2059 1974//2055
f 1975//2058 1974//2055 1976//2057
f 1971//2053 1974//2055 1977//2060
f 1978//2059 1977//2060 1974//2055
f 1980//2061 1979//2062 1978//2059
f 1978//2059 1982//2063 1980//2061
f 1983//2064 1975//2058 1985//2065
f 1986//2066 1981//2067 1983//2064
f 3372//2068 1983//2064 1985//2065
f 1986//2066 1984//2069 1987//2070
f 1986//2066 1991//2071 1988//2072
f 1988//2072 1982//2063 1986//2066
f 1990//2073 1989//2074 1988//2072
f 1988//2072 1992//2075 1990//2073
f 1993//2076 1987//2070 1995//2077
f 1996//2078 1991//2071 1993//2076
f 1995//2077 1994//2079 1993//2076
f 1993//2076 1998//2080 1996//2078
f 1996//2078 2000//2081 1997//2082
f 1997//2082 1992//2075 1996//2078
f 1999//2083 1994//2079 6082//2084
f 2001//2085 1998//2080 1999//2083
f 2004//2086 2000//2081 2001//2085
f 1997//2082 2002//2087 2003//2088
f 2003//2088 2005//2089 2008//2090
f 2006//2091 2002//2087 2004//2086
f 3323//2092 2005//2089 2006//2091
f 2008//2090 2007//2093 2010//2094
f 2008//2090 4881//2095 2003//2088
f 2010//2094 2009//2096 2008//2090
f 2010//2094 2013//2097 2012//2098
f 2012//2098 2011//2099 2010//2094
f 2012//2098 3280//2100 2014//2101
f 2014//2101 2015//2102 2012//2098
f 2017//2103 2016//2104 2020//2105
f 2019//2106 2015//2102 2017//2103
f 2017//2103 4883//2107 2019//2106
f 2020//2105 2018//2108 2017//2103
f 2020//2105 3277//2109 2021//2110
f 2021//2110 2022//2111 2020//2105
f 2023//2112 2024//2113 2025//2114
f 2040//2115 2022//2111 2023//2112
f 2025//2114 2026//2116 2029//2117
f 2027//2118 2024//2113 2021//2110
f 3274//2119 2026//2116 2027//2118
f 2029//2117 2028//2120 2030//2121
f 2029//2117 2034//2122 2025//2114
f 2030//2121 2031//2123 2029//2117
f 2033//2124 2032//2125 2653//2126
f 2035//2127 2031//2123 2033//2124
f 2037//2128 2034//2122 2035//2127
f 2025//2114 2036//2129 2023//2112
f 2041//2130 2036//2129 2037//2128
f 2023//2112 2038//2131 2040//2115
f 2042//2132 2038//2131 2041//2130
f 2040//2115 2039//2133 4885//2134
f 2037//2128 2043//2135 2041//2130
f 2041//2130 2044//2136 2042//2132
f 2044//2136 2045//2137 4852//2138
f 2048//2139 2043//2135 2046//2140
f 2035//2127 2046//2140 2037//2128
f 2048//2139 2047//2141 2049//2142
f 2048//2139 2052//2143 2050//2144
f 2050//2144 2045//2137 2048//2139
f 2053//2145 2051//2146 2050//2144
f 2050//2144 2055//2147 2053//2145
f 2056//2148 2054//2149 2053//2145
f 2053//2145 2058//2150 2056//2148
f 2059//2151 2057//2152 2056//2148
f 2056//2148 2061//2153 2059//2151
f 2060//2154 2062//2155 2059//2151
f 2059//2151 2080//2156 2060//2154
f 4846//2157 2062//2155 2063//2158
f 2063//2158 2064//2159 2066//2160
f 2078//2161 2064//2159 2060//2154
f 2066//2160 2065//2162 2068//2163
f 2066//2160 4844//2164 2063//2158
f 2068//2163 2067//2165 2066//2160
f 2070//2166 2069//2167 2068//2163
f 2068//2163 2073//2168 2070//2166
f 2072//2169 2071//2170 2070//2166
f 2070//2166 2074//2171 2072//2169
f 2075//2172 2065//2162 2078//2161
f 2076//2173 2073//2168 2075//2172
f 2075//2172 3306//2174 2076//2173
f 2078//2161 2077//2175 2075//2172
f 2060//2154 2079//2176 2078//2161
f 2081//2177 2080//2156 2083//2178
f 2082//2179 2079//2176 2081//2177
f 2081//2177 2085//2180 2082//2179
f 2083//2178 2084//2181 2081//2177
f 6088//2182 2084//2181 2086//2183
f 2086//2183 2087//2184 2089//2185
f 2668//2186 2087//2184 2083//2178
f 2089//2185 2088//2187 2090//2188
f 2090//2188 2091//2189 2089//2185
f 2089//2185 2093//2190 2086//2183
f 2092//2191 2094//2192 2096//2193
f 6109//2194 2091//2189 2092//2191
f 2669//2195 2094//2192 2090//2188
f 2096//2193 2095//2196 2098//2197
f 2098//2197 2097//2198 2096//2193
f 2096//2193 6107//2199 2092//2191
f 2099//2200 2100//2201 2098//2197
f 2098//2197 2671//2202 2099//2200
f 2101//2203 2102//2204 2105//2205
f 6108//2206 2100//2201 2101//2203
f 2102//2204 2099//2200 2104//2207
f 2102//2204 2106//2208 2105//2205
f 2104//2207 2103//2209 2102//2204
f 2105//2205 2110//2210 2107//2211
f 2105//2205 2108//2212 2101//2203
f 6104//2213 2107//2211 2109//2214
f 2107//2211 2112//2215 2109//2214
f 2111//2216 2106//2208 2631//2217
f 2114//2218 2110//2210 2111//2216
f 2113//2219 2109//2214 2112//2215
f 2115//2220 2112//2215 2114//2218
f 2116//2221 2115//2220 2114//2218
f 2111//2216 2116//2221 2114//2218
f 2627//2222 2116//2221 2117//2223
f 2118//2224 2119//2225 2116//2221
f 2122//2226 2119//2225 2121//2227
f 2121//2227 2120//2228 2123//2229
f 2121//2227 2127//2230 2122//2226
f 2123//2229 2124//2231 2121//2227
f 2126//2232 2125//2233 2475//2234
f 2128//2235 2124//2231 2126//2232
f 2122//2226 2129//2236 2132//2237
f 2130//2238 2127//2230 2128//2235
f 2154//2239 2129//2236 2130//2238
f 2132//2237 2131//2240 2133//2241
f 2132//2237 2135//2242 2113//2219
f 2132//2237 2115//2220 2122//2226
f 2133//2241 2155//2243 2134//2244
f 2133//2241 2136//2245 2135//2242
f 2135//2242 2137//2246 2109//2214
f 2137//2246 2138//2247 2139//2248
f 2138//2247 2134//2244 2141//2249
f 2139//2248 2140//2250 3243//2251
f 2143//2252 2138//2247 2141//2249
f 2134//2244 2142//2253 2141//2249
f 2141//2249 2145//2254 2143//2252
f 2143//2252 2146//2255 2144//2256
f 2144//2256 2140//2250 2143//2252
f 2148//2257 2145//2254 2147//2258
f 2147//2258 2142//2253 2150//2259
f 2148//2257 2149//2260 6115//2261
f 2151//2262 2147//2258 2150//2259
f 2152//2263 2151//2262 2150//2259
f 2150//2259 2155//2243 2152//2263
f 2154//2239 2153//2264 2152//2263
f 2152//2263 2131//2240 2154//2239
f 2130//2238 2156//2265 2154//2239
f 2158//2266 2157//2267 2159//2268
f 2160//2269 2156//2265 2158//2266
f 2159//2268 2161//2270 2158//2266
f 2158//2266 2164//2271 2160//2269
f 2161//2270 2485//2272 2163//2273
f 2165//2274 2161//2270 2163//2273
f 2160//2269 2166//2275 2168//2276
f 2167//2277 2164//2271 2165//2274
f 2172//2278 2166//2275 2167//2277
f 2168//2276 2169//2279 2171//2280
f 2173//2281 2169//2279 2172//2278
f 2171//2280 2170//2282 6116//2283
f 2167//2277 2174//2284 2172//2278
f 2172//2278 2175//2285 2173//2281
f 3114//2286 2174//2284 2176//2287
f 2176//2287 2177//2288 2179//2289
f 2167//2277 2178//2290 2177//2288
f 2177//2288 2181//2291 2179//2289
f 2179//2289 2183//2292 2180//2293
f 2179//2289 3115//2294 2176//2287
f 2182//2295 2178//2290 6330//2296
f 2185//2297 2181//2291 2182//2295
f 2186//2298 2183//2292 2185//2297
f 2180//2293 2184//2299 3116//2300
f 2185//2297 2189//2301 2186//2298
f 2182//2295 2187//2302 2185//2297
f 2193//2303 2187//2302 2190//2304
f 2189//2301 2188//2305 3130//2306
f 2191//2307 2193//2303 2190//2304
f 2190//2304 2192//2308 2191//2307
f 6330//2296 2190//2304 2182//2295
f 2193//2303 2197//2309 2194//2310
f 2194//2310 2188//2305 2193//2303
f 2198//2311 2195//2312 2194//2310
f 2196//2313 2198//2311 2194//2310
f 2194//2310 2197//2309 2196//2313
f 2198//2311 2325//2314 2199//2315
f 2199//2315 2200//2316 2198//2311
f 3129//2317 2200//2316 2201//2318
f 2201//2318 2202//2319 2204//2320
f 2324//2321 2202//2319 2199//2315
f 2204//2320 2203//2322 2206//2323
f 2204//2320 3128//2324 2201//2318
f 2206//2323 2205//2325 2204//2320
f 2206//2323 6279//2326 2207//2327
f 2207//2327 2208//2328 2206//2323
f 2210//2329 2209//2330 2211//2331
f 2213//2332 2208//2328 2210//2329
f 2211//2331 2212//2333 2210//2329
f 2210//2329 2212//2333 2214//2334
f 2214//2334 2213//2332 2210//2329
f 2215//2335 2214//2334 2212//2333
f 2220//2336 2214//2334 2215//2335
f 2213//2332 2214//2334 2216//2337
f 2217//2338 2218//2339 3127//2340
f 2216//2337 2217//2338 2213//2332
f 2219//2341 2218//2339 2216//2337
f 2216//2337 2220//2336 2219//2341
f 2220//2336 2222//2342 2219//2341
f 2215//2335 2221//2343 2220//2336
f 2223//2344 2222//2342 2221//2343
f 2221//2343 2225//2345 2223//2344
f 2225//2345 2226//2346 2229//2347
f 2227//2348 2224//2349 2215//2335
f 6310//2350 2226//2346 2227//2348
f 2229//2347 2226//2346 2228//2351
f 2228//2351 2230//2352 2229//2347
f 2231//2353 2229//2347 2230//2352
f 2229//2347 2231//2353 2232//2354
f 2232//2354 2225//2345 2229//2347
f 2223//2344 2232//2354 2233//2355
f 2236//2356 2232//2354 2231//2353
f 2233//2355 2234//2357 2237//2358
f 2237//2358 2235//2359 2239//2360
f 2283//2361 2234//2357 2236//2356
f 2237//2358 3138//2362 2233//2355
f 2239//2360 2238//2363 2237//2358
f 2241//2364 2240//2365 2239//2360
f 2239//2360 2243//2366 2241//2364
f 2244//2367 2242//2368 2241//2364
f 2241//2364 2246//2369 2244//2367
f 2245//2370 2247//2371 2244//2367
f 2244//2367 2277//2372 2245//2370
f 2242//2368 2248//2373 3145//2374
f 2248//2373 2249//2375 2251//2376
f 2249//2375 2245//2370 2252//2377
f 2251//2376 2250//2378 3166//2379
f 2252//2377 2250//2378 2249//2375
f 2245//2370 2253//2380 2252//2377
f 2252//2377 2255//2381 2254//2382
f 2254//2382 2250//2378 2252//2377
f 2254//2382 2268//2383 2256//2384
f 2256//2384 2257//2385 2254//2382
f 2258//2386 2259//2387 2260//2388
f 3166//2379 2257//2385 2258//2386
f 2264//2389 2259//2387 2256//2384
f 2260//2388 2261//2390 2262//2391
f 2262//2391 2263//2392 2368//2393
f 2265//2394 2261//2390 2264//2389
f 2264//2389 2267//2395 2265//2394
f 2256//2384 2266//2396 2264//2389
f 2270//2397 2266//2396 2269//2398
f 2269//2398 2268//2383 2272//2399
f 2269//2398 2358//2400 2270//2397
f 2269//2398 2273//2401 2271//2402
f 2275//2403 2272//2399 2274//2404
f 2272//2399 2255//2381 2274//2404
f 2274//2404 2253//2380 2275//2403
f 2276//2405 2273//2401 2275//2403
f 2275//2403 2277//2372 2276//2405
f 2276//2405 2246//2369 2279//2406
f 2279//2406 2278//2407 2276//2405
f 2281//2408 2280//2409 2279//2406
f 2279//2406 2243//2366 2281//2408
f 2283//2361 2282//2410 2281//2408
f 2281//2408 2235//2359 2283//2361
f 2283//2361 2285//2411 2284//2412
f 2286//2413 2285//2411 2287//2414
f 2289//2415 2284//2412 2286//2413
f 2287//2414 2288//2416 2286//2413
f 2286//2413 2291//2417 2289//2415
f 2289//2415 2292//2418 2290//2419
f 2290//2419 2282//2410 2289//2415
f 2294//2420 2291//2417 2293//2421
f 2293//2421 2288//2416 2296//2422
f 2295//2423 2294//2420 2293//2421
f 2293//2421 2297//2424 2295//2423
f 2296//2422 2297//2424 2293//2421
f 2297//2424 2298//2425 2300//2426
f 2298//2425 2299//2427 6318//2428
f 2300//2426 2295//2423 2297//2424
f 2298//2425 2301//2429 2300//2426
f 2300//2426 2305//2430 2302//2431
f 2302//2431 2295//2423 2300//2426
f 2304//2432 2303//2433 2302//2431
f 2302//2431 2307//2434 2304//2432
f 2306//2435 2301//2429 6329//2436
f 2310//2437 2305//2430 2306//2435
f 2307//2434 2310//2437 2308//2438
f 2308//2438 2309//2439 2307//2434
f 2304//2432 2309//2439 2350//2440
f 2306//2435 2311//2441 2310//2437
f 2310//2437 2313//2442 2308//2438
f 2312//2443 2314//2444 2316//2445
f 2326//2446 2311//2441 2312//2443
f 2316//2445 2315//2447 2317//2448
f 6329//2436 2314//2444 2306//2435
f 2316//2445 2319//2449 2318//2450
f 2316//2445 2321//2451 2312//2443
f 2318//2450 6325//2452 2320//2453
f 2322//2454 2318//2450 2320//2453
f 2324//2321 2321//2451 2322//2454
f 2312//2443 2323//2455 2326//2446
f 2323//2455 2324//2321 2199//2315
f 2326//2446 2325//2314 2327//2456
f 2199//2315 2325//2314 2323//2455
f 2326//2446 2328//2457 2313//2442
f 2330//2458 2327//2456 2329//2459
f 2327//2456 2196//2313 2329//2459
f 2329//2459 2333//2460 2330//2458
f 2329//2459 2197//2309 2331//2461
f 2335//2462 2331//2461 2332//2463
f 2331//2461 2191//2307 2332//2463
f 2337//2464 2333//2460 2335//2462
f 2330//2458 2334//2465 2345//2466
f 2335//2462 2338//2467 2337//2464
f 2332//2463 2336//2468 2335//2462
f 2337//2464 2338//2467 2339//2469
f 2339//2469 2340//2470 2337//2464
f 2340//2470 2334//2465 2337//2464
f 2340//2470 2487//2471 2341//2472
f 2341//2472 2342//2473 2340//2470
f 2344//2474 2343//2475 2349//2476
f 2342//2473 2344//2474 2345//2466
f 2345//2466 2334//2465 2342//2473
f 2344//2474 2346//2477 2345//2466
f 2345//2466 2328//2457 2330//2458
f 2313//2442 2346//2477 2308//2438
f 2308//2438 2347//2478 2309//2439
f 2349//2476 2347//2478 2344//2474
f 2309//2439 2348//2479 2350//2440
f 2352//2480 2348//2479 2349//2476
f 2350//2440 2351//2481 2353//2482
f 2355//2483 2351//2481 2352//2480
f 2353//2482 2354//2484 2356//2485
f 2265//2394 2354//2484 2355//2483
f 2356//2485 2267//2395 2270//2397
f 2356//2485 2360//2486 2353//2482
f 2270//2397 2357//2487 2356//2485
f 2358//2400 2359//2488 2357//2487
f 2359//2488 2360//2486 2357//2487
f 2350//2440 2360//2486 2304//2432
f 2359//2488 2292//2418 2294//2420
f 2294//2420 2303//2433 2359//2488
f 2290//2419 2361//2489 2362//2490
f 2362//2490 2358//2400 2271//2402
f 2362//2490 2280//2409 2290//2419
f 2271//2402 2278//2407 2362//2490
f 2352//2480 2363//2491 2355//2483
f 2355//2483 2263//2392 2265//2394
f 2365//2492 2364//2493 2367//2494
f 2368//2393 2363//2491 2365//2492
f 2367//2494 2366//2495 2365//2492
f 2365//2492 2369//2496 2368//2393
f 2368//2393 2370//2497 2262//2391
f 2372//2498 2369//2496 2371//2499
f 2371//2499 2366//2495 2373//2500
f 2371//2499 2377//2501 2372//2498
f 2373//2500 2374//2502 2371//2499
f 2376//2503 2374//2502 2375//2504
f 2379//2505 2374//2502 2376//2503
f 2372//2498 2378//2506 3164//2507
f 2380//2508 2377//2501 2379//2505
f 2381//2509 2380//2508 2379//2505
f 2379//2505 2384//2510 2381//2509
f 2383//2511 2382//2512 2381//2509
f 2381//2509 2385//2513 2383//2511
f 2387//2514 2384//2510 2386//2515
f 2386//2515 2384//2510 2376//2503
f 2387//2514 2389//2516 2776//2517
f 2376//2503 2388//2518 2386//2515
f 2386//2515 2388//2518 2390//2519
f 2390//2519 2389//2516 2386//2515
f 2393//2520 2391//2521 2390//2519
f 2389//2516 2390//2519 2391//2521
f 2392//2522 2390//2519 2388//2518
f 2390//2519 2392//2522 2393//2520
f 2394//2523 2393//2520 2392//2522
f 2393//2520 2394//2523 2395//2524
f 2391//2521 2393//2520 2396//2525
f 2395//2524 2396//2525 2393//2520
f 2396//2525 2397//2526 2391//2521
f 2397//2526 2398//2527 2399//2528
f 2400//2529 2396//2525 2395//2524
f 2398//2527 2404//2530 2399//2528
f 2401//2531 2398//2527 2400//2529
f 2401//2531 2403//2532 2402//2533
f 2402//2533 2404//2530 2401//2531
f 2403//2532 2405//2534 2406//2535
f 2400//2529 2405//2534 2401//2531
f 2409//2536 2405//2534 2400//2529
f 2406//2535 2407//2537 2410//2538
f 2465//2539 2407//2537 2409//2536
f 2410//2538 2408//2540 2412//2541
f 2406//2535 2411//2542 6271//2543
f 2412//2541 2411//2542 2410//2538
f 2414//2544 2413//2545 2412//2541
f 2412//2541 2416//2546 2414//2544
f 2417//2547 2415//2548 2414//2544
f 2414//2544 2420//2549 2417//2547
f 2417//2547 2546//2550 2418//2551
f 2417//2547 2421//2552 2419//2553
f 2423//2554 2420//2549 2422//2555
f 2422//2555 2416//2546 2424//2556
f 2422//2555 2428//2557 2423//2554
f 2424//2556 2425//2558 2422//2555
f 2425//2558 2461//2559 2427//2560
f 2427//2560 2428//2557 2425//2558
f 2430//2561 2429//2562 2433//2563
f 2432//2564 2428//2557 2430//2561
f 2430//2561 2550//2565 2432//2564
f 2433//2563 2431//2566 2430//2561
f 2435//2567 2434//2568 2433//2563
f 2433//2563 2438//2569 2435//2567
f 2517//2570 2435//2567 2436//2571
f 2435//2567 2440//2572 2436//2571
f 2439//2573 2429//2562 2427//2560
f 2441//2574 2438//2569 2439//2573
f 2440//2572 2444//2575 2436//2571
f 2441//2574 2442//2576 2440//2572
f 2443//2577 2445//2578 2447//2579
f 2512//2580 2442//2576 2443//2577
f 2459//2581 2445//2578 2441//2574
f 2447//2579 2446//2582 2449//2583
f 2447//2579 2506//2584 2443//2577
f 2449//2583 2448//2585 2447//2579
f 2451//2586 2450//2587 2449//2583
f 2449//2583 2454//2588 2451//2586
f 2453//2589 2452//2590 2451//2586
f 2451//2586 2455//2591 2453//2589
f 2457//2592 2454//2588 2456//2593
f 2456//2593 2446//2582 2459//2581
f 2458//2594 2457//2592 2456//2593
f 2456//2593 2460//2595 2458//2594
f 2439//2573 2459//2581 2441//2574
f 2427//2560 2460//2595 2439//2573
f 2458//2594 2461//2559 2462//2596
f 2462//2596 2426//2597 2464//2598
f 2464//2598 2463//2599 2462//2596
f 2462//2596 2467//2600 2458//2594
f 2465//2539 2466//2601 2464//2598
f 2465//2539 2426//2597 2424//2556
f 2395//2524 2409//2536 2400//2529
f 2394//2523 2466//2601 2395//2524
f 2424//2556 2408//2540 2465//2539
f 2468//2602 2463//2599 2394//2523
f 2469//2603 2467//2600 2468//2602
f 2392//2522 2468//2602 2394//2523
f 2468//2602 2392//2522 2470//2604
f 2470//2604 2469//2603 2468//2602
f 2469//2603 2471//2605 2472//2606
f 2473//2607 2470//2604 2388//2518
f 2388//2518 2470//2604 2392//2522
f 2472//2606 2471//2605 2474//2608
f 2477//2609 2471//2605 2473//2607
f 2475//2234 2476//2610 2126//2232
f 2474//2608 2475//2234 2472//2606
f 2479//2611 2474//2608 2477//2609
f 2473//2607 2478//2612 2477//2609
f 2477//2609 2481//2613 2479//2611
f 2480//2614 2476//2610 2479//2611
f 2479//2611 2483//2615 2480//2614
f 2482//2616 2478//2612 2486//2617
f 2484//2618 2481//2613 2482//2616
f 2485//2272 2483//2615 2484//2618
f 2480//2614 2162//2619 2159//2268
f 2484//2618 2336//2468 2485//2272
f 2482//2616 2338//2467 2484//2618
f 2485//2272 6278//2620 2163//2273
f 2486//2617 2339//2469 2482//2616
f 2486//2617 2490//2621 2488//2622
f 2488//2622 2487//2471 2486//2617
f 2373//2500 2489//2623 2488//2622
f 2488//2622 2375//2504 2373//2500
f 2388//2518 2490//2621 2473//2607
f 2341//2472 2489//2623 2367//2494
f 2159//2268 2491//2624 2480//2614
f 2128//2235 2157//2267 2130//2238
f 2126//2232 2491//2624 2128//2235
f 2453//2589 2125//2233 2492//2625
f 2475//2234 2455//2591 2472//2606
f 2457//2592 2469//2603 2472//2606
f 2472//2606 2455//2591 2457//2592
f 2493//2626 2125//2233 2123//2229
f 2494//2627 2492//2625 2493//2626
f 2493//2626 2497//2628 2494//2627
f 2123//2229 2495//2629 2493//2626
f 2498//2630 2495//2629 2496//2631
f 2496//2631 2120//2228 2118//2224
f 2500//2632 2497//2628 2498//2630
f 2494//2627 2499//2633 2502//2634
f 2576//2635 2499//2633 2500//2632
f 2502//2634 2501//2636 2503//2637
f 2502//2634 2452//2590 2494//2627
f 2503//2637 2450//2587 2502//2634
f 2503//2637 2505//2638 2504//2639
f 2504//2639 2448//2585 2503//2637
f 2504//2639 2509//2640 2507//2641
f 2507//2641 2506//2584 2504//2639
f 2507//2641 2581//2642 2508//2643
f 2508//2643 2510//2644 2507//2641
f 2512//2580 2511//2645 2513//2646
f 2443//2577 2510//2644 2512//2580
f 2513//2646 2444//2575 2512//2580
f 2513//2646 2590//2647 2514//2648
f 2514//2648 2515//2649 2513//2646
f 2517//2570 2516//2650 2518//2651
f 2436//2571 2515//2649 2517//2570
f 2518//2651 2437//2652 2517//2570
f 2518//2651 2594//2653 2519//2654
f 2519//2654 2520//2655 2518//2651
f 2434//2568 2520//2655 2521//2656
f 2521//2656 2522//2657 2524//2658
f 2596//2659 2522//2657 2519//2654
f 2524//2658 2522//2657 2523//2660
f 2523//2660 2525//2661 2524//2658
f 2526//2662 2524//2658 2525//2661
f 2521//2656 2526//2662 2527//2663
f 2525//2661 2528//2664 2526//2662
f 2527//2663 2529//2665 2530//2666
f 2531//2667 2526//2662 2528//2664
f 2530//2666 2532//2668 2533//2669
f 2534//2670 2529//2665 2531//2667
f 2533//2669 2535//2671 2538//2672
f 2537//2673 2532//2668 2534//2670
f 2538//2672 2536//2674 2540//2675
f 2537//2673 2536//2674 2535//2671
f 2538//2672 2549//2676 2533//2669
f 2540//2675 2539//2677 2538//2672
f 2541//2678 2542//2679 2540//2675
f 2540//2675 2621//2680 2541//2678
f 2544//2681 2543//2682 2545//2683
f 2547//2684 2542//2679 2544//2681
f 2545//2683 2546//2550 2544//2681
f 2544//2681 2419//2553 2547//2684
f 2548//2685 2539//2677 2547//2684
f 2547//2684 2421//2552 2548//2685
f 2432//2564 2549//2676 2548//2685
f 2548//2685 2423//2554 2432//2564
f 2533//2669 2550//2565 2530//2666
f 2530//2666 2431//2566 2527//2663
f 2418//2551 2551//2686 2552//2687
f 2555//2688 2551//2686 2545//2683
f 2552//2687 2553//2689 2556//2690
f 2615//2691 2553//2689 2555//2688
f 2556//2690 2554//2692 2557//2693
f 2557//2693 2558//2694 2556//2690
f 2556//2690 2559//2695 2552//2687
f 6274//2696 2558//2694 2560//2697
f 2560//2697 2561//2698 2562//2699
f 2567//2700 2561//2698 2557//2693
f 2562//2699 2563//2701 2566//2702
f 2563//2701 2567//2700 2564//2703
f 2564//2703 2565//2704 2563//2701
f 2566//2702 2565//2704 2624//2705
f 2557//2693 2568//2706 2567//2700
f 2567//2700 2570//2707 2564//2703
f 2571//2708 2568//2706 2569//2709
f 2569//2709 2554//2692 2615//2691
f 2573//2710 2570//2707 2571//2708
f 2564//2703 2570//2707 2572//2711
f 2572//2711 2574//2712 2564//2703
f 2575//2713 2573//2710 2577//2714
f 2576//2635 2572//2711 2575//2713
f 2575//2713 2501//2636 2576//2635
f 2577//2714 2505//2638 2575//2713
f 2578//2715 2573//2710 2579//2716
f 2578//2715 2509//2640 2577//2714
f 2607//2717 2578//2715 2579//2716
f 2581//2642 2578//2715 2580//2718
f 2508//2643 2582//2719 2583//2720
f 2580//2718 2582//2719 2581//2642
f 2583//2720 2584//2721 2587//2722
f 2586//2723 2582//2719 2580//2718
f 2602//2724 2584//2721 2586//2723
f 2587//2722 2585//2725 2588//2726
f 2588//2726 2589//2727 2587//2722
f 2587//2722 2590//2647 2583//2720
f 2514//2648 2589//2727 2592//2728
f 2592//2728 2591//2729 2593//2730
f 2592//2728 2516//2650 2514//2648
f 2593//2730 2594//2653 2592//2728
f 2519//2654 2595//2731 2596//2659
f 2591//2729 2595//2731 2593//2730
f 2596//2659 2597//2732 2523//2660
f 2598//2733 2591//2729 2588//2726
f 2525//2661 2597//2732 2598//2733
f 2588//2726 2599//2734 2598//2733
f 2598//2733 2528//2664 2525//2661
f 2600//2735 2585//2725 2602//2724
f 2531//2667 2599//2734 2600//2735
f 2600//2735 2534//2670 2531//2667
f 2602//2724 2601//2736 2600//2735
f 2586//2723 2603//2737 2602//2724
f 2604//2738 2605//2739 2606//2740
f 2619//2741 2603//2737 2604//2738
f 2606//2740 2607//2717 2608//2742
f 2580//2718 2605//2739 2586//2723
f 2607//2717 2609//2743 2608//2742
f 2608//2742 2613//2744 2610//2745
f 2608//2742 2611//2746 2606//2740
f 2612//2747 2611//2746 2610//2745
f 2610//2745 2614//2748 2612//2747
f 2615//2691 2613//2744 2569//2709
f 2569//2709 2609//2743 2571//2708
f 2555//2688 2614//2748 2615//2691
f 2612//2747 2616//2749 2617//2750
f 2545//2683 2616//2749 2555//2688
f 2617//2750 2543//2682 2541//2678
f 2541//2678 2618//2751 2617//2750
f 2617//2750 2620//2752 2612//2747
f 2619//2741 2621//2680 2537//2673
f 2604//2738 2618//2751 2619//2741
f 2606//2740 2620//2752 2604//2738
f 2537//2673 2601//2736 2619//2741
f 2571//2708 2579//2716 2573//2710
f 2583//2720 2511//2645 2508//2643
f 2500//2632 2574//2712 2576//2635
f 2574//2712 2565//2704 2564//2703
f 2498//2630 2622//2753 2500//2632
f 2624//2705 2622//2753 2623//2754
f 2623//2754 2626//2755 2624//2705
f 2496//2631 2623//2754 2498//2630
f 2628//2756 2625//2757 2627//2222
f 2118//2224 2625//2757 2496//2631
f 2627//2222 2630//2758 2628//2756
f 2628//2756 2632//2759 2629//2760
f 2629//2760 2626//2755 2628//2756
f 2633//2761 2630//2758 2631//2217
f 2631//2217 2117//2223 2111//2216
f 2634//2762 2633//2761 2635//2763
f 2629//2760 2634//2762 2636//2764
f 2635//2763 2637//2765 2634//2762
f 2634//2762 2638//2766 2636//2764
f 6272//2767 2637//2765 2639//2768
f 2639//2768 2640//2769 2642//2770
f 2658//2771 2640//2769 2635//2763
f 2642//2770 2641//2772 2643//2773
f 2643//2773 2646//2774 2642//2770
f 2644//2775 2639//2768 2642//2770
f 2645//2776 2644//2775 2642//2770
f 2642//2770 2646//2774 2645//2776
f 2763//2777 2646//2774 2647//2778
f 2647//2778 2648//2779 2649//2780
f 2649//2780 2650//2781 2651//2782
f 2652//2783 2648//2779 2643//2773
f 2651//2782 2032//2125 2030//2121
f 2653//2126 2650//2781 2652//2783
f 2652//2783 2655//2784 2653//2126
f 2643//2773 2654//2785 2652//2783
f 2659//2786 2654//2785 2656//2787
f 2656//2787 2641//2772 2658//2771
f 2656//2787 2672//2788 2657//2789
f 2657//2789 2659//2786 2656//2787
f 2661//2790 2655//2784 2659//2786
f 2661//2790 2660//2791 2663//2792
f 2049//2142 2662//2793 2661//2790
f 2663//2792 2049//2142 2661//2790
f 2664//2794 2052//2143 2663//2792
f 2663//2792 2665//2795 2664//2794
f 2666//2796 2055//2147 2664//2794
f 2664//2794 2667//2797 2666//2796
f 2668//2186 2058//2150 2666//2796
f 2666//2796 2088//2187 2668//2186
f 2083//2178 2061//2153 2668//2186
f 2669//2195 2665//2795 2670//2798
f 2090//2188 2667//2797 2669//2195
f 2670//2798 2095//2196 2669//2195
f 2657//2789 2671//2202 2670//2798
f 2670//2798 2660//2791 2657//2789
f 2099//2200 2672//2788 2104//2207
f 2104//2207 2658//2771 2635//2763
f 2033//2124 2047//2141 2035//2127
f 2653//2126 2662//2793 2033//2124
f 2030//2121 2673//2799 2651//2782
f 2651//2782 2675//2800 2649//2780
f 2677//2801 2673//2799 2674//2802
f 2674//2802 2028//2120 3274//2119
f 2679//2803 2675//2800 2677//2801
f 2649//2780 2676//2804 2647//2778
f 2677//2801 2682//2805 2679//2803
f 2674//2802 2678//2806 2677//2801
f 2679//2803 2684//2807 2680//2808
f 2681//2809 2679//2803 2680//2808
f 2676//2804 2679//2803 2681//2809
f 2683//2810 2678//2806 3268//2811
f 2685//2812 2682//2805 2683//2810
f 2687//2813 2684//2807 2685//2812
f 2680//2808 2684//2807 2686//2814
f 2686//2814 2687//2813 2690//2815
f 2686//2814 2688//2816 2680//2808
f 2688//2816 2689//2817 6138//2818
f 2690//2815 2689//2817 2686//2814
f 2689//2817 2690//2815 2691//2819
f 2693//2820 2691//2819 2690//2815
f 3226//2821 2690//2815 2687//2813
f 2690//2815 2692//2822 2693//2820
f 2691//2819 2693//2820 2696//2823
f 2694//2824 2692//2822 3224//2825
f 2693//2820 2694//2824 2695//2826
f 2695//2826 2696//2823 2693//2820
f 2696//2823 2697//2827 2691//2819
f 2697//2827 2698//2828 6148//2829
f 2699//2830 2698//2828 2696//2823
f 2696//2823 2695//2826 2699//2830
f 2700//2831 2698//2828 2699//2830
f 2701//2832 2700//2831 2699//2830
f 2702//2833 2699//2830 2695//2826
f 2699//2830 2702//2833 2701//2832
f 2704//2834 2701//2832 2702//2833
f 2702//2833 2706//2835 2704//2834
f 2695//2826 2703//2836 2702//2833
f 2707//2837 2705//2838 2704//2834
f 2704//2834 2708//2839 2707//2837
f 2707//2837 2721//2840 2709//2841
f 2709//2841 2710//2842 2707//2837
f 6175//2843 2710//2842 2711//2844
f 2711//2844 2712//2845 2713//2846
f 2713//2846 2714//2847 2715//2848
f 2717//2849 2712//2845 2709//2841
f 2715//2848 2716//2850 6185//2851
f 2718//2852 2714//2847 2717//2849
f 2717//2849 2722//2853 2718//2852
f 2709//2841 2719//2854 2717//2849
f 2723//2855 2719//2854 2720//2856
f 2720//2856 2721//2840 3215//2857
f 2727//2858 2722//2853 2723//2855
f 2718//2852 2724//2859 2725//2860
f 2725//2860 2726//2861 6268//2862
f 2729//2863 2724//2859 2727//2858
f 2723//2855 2728//2864 2727//2858
f 2727//2858 2730//2865 2729//2863
f 2731//2866 2730//2865 2733//2867
f 2729//2863 2734//2868 2726//2861
f 2732//2869 2733//2867 2744//2870
f 2736//2871 2731//2866 2732//2869
f 2737//2872 2734//2868 2736//2871
f 2726//2861 2735//2873 6268//2862
f 2736//2871 2740//2874 2737//2872
f 2736//2871 2741//2875 2738//2876
f 2738//2876 6208//2877 2740//2874
f 2742//2878 2738//2876 2741//2875
f 2741//2875 2745//2879 2742//2878
f 2732//2869 2743//2880 2741//2875
f 2746//2881 2743//2880 2744//2870
f 2749//2882 2743//2880 2746//2881
f 2746//2881 2752//2883 2749//2882
f 2747//2884 2746//2881 2748//2885
f 2744//2870 2748//2885 2746//2881
f 2750//2886 2751//2887 2749//2882
f 2749//2882 2752//2883 2750//2886
f 2751//2887 2745//2879 2749//2882
f 2753//2888 2747//2884 2754//2889
f 2756//2890 2752//2883 2753//2888
f 2754//2889 2755//2891 2753//2888
f 2753//2888 2758//2892 2756//2890
f 2750//2886 2756//2890 2757//2893
f 2756//2890 2760//2894 2757//2893
f 2759//2895 2755//2891 2768//2896
f 2761//2897 2758//2892 2759//2895
f 2763//2777 2760//2894 2761//2897
f 2757//2893 2762//2898 2681//2809
f 2647//2778 2762//2898 2763//2777
f 2681//2809 2762//2898 2676//2804
f 2761//2897 2645//2776 2763//2777
f 2759//2895 2764//2899 2761//2897
f 2402//2533 2765//2900 2404//2530
f 2644//2775 2764//2899 2402//2533
f 2768//2896 2765//2900 2759//2895
f 2404//2530 2766//2901 2399//2528
f 2399//2528 2767//2902 2397//2526
f 2769//2903 2766//2901 2768//2896
f 2768//2896 2771//2904 2769//2903
f 2770//2905 2767//2902 2769//2903
f 2769//2903 2772//2906 2770//2905
f 2772//2906 2771//2904 2754//2889
f 2774//2907 2772//2906 2773//2908
f 2754//2889 2773//2908 2772//2906
f 2772//2906 2776//2517 2770//2905
f 2773//2908 2777//2909 2774//2907
f 2776//2517 2775//2910 2387//2514
f 2775//2910 2774//2907 2777//2909
f 2777//2909 2778//2911 2775//2910
f 2778//2911 2777//2909 2779//2912
f 2780//2913 2779//2912 2777//2909
f 2777//2909 2773//2908 2780//2913
f 2779//2912 2780//2913 2748//2885
f 2748//2885 2780//2913 2747//2884
f 2780//2913 2773//2908 2754//2889
f 2754//2889 2747//2884 2780//2913
f 2779//2912 2781//2914 2778//2911
f 2781//2914 2779//2912 2782//2915
f 2748//2885 2782//2915 2779//2912
f 2782//2915 2783//2916 2781//2914
f 2783//2916 2733//2867 2730//2865
f 2744//2870 2782//2915 2748//2885
f 2783//2916 2787//2917 2781//2914
f 2730//2865 2784//2918 2783//2916
f 2784//2918 2785//2919 2786//2920
f 2785//2919 2728//2864 3217//2921
f 2786//2920 2787//2917 2784//2918
f 2790//2922 2787//2917 2786//2920
f 2781//2914 2787//2917 2788//2923
f 2788//2923 2778//2911 2781//2914
f 2778//2911 2789//2924 3179//2925
f 2792//2926 2788//2923 2790//2922
f 2786//2920 2791//2927 2790//2922
f 2790//2922 2793//2928 2792//2926
f 2792//2926 2797//2929 2794//2930
f 2794//2930 2789//2924 2792//2926
f 2794//2930 2799//2931 2795//2932
f 2795//2932 2796//2933 2794//2930
f 2798//2934 2793//2928 3198//2935
f 2801//2936 2797//2929 2798//2934
f 2799//2931 2801//2936 2800//2937
f 2800//2937 2802//2938 2799//2931
f 2795//2932 2802//2938 2803//2939
f 2806//2940 2802//2938 2800//2937
f 2803//2939 2804//2941 2805//2942
f 2805//2942 2808//2943 2809//2944
f 2804//2941 2806//2940 2807//2945
f 2807//2945 2808//2943 2804//2941
f 2811//2946 2808//2943 2807//2945
f 2809//2944 2810//2947 2813//2948
f 6117//2949 2810//2947 2811//2946
f 2813//2948 2812//2950 2814//2951
f 2813//2948 2816//2952 2809//2944
f 2814//2951 2815//2953 2813//2948
f 3044//2954 2815//2953 2817//2955
f 2817//2955 2818//2956 2820//2957
f 2814//2951 2819//2958 2818//2956
f 2820//2957 2819//2958 2821//2959
f 2821//2959 2822//2960 2820//2957
f 2820//2957 2825//2961 2817//2955
f 2823//2962 2824//2963 2863//2964
f 2827//2965 2822//2960 2823//2962
f 2828//2966 2825//2961 2827//2965
f 2817//2955 2826//2967 3044//2954
f 2827//2965 2832//2968 2828//2966
f 2823//2962 2829//2969 2827//2965
f 2831//2970 2830//2971 2861//2972
f 2834//2973 2829//2969 2831//2970
f 2828//2966 2833//2974 3040//2975
f 2836//2976 2832//2968 2834//2973
f 2831//2970 2835//2977 2834//2973
f 2834//2973 2838//2978 2836//2976
f 2837//2979 2833//2974 2836//2976
f 2836//2976 2839//2980 2837//2979
f 2840//2981 2838//2978 2835//2977
f 2841//2982 2838//2978 2840//2981
f 2835//2977 2843//2983 2840//2981
f 2840//2981 3025//2984 2841//2982
f 2843//2983 2842//2985 2840//2981
f 2843//2983 2862//2986 2844//2987
f 2844//2987 2845//2988 2843//2983
f 2847//2989 2846//2990 2850//2991
f 2848//2992 2845//2988 2847//2989
f 2847//2989 3020//2993 2848//2992
f 2850//2991 2849//2994 2847//2989
f 2852//2995 2851//2996 2850//2991
f 2850//2991 2855//2997 2852//2995
f 2853//2998 2854//2999 2852//2995
f 2852//2995 2856//3000 2853//2998
f 2858//3001 2855//2997 2857//3002
f 2857//3002 2846//2990 2844//2987
f 2857//3002 2860//3003 2858//3001
f 2844//2987 2859//3004 2857//3002
f 2830//2971 2859//3004 2861//2972
f 2861//2972 2862//2986 2831//2970
f 2823//2962 2860//3003 2830//2971
f 2858//3001 2863//2964 2864//3005
f 2864//3005 2824//2963 2865//3006
f 2865//3006 2866//3007 2864//3005
f 2864//3005 2856//3000 2858//3001
f 2867//3008 2868//3009 2869//3010
f 2853//2998 2866//3007 2867//3008
f 2869//3010 2870//3011 2872//3012
f 2871//3013 2868//3009 2865//3006
f 2875//3014 2870//3011 2871//3013
f 2872//3012 2870//3011 2873//3015
f 2873//3015 2874//3016 2872//3012
f 2874//3016 2873//3015 2876//3017
f 2878//3018 2873//3015 2875//3014
f 2879//3019 2877//3020 2880//3021
f 6121//3022 2876//3017 2878//3018
f 2876//3017 2879//3019 2874//3016
f 2880//3021 2881//3023 2879//3019
f 2879//3019 2884//3024 2874//3016
f 2882//3025 2883//3026 6130//3027
f 2886//3028 2881//3023 2882//3025
f 2874//3016 2885//3029 2872//3012
f 2888//3030 2884//3024 2886//3028
f 2886//3028 2890//3031 2888//3030
f 2882//3025 2887//3032 2886//3028
f 2888//3030 2891//3033 2889//3034
f 2889//3034 2885//3029 2888//3030
f 2892//3035 2891//3033 2890//3031
f 2893//3036 2892//3035 2890//3031
f 2890//3031 2887//3032 2893//3036
f 2894//3037 2893//3036 2896//3038
f 2892//3035 2894//3037 2988//3039
f 2895//3040 2896//3038 2893//3036
f 2893//3036 2887//3032 2895//3040
f 2897//3041 2898//3042 2896//3038
f 2899//3043 2897//3041 2896//3038
f 2896//3038 2898//3042 2894//3037
f 2896//3038 2895//3040 2899//3043
f 2899//3043 2900//3044 2902//3045
f 2900//3044 2899//3043 2895//3040
f 2897//3041 2899//3043 2901//3046
f 2902//3045 2901//3046 2899//3043
f 2903//3047 2901//3046 2902//3045
f 2902//3045 2907//3048 2903//3047
f 2900//3044 2904//3049 2902//3045
f 2904//3049 6129//3050 2906//3051
f 2906//3051 2907//3048 2904//3049
f 3012//3052 2907//3048 2908//3053
f 2908//3053 2909//3054 2911//3055
f 2909//3054 2913//3056 2911//3055
f 2910//3057 2909//3054 2906//3051
f 2911//3055 3010//3058 2908//3053
f 2913//3056 2912//3059 2911//3055
f 2914//3060 2910//3057 6127//3061
f 2914//3060 2915//3062 2913//3056
f 2916//3063 2917//3064 2919//3065
f 3009//3066 2915//3062 2916//3063
f 6124//3067 2917//3064 2914//3060
f 2919//3065 2918//3068 2920//3069
f 2919//3065 2924//3070 2921//3071
f 2919//3065 2922//3072 2916//3063
f 2936//3073 2921//3071 2923//3074
f 2921//3071 2925//3075 2923//3074
f 2811//2946 2920//3069 6117//2949
f 2807//2945 2924//3070 2811//2946
f 2806//2940 2925//3075 2807//2945
f 2923//3074 2926//3076 2927//3077
f 2927//3077 2928//3078 2930//3079
f 2800//2937 2926//3076 2806//2940
f 2930//3079 2929//3080 2931//3081
f 2801//2936 2928//3078 2800//2937
f 2930//3079 2931//3081 2932//3082
f 2932//3082 2933//3083 2930//3079
f 2933//3083 2927//3077 2930//3079
f 2933//3083 3113//3084 2934//3085
f 2934//3085 2935//3086 2933//3083
f 2923//3074 2935//3086 2936//3073
f 2936//3073 2935//3086 2937//3087
f 2940//3088 2937//3087 2934//3085
f 2937//3087 2938//3089 2936//3073
f 2938//3089 2939//3090 2941//3091
f 2943//3092 2939//3090 2940//3088
f 2941//3091 2942//3093 2944//3094
f 2947//3095 2942//3093 2943//3092
f 2944//3094 2945//3096 2948//3097
f 2945//3096 2947//3095 2946//3098
f 2946//3098 2949//3099 2945//3096
f 2948//3097 2945//3096 2949//3099
f 2949//3099 2950//3100 2948//3097
f 2950//3100 2952//3101 2954//3102
f 2949//3099 2946//3098 2951//3103
f 2951//3103 2952//3101 2949//3099
f 2952//3101 2951//3103 2953//3104
f 2953//3104 2955//3105 2952//3101
f 2954//3102 2952//3101 2955//3105
f 2955//3105 2956//3106 2954//3102
f 2956//3106 2955//3105 2957//3107
f 2955//3105 2958//3108 2957//3107
f 2957//3107 2960//3109 2956//3106
f 2957//3107 2958//3108 2961//3110
f 2961//3110 2959//3111 2957//3107
f 2969//3112 2957//3107 2959//3111
f 2962//3113 2961//3110 2958//3108
f 2961//3110 2962//3113 2963//3114
f 2963//3114 2964//3115 2961//3110
f 2961//3110 2966//3116 2959//3111
f 2965//3117 2963//3114 3072//3118
f 2967//3119 2964//3115 2965//3117
f 2981//3120 2966//3116 2967//3119
f 2966//3116 2968//3121 2969//3112
f 2969//3112 2959//3111 2966//3116
f 2970//3122 2960//3109 2969//3112
f 2969//3112 2971//3123 2970//3122
f 2968//3121 2971//3123 2969//3112
f 2973//3124 2970//3122 2971//3123
f 2974//3125 2972//3126 2976//3127
f 2971//3123 2974//3125 2973//3124
f 2974//3125 2990//3128 2973//3124
f 2976//3127 2975//3129 2974//3125
f 2979//3130 2976//3127 2978//3131
f 2978//3131 2972//3126 2980//3132
f 2978//3131 2982//3133 2979//3130
f 2980//3132 2854//2999 2978//3131
f 2980//3132 2968//3121 2981//3120
f 2981//3120 2851//2996 2980//3132
f 2967//3119 2849//2994 2981//3120
f 2979//3130 2985//3134 2983//3135
f 2983//3135 2977//3136 2979//3130
f 2889//3034 2984//3137 2983//3135
f 2983//3135 2986//3138 2889//3034
f 2869//3010 2985//3134 2867//3008
f 2867//3008 2982//3133 2853//2998
f 2872//3012 2986//3138 2869//3010
f 2984//3137 2988//3039 2987//3139
f 2987//3139 2977//3136 2984//3137
f 2987//3139 2894//3037 2989//3140
f 2989//3140 2975//3129 2987//3139
f 2989//3140 2898//3042 2991//3141
f 2991//3141 2990//3128 2989//3140
f 2991//3141 3018//3142 2992//3143
f 2992//3143 2993//3144 2991//3141
f 2994//3145 2995//3146 2997//3147
f 2973//3124 2993//3144 2994//3145
f 3016//3148 2995//3146 2992//3143
f 2997//3147 2996//3149 2998//3150
f 2998//3150 3000//3151 2997//3147
f 2999//3152 2994//3145 2997//3147
f 2997//3147 3000//3151 2999//3152
f 2954//3102 3000//3151 3001//3153
f 2956//3106 3000//3151 2954//3102
f 2950//3100 3002//3154 2948//3097
f 3001//3153 2950//3100 2954//3102
f 3003//3155 3001//3153 2998//3150
f 2948//3097 3004//3156 2944//3094
f 3005//3157 3002//3154 3003//3155
f 3008//3158 3004//3156 3005//3157
f 2944//3094 3006//3159 2941//3091
f 3009//3066 3006//3159 3008//3158
f 2941//3091 3007//3160 2938//3089
f 3008//3158 2912//3059 3009//3066
f 3005//3157 3010//3058 3008//3158
f 2908//3053 3011//3161 3012//3052
f 3003//3155 3011//3161 3005//3157
f 3012//3052 3013//3162 3014//3163
f 2998//3150 3013//3162 3003//3155
f 3014//3163 2996//3149 3016//3148
f 3012//3052 3015//3164 2903//3047
f 3017//3165 3014//3163 3016//3148
f 3018//3142 3017//3165 3016//3148
f 3016//3148 2992//3143 3018//3142
f 3019//3166 3018//3142 2897//3041
f 3015//3164 3017//3165 3019//3166
f 2901//3046 3019//3166 2897//3041
f 3019//3166 2901//3046 3015//3164
f 3007//3160 3009//3066 2916//3063
f 2938//3089 2922//3072 2936//3073
f 2916//3063 2922//3072 3007//3160
f 2994//3145 2970//3122 2973//3124
f 2960//3109 2999//3152 2956//3106
f 2965//3117 3020//2993 2967//3119
f 2848//2992 3021//3167 3023//3168
f 3072//3118 3021//3167 2965//3117
f 3023//3168 3022//3169 3024//3170
f 3023//3168 3026//3171 3025//2984
f 3025//2984 2848//2992 3023//3168
f 2841//2982 3026//3171 3029//3172
f 3027//3173 3024//3170 3069//3174
f 3026//3171 3027//3173 3028//3175
f 3028//3175 3029//3172 3026//3171
f 3031//3176 3029//3172 3028//3175
f 3029//3172 2839//2980 2841//2982
f 3030//3177 3031//3176 3032//3178
f 3032//3178 3033//3179 3030//3177
f 2837//2979 3030//3177 3033//3179
f 3032//3178 3034//3180 3033//3179
f 3033//3179 3037//3181 2837//2979
f 3035//3182 3036//3183 3053//3184
f 3038//3185 3034//3180 3035//3182
f 3040//2975 3037//3181 3038//3185
f 3035//3182 3039//3186 3038//3185
f 3038//3185 3041//3187 3040//2975
f 3040//2975 2826//2967 2828//2966
f 3042//3188 3039//3186 3045//3189
f 3044//2954 3041//3187 3042//3188
f 3045//3189 3043//3190 3042//3188
f 3042//3188 2816//2952 3044//2954
f 3046//3191 3047//3192 3045//3189
f 3045//3189 3050//3193 3046//3191
f 2803//2939 3048//3194 2795//2932
f 2805//2942 3047//3192 2803//2939
f 3049//3195 3048//3194 3046//3191
f 3046//3191 3051//3196 3049//3195
f 3053//3184 3050//3193 3035//3182
f 3049//3195 3052//3197 3179//2925
f 3054//3198 3051//3196 3053//3184
f 3053//3184 3056//3199 3054//3198
f 3056//3199 3055//3200 3054//3198
f 3055//3200 3052//3197 3054//3198
f 3057//3201 3058//3202 3059//3203
f 3032//3178 3056//3199 3036//3183
f 3031//3176 3058//3202 3032//3178
f 3059//3203 3060//3204 3061//3205
f 3061//3205 3062//3206 3063//3207
f 3028//3175 3060//3204 3031//3176
f 3027//3173 3062//3206 3028//3175
f 3063//3207 3064//3208 3065//3209
f 3069//3174 3064//3208 3027//3173
f 3065//3209 3066//3210 3067//3211
f 3067//3211 3068//3212 3187//3213
f 3070//3214 3066//3210 3069//3174
f 3022//3169 3070//3214 3069//3174
f 3069//3174 3024//3170 3022//3169
f 3068//3212 3070//3214 3071//3215
f 3072//3118 3071//3215 3070//3214
f 3070//3214 3022//3169 3072//3118
f 3071//3215 2963//3114 3074//3216
f 3071//3215 3073//3217 3068//3212
f 3073//3217 3071//3215 3074//3216
f 3075//3218 3076//3219 3074//3216
f 2962//3113 3075//3218 3074//3216
f 3074//3216 3076//3219 3073//3217
f 3074//3216 2963//3114 2962//3113
f 3077//3220 3078//3221 3081//3222
f 3194//3223 3076//3219 3077//3220
f 3081//3222 3079//3224 3083//3225
f 3080//3226 3079//3224 3078//3221
f 3078//3221 3075//3218 3080//3226
f 3081//3222 3085//3227 3082//3228
f 3082//3228 3077//3220 3081//3222
f 3083//3225 3110//3229 3084//3230
f 3087//3231 3083//3225 3084//3230
f 3088//3232 3085//3227 3087//3231
f 3082//3228 3085//3227 3086//3233
f 3087//3231 3091//3234 3088//3232
f 3084//3230 3089//3235 3087//3231
f 3094//3236 3089//3235 3092//3237
f 3091//3234 3090//3238 3120//3239
f 3084//3230 3093//3240 3092//3237
f 3094//3236 3093//3240 3096//3241
f 3095//3242 3090//3238 3094//3236
f 3096//3241 3095//3242 3094//3236
f 3096//3241 3106//3243 3097//3244
f 3097//3244 3098//3245 3096//3241
f 3116//2300 3098//3245 3099//3246
f 3099//3246 3100//3247 3101//3248
f 3101//3248 3102//3249 3103//3250
f 3100//3247 3104//3251 3102//3249
f 2943//3092 3102//3249 2947//3095
f 2947//3095 3104//3251 2946//3098
f 3097//3244 3105//3252 3104//3251
f 2946//3098 3104//3251 3105//3252
f 3106//3243 3107//3253 3105//3252
f 2953//3104 3105//3252 3107//3253
f 3105//3252 2951//3103 2946//3098
f 3107//3253 3108//3254 3080//3226
f 3080//3226 3109//3255 3107//3253
f 2958//3108 3107//3253 3109//3255
f 3109//3255 3080//3226 3075//3218
f 3075//3218 2962//3113 3109//3255
f 2958//3108 3109//3255 2962//3113
f 3106//3243 3110//3229 3108//3254
f 3108//3254 3079//3224 3080//3226
f 2940//3088 3103//3250 2943//3092
f 3103//3250 3112//3256 3101//3248
f 2934//3085 3111//3257 2940//3088
f 3114//2286 3111//3257 3113//3084
f 2175//2285 3113//3084 2932//3082
f 2176//2287 3112//3256 3114//2286
f 3101//3248 3115//2294 3099//3246
f 3099//3246 2180//2293 3116//2300
f 3116//2300 3117//3258 3095//3242
f 3120//3239 3117//3258 3118//3259
f 3118//3259 2184//2299 2186//2298
f 3119//3260 2186//2298 2189//2301
f 3121//3261 3118//3259 3119//3260
f 3120//3239 3122//3262 3091//3234
f 3123//3263 3122//3262 3121//3261
f 3121//3261 3125//3264 3123//3263
f 3124//3265 3123//3263 3127//2340
f 3123//3263 3125//3264 3126//3266
f 3126//3266 3127//2340 3123//3263
f 3128//2324 2217//2338 3127//2340
f 3127//2340 2218//2339 3124//3265
f 3127//2340 3126//3266 3128//2324
f 2217//2338 2205//2325 2213//2332
f 2201//2318 3126//3266 3129//2317
f 3129//2317 3125//3264 3130//2306
f 3130//2306 2195//2312 3129//2317
f 3130//2306 3119//3260 2189//2301
f 3122//3262 3131//3267 3132//3268
f 3131//3267 3124//3265 2218//2339
f 3133//3269 3132//3268 3131//3267
f 2219//2341 3133//3269 3131//3267
f 2218//2339 2219//2341 3131//3267
f 3135//3270 3134//3271 3133//3269
f 3133//3269 3136//3272 3135//3270
f 3137//3273 3136//3272 3133//3269
f 3133//3269 2222//2342 3137//3273
f 3137//3273 2223//2344 2233//2355
f 2233//2355 3138//2362 3137//3273
f 3136//3272 3137//3273 3138//2362
f 3138//2362 3139//3274 3136//3272
f 3139//3274 2238//2363 3141//3275
f 3139//3274 3142//3276 3140//3277
f 3136//3272 3139//3274 3140//3277
f 3143//3278 3142//3276 3141//3275
f 3141//3275 2240//2365 3143//3278
f 3145//2374 3144//3279 3143//3278
f 3143//3278 2242//2368 3145//2374
f 3145//2374 3148//3280 3146//3281
f 3147//3282 3144//3279 3146//3281
f 3146//3281 3150//3283 3147//3282
f 2251//2376 3148//3280 2248//2373
f 3151//3284 3148//3280 3149//3285
f 3147//3282 3152//3286 3154//3287
f 3155//3288 3150//3283 3151//3284
f 3156//3289 3152//3286 3155//3288
f 3154//3287 3153//3290 3067//3211
f 3155//3288 3158//3291 3156//3289
f 3151//3284 3157//3292 3155//3288
f 3167//3293 3157//3292 3159//3294
f 3159//3294 3160//3295 3162//3296
f 3160//3295 3151//3284 3149//3285
f 3149//3285 3161//3297 3160//3295
f 3163//3298 3160//3295 3161//3297
f 3162//3296 3165//3299 3164//2507
f 3162//3296 2378//2506 3159//3294
f 3164//2507 2370//2497 2372//2498
f 2262//2391 3165//3299 2260//2388
f 2260//2388 3163//3298 2258//2386
f 2258//2386 3163//3298 3161//3297
f 3166//2379 3149//3285 2251//2376
f 3161//3297 3166//2379 2258//2386
f 3159//3294 2380//2508 3167//3293
f 3168//3300 3158//3291 3167//3293
f 3167//3293 2382//2512 3168//3300
f 3170//3301 3169//3302 3168//3300
f 3168//3300 3172//3303 3170//3301
f 3170//3301 3174//3304 3171//3305
f 3172//3303 3173//3306 3170//3301
f 3061//3205 3173//3306 3059//3203
f 3059//3203 3175//3307 3057//3201
f 3057//3201 3176//3308 3055//3200
f 2383//2511 3175//3307 3172//3303
f 3055//3200 3177//3309 3178//3310
f 2385//2513 3176//3308 2383//2511
f 2387//2514 3177//3309 2385//2513
f 3178//3310 3177//3309 2775//2910
f 3178//3310 2778//2911 3179//2925
f 2775//2910 2778//2911 3178//3310
f 3179//2925 3052//3197 3178//3310
f 3179//2925 2796//2933 3049//3195
f 3171//3305 3180//3311 3181//3312
f 3063//3207 3174//3304 3061//3205
f 3181//3312 3182//3313 3183//3314
f 3063//3207 3182//3313 3180//3311
f 3183//3314 3065//3209 3067//3211
f 3181//3312 3184//3315 3185//3316
f 3153//3290 3183//3314 3067//3211
f 3156//3289 3184//3315 3153//3290
f 3185//3316 3171//3305 3181//3312
f 3156//3289 3169//3302 3185//3316
f 3067//3211 3186//3317 3154//3287
f 3154//3287 3190//3318 3147//3282
f 3194//3223 3186//3317 3187//3213
f 3186//3317 3188//3319 3189//3320
f 3189//3320 3190//3318 3186//3317
f 3190//3318 3189//3320 3142//3276
f 3142//3276 3144//3279 3190//3318
f 3191//3321 3189//3320 3188//3319
f 3189//3320 3140//3277 3142//3276
f 3193//3322 3191//3321 3192//3323
f 3188//3319 3192//3323 3191//3321
f 3135//3270 3140//3277 3191//3321
f 3191//3321 3193//3322 3135//3270
f 3086//3233 3193//3322 3082//3228
f 3193//3322 3086//3233 3134//3271
f 3192//3323 3082//3228 3193//3322
f 3134//3271 3135//3270 3193//3322
f 3194//3223 3077//3220 3192//3323
f 3192//3323 3188//3319 3194//3223
f 3194//3223 3187//3213 3068//3212
f 3068//3212 3073//3217 3194//3223
f 3140//3277 3135//3270 3136//3272
f 3132//3268 3134//3271 3086//3233
f 3132//3268 3091//3234 3122//3262
f 3086//3233 3088//3232 3132//3268
f 2809//2944 3043//3190 2805//2942
f 2175//2285 2931//3081 2173//2281
f 3195//3324 2173//2281 2931//3081
f 2931//3081 2929//3080 3195//3324
f 3198//2935 3195//3324 2798//2934
f 3195//3324 2170//2282 2173//2281
f 2798//2934 2929//3080 2801//2936
f 6116//2283 3196//3325 3197//3326
f 3199//3327 3196//3325 3198//2935
f 3198//2935 2791//2927 3199//3327
f 3199//3327 3203//3328 3200//3329
f 3200//3329 3197//3326 3199//3327
f 3202//3330 3201//3331 3200//3329
f 3200//3329 3204//3332 3202//3330
f 2785//2919 3203//3328 2786//2920
f 3202//3330 3205//3333 3207//3334
f 3206//3335 3204//3332 2785//2919
f 3211//3336 3205//3333 3206//3335
f 3207//3334 3208//3337 3209//3338
f 3209//3338 3210//3339 3236//3340
f 3212//3341 3208//3337 3211//3336
f 3213//3342 3212//3341 3211//3336
f 3206//3335 3214//3343 3211//3336
f 3211//3336 3214//3343 3213//3342
f 3218//3344 3214//3343 3215//2857
f 3215//2857 3216//3345 2720//2856
f 3217//2921 3206//3335 2785//2919
f 2720//2856 3217//2921 2723//2855
f 3215//2857 2708//2839 3218//3344
f 3219//3346 3213//3342 3218//3344
f 3218//3344 2706//2835 3219//3346
f 3221//3347 3220//3348 3219//3346
f 3219//3346 2703//2836 3221//3347
f 2694//2824 3222//3349 3221//3347
f 2694//2824 2703//2836 2695//2826
f 3223//3350 3224//2825 3225//3351
f 6114//3352 3222//3349 3223//3350
f 3225//3351 2692//2822 3226//2821
f 3226//2821 3227//3353 3225//3351
f 3225//3351 3230//3354 3223//3350
f 3228//3355 3229//3356 6112//3357
f 3232//3358 3227//3353 3228//3355
f 3223//3350 3231//3359 6114//3352
f 3230//3354 3234//3360 3231//3359
f 3234//3360 3233//3361 3235//3362
f 6111//3363 3232//3358 3228//3355
f 3235//3362 3236//3340 3234//3360
f 3231//3359 3236//3340 3210//3339
f 3209//3338 3237//3364 3239//3365
f 3242//3366 3237//3364 3235//3362
f 3239//3365 3238//3367 2144//2256
f 3207//3334 3239//3365 3240//3368
f 2144//2256 3240//3368 3239//3365
f 2148//2257 3240//3368 2146//2255
f 3207//3334 3241//3369 3202//3330
f 6115//2261 3241//3369 2148//2257
f 3243//2251 3238//3367 3242//3366
f 3242//3366 3246//3370 3243//2251
f 3235//3362 3244//3371 3242//3366
f 3244//3371 3245//3372 3242//3366
f 3249//3373 3245//3372 3248//3374
f 3248//3374 3247//3375 3251//3376
f 3248//3374 6095//3377 3249//3373
f 3251//3376 3250//3378 3248//3374
f 3253//3379 3252//3380 3251//3376
f 3251//3376 3254//3381 3253//3379
f 3254//3381 3255//3382 3253//3379
f 3257//3383 3256//3384 3260//3385
f 3259//3386 3255//3382 3257//3383
f 3257//3383 3295//3387 3259//3386
f 3260//3385 3258//3388 3257//3383
f 3262//3389 3261//3390 3260//3385
f 3260//3385 3264//3391 3262//3389
f 3262//3389 3267//3392 3263//3393
f 3262//3389 3266//3394 3265//3395
f 3265//3395 6112//3357 2683//2810
f 3268//2811 3267//3392 3265//3395
f 3265//3395 2683//2810 3268//2811
f 3269//3396 3267//3392 3268//2811
f 3268//2811 3272//3397 3269//3396
f 3270//3398 3271//3399 3269//3396
f 3269//3396 3273//3400 3270//3398
f 3274//2119 3272//3397 2674//2802
f 2027//2118 3273//3400 3274//2119
f 3270//3398 3275//3401 3276//3402
f 2021//2110 3275//3401 2027//2118
f 3276//3402 3277//2109 3278//3403
f 3278//3403 2016//2104 2014//2101
f 3278//3403 3282//3404 3276//3402
f 2014//2101 3279//3405 3278//3403
f 3281//3406 3280//2100 6084//3407
f 3284//3408 3279//3405 3281//3406
f 3285//3409 3282//3404 3284//3408
f 3276//3402 3283//3410 3270//3398
f 3284//3408 3289//3411 3285//3409
f 3281//3406 3286//3412 3284//3408
f 3286//3412 3315//3413 3287//3414
f 3287//3414 3289//3411 3286//3412
f 3285//3409 3291//3415 3292//3416
f 3291//3415 3290//3417 3293//3418
f 3292//3416 3261//3390 3263//3393
f 3293//3418 3261//3390 3291//3415
f 3294//3419 3258//3388 3293//3418
f 3293//3418 3297//3420 3294//3419
f 3296//3421 3295//3387 3294//3419
f 3294//3419 3299//3422 3296//3421
f 3301//3423 3297//3420 3298//3424
f 3298//3424 3290//3417 3287//3414
f 3296//3421 3300//3425 6087//3426
f 3303//3427 3299//3422 3301//3423
f 3298//3424 3302//3428 3301//3423
f 3301//3423 3305//3429 3303//3427
f 3304//3430 3300//3425 3303//3427
f 3303//3427 3306//2174 3304//3430
f 2076//2173 3305//3429 3307//3431
f 3307//3431 3302//3428 3309//3432
f 3307//3431 2074//2171 2076//2173
f 3309//3432 3308//3433 3307//3431
f 3311//3434 3310//3435 3309//3432
f 3309//3432 3314//3436 3311//3434
f 3313//3437 3312//3438 3311//3434
f 3311//3434 3315//3413 3313//3437
f 3287//3414 3314//3436 3298//3424
f 3313//3437 3288//3439 3316//3440
f 3316//3440 3317//3441 3313//3437
f 3319//3442 3318//3443 3322//3444
f 3320//3445 3317//3441 3319//3442
f 3319//3442 4820//3446 3320//3445
f 3324//3447 3319//3442 3322//3444
f 3323//2092 3318//3443 6083//3448
f 2006//2091 3322//3444 3323//2092
f 3327//3449 3324//3447 3325//3450
f 2004//2086 3324//3447 2006//2091
f 2001//2085 3325//3450 2004//2086
f 3325//3450 3329//3451 3327//3449
f 3328//3452 3321//3453 3327//3449
f 3327//3449 3330//3454 3328//3452
f 3333//3455 3329//3451 3331//3456
f 3331//3456 3326//3457 3332//3458
f 3332//3458 3334//3459 3331//3456
f 3331//3456 3335//3460 3333//3455
f 3339//3461 3334//3459 3337//3462
f 3340//3463 3334//3459 3336//3464
f 3337//3462 4798//3465 3339//3461
f 3337//3462 3342//3466 3338//3467
f 3341//3468 3336//3464 6082//2084
f 3344//3469 3340//3463 3341//3468
f 3338//3467 3343//3470 4797//3471
f 3346//3472 3342//3466 3344//3469
f 3344//3469 3348//3473 3346//3472
f 3341//3468 3345//3474 3344//3469
f 3348//3473 3347//3475 3346//3472
f 3347//3475 3343//3470 3346//3472
f 3348//3473 6080//3476 3349//3477
f 3349//3477 3350//3478 3348//3473
f 3353//3479 3350//3478 3352//3480
f 3352//3480 3351//3481 3354//3482
f 3352//3480 3356//3483 3353//3479
f 3354//3482 3355//3484 3352//3480
f 3360//3485 3355//3484 3358//3486
f 3358//3486 3357//3487 3361//3488
f 3358//3486 3521//3489 3360//3485
f 3361//3488 3359//3490 3358//3486
f 3363//3491 3362//3492 3361//3488
f 3361//3488 3366//3493 3363//3491
f 3361//3488 3367//3494 3364//3495
f 3365//3496 3366//3493 3364//3495
f 3364//3495 3368//3497 3365//3496
f 3370//3498 3367//3494 3369//3499
f 3369//3499 3357//3487 3354//3482
f 3354//3482 3371//3500 3369//3499
f 3369//3499 3373//3501 3370//3498
f 1985//2065 3371//3500 3372//2068
f 3372//2068 3351//3481 3349//3477
f 1985//2065 3374//3502 3373//3501
f 3370//3498 3374//3502 3375//3503
f 1976//2057 3374//3502 1975//2058
f 3375//3503 1976//2057 3377//3504
f 3375//3503 3368//3497 3370//3498
f 3377//3504 3376//3505 3375//3503
f 3377//3504 1973//2056 3379//3506
f 3379//3506 3378//3507 3377//3504
f 3379//3506 3382//3508 3381//3509
f 3381//3509 3380//3510 3379//3506
f 3381//3509 3384//3511 3383//3512
f 3387//3513 3383//3512 3385//3514
f 3383//3512 3389//3515 3385//3514
f 3389//3515 3386//3516 3385//3514
f 3386//3516 3388//3517 3385//3514
f 3385//3514 3499//3518 3387//3513
f 3391//3519 3390//3520 3389//3515
f 3389//3515 3392//2051 3391//3519
f 3391//3519 1964//2045 1961//2042
f 1961//2042 3393//3521 3391//3519
f 3395//3522 3394//3523 3397//3524
f 3396//3525 3393//3521 3395//3522
f 3395//3522 3400//3526 3396//3525
f 3397//3524 3398//3527 3395//3522
f 1886//1964 3399//3528 1889//1963
f 1886//1964 3400//3526 3398//3527
f 3473//3529 3400//3526 3401//3530
f 3401//3530 3400//3526 3402//1965
f 3402//1965 3403//3531 3401//3530
f 3403//3531 1887//1960 3404//3532
f 3403//3531 3406//3533 3401//3530
f 3404//3532 3405//3534 3403//3531
f 3409//3535 3405//3534 3408//3536
f 3408//3536 3407//3537 3411//3538
f 3408//3536 3467//3539 3409//3535
f 3410//3540 3408//3536 3411//3538
f 3412//3541 3413//3542 3411//3538
f 3414//3543 3412//3541 3411//3538
f 3411//3538 3407//3537 3414//3543
f 3411//3538 3413//3542 3410//3540
f 3412//3541 3415//3544 3436//3545
f 3417//3546 3414//3543 3416//3547
f 3416//3547 3407//3537 3404//3532
f 3404//3532 1884//1958 3416//3547
f 3416//3547 1882//1959 3417//3546
f 3418//3548 3415//3544 3417//3546
f 3417//3546 3420//3549 3418//3548
f 3421//3550 3419//3551 3418//3548
f 3418//3548 3423//3552 3421//3550
f 3429//3553 3421//3550 3424//3554
f 3421//3550 3426//3555 3424//3554
f 3425//3556 3427//3557 3424//3554
f 3424//3554 4536//3558 3425//3556
f 3424//3554 3427//3557 3428//3559
f 3428//3559 3429//3553 3424//3554
f 3430//3560 3422//3561 3429//3553
f 3430//3560 3428//3559 3432//3562
f 3430//3560 3434//3563 3433//3564
f 3432//3562 3431//3565 3430//3560
f 3433//3564 3437//3566 3435//3567
f 3435//3567 3422//3561 3433//3564
f 3436//3545 3419//3551 3435//3567
f 3435//3567 3439//3568 3436//3545
f 3438//3569 3434//3563 4306//3570
f 3441//3571 3437//3566 3438//3569
f 3436//3545 3440//3572 3412//3541
f 3442//3573 3439//3568 3441//3571
f 3444//3574 3442//3573 3441//3571
f 3443//3575 3441//3571 3438//3569
f 3441//3571 3443//3575 3444//3574
f 3442//3573 3445//3576 3462//3577
f 3447//3578 3444//3574 3446//3579
f 3446//3579 3443//3575 3448//3580
f 3446//3579 3452//3581 3447//3578
f 3448//3580 3449//3582 3446//3579
f 3451//3583 3450//3584 4153//3585
f 3453//3586 3449//3582 3451//3583
f 3447//3578 3454//3587 3457//3588
f 3455//3589 3452//3581 3453//3586
f 3722//3590 3454//3587 3455//3589
f 3457//3588 3456//3591 3458//3592
f 3457//3588 3445//3576 3447//3578
f 3458//3592 3459//3593 3457//3588
f 3462//3577 3459//3593 3461//3594
f 3461//3594 3459//3593 3460//3595
f 3461//3594 3413//3542 3462//3577
f 3460//3595 3463//3596 3461//3594
f 3464//3597 3461//3594 3463//3596
f 3464//3597 3410//3540 3461//3594
f 3463//3596 3465//3598 3464//3597
f 3466//3599 3465//3598 6076//3600
f 3466//3599 3467//3539 3464//3597
f 3409//3535 3468//3601 3470//3602
f 6076//3600 3468//3601 3466//3599
f 3470//3602 3469//3603 3471//3604
f 3470//3602 3406//3533 3409//3535
f 3471//3604 3472//3605 3470//3602
f 3401//3530 3406//3533 3472//3605
f 3472//3605 3473//3529 3401//3530
f 3473//3529 3474//3606 3386//3516
f 3475//3607 3474//3606 3471//3604
f 3473//3529 3390//3520 3396//3525
f 3471//3604 3478//3608 3475//3607
f 3476//3609 3388//3517 3475//3607
f 3475//3607 3489//3610 3476//3609
f 3478//3608 3477//3611 3475//3607
f 3479//3612 3480//3613 3478//3608
f 3479//3612 3469//3603 6076//3600
f 3484//3614 3480//3613 3482//3615
f 3482//3615 3481//3616 3483//3617
f 3487//3618 3482//3615 3483//3617
f 3484//3614 3485//3619 3488//3620
f 4570//3621 3485//3619 3487//3618
f 3488//3620 3486//3622 3490//3623
f 3488//3620 3477//3611 3484//3614
f 3490//3623 3489//3610 3488//3620
f 3490//3623 4572//3624 3491//3625
f 3491//3625 3492//3626 3490//3623
f 3494//3627 3493//3628 3495//3629
f 3476//3609 3492//3626 3494//3627
f 3495//3629 3496//3630 3494//3627
f 3494//3627 3499//3518 3476//3609
f 3498//3631 3497//3632 3500//3633
f 3387//3513 3496//3630 3498//3631
f 3498//3631 3380//3510 3387//3513
f 3500//3633 3378//3507 3498//3631
f 3365//3496 3376//3505 3500//3633
f 3500//3633 3501//3634 3365//3496
f 3501//3634 3495//3629 3502//3635
f 3363//3491 3501//3634 3502//3635
f 3504//3636 3363//3491 3502//3635
f 3505//3637 3503//3638 3502//3635
f 3502//3635 3503//3638 3504//3636
f 3495//3629 3505//3637 3502//3635
f 3506//3639 3507//3640 3505//3637
f 3506//3639 3493//3628 3491//3625
f 3509//3641 3508//3642 3510//3643
f 3512//3644 3507//3640 3509//3641
f 3510//3643 3511//3645 3509//3641
f 3509//3641 3513//3646 3512//3644
f 3512//3644 3515//3647 3514//3648
f 3514//3648 3503//3638 3512//3644
f 3514//3648 3517//3649 3516//3650
f 3516//3650 3504//3636 3514//3648
f 3516//3650 3519//3651 3518//3652
f 3518//3652 3362//3492 3516//3650
f 3520//3653 3359//3490 3518//3652
f 3518//3652 3522//3654 3520//3653
f 3523//3655 3521//3489 3520//3653
f 3520//3653 3526//3656 3523//3655
f 3525//3657 3524//3658 3523//3655
f 3523//3655 3528//3659 3525//3657
f 3596//3660 3526//3656 3522//3654
f 3529//3661 3526//3656 3527//3662
f 3525//3657 3530//3663 3531//3664
f 3532//3665 3528//3659 3529//3661
f 3531//3664 3533//3666 3534//3667
f 3536//3668 3530//3663 3532//3665
f 3534//3667 3535//3669 4779//3670
f 3537//3671 3533//3666 3536//3668
f 3536//3668 3539//3672 3537//3671
f 3538//3673 3536//3668 3532//3665
f 3545//3674 3538//3673 3541//3675
f 3532//3665 3540//3676 3538//3673
f 3541//3675 3540//3676 3543//3677
f 3542//3678 3544//3679 3541//3675
f 3541//3675 3543//3677 3542//3678
f 3544//3679 3545//3674 3541//3675
f 4656//3680 3545//3674 3546//3681
f 3546//3681 3547//3682 3548//3683
f 3548//3683 3549//3684 3550//3685
f 3552//3686 3547//3682 3544//3679
f 3549//3684 4646//3687 3550//3685
f 3552//3686 3551//3688 3549//3684
f 3554//3689 3553//3690 3552//3686
f 3552//3686 3555//3691 3554//3689
f 3555//3691 3552//3686 3544//3679
f 3559//3692 3555//3691 3556//3693
f 3556//3693 3555//3691 3542//3678
f 3544//3679 3542//3678 3555//3691
f 3542//3678 3558//3694 3556//3693
f 3558//3694 3557//3695 3556//3693
f 3556//3693 3557//3695 3560//3696
f 3560//3696 3559//3692 3556//3693
f 1474//1538 3560//3696 3565//3697
f 1474//1538 3564//3698 3560//3696
f 3560//3696 3557//3695 3561//3699
f 3561//3699 3563//3700 3560//3696
f 3562//3701 3565//3697 3560//3696
f 3563//3700 3562//3701 3560//3696
f 3560//3696 3564//3698 3559//3692
f 3565//3697 3566//3702 1474//1538
f 3565//3697 3568//3703 3566//3702
f 3570//3704 3565//3697 3562//3701
f 3568//3703 3569//3705 4556//3706
f 3569//3705 3570//3704 3572//3707
f 3572//3707 3571//3708 3574//3709
f 3563//3700 3570//3704 3562//3701
f 3572//3707 4557//3710 3569//3705
f 3575//3711 3573//3712 3572//3707
f 3574//3709 3575//3711 3572//3707
f 3578//3713 3576//3714 3581//3715
f 3578//3713 3577//3716 3575//3711
f 3578//3713 3619//3717 3579//3718
f 3581//3715 3580//3719 3578//3713
f 3583//3720 3582//3721 3581//3715
f 3581//3715 3585//3722 3583//3720
f 3586//3723 3584//3724 3583//3720
f 3583//3720 3587//3725 3586//3723
f 3586//3723 3589//3726 3588//3727
f 3588//3727 3511//3645 3586//3723
f 3588//3727 3591//3728 3590//3729
f 3590//3729 3513//3646 3588//3727
f 3592//3730 3515//3647 3590//3729
f 3590//3729 3593//3731 3592//3730
f 3593//3731 3594//3732 3592//3730
f 3592//3730 3519//3651 3517//3649
f 3596//3660 3595//3733 3597//3734
f 3522//3654 3594//3732 3596//3660
f 3527//3662 3596//3660 3597//3734
f 3599//3735 3598//3736 3597//3734
f 3597//3734 3598//3736 3527//3662
f 3597//3734 3601//3737 3599//3735
f 3599//3735 3557//3695 3600//3738
f 3602//3739 3557//3695 3599//3735
f 3599//3735 3601//3737 3602//3739
f 3602//3739 3606//3740 3557//3695
f 3603//3741 3604//3742 3610//3743
f 3602//3739 3607//3744 3606//3740
f 3605//3745 3604//3742 3602//3739
f 3602//3739 3601//3737 3605//3745
f 3606//3740 3561//3699 3557//3695
f 3606//3740 3608//3746 3561//3699
f 3611//3747 3607//3744 3609//3748
f 3609//3748 3603//3741 3610//3743
f 3610//3743 3587//3725 3609//3748
f 3609//3748 3585//3722 3611//3747
f 3574//3709 3608//3746 3611//3747
f 3611//3747 3576//3714 3574//3709
f 3604//3742 3589//3726 3610//3743
f 3561//3699 3571//3708 3563//3700
f 3605//3745 3591//3728 3604//3742
f 3605//3745 3595//3733 3593//3731
f 3613//3749 3600//3738 3612//3750
f 3600//3738 3557//3695 3612//3750
f 3612//3750 3540//3676 3613//3749
f 3558//3694 3543//3677 3612//3750
f 3557//3695 3558//3694 3612//3750
f 3613//3749 3532//3665 3529//3661
f 3529//3661 3598//3736 3613//3749
f 3614//3751 3584//3724 3510//3643
f 3616//3752 3582//3721 3614//3751
f 3614//3751 3617//3753 3616//3752
f 3510//3643 3615//3754 3614//3751
f 3618//3755 3580//3719 3616//3752
f 3616//3752 3621//3756 3618//3755
f 3620//3757 3619//3717 3618//3755
f 3620//3757 3621//3756 3622//3758
f 3623//3759 3617//3753 3624//3760
f 3622//3758 3623//3759 3626//3761
f 4571//3762 3623//3759 3624//3760
f 3626//3761 3625//3763 3628//3764
f 3628//3764 3627//3765 3626//3761
f 3626//3761 4565//3766 3622//3758
f 3628//3764 3631//3767 3630//3768
f 3630//3768 3629//3769 3628//3764
f 3630//3768 4144//3770 3632//3771
f 3632//3771 3633//3772 3630//3768
f 3629//3769 3634//3773 4566//3774
f 3637//3775 3633//3772 3635//3776
f 4142//3777 3635//3776 3632//3771
f 3638//3778 3635//3776 3636//3779
f 3642//3780 3637//3775 3638//3778
f 3637//3775 3641//3781 3634//3773
f 3639//3782 3642//3780 3640//3783
f 3640//3783 3643//3784 3639//3782
f 3645//3785 3639//3782 3643//3784
f 3643//3784 3640//3783 3644//3786
f 3644//3786 3646//3787 3643//3784
f 3645//3785 3643//3784 3646//3787
f 3648//3788 3647//3789 3646//3787
f 3649//3790 3646//3787 3647//3789
f 3646//3787 3644//3786 3648//3788
f 3646//3787 3649//3790 3645//3785
f 3647//3789 3650//3791 3649//3790
f 3650//3791 3651//3792 3649//3790
f 3645//3785 3651//3792 3652//3793
f 3652//3793 3653//3794 4215//3795
f 3653//3794 3654//3796 3655//3797
f 3655//3797 3656//3798 3657//3799
f 3658//3800 3654//3796 3650//3791
f 3657//3799 3659//3801 3660//3802
f 3661//3803 3656//3798 3658//3800
f 3660//3802 3662//3804 3664//3805
f 3666//3806 3659//3801 3661//3803
f 3664//3805 3663//3807 4194//3808
f 3665//3809 3663//3807 3662//3804
f 3662//3804 3666//3806 3665//3809
f 3666//3806 3670//3810 3665//3809
f 3661//3803 3667//3811 3666//3806
f 3672//3812 3667//3811 3668//3813
f 3668//3813 3669//3814 3772//3815
f 3665//3809 3671//3816 4189//3817
f 3674//3818 3670//3810 3672//3812
f 3668//3813 3673//3819 3672//3812
f 3672//3812 3676//3820 3674//3818
f 3675//3821 3671//3816 3674//3818
f 3674//3818 3678//3822 3675//3821
f 3680//3823 3676//3820 3677//3824
f 3677//3824 3673//3819 3688//3825
f 3675//3821 3679//3826 4193//3827
f 3681//3828 3678//3822 3680//3823
f 3680//3823 3683//3829 3681//3828
f 3677//3824 3682//3830 3680//3823
f 3712//3831 3682//3830 3684//3832
f 3684//3832 3685//3833 3686//3834
f 3686//3834 3687//3835 3690//3836
f 3688//3825 3685//3833 3677//3824
f 3773//3837 3687//3835 3688//3825
f 3690//3836 3689//3838 3692//3839
f 3692//3839 3691//3840 3690//3836
f 3691//3840 3693//3841 3690//3836
f 3686//3834 3690//3836 3693//3841
f 3694//3842 3693//3841 3695//3843
f 3693//3841 3698//3844 3696//3845
f 3693//3841 3696//3845 3686//3834
f 3697//3846 3696//3845 3698//3844
f 3684//3832 3696//3845 3697//3846
f 3698//3844 3699//3847 3697//3846
f 3699//3847 3698//3844 3700//3848
f 3701//3849 3698//3844 3694//3842
f 3700//3848 3703//3850 3699//3847
f 3893//3851 3700//3848 3701//3849
f 3703//3850 3702//3852 3704//3853
f 3699//3847 3705//3854 3708//3855
f 3704//3853 3705//3854 3703//3850
f 3886//3856 3705//3854 3707//3857
f 3708//3855 3706//3858 3709//3859
f 3709//3859 3710//3860 3708//3855
f 3708//3855 3697//3846 3699//3847
f 3713//3861 3710//3860 3711//3862
f 3684//3832 3710//3860 3712//3831
f 3715//3863 3712//3831 3713//3861
f 3711//3862 3714//3864 3713//3861
f 3713//3861 3716//3865 3715//3863
f 3715//3863 3719//3866 3717//3867
f 3717//3867 3683//3829 3715//3863
f 3717//3867 3720//3868 3718//3869
f 3718//3869 3681//3828 3717//3867
f 3721//3870 3716//3865 3724//3871
f 3722//3590 3719//3866 3721//3870
f 3721//3870 3456//3591 3722//3590
f 3724//3871 3723//3872 3721//3870
f 3725//3873 3726//3874 3729//3875
f 3724//3871 3714//3864 3726//3874
f 3726//3874 3832//3876 3728//3877
f 3727//3878 3729//3875 3726//3874
f 3727//3878 3726//3874 3728//3877
f 3731//3879 3725//3873 3729//3875
f 3729//3875 3732//3880 3731//3879
f 3731//3879 3736//3881 3734//3882
f 3734//3882 3733//3883 3731//3879
f 3734//3882 3843//3884 3735//3885
f 3735//3885 3737//3886 3734//3882
f 3739//3887 3738//3888 3740//3889
f 3741//3890 3737//3886 3739//3887
f 3739//3887 3740//3889 3463//3596
f 3741//3890 3460//3595 3458//3592
f 3463//3596 3460//3595 3739//3887
f 3741//3890 3725//3873 3733//3883
f 3458//3592 3723//3872 3741//3890
f 3738//3888 3742//3891 3740//3889
f 3743//3892 3740//3889 3742//3891
f 3465//3598 3463//3596 3740//3889
f 3740//3889 3743//3892 3465//3598
f 3743//3892 3744//3893 3481//3616
f 3742//3891 3744//3893 3743//3892
f 6076//3600 3743//3892 3479//3612
f 3481//3616 3479//3612 3743//3892
f 3747//3894 3744//3893 3742//3891
f 3744//3893 3745//3895 3483//3617
f 3483//3617 3481//3616 3744//3893
f 3751//3896 3745//3895 3747//3894
f 3483//3617 3745//3895 3746//3897
f 3747//3894 3742//3891 3748//3898
f 3748//3898 3750//3899 3747//3894
f 3749//3900 3751//3896 3747//3894
f 3747//3894 3750//3899 3749//3900
f 3755//3901 3751//3896 3752//3902
f 3752//3902 3749//3900 3756//3903
f 3752//3902 3753//3904 3754//3905
f 3756//3903 3753//3904 3752//3902
f 3754//3905 3755//3901 3752//3902
f 3756//3903 3780//3906 3757//3907
f 3757//3907 3758//3908 3756//3903
f 3761//3909 3758//3908 3760//3910
f 3760//3910 3759//3911 3762//3912
f 3760//3910 3764//3913 3761//3909
f 3762//3912 3763//3914 3760//3910
f 3640//3783 3763//3914 3644//3786
f 3644//3786 3765//3915 3648//3788
f 3648//3788 3766//3916 3768//3917
f 3767//3918 3765//3915 3762//3912
f 3770//3919 3766//3916 3767//3918
f 3768//3917 3769//3920 3772//3815
f 3773//3837 3769//3920 3770//3919
f 3772//3815 3771//3921 3668//3813
f 3772//3815 4139//3922 3768//3917
f 3688//3825 3771//3921 3773//3837
f 3770//3919 3689//3838 3773//3837
f 3774//3923 3770//3919 3767//3918
f 3775//3924 3774//3923 3776//3925
f 3692//3839 3774//3923 3775//3924
f 3767//3918 3776//3925 3774//3923
f 3776//3925 3777//3926 3775//3924
f 3762//3912 3776//3925 3767//3918
f 3777//3926 3759//3911 3757//3907
f 3777//3926 3781//3927 3775//3924
f 3757//3907 3778//3928 3777//3926
f 3779//3929 3780//3906 3845//3930
f 3783//3931 3778//3928 3779//3929
f 3775//3924 3782//3932 3692//3839
f 3785//3933 3781//3927 3783//3931
f 3779//3929 3784//3934 3783//3931
f 3784//3934 3785//3933 3783//3931
f 3786//3935 3782//3932 3785//3933
f 3786//3935 3787//3936 3789//3937
f 3789//3937 3788//3938 3791//3939
f 3842//3940 3787//3936 3784//3934
f 3786//3935 3790//3941 4086//3942
f 3790//3941 3791//3939 3793//3943
f 3792//3944 3793//3943 3791//3939
f 3791//3939 3839//3945 3792//3944
f 3795//3946 3790//3941 3793//3943
f 3795//3946 3794//3947 3797//3948
f 3798//3949 3796//3950 3795//3946
f 3797//3948 3798//3949 3795//3946
f 3800//3951 3799//3952 3798//3949
f 3798//3949 3803//3953 3800//3951
f 3835//3954 3801//3955 3797//3948
f 3803//3953 3802//3956 3804//3957
f 3804//3957 3805//3958 3803//3953
f 3803//3953 3807//3959 3800//3951
f 3808//3960 3806//3961 3810//3962
f 3809//3963 3805//3958 3808//3960
f 3808//3960 3812//3964 3809//3963
f 3810//3962 3811//3965 3808//3960
f 3812//3964 3813//3966 4042//3967
f 3813//3966 3814//3968 3815//3969
f 3819//3970 3814//3968 3810//3962
f 3815//3969 3816//3971 3817//3972
f 3817//3972 3818//3973 4106//3974
f 3821//3975 3816//3971 3819//3970
f 3820//3976 3819//3970 3810//3962
f 3819//3970 3826//3977 3821//3975
f 3822//3978 3823//3979 3821//3975
f 3821//3975 3827//3980 3822//3978
f 3823//3979 3825//3981 3821//3975
f 3824//3982 3818//3973 3821//3975
f 3821//3975 3825//3981 3824//3982
f 3831//3983 3826//3977 3828//3984
f 3828//3984 3820//3976 3830//3985
f 3830//3985 3829//3986 3828//3984
f 3828//3984 3834//3987 3728//3877
f 3728//3877 3831//3983 3828//3984
f 3831//3983 3711//3862 3709//3859
f 3709//3859 3827//3980 3831//3983
f 3804//3957 3833//3988 3830//3985
f 3830//3985 3806//3961 3804//3957
f 3835//3954 3833//3988 3802//3956
f 3836//3989 3829//3986 3835//3954
f 3797//3948 3836//3989 3835//3954
f 3837//3990 3834//3987 3836//3989
f 3837//3990 3794//3947 3792//3944
f 3792//3944 3838//3991 3837//3990
f 3838//3991 3727//3878 3837//3990
f 3840//3992 3839//3945 3841//3993
f 3840//3992 3730//3994 3838//3991
f 3841//3993 3732//3880 3840//3992
f 3841//3993 3788//3938 3842//3940
f 3842//3940 3736//3881 3841//3993
f 3843//3884 3842//3940 3784//3934
f 3735//3885 3843//3884 3844//3995
f 3784//3934 3844//3995 3843//3884
f 3844//3995 3846//3996 3735//3885
f 3844//3995 3779//3929 3845//3930
f 3845//3930 3846//3996 3844//3995
f 3846//3996 3748//3898 3738//3888
f 3750//3899 3748//3898 3846//3996
f 3738//3888 3735//3885 3846//3996
f 3846//3996 3845//3930 3750//3899
f 3845//3930 3780//3906 3749//3900
f 3749//3900 3750//3899 3845//3930
f 3728//3877 3834//3987 3727//3878
f 3822//3978 3706//3858 3886//3856
f 3848//3997 3847//3998 3871//3999
f 3825//3981 3848//3997 3849//4000
f 3849//4000 3824//3982 3825//3981
f 3861//4001 3849//4000 3848//3997
f 3851//4002 3849//4000 3850//4003
f 3824//3982 3849//4000 3851//4002
f 3850//4003 3854//4004 3851//4002
f 3851//4002 3853//4005 3824//3982
f 3852//4006 3853//4005 3851//4002
f 3852//4006 3851//4002 3854//4004
f 3854//4004 3850//4003 3857//4007
f 3857//4007 3855//4008 3854//4004
f 3856//4009 3854//4004 3855//4008
f 3854//4004 3856//4009 3852//4006
f 3860//4010 3857//4007 3850//4003
f 3862//4011 3857//4007 3860//4010
f 3857//4007 3858//4012 3859//4013
f 3859//4013 3855//4008 3857//4007
f 3850//4003 3861//4001 3860//4010
f 3861//4001 3863//4014 3860//4010
f 3860//4010 3864//4015 3862//4011
f 4107//4016 3863//4014 3865//4017
f 3865//4017 3866//4018 3867//4019
f 3848//3997 3866//4018 3861//4001
f 3867//4019 3868//4020 3869//4021
f 3871//3999 3868//4020 3848//3997
f 3869//4021 3870//4022 3872//4023
f 3870//4022 3871//3999 3874//4024
f 3872//4023 3870//4022 3873//4025
f 3874//4024 3873//4025 3870//4022
f 3871//3999 3877//4026 3874//4024
f 3873//4025 3874//4024 3875//4027
f 3876//4028 3875//4027 3874//4024
f 3874//4024 3877//4026 3876//4028
f 3878//4029 3847//3998 3823//3979
f 3879//4030 3877//4026 3878//4029
f 3878//4029 3880//4031 3879//4030
f 3879//4030 3884//4032 3881//4033
f 3876//4028 3879//4030 3881//4033
f 3881//4033 3882//4034 3876//4028
f 3883//4035 3882//4034 3881//4033
f 3881//4033 3885//4036 3883//4035
f 3886//3856 3880//4031 3822//3978
f 3707//3857 3884//4032 3886//3856
f 3888//4037 3885//4036 3887//4038
f 3887//4038 3707//3857 3704//3853
f 3887//4038 3890//4039 3888//4037
f 3704//3853 3889//4040 3887//4038
f 3894//4041 3889//4040 3891//4042
f 3891//4042 3702//3852 3893//3851
f 4079//4043 3891//4042 3893//3851
f 3894//4041 3892//4044 3895//4045
f 3895//4045 3890//4039 3894//4041
f 3897//4046 3896//4047 3895//4045
f 3895//4045 3898//4048 3897//4046
f 3897//4046 3898//4048 3901//4049
f 3900//4050 3899//4051 3897//4046
f 3901//4049 3900//4050 3897//4046
f 3904//4052 3901//4049 3902//4053
f 3902//4053 3898//4048 4078//4054
f 3900//4050 3903//4055 3905//4056
f 3908//4057 3903//4055 3904//4052
f 3905//4056 3906//4058 3909//4059
f 3926//4060 3906//4058 3908//4057
f 3909//4059 3907//4061 3910//4062
f 3909//4059 3912//4063 3905//4056
f 3910//4062 3911//4064 3909//4059
f 4121//4065 3911//4064 3913//4066
f 3913//4066 3914//4067 3915//4068
f 3915//4068 3916//4069 3917//4070
f 3919//4071 3914//4067 3910//4062
f 3917//4070 3918//4072 4131//4073
f 3920//4074 3916//4069 3919//4071
f 3907//4061 3919//4071 3910//4062
f 3921//4075 3920//4074 3919//4071
f 3925//4076 3921//4075 3923//4077
f 3926//4060 3921//4075 3907//4061
f 3925//4076 3924//4078 4138//4079
f 3927//4080 3923//4077 3926//4060
f 3926//4060 3928//4081 3927//4080
f 3927//4080 3931//4082 3929//4083
f 3929//4083 3924//4078 3927//4080
f 3932//4084 3930//4085 3929//4083
f 3929//4083 3933//4086 3932//4084
f 3932//4084 3936//4087 3935//4088
f 3935//4088 3934//4089 3932//4084
f 3935//4088 3939//4090 3938//4091
f 3938//4091 3937//4092 3935//4088
f 3938//4091 3942//4093 3941//4094
f 3941//4094 3940//4095 3938//4091
f 3941//4094 3946//4096 3944//4097
f 3944//4097 3943//4098 3941//4094
f 3945//4099 3946//4096 3994//4100
f 3945//4099 3947//4101 3944//4097
f 3951//4102 3947//4101 3948//4103
f 3950//4104 3947//4101 3949//4105
f 3949//4105 3954//4106 3950//4104
f 3955//4107 3949//4105 3951//4102
f 3953//4108 3955//4107 3956//4109
f 3954//4106 3953//4108 4131//4073
f 3956//4109 3957//4110 3960//4111
f 3951//4102 3957//4110 3955//4107
f 3961//4112 3957//4110 3958//4113
f 3988//4114 3957//4110 3959//4115
f 3963//4116 3960//4111 3961//4112
f 3960//4111 3964//4117 3956//4109
f 3965//4118 3963//4116 3968//4119
f 3964//4117 3965//4118 3967//4120
f 3967//4120 3966//4121 4128//4122
f 3968//4119 3966//4121 3965//4118
f 3969//4123 3971//4124 3968//4119
f 3970//4125 3969//4123 3968//4119
f 3968//4119 3963//4116 3970//4125
f 4112//4126 3971//4124 3972//4127
f 3972//4127 3973//4128 3872//4023
f 3975//4129 3973//4128 3969//4123
f 3872//4023 3974//4130 3869//4021
f 3869//4021 3976//4131 3867//4019
f 3978//4132 3974//4130 3975//4129
f 3979//4133 3976//4131 3978//4132
f 3867//4019 3977//4134 3865//4017
f 3978//4132 3983//4135 3979//4133
f 3975//4129 3980//4136 3978//4132
f 4111//4137 3980//4136 3981//4138
f 3985//4139 3980//4136 3982//4140
f 3979//4133 3984//4141 4109//4142
f 3985//4139 3984//4141 3983//4135
f 3982//4140 3986//4143 3985//4139
f 3988//4114 3984//4141 3986//4143
f 3986//4143 3958//4113 3988//4114
f 3959//4115 3989//4144 3988//4114
f 4109//4142 3989//4144 3990//4145
f 3990//4145 3991//4146 3992//4147
f 3992//4147 3948//4103 3945//4099
f 3951//4102 3991//4146 3959//4115
f 3994//4100 3992//4147 3945//4099
f 3990//4145 3992//4147 3993//4148
f 3998//4149 3993//4148 3994//4100
f 3993//4148 3995//4150 3990//4145
f 3995//4150 3996//4151 3997//4152
f 3997//4152 3996//4151 3999//4153
f 4001//4154 3996//4151 3998//4149
f 3999//4153 4000//4155 3997//4152
f 4000//4155 4002//4156 4005//4157
f 4004//4158 3999//4153 4001//4154
f 4005//4157 4002//4156 4003//4159
f 4056//4160 4002//4156 4004//4158
f 4003//4159 4006//4161 4005//4157
f 4006//4161 3862//4011 4005//4157
f 4005//4157 3862//4011 3864//4015
f 3864//4015 4000//4155 4005//4157
f 4006//4161 4008//4162 4007//4163
f 4007//4163 3858//4012 4006//4161
f 4007//4163 4010//4164 3859//4013
f 4009//4165 4003//4159 4056//4160
f 4011//4166 4008//4162 4009//4165
f 4010//4164 4011//4166 4013//4167
f 3859//4013 4010//4164 4012//4168
f 4013//4167 4012//4168 4010//4164
f 4015//4169 4014//4170 4013//4167
f 4014//4170 4017//4171 4013//4167
f 4013//4167 4016//4172 4015//4169
f 4011//4166 4016//4172 4013//4167
f 4013//4167 4019//4173 4012//4168
f 4017//4171 4022//4174 4020//4175
f 4023//4176 4017//4171 4020//4175
f 4020//4175 4034//4177 4021//4178
f 4020//4175 4024//4179 4023//4176
f 4026//4180 4019//4173 4023//4176
f 4023//4176 4024//4179 4025//4181
f 4025//4181 4026//4180 4023//4176
f 4026//4180 3856//4009 4027//4182
f 4027//4182 3855//4008 4012//4168
f 3855//4008 4027//4182 3856//4009
f 4012//4168 4019//4173 4027//4182
f 4025//4181 4024//4179 4028//4183
f 4028//4183 4029//4184 4025//4181
f 3856//4009 4025//4181 4029//4184
f 4029//4184 4030//4185 3852//4006
f 4029//4184 3852//4006 3856//4009
f 4031//4186 4030//4185 4028//4183
f 4032//4187 4024//4179 4021//4178
f 4028//4183 4032//4187 4031//4186
f 4032//4187 4035//4188 4031//4186
f 4021//4178 4033//4189 4032//4187
f 4036//4190 4034//4177 4038//4191
f 4035//4188 4036//4190 4037//4192
f 4036//4190 4039//4193 4037//4192
f 4038//4191 4022//4174 4040//4194
f 4040//4194 4039//4193 4038//4191
f 4040//4194 4018//4195 4041//4196
f 4041//4196 4014//4170 4042//3967
f 3813//3966 4041//4196 4042//3967
f 4042//3967 4015//4169 4043//4197
f 4042//3967 4044//4198 3812//3964
f 4043//4197 4015//4169 4016//4172
f 4016//4172 4045//4199 4043//4197
f 4045//4199 4044//4198 4043//4197
f 4045//4199 4016//4172 4046//4200
f 4046//4200 4049//4201 4045//4199
f 4048//4202 4047//4203 4045//4199
f 4049//4201 4048//4202 4045//4199
f 4049//4201 4054//4204 4051//4205
f 4050//4206 4049//4201 4051//4205
f 4051//4205 4062//4207 4052//4208
f 4051//4205 4052//4208 4050//4206
f 4054//4204 4053//4209 4051//4205
f 4009//4165 4046//4200 4011//4166
f 4056//4160 4054//4204 4009//4165
f 4053//4209 4057//4210 4059//4211
f 4055//4212 4056//4160 4004//4158
f 4004//4158 4057//4210 4055//4212
f 4059//4211 4058//4213 4060//4214
f 4001//4154 4057//4210 4004//4158
f 4053//4209 4059//4211 4061//4215
f 4059//4211 4063//4216 4061//4215
f 4062//4207 4061//4215 4065//4217
f 4061//4215 4062//4207 4053//4209
f 4061//4215 4063//4216 4064//4218
f 4064//4218 4065//4217 4061//4215
f 4065//4217 4066//4219 4068//4220
f 4066//4219 4065//4217 4064//4218
f 4065//4217 4067//4221 4062//4207
f 4068//4220 4067//4221 4065//4217
f 4069//4222 4066//4219 4095//4223
f 4073//4224 4068//4220 4069//4222
f 4068//4220 4072//4225 4067//4221
f 4074//4226 4070//4227 4073//4224
f 4070//4227 4093//4228 4072//4225
f 4069//4222 4075//4229 4073//4224
f 4073//4224 4077//4230 4074//4226
f 4078//4054 4076//4231 3902//4053
f 4079//4043 4075//4229 4078//4054
f 4078//4054 3892//4044 4079//4043
f 3893//3851 4077//4230 4079//4043
f 4074//4226 4080//4232 4081//4233
f 3701//3849 4080//4232 3893//3851
f 4081//4233 4082//4234 4084//4235
f 3694//3842 4082//4234 3701//3849
f 4084//4235 4083//4236 4085//4237
f 4085//4237 3799//3952 4084//4235
f 4084//4235 4088//4238 4081//4233
f 4086//3942 3796//3950 4085//4237
f 3695//3843 4086//3942 4085//4237
f 4085//4237 4083//4236 3695//3843
f 4086//3942 3691//3840 3786//3935
f 3695//3843 4083//4236 3694//3842
f 4087//4239 4074//4226 4081//4233
f 4087//4239 4081//4233 4088//4238
f 4088//4238 4089//4240 4087//4239
f 4089//4240 4088//4238 3800//3951
f 4087//4239 4089//4240 4090//4241
f 4090//4241 4089//4240 3807//3959
f 3800//3951 3807//3959 4089//4240
f 4092//4242 4091//4243 4093//4228
f 4047//4203 4090//4241 3809//3963
f 4090//4241 4092//4242 4087//4239
f 3807//3959 3809//3963 4090//4241
f 4092//4242 4071//4244 4087//4239
f 4093//4228 4048//4202 4072//4225
f 4095//4223 4076//4231 4069//4222
f 3902//4053 4094//4245 3904//4052
f 4098//4246 4094//4245 4095//4223
f 3904//4052 4096//4247 4097//4248
f 4101//4249 4096//4247 4098//4246
f 4098//4246 4100//4250 4099//4251
f 4099//4251 4101//4249 4098//4246
f 4095//4223 4100//4250 4098//4246
f 4099//4251 3931//4082 4101//4249
f 4101//4249 3928//4081 4097//4248
f 4099//4251 4064//4218 4102//4252
f 4064//4218 4100//4250 4066//4219
f 4102//4252 3933//4086 4099//4251
f 4103//4253 3936//4087 4102//4252
f 4102//4252 4063//4216 4103//4253
f 4103//4253 3942//4093 3939//4090
f 4103//4253 4060//4214 4104//4254
f 3946//4096 4104//4254 4105//4255
f 4060//4214 4105//4255 4104//4254
f 3998//4149 4105//4255 4058//4213
f 3994//4100 4105//4255 3998//4149
f 4097//4248 3908//4057 3904//4052
f 4067//4221 4072//4225 4052//4208
f 4072//4225 4050//4206 4052//4208
f 4052//4208 4062//4207 4067//4221
f 4058//4213 4001//4154 3998//4149
f 3812//3964 4047//4203 3809//3963
f 3815//3969 4039//4193 3813//3966
f 3815//3969 4035//4188 4037//4192
f 4031//4186 3817//3972 4106//3974
f 4106//3974 4030//4185 4031//4186
f 3824//3982 3853//4005 4106//3974
f 4106//3974 3818//3973 3824//3982
f 4012//4168 3855//4008 3859//4013
f 4000//4155 3864//4015 4107//4016
f 4107//4016 3997//4152 4000//4155
f 3997//4152 4108//4256 3995//4150
f 4108//4256 4107//4016 3865//4017
f 3865//4017 3977//4134 4108//4256
f 4109//4142 3977//4134 3979//4133
f 3995//4150 4109//4142 3990//4145
f 4110//4257 3987//4258 3982//4140
f 3958//4113 4110//4257 3961//4112
f 3982//4140 4111//4137 4110//4257
f 3970//4125 4110//4257 4111//4137
f 3970//4125 3961//4112 4110//4257
f 4111//4137 3981//4138 3970//4125
f 3981//4138 3975//4129 3969//4123
f 3969//4123 3970//4125 3981//4138
f 3873//4025 3972//4127 3872//4023
f 3972//4127 3873//4025 4113//4259
f 4113//4259 4112//4126 3972//4127
f 3875//4027 4113//4259 3873//4025
f 4116//4260 4113//4259 3875//4027
f 4115//4261 4113//4259 4114//4262
f 4114//4262 4119//4263 4115//4261
f 4116//4260 4117//4264 4114//4262
f 4120//4265 4118//4266 4122//4267
f 4121//4065 4117//4264 4120//4265
f 4120//4265 3912//4063 4121//4065
f 4120//4265 3899//4051 4123//4268
f 4123//4268 3900//4050 3905//4056
f 3905//4056 3912//4063 4123//4268
f 4118//4266 4124//4269 4122//4267
f 4122//4267 3896//4047 3899//4051
f 3888//4037 4125//4270 3883//4035
f 3888//4037 3896//4047 4124//4269
f 4116//4260 4125//4270 4118//4266
f 3913//4066 4119//4263 4121//4065
f 4115//4261 4126//4271 4128//4122
f 3915//4068 4126//4271 3913//4066
f 4128//4122 4127//4272 3967//4120
f 4128//4122 4112//4126 4115//4261
f 3917//4070 4127//4272 3915//4068
f 3967//4120 4129//4273 3964//4117
f 4131//4073 4129//4273 3917//4070
f 3956//4109 4129//4273 3953//4108
f 3875//4027 3882//4034 4116//4260
f 3950//4104 3954//4106 4130//4274
f 4130//4274 3954//4106 4131//4073
f 4131//4073 3918//4072 4130//4274
f 4132//4275 4130//4274 3918//4072
f 4134//4276 4130//4274 4132//4275
f 4130//4274 4133//4277 3950//4104
f 4133//4277 3943//4098 3950//4104
f 4134//4276 3940//4095 4133//4277
f 4134//4276 4136//4278 4135//4279
f 4135//4279 3937//4092 4134//4276
f 4137//4280 3934//4089 4135//4279
f 4135//4279 4138//4079 4137//4280
f 4137//4280 3924//4078 3930//4085
f 4136//4278 3925//4076 4138//4079
f 3922//4281 4132//4275 3920//4074
f 3918//4072 3920//4074 4132//4275
f 3810//3962 3806//3961 3820//3976
f 3768//3917 4139//3922 3647//3789
f 3647//3789 3648//3788 3768//3917
f 3650//3791 4139//3922 3658//3800
f 3658//3800 3669//3814 3661//3803
f 3764//3913 3640//3783 3642//3780
f 3761//3909 4140//4282 4141//4283
f 3642//3780 4140//4282 3764//3913
f 4141//4283 4140//4282 3636//3779
f 3638//3778 3636//3779 4140//4282
f 4140//4282 3642//3780 3638//3778
f 4141//4283 3753//3904 3761//3909
f 4142//3777 3754//3905 4141//4283
f 3636//3779 4142//3777 4141//4283
f 3632//3771 4143//4284 4142//3777
f 3755//3901 3754//3905 4143//4284
f 4143//4284 3483//3617 3755//3901
f 3483//3617 4144//3770 3487//3618
f 3487//3618 3631//3767 4570//3621
f 3746//3897 3755//3901 3483//3617
f 3455//3589 3720//3868 3722//3590
f 3718//3869 4145//4285 4146//4286
f 3453//3586 4145//4285 3455//3589
f 4146//4286 4147//4287 4148//4288
f 3451//3583 4147//4287 3453//3586
f 4148//4288 4149//4289 4150//4290
f 4153//3585 4149//4289 3451//3583
f 4150//4290 4151//4291 4152//4292
f 4152//4292 4154//4293 4155//4294
f 4157//4295 4151//4291 4153//3585
f 4155//4294 4156//4296 4181//4297
f 4160//4298 4154//4293 4157//4295
f 4157//4295 4311//4299 4158//4300
f 4158//4300 4160//4298 4157//4295
f 4153//3585 4159//4301 4157//4295
f 4161//4302 4162//4303 4164//4304
f 4161//4302 4156//4296 4160//4298
f 4163//4305 4158//4300 4280//4306
f 4164//4304 4163//4305 4165//4307
f 4165//4307 4166//4308 4164//4304
f 4164//4304 4169//4309 4161//4302
f 4168//4310 4167//4311 4260//4312
f 4171//4313 4166//4308 4168//4310
f 4161//4302 4170//4314 4569//4315
f 4174//4316 4169//4309 4171//4313
f 4171//4313 4263//4317 4172//4318
f 4171//4313 4172//4318 4173//4319
f 4173//4319 4174//4316 4171//4313
f 4174//4316 4176//4320 4175//4321
f 4175//4321 4170//4314 4174//4316
f 4175//4321 4195//4322 4177//4323
f 4177//4323 4178//4324 4175//4321
f 4569//4315 4178//4324 4179//4325
f 4179//4325 4180//4326 4181//4297
f 4181//4297 4182//4327 4155//4294
f 4184//4328 4180//4326 4177//4323
f 4155//4294 4183//4329 4152//4292
f 4186//4330 4182//4327 4184//4328
f 4184//4328 4188//4331 4186//4330
f 4177//4323 4185//4332 4184//4328
f 4187//4333 4188//4331 4189//3817
f 4187//4333 4183//4329 4186//4330
f 3663//3807 4185//4332 4194//3808
f 4189//3817 3663//3807 3665//3809
f 4189//3817 4190//4334 4187//4333
f 4190//4334 4191//4335 4187//4333
f 4152//4292 4191//4335 4150//4290
f 4150//4290 4192//4336 4148//4288
f 3675//3821 4192//4336 4190//4334
f 4148//4288 4193//3827 4146//4286
f 4146//4286 3679//3826 3718//3869
f 4194//3808 4195//4322 4196//4337
f 4196//4337 4176//4320 4197//4338
f 4194//3808 4198//4339 3664//3805
f 4200//4340 4196//4337 4197//4338
f 4201//4341 4198//4339 4200//4340
f 3664//3805 4199//4342 3660//3802
f 4203//4343 4201//4341 4200//4340
f 4202//4344 4200//4340 4197//4338
f 4200//4340 4202//4344 4203//4343
f 4205//4345 4203//4343 4204//4346
f 4204//4346 4202//4344 4267//4347
f 4201//4341 4205//4345 4208//4348
f 4205//4345 4210//4349 4208//4348
f 4206//4350 4205//4345 4207//4351
f 4204//4346 4207//4351 4205//4345
f 4208//4348 4199//4342 4201//4341
f 4212//4352 4208//4348 4210//4349
f 4206//4350 4211//4353 4210//4349
f 4210//4349 4213//4354 4212//4352
f 4212//4352 4213//4354 3653//3794
f 3653//3794 3655//3797 4212//4352
f 3657//3799 4212//4352 3655//3797
f 4214//4355 4211//4353 4217//4356
f 4215//3795 4213//4354 4214//4355
f 4214//4355 4567//4357 4215//3795
f 4217//4356 4216//4358 4214//4355
f 4218//4359 4219//4360 4217//4356
f 4217//4356 4276//4361 4218//4359
f 4221//4362 4220//4363 4224//4364
f 4223//4365 4219//4360 4221//4362
f 4224//4364 4222//4366 4221//4362
f 4221//4362 4565//3766 4223//4365
f 4224//4364 4236//4367 4225//4368
f 4225//4368 4226//4369 4224//4364
f 4228//4370 4227//4371 4229//4372
f 3620//3757 4226//4369 4228//4370
f 4229//4372 3619//3717 4228//4370
f 4229//4372 4232//4373 4230//4374
f 4230//4374 3579//3718 4229//4372
f 4230//4374 4234//1505 4231//4375
f 4231//4375 3577//3716 4230//4374
f 4233//4376 4227//4371 4225//4368
f 1445//1500 4232//4373 4233//4376
f 4234//1505 1449//1509 4231//4375
f 4233//4376 1442//1502 1445//1500
f 4225//4368 4235//4377 4233//4376
f 4237//4378 4236//4367 4238//4379
f 4240//1503 4235//4377 4237//4378
f 4238//4379 4239//4380 4237//4378
f 4237//4378 4241//4381 4240//1503
f 4240//1503 4242//4382 1443//1498
f 4247//4383 4241//4381 4243//4384
f 4243//4384 4239//4380 4246//4385
f 4244//4386 4245//4387 4243//4384
f 4244//4386 4243//4384 4246//4385
f 4243//4384 4248//4388 4247//4383
f 1438//1497 4242//4382 4247//4383
f 4247//4383 1437//1496 1438//1497
f 1435//1493 1437//1496 4248//4388
f 4248//4388 4249//4389 1435//1493
f 4249//4389 4245//4387 4251//4390
f 4249//4389 4345//1491 1435//1493
f 4251//4390 4250//4391 4249//4389
f 4252//4392 4253//4393 4251//4390
f 4251//4390 4272//4394 4252//4392
f 4253//4393 4258//4395 4255//4396
f 4250//4391 4253//4393 4255//4396
f 4255//4396 4257//4397 4250//4391
f 4256//4398 4255//4396 4258//4395
f 4256//4398 4257//4397 4255//4396
f 4260//4312 4254//4399 4261//4400
f 4258//4395 4259//4401 4256//4398
f 4259//4401 4258//4395 4260//4312
f 4260//4312 4167//4311 4259//4401
f 4261//4400 4168//4310 4260//4312
f 4262//4402 4254//4399 4252//4392
f 4264//4403 4261//4400 4262//4402
f 4266//4404 4263//4317 4264//4403
f 4264//4403 4267//4347 4266//4404
f 4262//4402 4265//4405 4264//4403
f 4268//4406 4266//4404 4267//4347
f 4266//4404 4173//4319 4172//4318
f 4176//4320 4268//4406 4197//4338
f 4197//4338 4268//4406 4202//4344
f 4267//4347 4202//4344 4268//4406
f 4204//4346 4265//4405 4269//4407
f 4269//4407 4270//4408 4271//4409
f 4271//4409 4272//4394 4244//4386
f 4252//4392 4270//4408 4262//4402
f 4271//4409 4273//4410 4269//4407
f 4269//4407 4273//4410 4207//4351
f 4207//4351 4204//4346 4269//4407
f 4273//4410 4246//4385 4274//4411
f 4246//4385 4273//4410 4244//4386
f 4274//4411 4207//4351 4273//4410
f 4275//4412 4274//4411 4246//4385
f 4274//4411 4276//4361 4206//4350
f 4207//4351 4274//4411 4206//4350
f 4218//4359 4275//4412 4238//4379
f 4246//4385 4239//4380 4275//4412
f 4256//4398 4259//4401 4277//4413
f 4277//4413 4259//4401 4167//4311
f 4277//4413 4278//4414 4256//4398
f 4278//4414 4277//4413 4279//4415
f 4163//4305 4279//4415 4277//4413
f 4167//4311 4165//4307 4277//4413
f 4277//4413 4165//4307 4163//4305
f 4279//4415 4282//4416 4278//4414
f 4279//4415 4163//4305 4280//4306
f 4280//4306 4281//4417 4279//4415
f 4282//4416 4281//4417 4284//4418
f 4282//4416 4339//4419 4278//4414
f 4284//4418 4283//4420 4282//4416
f 4284//4418 4286//4421 4285//4422
f 4285//4422 4288//4423 4287//4424
f 4287//4424 4283//4420 4285//4422
f 4287//4424 4293//4425 4290//4426
f 4290//4426 4289//4427 4287//4424
f 4291//4428 4290//4426 4292//4429
f 4292//4429 4293//4425 4294//4430
f 4294//4430 4288//4423 4295//4431
f 4294//4430 4298//4432 4292//4429
f 4295//4431 4296//4433 4294//4430
f 4298//4432 4297//4434 4328//4435
f 4297//4434 4296//4433 4299//4436
f 4302//4437 4299//4436 4295//4431
f 4299//4436 4300//4438 4297//4434
f 4300//4438 4301//4439 3432//3562
f 4304//4440 4301//4439 4302//4437
f 4302//4437 4305//4441 4304//4440
f 4295//4431 4303//4442 4302//4437
f 4306//3570 3431//3565 4304//4440
f 4304//4440 4307//4443 4306//3570
f 4306//3570 4309//4444 3438//3569
f 4308//4445 4307//4443 4305//4441
f 4307//4443 4308//4445 4310//4446
f 4310//4446 4309//4444 4307//4443
f 4309//4444 4310//4446 3448//3580
f 4310//4446 3450//3584 3448//3580
f 4159//4301 4310//4446 4308//4445
f 3448//3580 3443//3575 4309//4444
f 3438//3569 4309//4444 3443//3575
f 4305//4441 4312//4447 4308//4445
f 4311//4299 4308//4445 4312//4447
f 4308//4445 4311//4299 4159//4301
f 4312//4447 4303//4442 4313//4448
f 4312//4447 4313//4448 4311//4299
f 4313//4448 4314//4449 4280//4306
f 4280//4306 4311//4299 4313//4448
f 4295//4431 4286//4421 4314//4449
f 4314//4449 4281//4417 4280//4306
f 3432//3562 3427//3557 4300//4438
f 4300//4438 4316//4450 4315//4451
f 4297//4434 4300//4438 4315//4451
f 4315//4451 4320//4452 4318//4453
f 4318//4453 4317//4454 4315//4451
f 4315//4451 4317//4454 4297//4434
f 4319//4455 4321//4456 4318//4453
f 4318//4453 4539//4457 4319//4455
f 4323//4458 4322//4459 4324//4460
f 4326//4461 4321//4456 4323//4458
f 4324//4460 4325//4462 4323//4458
f 4326//4461 4323//4458 4325//4462
f 4325//4462 4327//4463 4326//4461
f 4328//4435 4326//4461 4327//4463
f 4328//4435 4317//4454 4326//4461
f 4327//4463 4329//4464 4328//4435
f 4298//4432 4328//4435 4329//4464
f 4329//4464 4327//4463 4330//4465
f 4330//4465 4331//4466 4329//4464
f 4329//4464 4331//4466 4332//4467
f 4329//4464 4333//4468 4298//4432
f 4332//4467 4333//4468 4329//4464
f 4298//4432 4333//4468 4334//4469
f 4333//4468 4332//4467 4335//4470
f 4335//4470 4334//4469 4333//4468
f 1404//1459 4336//4471 4335//4470
f 4334//4469 4335//4470 4336//4471
f 1402//1457 4335//4470 4332//4467
f 4335//4470 1402//1457 1404//1459
f 4336//4471 1408//1463 4337//4472
f 4337//4472 4291//4428 4336//4471
f 4336//4471 4291//4428 4334//4469
f 4337//4472 4342//1462 4338//4473
f 4339//4419 4337//4472 4338//4473
f 4289//4427 4337//4472 4339//4419
f 4338//4473 4340//4474 4339//4419
f 4278//4414 4339//4419 4340//4474
f 4339//4419 4283//4420 4289//4427
f 4341//4475 4340//4474 4338//4473
f 4340//4474 4256//4398 4278//4414
f 4338//4473 4343//4476 4341//4475
f 4344//1469 4342//1462 1409//1465
f 1432//1488 4343//4476 4344//1469
f 4341//4475 1434//1490 4345//1491
f 4344//1469 1425//1483 1432//1488
f 4345//1491 4257//4397 4341//4475
f 4292//4429 4334//4469 4291//4428
f 4334//4469 4292//4429 4298//4432
f 4331//4466 1400//1455 4332//4467
f 4332//4467 1400//1455 1402//1457
f 4331//4466 4348//4477 4346//1435
f 4346//1435 4347//1454 4331//4466
f 1396//1448 1383//1434 1385//1436
f 1376//1425 1378//1427 4346//1435
f 4346//1435 4348//4477 1376//1425
f 4350//1426 4348//4477 4349//4478
f 4349//4478 4330//4465 4351//4479
f 4349//4478 4354//4480 4350//1426
f 4351//4479 4352//4481 4349//4478
f 4357//4482 4352//4481 4353//4483
f 4355//4484 4356//4485 4354//4480
f 4354//4480 4357//4482 4355//4484
f 4350//1426 4356//4485 1375//1423
f 4357//4482 4360//4486 4355//4484
f 4353//4483 4358//4487 4357//4482
f 4359//4488 4360//4486 4358//4487
f 4358//4487 4362//4489 4359//4488
f 4362//4489 4361//4490 4324//4460
f 4362//4489 4364//4491 4359//4488
f 4324//4460 4363//4492 4362//4489
f 4367//4493 4363//4492 4365//4494
f 4365//4494 4322//4459 4319//4455
f 4319//4455 4366//4495 4365//4494
f 4365//4494 4369//4496 4367//4493
f 4364//4491 4367//4493 4368//4497
f 4367//4493 4371//4498 4368//4497
f 4370//4499 4366//4495 4531//4500
f 4372//4501 4369//4496 4370//4499
f 4368//4497 4373//4502 4374//4503
f 4375//4504 4371//4498 4372//4501
f 4374//4503 4373//4502 4376//4505
f 4377//4506 4373//4502 4375//4504
f 4376//4505 4380//4507 4374//4503
f 4376//4505 4377//4506 4378//4508
f 4378//4508 4379//4509 4376//4505
f 4380//4507 4379//4509 4382//4510
f 4380//4507 4395//4511 4374//4503
f 4382//4510 4381//4512 4380//4507
f 4384//4513 4383//4514 4382//4510
f 4382//4510 4385//4515 4384//4513
f 4384//4513 4472//4516 4386//4517
f 4386//4517 4387//4518 4384//4513
f 4389//4519 4388//4520 4390//4521
f 4392//4522 4387//4518 4389//4519
f 4390//4521 4391//1408 4389//4519
f 4389//4519 1359//1409 4392//4522
f 4392//4522 1361//1411 4393//4523
f 4393//4523 4383//4514 4392//4522
f 4394//4524 4381//4512 4393//4523
f 4393//4523 1364//1414 4394//4524
f 4396//4525 4395//4511 4394//4524
f 4394//4524 4397//4526 4396//4525
f 4396//4525 4360//4486 4359//4488
f 4359//4488 4398//4527 4396//4525
f 4374//4503 4398//4527 4368//4497
f 4368//4497 4398//4527 4364//4491
f 4355//4484 4397//4526 1363//1413
f 1354//1403 4399//4528 4401//1402
f 4540//4529 4399//4528 4390//4521
f 4401//1402 4400//4530 4402//4531
f 4402//4531 1355//1400 4401//1402
f 4404//4532 4403//4533 4402//4531
f 4402//4531 4406//4534 4404//4532
f 4404//4532 4543//4535 4405//4536
f 4405//4536 4407//4537 4404//4532
f 1277//1321 4408//4538 1275//1320
f 1279//1323 4407//4537 1277//1321
f 4412//4539 4408//4538 4405//4536
f 1275//1320 4409//4540 4410//1319
f 4410//1319 4411//4541 4553//4542
f 4414//4543 4409//4540 4412//4539
f 4405//4536 4413//4544 4412//4539
f 4412//4539 4415//4545 4414//4543
f 4414//4543 4417//4546 4416//4547
f 4411//4541 4416//4547 4419//4548
f 4418//4549 4417//4546 4451//4550
f 4421//4551 4416//4547 4418//4549
f 4553//4542 4419//4548 4420//4552
f 4420//4552 4421//4551 4423//4553
f 4548//4554 4421//4551 4418//4549
f 4423//4553 4422//4555 4424//4556
f 4425//4557 4423//4553 4424//4556
f 4423//4553 4428//4558 4420//4552
f 4430//4559 4425//4557 4426//4560
f 4426//4560 4425//4557 4427//4561
f 4424//4556 4427//4561 4425//4557
f 4420//4552 4429//1315 4553//4542
f 1269//1313 4429//1315 4428//4558
f 4428//4558 4430//4559 1269//1313
f 4430//4559 1265//1309 1269//1313
f 4431//4562 4430//4559 4426//4560
f 1266//1307 1265//1309 4431//4562
f 4431//4562 4432//4563 1266//1307
f 4432//4563 4433//4564 4435//4565
f 4426//4560 4433//4564 4431//4562
f 4436//4566 4434//4567 4433//4564
f 4435//4565 4433//4564 4434//4567
f 4433//4564 4426//4560 4436//4566
f 4434//4567 4436//4566 4437//4568
f 4436//4566 4438//4569 4437//4568
f 4427//4561 4436//4566 4426//4560
f 4437//4568 1241//1281 4434//4567
f 4439//4570 1241//1281 4437//4568
f 4438//4569 4439//4570 4437//4568
f 4439//4570 1232//1271 1238//1276
f 4441//1272 4440//4571 4442//4572
f 4441//1272 4445//4573 1231//1270
f 4443//4574 4444//4575 4442//4572
f 4442//4572 4440//4571 4443//4574
f 4445//4573 4442//4572 4444//4575
f 4444//4575 4446//4576 4445//4573
f 4447//4577 4445//4573 4446//4576
f 1231//1270 4445//4573 4447//4577
f 4447//4577 1222//1260 1225//1264
f 4448//4578 1222//1260 4447//4577
f 1225//1264 1228//1266 4447//4577
f 4446//4576 4448//4578 4447//4577
f 4447//4577 1228//1266 1231//1270
f 1220//1261 4448//4578 4449//4579
f 4448//4578 4450//4580 4449//4579
f 4449//4579 4453//1258 1220//1261
f 4449//4579 4450//4580 4451//4550
f 4451//4550 4452//4581 4449//4579
f 4452//4581 4453//1258 4449//4579
f 1219//1259 4454//4582 4456//4583
f 4452//4581 4455//4584 4454//4582
f 4454//4582 4457//4585 4456//4583
f 4456//4583 4545//4586 4458//4587
f 4459//1252 4456//4583 4458//4587
f 4459//1252 1219//1259 4456//4583
f 1211//1250 4460//4588 4461//1249
f 4458//4587 4460//4588 4459//1252
f 4461//1249 4462//4589 4464//4590
f 4465//4591 4460//4588 4458//4587
f 4464//4590 4463//4592 4476//4593
f 4467//4594 4462//4589 4465//4591
f 4458//4587 4466//4595 4465//4591
f 4465//4591 4468//4596 4467//4594
f 4467//4594 4470//4597 4469//4598
f 4463//4592 4467//4594 4469//4598
f 4469//4598 4388//4520 4386//4517
f 4469//4598 4471//4599 4463//4592
f 4386//4517 4471//4599 4469//4598
f 4473//4600 4471//4599 4472//4516
f 4476//4593 4471//4599 4473//4600
f 4472//4516 4474//4601 4473//4600
f 4474//4601 4475//4602 4473//4600
f 4473//4600 4477//1242 4476//4593
f 4476//4593 1205//1244 4464//4590
f 1204//1243 4477//1242 4475//4602
f 4475//4602 4479//4603 1204//1243
f 4479//4603 4475//4602 4478//4604
f 1204//1243 4479//4603 4481//4605
f 4478//4604 4480//4606 4479//4603
f 4479//4603 4483//4607 4481//4605
f 4481//4605 4484//4608 4482//4609
f 4482//4609 1202//1240 4481//4605
f 4481//4605 1202//1240 1204//1243
f 4485//4610 4480//4606 4488//4611
f 4487//4612 4483//4607 4485//4610
f 4485//4610 4525//4613 4487//4612
f 4488//4611 4486//4614 4485//4610
f 4480//4606 4491//4615 4488//4611
f 4490//4616 4489//4617 4488//4611
f 4488//4611 4491//4615 4490//4616
f 4492//4618 4478//4604 4474//4601
f 4378//4508 4491//4615 4492//4618
f 4492//4618 4379//4509 4378//4508
f 4474//4601 4385//4515 4492//4618
f 4377//4506 4490//4616 4378//4508
f 4489//4617 4493//4619 4494//4620
f 4494//4620 4495//4621 4497//4622
f 4375//4504 4493//4619 4377//4506
f 4372//4501 4495//4621 4375//4504
f 4497//4622 4496//4623 4498//4624
f 4494//4620 4499//4625 4501//4626
f 4502//4627 4497//4622 4498//4624
f 4503//4628 4499//4625 4502//4627
f 4501//4626 4500//4629 4526//4630
f 4505//4631 4502//4627 4498//4624
f 4503//4628 4504//4632 4507//4633
f 4527//4634 4504//4632 4505//4631
f 4507//4633 4506//1934 1861//1933
f 4503//4628 4508//4635 4509//4636
f 1861//1933 4508//4635 4507//4633
f 4509//4636 1850//1921 1849//1920
f 4509//4636 4500//4629 4503//4628
f 1849//1920 4510//4637 4509//4636
f 4526//4630 4510//4637 4511//4638
f 4511//4638 4512//4639 4514//4640
f 1848//1918 4512//4639 1849//1920
f 4514//4640 4513//4641 4515//4642
f 4515//4642 4516//4643 4514//4640
f 4514//4640 4518//4644 4511//4638
f 4519//4645 4517//4646 1823//1892
f 4520//4647 4516//4643 4519//4645
f 1823//1892 4521//4648 4519//4645
f 4519//4645 4522//4649 4520//4647
f 4523//4650 4521//4648 1816//1884
f 4522//4649 4523//4650 4482//4609
f 4482//4609 4484//4608 4522//4649
f 4520//4647 4484//4608 4487//4612
f 4524//1237 4523//4650 1816//1884
f 4523//4650 1200//1238 4482//4609
f 1199//1233 1813//1883 1807//1876
f 1816//1884 1813//1883 4524//1237
f 4487//4612 4518//4644 4520//4647
f 4511//4638 4518//4644 4525//4613
f 4525//4613 4526//4630 4511//4638
f 4526//4630 4486//4614 4501//4626
f 1831//1899 4517//4646 4515//4642
f 4515//4642 1833//1903 1831//1899
f 1846//1904 4513//4641 1848//1918
f 4527//4634 1860//1935 4506//1934
f 4527//4634 4532//4651 4528//4652
f 4505//4631 4529//4653 4527//4634
f 4531//4500 4530//4654 4370//4499
f 4533//4655 4529//4653 4531//4500
f 4535//4656 4532//4651 4533//4655
f 4528//4652 4534//4657 4537//4658
f 3425//3556 4534//4657 4535//4656
f 4537//4658 4536//3558 4538//1946
f 4537//4658 1866//1947 1863//1936
f 1863//1936 4528//4652 4537//4658
f 4538//1946 3426//3555 1872//1944
f 4533//4655 4320//4452 4535//4656
f 4535//4656 4316//4450 3425//3556
f 4531//4500 4539//4457 4533//4655
f 4370//4499 4496//4623 4372//4501
f 4498//4624 4530//4654 4505//4631
f 4501//4626 4489//4617 4494//4620
f 4540//4529 4468//4596 4541//4659
f 4390//4521 4470//4597 4540//4529
f 4541//4659 4400//4530 4540//4529
f 4541//4659 4466//4595 4542//4660
f 4542//4660 4406//4534 4541//4659
f 4544//4661 4543//4535 4542//4660
f 4542//4660 4545//4586 4544//4661
f 4546//4662 4413//4544 4544//4661
f 4544//4661 4457//4585 4546//4662
f 4547//4663 4415//4545 4546//4662
f 4546//4662 4455//4584 4547//4663
f 4451//4550 4547//4663 4452//4581
f 4464//4590 1207//4664 4461//1249
f 4418//4549 4450//4580 4548//4554
f 4548//4554 4446//4576 4444//4575
f 4444//4575 4422//4555 4548//4554
f 4443//4574 4549//4665 4424//4556
f 4549//4665 4443//4574 4440//4571
f 4424//4556 4422//4555 4443//4574
f 4427//4561 4424//4556 4549//4665
f 4549//4665 4438//4569 4427//4561
f 4440//4571 4438//4569 4549//4665
f 4434//4567 1242//1282 4435//4565
f 1242//1282 4551//4666 4435//4565
f 4550//1299 4432//4563 4435//4565
f 4435//4565 4551//4666 4550//1299
f 4552//4667 4551//4666 1244//1283
f 1258//1294 4550//1299 4551//4666
f 4551//4666 4552//4667 1258//1294
f 1244//1283 1246//1284 4552//4667
f 1246//1284 1248//4668 4552//4667
f 4552//4667 1255//4669 1258//1294
f 4432//4563 1257//1300 1266//1307
f 4553//4542 1271//1314 4410//1319
f 1352//1325 4403//4533 1279//1323
f 4325//4462 4353//4483 4351//4479
f 1363//1413 4356//4485 4355//4484
f 1375//1423 1366//1415 1368//1416
f 4351//4479 4330//4465 4327//4463
f 4327//4463 4325//4462 4351//4479
f 4238//4379 4220//4363 4218//4359
f 4555//4670 3573//3712 4231//4375
f 4555//4670 4231//4375 4554//1513
f 4231//4375 1451//1511 4554//1513
f 4556//3706 4557//3710 4555//4670
f 4559//4671 4556//3706 4555//4670
f 4555//4670 4558//4672 4559//4671
f 4554//1513 4558//4672 4555//4670
f 4559//4671 4561//4673 1466//1528
f 1466//1528 4560//4674 4559//4671
f 4556//3706 4560//4674 4563//1535
f 4561//4673 4559//4671 4558//4672
f 1461//1523 4561//4673 4562//1516
f 1466//1528 4561//4673 1461//1523
f 4558//4672 4562//1516 4561//4673
f 4562//1516 1455//1515 1461//1523
f 1452//1512 4562//1516 4558//4672
f 4563//1535 4560//4674 1466//1528
f 1466//1528 1467//1529 4563//1535
f 4563//1535 3568//3703 4556//3706
f 4558//4672 4554//1513 1452//1512
f 4223//4365 3627//3765 4564//4675
f 4564//4675 4216//4358 4223//4365
f 3622//3758 4222//4366 3620//3757
f 4564//4675 3629//3769 4566//3774
f 4566//3774 4567//4357 4564//4675
f 4215//3795 4568//4676 3652//3793
f 3652//3793 3641//3781 3645//3785
f 3634//3773 4568//4676 4566//3774
f 3660//3802 4209//4677 3657//3799
f 4181//4297 4569//4315 4179//4325
f 4570//3621 3625//3763 4571//3762
f 4571//3762 3486//3622 4570//3621
f 3624//3760 4572//3624 4571//3762
f 3491//3625 4573//4678 3506//3639
f 3624//3760 3615//3754 4573//4678
f 4573//4678 3508//3642 3506//3639
f 3566//3702 1472//1534 1475//1536
f 3566//3702 1475//1536 1474//1538
f 3564//3698 3554//3689 3559//3692
f 4575//4679 4574//4680 3564//3698
f 1480//1543 4575//4679 1474//1538
f 1480//1543 4576//4681 4575//4679
f 4645//4682 4576//4681 4577//4683
f 4577//4683 4578//4684 4579//4685
f 4579//4685 4580//4686 4581//4687
f 4582//1567 4578//4684 1480//1543
f 4581//4687 4583//4688 4584//4689
f 1501//1566 4580//4686 4582//1567
f 4584//4689 4583//4688 4585//4690
f 1502//1568 4583//4688 1501//1566
f 1503//1569 4585//4690 1502//1568
f 4588//4691 4585//4690 4587//4692
f 4585//4690 4586//4693 4584//4689
f 4589//4694 4587//4692 1503//1569
f 4587//4692 4591//4695 4588//4691
f 1503//1569 1504//1570 4589//4694
f 4590//4696 1504//1570 1505//1571
f 4593//4697 4589//4694 4590//4696
f 4588//4691 4591//4695 4592//4698
f 4595//4699 4591//4695 4593//4697
f 4590//4696 4594//4700 4593//4697
f 4593//4697 4596//4701 4595//4699
f 4595//4699 4600//4702 4597//4703
f 4597//4703 4592//4698 4595//4699
f 4597//4703 4610//4704 4599//4705
f 4600//4702 4598//4706 4597//4703
f 4601//4707 4596//4701 6074//1586
f 4601//4707 4602//4708 4600//4702
f 4604//4709 4603//4710 4607//4711
f 4606//4712 4602//4708 4604//4709
f 4604//4709 4608//4713 4606//4712
f 4607//4711 4605//4714 4604//4709
f 4607//4711 6073//1590 1621//1681
f 1621//1681 1638//1697 4607//4711
f 4609//4715 4598//4706 4606//4712
f 4606//4712 4611//4716 4609//4715
f 4610//4704 4609//4715 4612//4717
f 4609//4715 4615//4718 4612//4717
f 4612//4717 4613//4719 4610//4704
f 4614//4720 4613//4719 4612//4717
f 4616//4721 4614//4720 4612//4717
f 4612//4717 4615//4718 4616//4721
f 4617//4722 4614//4720 4616//4721
f 4616//4721 4618//4723 4617//4722
f 4618//4723 1645//1701 1640//1700
f 1646//1705 4616//4721 4615//4718
f 4618//4723 4622//4724 4617//4722
f 1640//1700 4619//4725 4618//4723
f 4620//4726 4621//4727 6011//4728
f 4624//4729 4619//4725 4620//4726
f 4622//4724 4637//4730 4617//4722
f 4625//4731 4622//4724 4624//4729
f 4627//4732 4625//4731 4624//4729
f 4620//4726 4626//4733 4624//4729
f 4624//4729 4626//4733 4627//4732
f 4632//4734 4627//4732 4629//4735
f 6016//4736 4627//4732 4626//4733
f 4629//4735 4628//4737 4630//4738
f 4644//4739 4629//4735 4630//4738
f 4633//4740 4629//4735 4631//4741
f 4632//4734 4635//4742 4634//4743
f 4634//4743 4625//4731 4632//4734
f 4636//4744 4623//4745 4634//4743
f 4636//4744 4635//4742 4639//4746
f 4638//4747 4637//4730 4636//4744
f 4639//4746 4638//4747 4636//4744
f 4584//4689 4635//4742 4581//4687
f 4584//4689 4640//4748 4639//4746
f 4642//4749 4640//4748 4641//4750
f 4641//4750 4586//4693 4588//4691
f 4592//4698 4641//4750 4588//4691
f 4641//4750 4599//4705 4642//4749
f 4642//4749 4643//4751 4638//4747
f 4599//4705 4613//4719 4642//4749
f 4617//4722 4643//4751 4614//4720
f 4581//4687 4633//4740 4579//4685
f 4579//4685 4633//4740 4631//4741
f 4645//4682 4631//4741 4644//4739
f 4631//4741 4577//4683 4579//4685
f 4630//4738 3551//3688 4644//4739
f 4644//4739 3553//3690 4645//4682
f 3553//3690 4574//4680 4645//4682
f 4630//4738 4647//4752 4646//3687
f 4646//3687 4649//4753 3550//3685
f 4648//4754 4628//4737 6016//4736
f 4650//4755 4647//4752 4648//4754
f 4652//4756 4649//4753 4650//4755
f 3550//3685 4651//4757 3548//3683
f 3548//3683 4653//4758 3546//3681
f 4654//4759 4651//4757 4652//4756
f 3546//3681 4655//4760 4656//3680
f 4657//4761 4653//4758 4654//4759
f 4656//3680 4658//4762 4660//4763
f 4659//4764 4655//4760 4657//4761
f 4664//4765 4658//4762 4659//4764
f 4660//4763 4661//4766 4663//4767
f 4663//4767 4662//4768 4778//4769
f 4665//4770 4661//4766 4664//4765
f 4664//4765 4667//4771 4665//4770
f 4666//4772 4664//4765 4659//4764
f 4670//4773 4666//4772 4669//4774
f 4669//4774 4666//4772 4668//4775
f 4659//4764 4668//4775 4666//4772
f 4669//4774 4673//4776 4670//4773
f 4668//4775 4671//4777 4669//4774
f 4671//4777 4672//4778 4669//4774
f 4679//4779 4672//4778 4675//4780
f 4675//4780 4674//4781 4678//4782
f 4676//4783 4679//4779 4675//4780
f 4675//4780 4677//4784 4676//4783
f 6017//4785 4675//4780 4678//4782
f 4680//4786 4673//4776 4679//4779
f 4679//4779 4682//4787 4680//4786
f 4683//4788 4681//4789 4680//4786
f 4680//4786 4685//4790 4683//4788
f 4686//4791 4684//4792 4683//4788
f 4683//4788 4689//4793 4686//4791
f 4688//4794 4687//4795 4686//4791
f 4686//4791 4690//4796 4688//4794
f 4693//4797 4689//4793 4691//4798
f 4691//4798 4685//4790 4692//4799
f 4695//4800 4691//4798 4692//4799
f 4691//4798 4697//4801 4693//4797
f 4897//4802 4694//4803 4695//4800
f 4697//4801 4696//4804 4698//4805
f 4698//4805 4699//4806 4697//4801
f 4693//4797 4699//4806 4702//4807
f 4701//4808 4700//4809 4889//4810
f 4702//4807 4701//4808 4704//4811
f 4702//4807 4690//4796 4693//4797
f 4705//4812 4702//4807 4704//4811
f 4704//4811 4707//4813 4705//4812
f 4704//4811 4709//4814 4706//4815
f 4721//4816 4706//4815 4708//4817
f 4706//4815 4711//4818 4708//4817
f 4710//4819 4701//4808 4889//4810
f 4712//4820 4709//4814 4710//4819
f 4715//4821 4711//4818 4712//4820
f 4713//4822 4708//4817 4711//4818
f 4871//4823 4713//4822 4715//4821
f 4717//4824 4713//4822 4714//4825
f 4708//4817 4718//4826 4721//4816
f 4719//4827 4716//4828 4717//4824
f 4888//4829 4718//4826 4719//4827
f 4721//4816 4720//4830 4722//4831
f 4722//4831 4707//4813 4721//4816
f 4724//4832 4723//4833 4722//4831
f 4722//4831 4727//4834 4724//4832
f 4726//4835 4725//4836 4724//4832
f 4724//4832 4729//4837 4726//4835
f 4728//4838 4720//4830 4888//4829
f 4731//4839 4727//4834 4728//4838
f 4732//4840 4729//4837 4731//4839
f 4726//4835 4730//4841 4752//4842
f 4731//4839 4736//4843 4732//4840
f 4728//4838 4733//4844 4731//4839
f 4735//4845 4734//4846 4843//4847
f 4738//4848 4733//4844 4735//4845
f 4732//4840 4737//4849 4747//4850
f 4739//4851 4736//4843 4738//4848
f 4738//4848 2069//2167 4739//4851
f 4735//4845 2067//2165 4738//4848
f 4739//4851 2071//2170 4740//4852
f 4740//4852 4737//4849 4739//4851
f 4740//4852 4824//4853 4741//4854
f 4741//4854 4742//4855 4740//4852
f 4744//4856 4743//4857 4746//4858
f 4747//4850 4742//4855 4744//4856
f 4745//4859 4747//4850 4744//4856
f 4746//4858 4745//4859 4744//4856
f 4747//4850 4730//4841 4732//4840
f 4748//4860 4750//4861 4749//4862
f 4752//4842 4748//4860 4749//4862
f 4749//4862 4806//4863 4751//4864
f 4749//4862 4753//4865 4752//4842
f 4752//4842 4754//4866 4726//4835
f 4756//4867 4753//4865 4755//4868
f 4755//4868 4751//4864 4757//4869
f 4755//4868 4760//4870 4756//4867
f 4757//4869 4758//4871 4755//4868
f 4761//4872 4759//4873 4763//4874
f 4762//4875 4758//4871 4761//4872
f 4761//4872 4767//4876 4762//4875
f 4761//4872 4766//4877 4764//4878
f 4772//4879 4764//4878 4766//4877
f 4767//4876 4765//4880 4768//4881
f 4762//4875 4687//4795 4838//4882
f 4768//4881 4687//4795 4767//4876
f 4769//4883 4684//4792 4768//4881
f 4768//4881 4770//4884 4769//4883
f 4670//4773 4681//4789 4769//4883
f 4769//4883 4667//4771 4670//4773
f 4665//4770 4770//4884 4771//4885
f 4771//4885 4765//4880 4772//4879
f 4772//4879 4773//4886 4771//4885
f 4771//4885 4662//4768 4665//4770
f 4775//4887 4774//4888 4777//4889
f 4778//4769 4773//4886 4775//4887
f 4778//4769 4776//4890 4779//3670
f 4780//4891 4775//4887 4777//4889
f 4779//3670 4663//4767 4778//4769
f 4779//3670 4836//4892 3534//3667
f 4777//4889 4784//4893 4780//4891
f 4777//4889 4782//4894 4781//4895
f 4781//4895 4809//4896 4783//4897
f 4786//4898 4781//4895 4783//4897
f 4780//4891 4785//4899 4835//4900
f 4787//4901 4784//4893 4786//4898
f 4786//4898 4791//4902 4787//4901
f 4783//4897 4788//4903 4786//4898
f 4790//4904 4789//4905 4804//4906
f 4792//4907 4788//4903 4790//4904
f 4796//4908 4791//4902 4792//4907
f 4787//4901 4793//4909 4795//4910
f 4797//3471 4793//4909 4796//4908
f 4795//4910 4794//4911 4826//4912
f 4792//4907 4798//3465 4796//4908
f 4796//4908 3338//3467 4797//3471
f 3339//3461 4799//4913 4800//4914
f 4790//4904 4799//4913 4792//4907
f 4800//4914 4801//4915 4802//4916
f 4804//4906 4801//4915 4790//4904
f 4802//4916 4803//4917 4805//4918
f 4804//4906 4806//4863 4803//4917
f 4805//4918 4806//4863 4750//4861
f 4751//4864 4807//4919 4757//4869
f 4789//4905 4807//4919 4804//4906
f 4757//4869 4808//4920 4759//4873
f 4783//4897 4808//4920 4789//4905
f 4759//4873 4809//4896 4763//4874
f 4763//4874 4782//4894 4766//4877
f 4805//4918 4811//4921 4802//4916
f 4750//4861 4810//4922 4805//4918
f 4813//4923 4810//4922 4746//4858
f 4815//4924 4811//4921 4813//4923
f 4802//4916 4812//4925 4800//4914
f 4746//4858 4814//4926 4813//4923
f 4813//4923 4816//4927 4815//4924
f 3333//3455 4812//4925 4815//4924
f 4815//4924 3330//3454 3333//3455
f 4817//4928 4814//4926 4818//4929
f 3328//3452 4816//4927 4817//4928
f 4817//4928 4820//3446 3328//3452
f 4818//4929 4819//4930 4817//4928
f 3320//3445 4819//4930 4822//4931
f 4822//4931 4819//4930 4821//4932
f 4821//4932 4823//4933 4822//4931
f 4822//4931 3312//3438 3320//3445
f 4823//4933 3310//3435 4822//4931
f 4823//4933 4824//4853 2072//2169
f 2072//2169 3308//3433 4823//4933
f 4741//4854 4821//4932 4818//4929
f 4818//4929 4743//4857 4741//4854
f 4800//4914 3335//3460 3339//3461
f 4797//3471 4837//4934 4794//4911
f 4795//4910 4785//4899 4787//4901
f 4826//4912 4825//4935 4795//4910
f 4794//4911 4827//4936 4826//4912
f 4827//4936 4828//4937 4826//4912
f 4830//4938 4829//4939 4833//4940
f 4832//4941 4828//4937 4830//4938
f 4830//4938 4834//4942 4832//4941
f 4833//4940 4831//4943 4830//4938
f 3360//3485 3524//3658 4833//4940
f 4833//4940 3356//3483 3360//3485
f 4835//4900 4825//4935 4832//4941
f 4832//4941 4836//4892 4835//4900
f 4835//4900 4776//4890 4780//4891
f 3534//3667 4834//4942 3531//3664
f 3531//3664 4831//4943 3525//3657
f 3353//3479 4829//4939 4827//4936
f 4827//4936 3347//3475 3353//3479
f 4766//4877 4774//4888 4772//4879
f 4838//4882 4760//4870 4762//4875
f 4688//4794 4839//4944 4838//4882
f 4841//4945 4840//4946 4842//4947
f 4756//4867 4839//4944 4841//4945
f 4841//4945 4754//4866 4756//4867
f 4842//4947 4725//4836 4841//4945
f 4705//4812 4723//4833 4842//4947
f 4842//4947 4703//4948 4705//4812
f 4688//4794 4703//4948 4840//4946
f 4843//4847 4844//2164 4735//4845
f 2063//2158 4845//4949 4846//2157
f 4848//4950 4845//4949 4843//4847
f 4846//2157 4847//4951 4850//4952
f 4856//4953 4847//4951 4848//4950
f 4850//4952 4849//4954 4851//4955
f 4851//4955 2054//2149 4850//4952
f 4850//4952 2057//2152 4846//2157
f 4851//4955 4853//4956 4852//2138
f 4852//2138 2051//2146 4851//4955
f 4852//2138 4854//4957 2044//2136
f 4855//4958 4849//4954 4856//4953
f 4858//4959 4853//4956 4855//4958
f 4856//4953 4857//4960 4855//4958
f 4855//4958 4859//4961 4858//4959
f 4860//4962 4859//4961 4861//4963
f 4862//4964 4858//4959 4860//4962
f 4861//4963 4863//4965 4860//4962
f 4860//4962 4864//4966 4862//4964
f 4884//4967 4863//4965 4865//4968
f 4865//4968 4866//4969 4867//4970
f 4871//4823 4866//4969 4861//4963
f 4867//4970 4868//4971 4869//4972
f 4869//4972 4870//4973 4872//4974
f 4715//4821 4868//4971 4871//4823
f 4861//4963 4714//4825 4871//4823
f 4872//4974 4873//4975 1980//2061
f 4712//4820 4870//4973 4715//4821
f 1979//2062 4712//4820 4710//4819
f 4872//4974 4874//4976 4869//4972
f 1980//2061 1989//2074 4872//4974
f 4869//4972 4875//4977 4867//4970
f 4876//4978 4874//4976 1990//2073
f 4867//4970 4877//4979 4865//4968
f 4879//4980 4875//4977 4876//4978
f 4865//4968 4878//4981 4884//4967
f 4880//4982 4877//4979 4879//4980
f 4876//4978 4881//2095 4879//4980
f 4879//4980 2009//2096 4880//4982
f 2003//2088 4882//4983 1997//2082
f 1990//2073 4882//4983 4876//4978
f 4880//4982 2011//2099 2019//2106
f 2019//2106 4878//4981 4880//4982
f 4884//4967 4883//2107 4885//2134
f 4885//2134 4864//4966 4884//4967
f 4885//2134 2018//2108 2040//2115
f 4862//4964 2039//2133 2042//2132
f 2042//2132 4854//4957 4862//4964
f 4714//4825 4857//4960 4717//4824
f 4717//4824 4886//4984 4719//4827
f 4848//4950 4886//4984 4856//4953
f 4719//4827 4887//4985 4888//4829
f 4843//4847 4887//4985 4848//4950
f 4888//4829 4734//4846 4728//4838
f 1977//2060 4710//4819 4889//4810
f 4889//4810 4891//4986 1977//2060
f 4700//4809 4698//4805 4890//4987
f 4890//4987 4891//4986 4700//4809
f 1977//2060 4891//4986 1971//2053
f 1971//2053 4890//4987 4892//2052
f 4696//4804 4890//4987 4698//4805
f 4892//2052 4890//4987 4893//4988
f 4893//4988 4894//4989 4892//2052
f 4896//4990 4893//4988 4895//4991
f 4893//4988 4897//4802 4895//4991
f 4895//4991 4899//4992 4896//4990
f 4898//4993 4895//4991 4897//4802
f 4903//4994 4898//4993 4901//4995
f 4897//4802 4900//4996 4898//4993
f 4901//4995 4898//4993 4900//4996
f 4900//4996 4904//4997 4901//4995
f 4901//4995 5505//4998 4903//4994
f 4904//4997 4902//4999 4901//4995
f 4904//4997 4906//5000 4905//5001
f 4905//5001 4908//5002 4904//4997
f 4906//5000 4904//4997 4900//4996
f 4908//5002 4907//5003 4904//4997
f 4908//5002 4912//5004 4910//5005
f 4910//5005 4909//5006 4908//5002
f 4910//5005 5683//5007 4911//5008
f 4911//5008 4913//5009 4910//5005
f 4915//5010 4914//5011 4917//5012
f 4916//5013 4913//5009 4915//5010
f 4915//5010 4921//5014 4916//5013
f 4917//5012 4918//5015 4915//5010
f 4919//5016 4920//5017 6021//5018
f 4922//5019 4918//5015 4919//5016
f 4916//5013 4923//5020 4925//5021
f 4924//5022 4921//5014 4922//5019
f 4929//5023 4923//5020 4924//5022
f 4925//5021 4926//5024 4928//5025
f 4928//5025 4926//5024 4927//5026
f 4930//5027 4926//5024 4929//5023
f 4929//5023 4932//5028 4930//5027
f 4924//5022 4931//5029 4929//5023
f 5460//5030 4931//5029 4933//5031
f 4933//5031 4934//5032 4936//5033
f 4936//5033 4935//5034 4937//5035
f 4922//5019 4934//5032 4924//5022
f 4936//5033 4939//5036 4938//5037
f 4936//5033 4940//5038 4933//5031
f 4938//5037 4943//5039 4941//5040
f 4942//5041 4938//5037 4941//5040
f 4944//5042 4942//5041 4941//5040
f 4941//5040 4946//5043 4944//5042
f 4944//5042 6044//5044 4945//5045
f 4945//5045 4947//5046 4944//5042
f 4948//5047 4949//5048 4950//5049
f 5459//5050 4947//5046 4948//5047
f 4950//5049 4949//5048 4951//5051
f 4954//5052 4949//5048 4945//5045
f 4953//5053 4951//5051 4952//5054
f 4955//5055 4951//5051 4954//5052
f 4951//5051 4953//5053 4950//5049
f 4957//5056 4955//5055 4954//5052
f 4945//5045 4956//5057 4954//5052
f 4954//5052 4956//5057 4957//5056
f 4955//5055 4959//5058 4961//5059
f 4962//5060 4957//5056 4958//5061
f 4958//5061 4956//5057 6041//5062
f 5493//5063 4959//5058 4960//5064
f 4964//5065 4959//5058 4962//5060
f 4958//5061 4963//5066 4962//5060
f 4963//5066 4964//5065 4962//5060
f 4964//5065 4967//5067 4960//5064
f 4965//5068 4966//5069 4964//5065
f 5492//5070 4966//5069 4968//5071
f 4968//5071 4966//5069 4969//5072
f 6048//5073 4969//5072 4965//5068
f 4971//5074 4969//5072 4970//5075
f 4969//5072 4971//5074 4968//5071
f 4970//5075 4972//5076 4971//5074
f 4972//5076 4973//5077 4971//5074
f 4971//5074 4975//5078 4968//5071
f 4976//5079 4973//5077 4974//5080
f 4973//5077 4978//5081 4975//5078
f 4974//5080 4977//5082 4976//5079
f 4980//5083 4976//5079 4977//5082
f 4978//5081 4979//5084 4982//5085
f 5544//5086 4979//5084 4980//5083
f 4982//5085 4981//5087 4983//5088
f 4982//5085 4985//5089 4978//5081
f 4983//5088 4984//5090 4982//5085
f 4988//5091 4984//5090 4987//5092
f 4987//5092 4986//5093 4989//5094
f 4987//5092 4991//5095 4988//5091
f 4989//5094 4990//5096 4987//5092
f 5024//5097 4990//5096 4992//5098
f 4992//5098 4993//5099 4994//5100
f 4994//5100 4995//5101 4996//5102
f 4997//5103 4993//5099 4989//5094
f 4996//5102 4998//5104 5001//5105
f 4999//5106 4995//5101 4997//5103
f 5534//5107 4998//5104 4999//5106
f 5001//5105 5000//5108 5003//5109
f 5001//5105 5016//5110 4996//5102
f 5003//5109 5002//5111 5001//5105
f 5003//5109 5512//5112 5004//1984
f 5004//1984 5005//5113 5003//5109
f 5007//5114 5005//5113 5006//5115
f 5006//5115 1906//1983 1909//1985
f 1909//1985 5008//5116 5006//5115
f 5006//5115 5010//5117 5007//5114
f 5009//5118 1912//1987 1915//1990
f 5011//5119 5008//5116 5009//5118
f 5013//5120 5010//5117 5011//5119
f 5007//5114 5012//5121 5015//5122
f 5435//5123 5012//5121 5013//5120
f 5015//5122 5014//5124 5017//5125
f 5015//5122 5002//5111 5007//5114
f 5017//5125 5016//5110 5015//5122
f 5019//5126 5018//5127 5017//5125
f 5017//5125 5020//5128 5019//5126
f 5021//5129 5020//5128 5033//5130
f 5023//5131 5019//5126 5021//5129
f 4994//5100 5022//5132 4992//5098
f 4992//5098 5023//5131 5024//5097
f 5023//5131 5026//5133 5024//5097
f 5021//5129 5025//5134 5023//5131
f 5483//5135 5025//5134 5027//5136
f 5027//5136 5028//5137 5029//5138
f 5029//5138 5030//5139 5031//5140
f 5033//5130 5028//5137 5021//5129
f 5031//5140 5032//5141 5477//5142
f 5034//5143 5030//5139 5033//5130
f 5033//5130 5035//5144 5034//5143
f 5034//5143 5038//5145 5036//5146
f 5036//5146 5032//5141 5034//5143
f 5039//5147 5037//5148 5036//5146
f 5036//5146 5041//5149 5039//5147
f 5039//5147 5160//5150 5040//5151
f 5040//5151 5042//5152 5039//5147
f 5042//5152 5043//5153 5044//5154
f 5047//5155 5042//5152 5045//5156
f 5044//5154 5045//5156 5042//5152
f 5044//5154 5046//5157 5045//5156
f 5046//5157 5048//5158 5045//5156
f 5048//5158 5047//5155 5045//5156
f 5051//5159 5049//5160 5055//5161
f 5052//5162 5048//5158 5051//5159
f 5054//5163 5052//5162 5051//5159
f 5051//5159 5053//5164 5054//5163
f 5055//5161 5053//5164 5051//5159
f 5055//5161 1928//2007 5057//5165
f 5055//5161 5058//5166 5056//2008
f 5057//5165 5440//5167 5053//5164
f 1931//2011 5057//5165 1928//2007
f 5058//5166 1927//2006 5056//2008
f 5059//5168 5049//5160 5046//5157
f 5059//5168 5060//5169 5058//5166
f 1924//2003 5060//5169 5061//5170
f 5061//5170 5062//5171 5063//5172
f 5062//5171 5066//5173 5063//5172
f 5059//5168 5064//5174 5062//5171
f 5065//5175 5067//5176 5070//5177
f 5413//5178 5064//5174 5065//5175
f 5067//5176 5068//5179 5069//5180
f 5059//5168 5068//5179 5067//5176
f 5069//5180 5070//5177 5067//5176
f 5069//5180 5071//5181 5070//5177
f 5070//5177 5073//5182 5065//5175
f 5074//5183 5072//5184 5079//5185
f 5077//5186 5071//5181 5074//5183
f 5075//5187 5076//5188 5074//5183
f 5079//5185 5075//5187 5074//5183
f 5074//5183 5076//5188 5078//5189
f 5078//5189 5077//5186 5074//5183
f 5079//5185 5152//5190 5080//5191
f 5080//5191 5081//5192 5079//5185
f 5083//5193 5082//5194 5086//5195
f 5085//5196 5081//5192 5083//5193
f 5086//5195 5084//5197 5083//5193
f 5083//5193 5396//5198 5085//5196
f 5086//5195 5148//5199 5087//5200
f 5087//5200 5088//5201 5086//5195
f 5090//5202 5089//5203 5093//5204
f 5094//5205 5088//5201 5090//5202
f 5092//5206 5091//5207 5090//5202
f 5090//5202 5096//5208 5094//5205
f 5093//5204 5092//5206 5090//5202
f 5094//5205 5097//5209 5095//5210
f 5095//5210 5084//5197 5094//5205
f 5100//5211 5096//5208 5091//5207
f 5095//5210 5098//5212 5236//5213
f 5099//5214 5098//5212 5097//5209
f 5097//5209 5100//5211 5099//5214
f 5100//5211 5102//5215 5101//5216
f 5101//5216 5099//5214 5100//5211
f 5101//5216 5107//5217 5104//5218
f 5104//5218 5103//5219 5101//5216
f 5105//5220 5106//5221 5104//5218
f 5104//5218 5108//5222 5105//5220
f 5102//5215 5109//5223 5107//5217
f 5110//5224 5107//5217 5109//5223
f 5109//5223 5112//5225 5111//5226
f 5109//5223 5113//5227 5110//5224
f 5111//5226 5115//5228 5114//5229
f 5116//5230 5111//5226 5114//5229
f 5114//5229 5120//5231 5117//5232
f 5117//5232 5116//5230 5114//5229
f 5118//5233 5119//5234 5117//5232
f 5117//5232 5121//5235 5118//5233
f 5122//5236 5115//5228 5123//5237
f 5124//5238 5120//5231 5122//5236
f 5125//5239 5122//5236 5123//5237
f 5122//5236 5127//5240 5124//5238
f 5123//5237 5126//5241 5125//5239
f 5128//5242 5126//5241 5129//5243
f 5128//5242 5127//5240 5125//5239
f 5129//5243 5130//5244 5128//5242
f 5131//5245 5130//5244 5132//5246
f 5133//5247 5131//5245 5132//5246
f 5133//5247 5127//5240 5131//5245
f 5132//5246 5136//5248 5133//5247
f 5135//5249 5134//5250 5133//5247
f 5135//5249 5136//5248 5137//5251
f 5141//5252 5136//5248 5132//5246
f 5137//5251 5138//5253 5139//5254
f 5139//5254 5140//5255 5304//5256
f 5141//5252 5140//5255 5138//5253
f 5132//5246 5143//5257 5141//5252
f 5143//5257 5142//5258 5141//5252
f 5143//5257 5146//5259 5145//5260
f 5145//5260 5144//5261 5143//5257
f 5145//5260 5148//5199 5147//5262
f 5147//5262 5082//5194 5080//5191
f 5149//5263 5147//5262 5080//5191
f 5087//5200 5146//5259 5129//5243
f 5150//5264 5144//5261 5149//5263
f 5080//5191 5151//5265 5149//5263
f 5149//5263 5153//5266 5150//5264
f 5154//5267 5152//5190 5156//5268
f 5153//5266 5151//5265 5154//5267
f 5154//5267 5155//5269 5153//5266
f 5155//5269 5043//5153 5040//5151
f 5044//5154 5154//5267 5156//5268
f 5156//5268 5072//5184 5069//5180
f 5156//5268 5068//5179 5044//5154
f 5155//5269 5159//5270 5153//5266
f 5157//5271 5155//5269 5040//5151
f 5040//5151 5160//5150 5157//5271
f 5158//5272 5160//5150 5161//5273
f 5307//5274 5157//5271 5158//5272
f 5161//5273 5041//5149 5162//5275
f 5161//5273 5166//5276 5158//5272
f 5164//5277 5161//5273 5162//5275
f 5423//5278 5163//5279 5164//5277
f 5166//5276 5165//5280 5168//5281
f 5158//5272 5167//5282 5307//5274
f 5169//5283 5166//5276 5168//5281
f 5168//5281 5174//5284 5169//5283
f 5168//5281 5420//5285 5170//5286
f 5170//5286 5171//5287 5168//5281
f 5172//5288 5173//5289 5436//5290
f 5175//5291 5171//5287 5172//5288
f 5174//5284 5175//5291 5176//5292
f 5176//5292 5177//5293 5174//5284
f 5169//5283 5177//5293 5179//5294
f 5204//5295 5177//5293 5176//5292
f 5179//5294 5178//5296 5183//5297
f 5181//5298 5180//5299 5179//5294
f 5179//5294 5167//5282 5169//5283
f 5184//5300 5181//5298 5179//5294
f 5179//5294 5183//5297 5182//5301
f 5182//5301 5184//5300 5179//5294
f 5185//5302 5184//5300 5186//5303
f 5187//5304 5186//5303 5184//5300
f 5184//5300 5182//5301 5187//5304
f 5188//5305 5186//5303 5187//5304
f 5187//5304 5189//5306 5188//5305
f 5189//5306 5187//5304 5190//5307
f 5190//5307 5182//5301 5192//5308
f 5190//5307 5191//5309 5189//5306
f 5191//5309 5190//5307 5193//5310
f 5192//5308 5193//5310 5190//5307
f 5193//5310 5194//5311 5191//5309
f 5194//5311 5193//5310 5195//5312
f 5195//5312 5196//5313 5197//5314
f 5197//5314 5196//5313 5198//5315
f 5201//5316 5196//5313 5192//5308
f 5198//5315 5199//5317 5197//5314
f 5199//5317 5200//5318 5283//5319
f 5202//5320 5198//5315 5201//5316
f 5183//5297 5202//5320 5201//5316
f 5192//5308 5183//5297 5201//5316
f 5203//5321 5178//5296 5204//5295
f 5203//5321 5200//5318 5202//5320
f 5204//5295 5206//5322 5203//5321
f 5206//5322 5205//5323 5203//5321
f 5206//5322 5210//5324 5209//5325
f 5211//5326 5206//5322 5209//5325
f 5209//5325 5214//5327 5213//5328
f 5212//5329 5211//5326 5209//5325
f 5209//5325 5216//5330 5212//5329
f 5215//5331 5214//5327 5404//5332
f 5213//5328 5215//5331 5217//5333
f 5217//5333 5216//5330 5213//5328
f 5219//5334 5217//5333 5215//5331
f 5217//5333 5221//5335 5218//5336
f 5216//5330 5217//5333 5218//5336
f 5215//5331 5220//5337 5219//5334
f 5222//5338 5219//5334 5220//5337
f 5223//5339 5219//5334 5222//5338
f 5220//5337 5225//5340 5222//5338
f 5222//5338 5287//5341 5223//5339
f 5228//5342 5222//5338 5225//5340
f 5225//5340 5220//5337 5226//5343
f 5226//5343 5227//5344 5225//5340
f 5225//5340 5231//5345 5228//5342
f 5243//5346 5228//5342 5229//5347
f 5230//5348 5229//5347 5228//5342
f 5228//5342 5231//5345 5230//5348
f 5232//5349 5231//5345 5227//5344
f 5231//5345 5232//5349 5233//5350
f 5233//5350 5230//5348 5231//5345
f 5233//5350 5232//5349 5234//5351
f 5234//5351 5236//5213 5233//5350
f 5230//5348 5233//5350 5235//5352
f 5235//5352 5233//5350 5236//5213
f 5236//5213 5396//5198 5095//5210
f 5236//5213 5098//5212 5235//5352
f 5235//5352 5238//5353 5230//5348
f 5237//5354 5238//5353 5235//5352
f 5235//5352 5099//5214 5237//5354
f 5229//5347 5238//5353 5240//5355
f 5240//5355 5239//5356 5241//5357
f 5229//5347 5242//5358 5243//5346
f 5244//5359 5240//5355 5241//5357
f 5243//5346 5245//5360 5289//5361
f 5242//5358 5244//5359 5246//5362
f 5246//5362 5245//5360 5242//5358
f 5244//5359 5247//5363 5246//5362
f 5246//5362 5249//5364 5248//5365
f 5248//5365 5245//5360 5246//5362
f 5248//5365 5340//5366 5250//5367
f 5251//5368 5248//5365 5250//5367
f 5250//5367 5253//5369 5251//5368
f 5252//5370 5253//5369 5255//5371
f 5289//5361 5251//5368 5252//5370
f 5253//5369 5250//5367 5254//5372
f 5254//5372 5256//5373 5253//5369
f 5255//5371 5253//5369 5256//5373
f 5258//5374 5254//5372 5259//5375
f 5256//5373 5257//5376 5255//5371
f 5261//5377 5256//5373 5258//5374
f 5259//5375 5260//5378 5258//5374
f 5258//5374 5188//5305 5261//5377
f 5261//5377 5188//5305 5189//5306
f 5189//5306 5262//5379 5261//5377
f 5262//5379 5257//5376 5261//5377
f 5262//5379 5189//5306 5191//5309
f 5191//5309 5265//5380 5262//5379
f 5262//5379 5265//5380 5263//5381
f 5263//5381 5264//5382 5262//5379
f 5265//5380 5191//5309 5194//5311
f 5194//5311 5268//5383 5265//5380
f 5266//5384 5263//5381 5265//5380
f 5265//5380 5267//5385 5266//5384
f 5267//5385 5265//5380 5268//5383
f 5270//5386 5268//5383 5194//5311
f 5268//5383 5269//5387 5267//5385
f 5270//5386 5269//5387 5268//5383
f 5194//5311 5272//5388 5270//5386
f 5271//5389 5270//5386 5272//5388
f 5195//5312 5272//5388 5194//5311
f 5272//5388 5195//5312 5197//5314
f 5197//5314 5273//5390 5272//5388
f 5272//5388 5273//5390 5271//5389
f 5199//5317 5273//5390 5197//5314
f 5276//5391 5273//5390 5274//5392
f 5283//5319 5274//5392 5199//5317
f 5276//5391 5275//5393 5277//5394
f 5277//5394 5278//5395 5276//5391
f 5278//5395 5271//5389 5276//5391
f 5218//5336 5269//5387 5278//5395
f 5278//5395 5212//5329 5218//5336
f 5280//5396 5279//5397 5277//5394
f 5277//5394 5281//5398 5280//5396
f 5280//5396 5208//5399 5211//5326
f 5282//5400 5208//5399 5281//5398
f 5282//5400 5275//5393 5283//5319
f 5200//5318 5282//5400 5283//5319
f 5266//5384 5267//5385 5218//5336
f 5218//5336 5221//5335 5266//5384
f 5284//5401 5221//5335 5223//5339
f 5285//5402 5266//5384 5284//5401
f 5223//5339 5286//5403 5284//5401
f 5284//5401 5288//5404 5285//5402
f 5252//5370 5287//5341 5289//5361
f 5286//5403 5252//5370 5255//5371
f 5255//5371 5288//5404 5286//5403
f 5257//5376 5288//5404 5255//5371
f 5285//5402 5264//5382 5263//5381
f 5289//5361 5224//5405 5243//5346
f 5186//5303 5260//5378 5291//5406
f 5291//5406 5290//5407 5292//5408
f 5291//5406 5296//5409 5186//5303
f 5292//5408 5293//5410 5291//5406
f 5295//5411 5293//5410 5294//5412
f 5297//5413 5293//5410 5295//5411
f 5299//5414 5296//5409 5297//5413
f 5186//5303 5296//5409 5185//5302
f 5298//5415 5297//5413 5295//5411
f 5297//5413 5300//5416 5299//5414
f 5301//5417 5185//5302 5299//5414
f 5299//5414 5302//5418 5301//5417
f 5301//5417 5303//5419 5181//5298
f 5304//5256 5302//5418 5139//5254
f 5139//5254 5300//5416 5137//5251
f 5305//5420 5303//5419 5304//5256
f 5304//5256 5306//5421 5305//5420
f 5305//5420 5159//5270 5307//5274
f 5307//5274 5180//5299 5305//5420
f 5306//5421 5142//5258 5150//5264
f 5153//5266 5306//5421 5150//5264
f 5137//5251 5298//5415 5135//5249
f 5135//5249 5308//5422 5309//5423
f 5295//5411 5308//5422 5298//5415
f 5313//5424 5308//5422 5311//5425
f 5308//5422 5295//5411 5310//5426
f 5310//5426 5311//5425 5308//5422
f 5327//5427 5311//5425 5310//5426
f 5311//5425 5314//5428 5313//5424
f 5315//5429 5309//5423 5313//5424
f 5313//5424 5316//5430 5315//5429
f 5124//5238 5134//5250 5315//5429
f 5315//5429 5121//5235 5124//5238
f 5317//5431 5314//5428 5319//5432
f 5118//5233 5316//5430 5317//5431
f 5317//5431 5373//5433 5118//5233
f 5319//5432 5318//5434 5317//5431
f 5319//5432 5312//5435 5321//5436
f 5321//5436 5320//5437 5319//5432
f 5323//5438 5312//5435 5327//5427
f 5326//5439 5321//5436 5323//5438
f 5327//5427 5324//5440 5323//5438
f 5323//5438 5324//5440 5325//5441
f 5325//5441 5326//5439 5323//5438
f 5310//5426 5328//5442 5327//5427
f 5329//5443 5294//5412 5292//5408
f 5331//5444 5328//5442 5329//5443
f 5329//5443 5333//5445 5331//5444
f 5292//5408 5330//5446 5329//5443
f 5324//5440 5331//5444 5332//5447
f 5331//5444 5334//5448 5332//5447
f 5336//5449 5333//5445 5335//5450
f 5335//5450 5330//5446 5338//5451
f 5371//5452 5335//5450 5337//5453
f 5338//5451 5337//5453 5335//5450
f 5338//5451 5290//5407 5259//5375
f 5339//5454 5338//5451 5259//5375
f 5259//5375 5254//5372 5339//5454
f 5337//5453 5340//5366 5341//5455
f 5250//5367 5339//5454 5254//5372
f 5341//5455 5340//5366 5249//5364
f 5249//5364 5343//5456 5341//5455
f 5342//5457 5337//5453 5341//5455
f 5341//5455 5344//5458 5342//5457
f 5343//5456 5247//5363 5345//5459
f 5346//5460 5343//5456 5345//5459
f 5345//5459 5348//5461 5347//5462
f 5345//5459 5350//5463 5346//5460
f 5349//5464 5348//5461 5387//5465
f 5351//5466 5347//5462 5349//5464
f 5353//5467 5350//5463 5351//5466
f 5355//5468 5350//5463 5352//5469
f 5375//5470 5352//5469 5353//5467
f 5352//5469 5357//5471 5355//5468
f 5355//5468 5358//5472 5356//5473
f 5355//5468 5344//5458 5346//5460
f 5359//5474 5358//5472 5357//5471
f 5357//5471 5360//5475 5359//5474
f 5359//5474 5318//5434 5320//5437
f 5320//5437 5361//5476 5359//5474
f 5362//5477 5358//5472 5361//5476
f 5361//5476 5326//5439 5362//5477
f 5364//5478 5363//5479 5362//5477
f 5326//5439 5364//5478 5362//5477
f 5365//5480 5364//5478 5325//5441
f 5364//5478 5365//5480 5367//5481
f 5367//5481 5366//5482 5364//5478
f 5369//5483 5367//5481 5368//5484
f 5365//5480 5334//5448 5367//5481
f 5368//5484 5334//5448 5336//5449
f 5368//5484 5371//5452 5369//5483
f 5363//5479 5369//5483 5370//5485
f 5370//5485 5371//5452 5342//5457
f 5342//5457 5356//5473 5370//5485
f 5370//5485 5358//5472 5363//5479
f 5325//5441 5332//5447 5365//5480
f 5360//5475 5375//5470 5372//5486
f 5372//5486 5318//5434 5360//5475
f 5374//5487 5373//5433 5372//5486
f 5376//5488 5374//5487 5372//5486
f 5372//5486 5375//5470 5376//5488
f 5374//5487 5376//5488 5377//5489
f 5379//5490 5376//5488 5378//5491
f 5376//5488 5375//5470 5353//5467
f 5353//5467 5378//5491 5376//5488
f 5351//5466 5380//5492 5378//5491
f 5378//5491 5353//5467 5351//5466
f 5379//5490 5380//5492 5382//5493
f 5349//5464 5380//5492 5351//5466
f 5382//5493 5381//5494 5384//5495
f 5384//5495 5383//5496 5382//5493
f 5382//5493 5388//5497 5379//5490
f 5385//5498 5106//5221 5384//5495
f 5384//5495 5386//5499 5385//5498
f 5237//5354 5103//5219 5385//5498
f 5385//5498 5239//5356 5237//5354
f 5387//5465 5239//5356 5386//5499
f 5387//5465 5381//5494 5349//5464
f 5348//5461 5241//5357 5387//5465
f 5390//5500 5383//5496 5105//5220
f 5389//5501 5390//5500 5391//5502
f 5379//5490 5389//5501 5377//5489
f 5108//5222 5390//5500 5105//5220
f 5393//5503 5391//5502 5392//5504
f 5392//5504 5108//5222 5110//5224
f 5392//5504 5113//5227 5393//5503
f 5377//5489 5393//5503 5394//5505
f 5394//5505 5113//5227 5116//5230
f 5377//5489 5394//5505 5374//5487
f 5394//5505 5119//5234 5374//5487
f 5332//5447 5325//5441 5324//5440
f 5294//5412 5310//5426 5295//5411
f 5234//5351 5398//5506 5395//5507
f 5085//5196 5234//5351 5395//5507
f 5400//5508 5395//5507 5398//5506
f 5395//5507 5075//5187 5085//5196
f 5227//5344 5398//5506 5232//5349
f 5398//5506 5226//5343 5399//5509
f 5399//5509 5400//5508 5398//5506
f 5401//5510 5397//5511 5400//5508
f 5401//5510 5402//5512 5403//5513
f 5403//5513 5404//5332 5405//5514
f 5404//5332 5399//5509 5215//5331
f 5404//5332 5210//5324 5405//5514
f 5403//5513 5405//5514 5406//5515
f 5405//5514 5408//5516 5406//5515
f 5210//5324 5407//5517 5405//5514
f 5176//5292 5207//5518 5204//5295
f 5175//5291 5407//5517 5176//5292
f 5406//5515 5409//5519 5411//5520
f 5172//5288 5408//5516 5175//5291
f 5436//5290 5409//5519 5172//5288
f 5409//5519 5412//5521 5411//5520
f 5406//5515 5411//5520 5077//5186
f 5411//5520 5073//5182 5077//5186
f 5065//5175 5412//5521 5413//5178
f 5413//5178 5410//5522 5414//5523
f 5413//5178 5416//5524 5066//5173
f 5436//5290 5414//5523 5410//5522
f 5415//5525 5416//5524 5414//5523
f 5066//5173 5417//5526 5063//5172
f 5419//5527 5416//5524 5418//5528
f 5419//5527 5420//5285 5421//5529
f 5170//5286 5418//5528 5415//5525
f 5421//5529 5420//5285 5165//5280
f 5422//5530 5423//5278 5425//5531
f 5421//5529 5431//5532 5419//5527
f 5165//5280 5423//5278 5421//5529
f 5164//5277 5424//5533 5423//5278
f 5423//5278 5427//5534 5425//5531
f 5428//5535 5425//5531 5426//1996
f 5426//1996 5427//5534 1918//1994
f 5009//5118 5427//5534 5424//5533
f 1915//1990 5427//5534 5009//5118
f 5426//1996 1925//2004 5428//5535
f 5428//5535 5430//5536 5429//5537
f 5429//5537 5422//5530 5428//5535
f 5429//5537 5432//5538 5431//5532
f 5431//5532 5417//5526 5419//5527
f 5063//5172 5432//5538 5061//5170
f 5061//5170 5430//5536 1924//2003
f 5011//5119 5433//5539 5013//5120
f 5424//5533 5011//5119 5009//5118
f 5162//5275 5433//5539 5164//5277
f 5013//5120 5434//5540 5435//5123
f 5041//5149 5434//5540 5162//5275
f 5435//5123 5038//5145 5035//5144
f 5035//5144 5014//5124 5435//5123
f 5415//5525 5173//5289 5170//5286
f 5406//5515 5078//5189 5403//5513
f 5077//5186 5078//5189 5406//5515
f 5076//5188 5401//5510 5403//5513
f 5403//5513 5078//5189 5076//5188
f 5399//5509 5220//5337 5215//5331
f 5218//5336 5212//5329 5216//5330
f 5129//5243 5126//5241 5089//5203
f 5089//5203 5087//5200 5129//5243
f 5093//5204 5126//5241 5123//5237
f 5123//5237 5112//5225 5093//5204
f 5052//5162 5054//5163 5437//5541
f 5439//5542 5054//5163 5438//5543
f 5438//5543 5053//5164 5440//5167
f 5438//5543 5444//5544 5439//5542
f 5440//5167 5441//5545 5438//5543
f 5443//5546 5442//5547 5511//5548
f 5446//5549 5441//5545 5443//5546
f 5439//5542 5445//5550 5473//5551
f 5448//5552 5444//5544 5446//5549
f 5443//5546 5447//5553 5446//5549
f 5446//5549 5450//5554 5448//5552
f 5448//5552 5451//5555 5449//5556
f 5449//5556 5445//5550 5448//5552
f 5453//5557 5450//5554 5447//5553
f 5452//5558 5451//5555 5450//5554
f 5450//5554 5453//5557 5452//5558
f 5447//5553 5454//5559 5453//5557
f 5456//5560 5453//5557 5454//5559
f 5452//5558 5455//5561 5457//5562
f 5460//5030 5455//5561 5456//5560
f 5457//5562 5458//5563 5459//5050
f 5459//5050 4940//5038 4942//5041
f 4933//5031 5458//5563 5460//5030
f 5456//5560 4932//5028 5460//5030
f 5459//5050 5461//5564 5457//5562
f 5457//5562 5451//5555 5452//5558
f 5461//5564 5462//5565 5449//5556
f 5449//5556 5451//5555 5461//5564
f 5461//5564 4948//5047 4950//5049
f 4950//5049 5462//5565 5461//5564
f 5463//5566 5449//5556 5462//5565
f 5462//5565 5464//5567 5463//5566
f 5464//5567 5462//5565 4950//5049
f 5464//5567 5466//5568 5465//5569
f 5465//5569 5463//5566 5464//5567
f 4950//5049 4953//5053 5464//5567
f 5466//5568 5464//5567 4953//5053
f 5467//5570 5468//5571 5466//5568
f 4953//5053 5467//5570 5466//5568
f 5466//5568 5468//5571 5469//5572
f 5469//5572 5465//5569 5466//5568
f 5470//5573 5468//5571 5480//5574
f 5465//5569 5471//5575 5473//5551
f 5472//5576 5469//5572 5470//5573
f 5475//5577 5471//5575 5472//5576
f 5473//5551 5437//5541 5439//5542
f 5465//5569 5445//5550 5463//5566
f 5470//5573 5474//5578 5472//5576
f 5472//5576 5476//5579 5475//5577
f 5437//5541 5475//5577 5052//5162
f 5476//5579 5052//5162 5475//5577
f 5047//5155 5476//5579 5477//5142
f 5477//5142 5474//5578 5031//5140
f 5477//5142 5037//5148 5047//5155
f 5031//5140 5478//5580 5029//5138
f 5470//5573 5479//5581 5478//5580
f 5029//5138 5479//5581 5027//5136
f 5482//5582 5479//5581 5480//5574
f 5027//5136 5481//5583 5483//5135
f 5485//5584 5481//5583 5482//5582
f 5483//5135 5481//5583 5484//5585
f 5493//5063 5484//5585 5485//5584
f 5484//5585 5487//5586 5483//5135
f 5487//5586 5486//5587 5488//5588
f 5490//5589 5487//5586 5488//5588
f 5487//5586 5026//5133 5483//5135
f 5024//5097 5489//5590 4991//5095
f 4988//5091 5489//5590 5490//5589
f 5488//5588 5491//5591 5490//5589
f 5490//5589 4985//5089 4988//5091
f 4975//5078 5492//5070 4968//5071
f 4978//5081 5491//5591 4975//5078
f 5488//5588 4967//5067 5492//5070
f 4960//5064 5486//5587 5493//5063
f 5485//5584 4961//5059 5493//5063
f 5482//5582 5494//5592 5485//5584
f 4955//5055 5494//5592 4952//5054
f 5467//5570 5494//5592 5495//5593
f 5480//5574 5495//5593 5482//5582
f 4952//5054 5467//5570 4953//5053
f 5454//5559 5496//5594 5456//5560
f 5498//5595 5497//5596 1937//2016
f 4930//5027 5496//5594 5498//5595
f 5498//5595 4927//5026 4930//5027
f 1937//2016 5499//5597 5498//5595
f 5504//5598 5499//5597 5501//5599
f 5501//5599 5500//5600 5502//5601
f 5502//5601 5503//5602 5501//5599
f 5501//5599 5505//4998 5504//5598
f 4927//5026 5504//5598 4928//5025
f 5504//5598 4902//4999 4928//5025
f 4903//4994 5503//5602 5507//2041
f 5507//2041 5506//5603 1955//2034
f 5507//2041 4899//4992 4903//4994
f 5506//5603 5509//5604 1955//2034
f 5502//5601 5508//5605 5506//5603
f 1943//2022 5508//5605 1941//2020
f 1941//2020 5500//5600 1937//2016
f 1945//2023 5509//5604 1943//2022
f 5497//5596 1938//2018 1937//2016
f 5454//5559 5510//5606 5497//5596
f 5510//5606 5443//5546 5511//5548
f 5511//5548 1938//2018 5510//5606
f 5511//5548 1930//2010 1933//2013
f 1933//2013 1938//2018 5511//5548
f 1931//2011 5442//5547 5440//5167
f 4996//5102 5018//5127 4994//5100
f 5004//1984 5514//5607 1907//1982
f 5513//5608 5000//5108 5534//5107
f 5514//5607 5512//5112 5513//5608
f 5513//5608 5515//5609 5514//5607
f 5516//5610 5514//5607 5515//5609
f 1907//1982 5514//5607 5516//5610
f 5515//5609 5517//5611 5516//5610
f 5520//5612 5516//5610 5517//5611
f 5516//5610 1904//1979 1907//1982
f 1904//1979 5518//5613 1902//1976
f 5521//5614 5518//5613 5520//5612
f 1902//1976 5519//5615 1898//1972
f 5521//5614 5522//5616 5524//5617
f 5525//5618 5520//5612 5517//5611
f 5527//5619 5522//5616 5525//5618
f 5524//5617 5523//5620 5877//5621
f 5517//5611 5526//5622 5525//5618
f 5525//5618 5529//5623 5527//5619
f 5529//5623 5528//5624 5527//5619
f 5527//5619 5876//5625 5523//5620
f 5531//5626 5530//5627 5529//5623
f 5531//5626 5529//5623 5526//5622
f 5532//5628 5531//5626 5533//5629
f 5526//5622 5533//5629 5531//5626
f 5533//5629 5535//5630 5532//5628
f 5533//5629 5526//5622 5515//5609
f 5533//5629 5513//5608 5534//5107
f 5534//5107 5535//5630 5533//5629
f 5515//5609 5513//5608 5533//5629
f 4999//5106 5535//5630 5534//5107
f 5532//5628 5536//5631 5537//5632
f 5539//5633 5536//5631 4999//5106
f 5536//5631 5540//5634 5537//5632
f 5544//5086 5538//5635 5539//5633
f 5540//5634 5541//5636 5542//5637
f 5542//5637 5541//5636 5543//5638
f 4980//5083 5541//5636 5544//5086
f 5544//5086 6068//5639 4981//5087
f 5543//5638 5545//5640 5542//5637
f 5545//5640 5543//5638 5546//5641
f 4977//5082 5543//5638 4980//5083
f 4977//5082 5547//5642 5546//5641
f 5546//5641 5548//5643 5545//5640
f 5548//5643 5547//5642 5550//5644
f 5548//5643 5612//5645 5549//5646
f 5548//5643 5549//5646 5551//5647
f 5551//5647 5545//5640 5548//5643
f 5551//5647 5553//5648 5552//5649
f 5552//5649 5554//5650 5551//5647
f 5553//5648 5551//5647 5549//5646
f 5545//5640 5551//5647 5554//5650
f 5555//5651 5554//5650 5552//5649
f 5554//5650 5542//5637 5545//5640
f 5542//5637 5555//5651 5540//5634
f 5556//5652 5557//5653 5558//5654
f 5540//5634 5555//5651 5556//5652
f 5552//5649 5557//5653 5555//5651
f 5558//5654 5559//5655 5560//5656
f 5561//5657 5557//5653 5552//5649
f 5564//5658 5559//5655 5562//5659
f 5562//5659 5559//5655 5561//5657
f 5561//5657 5563//5660 5562//5659
f 5563//5660 5566//5661 5562//5659
f 5565//5662 5564//5658 5562//5659
f 5562//5659 5566//5661 5565//5662
f 5570//5663 5566//5661 5568//5664
f 5565//5662 5567//5665 5886//5666
f 5568//5664 5572//5667 5570//5663
f 5569//5668 5563//5660 6065//5669
f 5567//5665 5570//5663 5571//5670
f 5570//5663 5573//5671 5571//5670
f 5575//5672 5572//5667 5574//5673
f 5574//5673 5569//5668 5576//5674
f 5577//5675 5575//5672 5574//5673
f 5574//5673 5579//5676 5577//5675
f 5580//5677 5578//5678 5577//5675
f 5577//5675 5583//5679 5580//5677
f 5581//5680 5580//5677 5582//5681
f 5580//5677 5584//5682 5582//5681
f 5587//5683 5583//5679 5585//5684
f 5585//5684 5579//5676 5586//5685
f 5585//5684 5588//5686 5587//5683
f 5589//5687 5584//5682 5587//5683
f 5587//5683 5592//5688 5589//5687
f 5591//5689 5590//5690 5589//5687
f 5589//5687 5594//5691 5591//5689
f 5593//5692 5594//5691 5592//5688
f 5593//5692 5588//5686 6066//5693
f 5591//5689 5595//5694 5638//5695
f 5595//5694 5596//5696 5597//5697
f 5597//5697 5598//5698 5601//5699
f 5600//5700 5596//5696 5593//5692
f 5601//5699 5599//5701 5603//5702
f 6061//5703 5598//5698 5600//5700
f 5601//5699 5631//5704 5597//5697
f 5602//5705 5601//5699 5603//5702
f 5603//5702 5604//5706 5602//5705
f 5604//5706 5603//5702 5605//5707
f 5603//5702 5608//5708 5605//5707
f 5605//5707 5606//5709 5604//5706
f 5605//5707 5618//5710 5606//5709
f 5605//5707 5611//5711 5607//5712
f 5608//5708 5609//5713 5610//5714
f 5609//5713 5599//5701 6061//5703
f 5610//5714 5611//5711 5608//5708
f 5549//5646 5611//5711 5610//5714
f 5612//5645 5607//5712 5611//5711
f 5612//5645 5614//5715 5613//5716
f 5617//5717 5613//5716 5614//5715
f 5607//5712 5615//5718 5618//5710
f 6050//5719 5615//5718 5617//5717
f 5618//5710 5616//5720 5619//5721
f 5619//5721 5606//5709 5618//5710
f 5622//5722 5620//5723 5619//5721
f 5616//5720 5621//5724 5619//5721
f 5619//5721 5623//5725 5622//5722
f 5622//5722 6038//5726 5624//5727
f 5624//5727 5625//5728 5622//5722
f 5628//5729 5625//5728 5626//5730
f 5628//5729 5627//5731 5629//5732
f 6053//5733 5626//5730 5624//5727
f 5604//5706 5620//5723 5628//5729
f 5604//5706 5628//5729 5629//5732
f 5629//5732 5602//5705 5604//5706
f 5630//5734 5602//5705 5629//5732
f 5629//5732 5632//5735 5630//5734
f 5630//5734 5636//5736 5631//5704
f 5633//5737 5630//5734 5632//5735
f 5632//5735 5634//5738 5633//5737
f 5635//5739 5634//5738 6059//5740
f 5637//5741 5633//5737 5635//5739
f 5631//5704 5595//5694 5597//5697
f 5638//5695 5636//5736 5637//5741
f 5637//5741 5641//5742 5638//5695
f 5635//5739 5639//5743 5637//5741
f 5642//5744 5640//5745 5643//5746
f 5644//5747 5639//5743 5642//5744
f 5643//5746 5645//5748 5642//5744
f 5642//5744 5646//5749 5644//5747
f 5650//5750 5645//5748 5648//5751
f 5648//5751 5647//5752 5652//5753
f 5989//5754 5648//5751 5649//5755
f 5651//5756 5649//5755 5648//5751
f 5648//5751 5652//5753 5651//5756
f 5651//5756 5652//5753 5653//5757
f 5654//5758 5653//5757 5652//5753
f 5652//5753 5647//5752 5654//5758
f 5643//5746 5655//5759 5654//5758
f 5656//5760 5654//5758 5655//5759
f 5653//5757 5654//5758 5656//5760
f 5654//5758 5647//5752 5643//5746
f 5655//5759 5657//5761 5656//5760
f 5661//5762 5656//5760 5657//5761
f 5656//5760 5658//5763 5653//5757
f 5658//5763 5659//5764 5660//5765
f 5662//5766 5659//5764 5661//5762
f 5661//5762 5666//5767 5662//5766
f 5657//5761 5663//5768 5661//5762
f 5665//5769 5664//5770 6058//5771
f 5667//5772 5663//5768 5665//5769
f 5668//5773 5666//5767 5667//5772
f 5666//5767 5671//5774 5662//5766
f 5667//5772 5670//5775 5668//5773
f 5668//5773 5669//5776 5672//5777
f 5669//5776 5668//5773 5670//5775
f 5672//5777 5671//5774 5668//5773
f 5673//5778 5671//5774 5672//5777
f 5672//5777 5675//5779 5673//5778
f 5669//5776 5674//5780 5672//5777
f 5689//5781 5674//5780 5676//5782
f 5676//5782 5674//5780 5677//5783
f 5677//5783 5679//5784 5676//5782
f 5677//5783 5669//5776 5678//5785
f 5678//5785 5680//5786 5677//5783
f 5679//5784 5680//5786 5681//5787
f 5681//5787 4914//5011 4911//5008
f 4917//5012 5680//5786 5678//5785
f 4911//5008 5682//5788 5681//5787
f 5681//5787 5685//5789 5679//5784
f 5684//5790 5683//5007 6018//5791
f 5686//5792 5682//5788 5684//5790
f 5687//5793 5686//5792 5690//5794
f 5679//5784 5687//5793 5676//5782
f 5687//5793 5688//5795 5689//5781
f 5690//5794 5688//5795 5687//5793
f 5689//5781 5676//5782 5687//5793
f 5690//5794 5693//5796 5692//5797
f 5692//5797 5691//5798 5690//5794
f 5692//5797 5696//5799 5695//5800
f 5694//5801 5692//5797 5695//5800
f 5695//5800 5698//5802 5697//5803
f 5695//5800 5697//5803 5694//5801
f 5697//5803 5698//5802 5701//5804
f 5699//5805 5694//5801 5697//5803
f 5700//5806 5699//5805 5697//5803
f 5701//5804 5700//5806 5697//5803
f 5701//5804 4674//4781 4671//4777
f 4671//4777 5702//5807 5701//5804
f 4657//4761 5702//5807 4668//4775
f 4654//4759 5702//5807 4657//4761
f 5700//5806 4654//4759 4652//4756
f 4652//4756 5703//5808 5700//5806
f 5705//5809 5703//5808 4652//4756
f 5704//5810 5699//5805 5703//5808
f 5703//5808 5705//5809 5704//5810
f 5705//5809 5708//5811 5704//5810
f 4648//4754 5706//5812 5705//5809
f 5705//5809 4650//4755 4648//4754
f 4652//4756 4650//4755 5705//5809
f 5707//5813 4648//4754 6016//4736
f 5709//5814 5706//5812 5707//5813
f 5710//5815 5709//5814 5713//5816
f 5704//5810 5708//5811 5710//5815
f 5710//5815 5694//5801 5704//5810
f 5711//5817 5694//5801 5710//5815
f 5710//5815 5712//5818 5711//5817
f 5712//5818 5710//5815 5713//5816
f 5713//5816 5719//5819 5712//5818
f 5713//5816 5715//5820 5714//5821
f 5719//5819 5713//5816 5714//5821
f 5715//5820 5713//5816 5716//5822
f 5717//5823 5716//5822 5713//5816
f 5713//5816 5718//5824 5717//5823
f 6012//5825 5713//5816 5709//5814
f 5720//5826 5712//5818 5719//5819
f 5714//5821 5720//5826 5719//5819
f 5662//5766 5721//5827 5720//5826
f 5720//5826 5660//5765 5662//5766
f 5660//5765 5723//5828 5658//5763
f 5723//5828 5714//5821 5715//5820
f 5715//5820 5724//5829 5723//5828
f 5723//5828 5725//5830 5658//5763
f 5726//5831 5716//5822 5717//5823
f 5727//5832 5724//5829 5726//5831
f 5717//5823 5728//5833 5726//5831
f 5726//5831 5729//5834 5727//5832
f 5728//5833 5731//5835 5729//5834
f 5735//5836 5730//5837 5717//5823
f 5731//5835 5732//5838 5734//5839
f 5734//5839 5733//5840 5810//5841
f 5736//5842 5732//5838 5735//5836
f 5718//5824 5735//5836 5717//5823
f 5735//5836 5718//5824 5736//5842
f 5739//5843 5736//5842 5718//5824
f 5736//5842 5738//5844 5733//5840
f 5742//5845 5737//5846 5740//5847
f 5739//5843 5740//5847 5737//5846
f 5741//5848 5743//5849 5740//5847
f 5739//5843 5741//5848 5740//5847
f 5740//5847 5745//5850 5742//5845
f 5991//5851 5743//5849 5744//5852
f 5744//5852 5746//5853 5748//5854
f 5769//5855 5746//5853 5741//5848
f 5748//5854 5747//5856 5750//5857
f 5748//5854 5994//5858 5744//5852
f 5752//5859 5748//5854 5750//5857
f 5750//5857 5767//5860 5751//5861
f 5750//5857 5753//5862 5752//5859
f 5754//5863 5753//5862 5757//5864
f 5756//5865 5752//5859 5754//5863
f 5757//5864 5755//5866 5754//5863
f 5754//5863 5998//5867 5756//5865
f 5759//5868 5753//5862 5761//5869
f 5759//5868 5758//5870 5757//5864
f 5761//5869 5760//5871 5759//5868
f 5761//5869 5751//5861 5763//5872
f 5763//5872 5762//5873 5761//5869
f 5751//5861 5766//5874 5763//5872
f 1642//1703 5764//5875 5763//5872
f 5764//5875 5765//5876 5763//5872
f 5763//5872 5766//5874 1642//1703
f 1643//1704 5767//5860 5768//5877
f 5766//5874 1643//1704 1642//1703
f 5768//5877 5747//5856 5769//5855
f 1644//1699 5768//5877 5769//5855
f 1643//1704 5768//5877 1644//1699
f 1640//1700 5769//5855 5741//5848
f 5770//5878 5765//5876 5771//5879
f 6006//5880 5765//5876 5770//5878
f 5771//5879 5772//5881 5770//5878
f 5773//5882 5771//5879 5764//5875
f 5770//5878 5774//5883 5775//5884
f 5776//5885 5772//5881 5773//5882
f 5775//5884 5777//5886 5778//5887
f 5779//5888 5774//5883 5776//5885
f 5778//5887 5777//5886 5780//5889
f 5782//5890 5777//5886 5779//5888
f 5780//5889 5781//5891 5778//5887
f 5781//5891 5783//5892 5784//5893
f 5786//5894 5780//5889 5782//5890
f 5784//5893 5785//5895 5788//5896
f 5786//5894 5785//5895 5783//5892
f 1657//1716 5787//5897 5786//5894
f 5786//5894 1655//1714 1657//1716
f 5790//1730 5787//5897 1667//1728
f 1667//1728 1659//1718 1660//1720
f 5789//5898 5788//5896 5785//5895
f 5785//5895 5790//1730 5789//5898
f 5789//5898 5790//1730 1668//1729
f 5789//5898 5795//5899 5788//5896
f 1668//1729 5791//5900 5789//5898
f 5791//5900 5792//5901 5789//5898
f 5792//5901 5796//5902 5793//5903
f 5793//5903 5795//5899 5792//5901
f 5796//5902 5792//5901 5794//5904
f 5796//5902 5797//5905 5798//5906
f 5799//5907 5797//5905 5796//5902
f 5798//5906 5793//5903 5796//5902
f 5794//5904 5799//5907 5796//5902
f 5799//5907 5971//5908 5800//5909
f 5801//5910 5799//5907 5800//5909
f 5805//5911 5801//5910 5803//5912
f 5800//5909 5802//5913 5801//5910
f 5803//5912 5801//5910 5802//5913
f 5804//5914 5805//5911 5803//5912
f 5803//5912 5807//5915 5804//5914
f 5802//5913 5806//5916 5803//5912
f 5806//5916 5807//5915 5803//5912
f 5990//5917 5807//5915 5808//5918
f 5808//5918 5807//5915 5809//5919
f 5809//5919 5810//5841 5808//5918
f 5810//5841 5809//5919 5811//5920
f 5813//5921 5809//5919 5806//5916
f 5816//5922 5811//5920 5813//5921
f 5734//5839 5812//5923 5731//5835
f 5811//5920 5734//5839 5810//5841
f 5806//5916 5814//5924 5813//5921
f 5813//5921 5814//5924 5815//5925
f 5815//5925 5816//5922 5813//5921
f 5816//5922 5818//5926 5817//5927
f 5817//5927 5812//5923 5816//5922
f 5819//5928 5818//5926 5816//5922
f 5816//5922 5815//5925 5819//5928
f 5822//5929 5819//5928 5821//5930
f 5820//5931 5815//5925 5973//5932
f 5824//5933 5819//5928 5820//5931
f 5821//5930 5839//5934 5822//5929
f 5824//5933 5823//5935 5821//5930
f 5824//5933 5829//5936 5825//5937
f 5820//5931 5826//5938 5824//5933
f 5828//5939 5827//5940 5965//5941
f 5830//5942 5826//5938 5828//5939
f 5834//5943 5829//5936 5831//5944
f 5831//5944 5830//5942 5832//5945
f 5949//5946 5831//5944 5832//5945
f 5831//5944 5835//5947 5834//5943
f 5837//5948 5825//5937 5834//5943
f 5834//5943 5835//5947 5836//5949
f 5836//5949 5837//5948 5834//5943
f 5823//5935 5837//5948 5838//5950
f 5837//5948 5841//5951 5838//5950
f 5838//5950 5984//5952 5840//5953
f 5581//5680 5838//5950 5842//5954
f 5839//5934 5838//5950 5840//5953
f 5838//5950 5839//5934 5823//5935
f 5841//5951 5842//5954 5838//5950
f 5842//5954 5578//5678 5581//5680
f 5575//5672 5842//5954 5844//5955
f 5844//5955 5843//5956 5846//5957
f 5844//5955 5848//5958 5845//5959
f 5845//5959 5575//5672 5844//5955
f 5847//5960 5846//5957 5843//5956
f 5849//5961 5846//5957 5847//5960
f 5845//5959 5850//5962 5851//5963
f 5852//5964 5848//5958 5849//5961
f 5851//5963 5853//5965 5854//5966
f 5855//5967 5850//5962 5852//5964
f 5854//5966 5856//5968 5857//5969
f 5858//5970 5853//5965 5855//5967
f 5857//5969 5859//5971 5860//5972
f 5861//1914 5856//5968 5858//5970
f 1841//1912 5859//5971 5861//1914
f 5858//5970 1842//1909 5861//1914
f 1841//1912 5862//5973 5860//5972
f 5860//5972 5864//5974 5857//5969
f 5863//1924 1840//1911 1844//1915
f 5866//5975 5862//5973 5863//1924
f 5857//5969 5865//5976 5854//5966
f 5868//5977 5864//5974 5866//5975
f 5867//1927 5863//1924 1852//1923
f 5867//1927 5868//5977 5866//5975
f 5869//5978 5865//5976 5868//5977
f 5869//5978 5870//5979 5871//5980
f 1856//1928 5870//5979 5867//1927
f 5871//5980 5872//5981 5873//5982
f 1858//1930 5872//5981 1856//1928
f 5872//5981 1870//1939 5873//5982
f 5873//5982 5878//5983 5875//5984
f 5873//5982 5876//5625 5874//5985
f 5874//5985 5871//5980 5873//5982
f 5523//5620 5875//5984 5877//5621
f 5877//5621 5878//5983 1869//1943
f 1869//1943 5878//5983 1870//1939
f 5877//5621 6069//5986 5524//5617
f 5874//5985 5528//5624 5880//5987
f 5879//5988 5874//5985 5880//5987
f 5880//5987 5881//5989 5879//5988
f 5881//5989 5880//5987 5882//5990
f 5880//5987 5884//5991 5882//5990
f 5880//5987 5530//5627 5883//5992
f 5556//5652 5883//5992 5537//5632
f 5532//5628 5537//5632 5883//5992
f 5883//5992 5530//5627 5532//5628
f 5882//5990 5884//5991 5560//5656
f 5558//5654 5884//5991 5556//5652
f 5564//5658 5885//5993 5882//5990
f 5560//5656 5564//5658 5882//5990
f 5882//5990 5885//5993 5881//5989
f 5886//5666 5885//5993 5565//5662
f 5887//5994 5881//5989 5886//5666
f 5886//5666 5888//5995 5887//5994
f 5887//5994 5889//5996 5869//5978
f 5869//5978 5879//5988 5887//5994
f 5571//5670 5888//5995 5567//5665
f 5851//5963 5888//5995 5571//5670
f 5889//5996 5851//5963 5854//5966
f 5854//5966 5865//5976 5889//5996
f 5855//5967 5890//5997 5858//5970
f 5892//5998 5891//5999 5893//6000
f 1838//1908 5890//5997 5892//5998
f 5893//6000 5894//6001 5892//5998
f 5892//5998 1836//1906 1838//1908
f 5896//6002 5895//6003 5897//6004
f 5898//1907 5894//6001 5896//6002
f 5897//6004 5899//6005 5896//6002
f 5896//6002 5902//6006 5898//1907
f 5901//6007 5900//6008 5940//6009
f 5903//6010 5899//6005 5901//6007
f 5898//1907 1828//1896 1830//1897
f 1826//1895 5902//6006 5903//6010
f 5903//6010 5907//6011 1826//1895
f 5901//6007 5904//6012 5903//6010
f 5906//6013 5905//6014 5920//6015
f 5908//6016 5904//6012 5906//6013
f 1819//1889 5907//6011 5908//6016
f 5908//6016 5911//6017 1819//1889
f 5906//6013 5909//6018 5908//6016
f 5912//6019 5910//6020 5913//6021
f 5914//6022 5909//6018 5912//6019
f 5913//6021 1783//1852 5912//6019
f 5912//6019 5915//6023 5914//6022
f 5914//6022 1809//1879 1811//1878
f 1811//1878 5911//6017 5914//6022
f 1790//1858 5915//6023 1784//1851
f 5916//6024 5910//6020 5918//6025
f 1779//1847 5913//6021 5916//6024
f 5916//6024 5929//6026 1779//1847
f 5918//6025 5917//6027 5916//6024
f 5920//6015 5919//6028 5918//6025
f 5920//6015 5910//6020 5906//6013
f 5905//6014 5921//6029 5920//6015
f 5923//6030 5921//6029 5922//6031
f 5921//6029 5923//6030 5924//6032
f 5924//6032 5919//6028 5921//6029
f 5923//6030 5925//6033 5924//6032
f 5924//6032 5927//6034 5926//6035
f 5926//6035 5919//6028 5924//6032
f 5926//6035 5930//6036 5928//6037
f 5928//6037 5917//6027 5926//6035
f 1773//1838 5929//6026 5928//6037
f 5928//6037 1769//1836 1773//1838
f 5931//1762 5930//6036 5927//6034
f 5930//6036 5931//1762 1768//1835
f 1768//1835 1769//1836 5930//6036
f 5927//6034 1692//1755 5931//1762
f 1768//1835 1697//1763 1766//1766
f 1779//1847 5929//6026 1774//1842
f 1692//1755 5925//6033 1690//1753
f 1690//1753 5932//6038 5933//6039
f 5923//6030 5934//6040 5932//6038
f 5932//6038 5935//6041 5933//6039
f 5935//6041 5936//6042 5959//6043
f 5936//6042 5937//6044 5938//6045
f 5938//6045 5922//6031 5940//6009
f 5922//6031 5937//6044 5923//6030
f 5941//6046 5939//6047 5938//6045
f 5938//6045 5960//6048 5936//6042
f 5940//6009 5941//6046 5938//6045
f 5941//6046 5897//6004 5942//6049
f 5942//6049 5943//6050 5941//6046
f 5945//6051 5944//6052 5946//6053
f 5947//6054 5943//6050 5945//6051
f 5946//6053 5948//6055 5945//6051
f 5945//6051 5951//6056 5947//6054
f 5950//6057 5948//6055 5949//5946
f 5948//6055 5950//6057 5952//6058
f 5952//6058 5951//6056 5948//6055
f 5951//6056 5952//6058 5953//6059
f 5950//6057 5953//6059 5952//6058
f 5955//6060 5954//6061 5953//6059
f 5954//6061 5956//6062 5953//6059
f 5953//6059 5956//6062 5951//6056
f 5947//6054 5956//6062 5958//6063
f 5958//6063 5957//6064 5959//6043
f 5959//6043 5960//6048 5958//6063
f 5958//6063 5939//6047 5947//6054
f 1679//1740 5935//6041 5959//6043
f 1676//1738 1679//1740 5959//6043
f 5959//6043 5957//6064 1676//1738
f 5964//1739 5957//6064 5954//6061
f 5961//6065 5830//5942 5828//5939
f 5832//5945 5955//6060 5950//6057
f 5954//6061 5962//6066 5964//1739
f 5965//5941 5961//6065 5828//5939
f 5964//1739 5963//6067 1674//1736
f 5966//6068 5962//6066 5965//5941
f 5965//5941 5967//6069 5966//6068
f 5966//6068 5969//6070 5968//6071
f 5968//6071 5963//6067 5966//6068
f 5968//6071 5971//5908 5970//6072
f 5970//6072 1673//1735 5968//6071
f 5794//5904 5791//5900 5970//6072
f 5970//6072 5971//5908 5794//5904
f 5791//5900 1670//1731 5970//6072
f 5800//5909 5969//6070 5972//6073
f 5972//6073 5967//6069 5973//5932
f 5802//5913 5800//5909 5972//6073
f 5972//6073 5814//5924 5802//5913
f 5973//5932 5814//5924 5972//6073
f 5973//5932 5827//5940 5820//5931
f 5949//5946 5832//5945 5950//6057
f 5946//6053 5833//6074 5949//5946
f 5944//6052 5974//6075 5946//6053
f 5835//5947 5974//6075 5976//6076
f 5976//6076 5975//6077 5977//6078
f 5978//6079 5835//5947 5976//6076
f 5977//6078 5978//6079 5976//6076
f 5847//5960 5836//5949 5978//6079
f 5847//5960 5979//6080 5849//5961
f 5849//5961 5980//6081 5852//5964
f 5981//6082 5979//6080 5977//6078
f 5852//5964 5891//5999 5855//5967
f 5893//6000 5980//6081 5981//6082
f 5977//6078 5982//6083 5981//6082
f 5981//6082 5895//6003 5893//6000
f 5942//6049 5975//6077 5944//6052
f 5897//6004 5982//6083 5942//6049
f 5940//6009 5905//6014 5901//6007
f 5933//6039 1683//1744 1685//1747
f 5571//5670 5845//5959 5851//5963
f 5843//5956 5841//5951 5847//5960
f 5840//5953 5985//6084 5839//5934
f 5983//6085 5644//5747 5840//5953
f 5840//5953 5984//5952 5983//6085
f 5985//6084 5840//5953 5644//5747
f 5822//5929 5985//6084 5986//6086
f 5644//5747 5646//5749 5985//6084
f 5986//6086 5646//5749 5650//5750
f 5986//6086 5818//5926 5822//5929
f 5650//5750 5817//5927 5986//6086
f 5582//5681 5984//5952 5581//5680
f 5988//6087 5984//5952 5582//5681
f 5983//6085 5641//5742 5644//5747
f 5988//6087 5987//6088 5983//6085
f 5582//5681 5590//5690 5988//6087
f 5638//5695 5987//6088 5591//5689
f 5812//5923 5989//5754 5731//5835
f 5989//5754 5729//5834 5731//5835
f 5810//5841 5738//5844 5808//5918
f 5808//5918 5742//5845 5990//5917
f 5991//5851 5804//5914 5990//5917
f 5990//5917 5745//5850 5991//5851
f 5744//5852 5992//6089 5991//5851
f 5993//6090 5994//5858 5995//6091
f 5805//5911 5992//6089 5993//6090
f 5995//6091 5749//6092 5756//5865
f 5756//5865 5996//6093 5995//6091
f 5995//6091 5798//5906 5993//6090
f 5793//5903 5996//6093 5997//6094
f 5997//6094 5998//5867 5999//6095
f 5998//5867 6001//6096 5999//6095
f 5997//6094 6000//6097 6007//6098
f 6002//6099 5999//6095 6001//6096
f 6001//6096 6005//6100 6002//6099
f 5755//5866 6003//6101 6001//6096
f 6004//6102 5758//5870 5760//5871
f 6006//5880 6003//6101 6004//6102
f 6005//6100 6006//5880 5770//5878
f 5770//5878 5775//5884 6005//6100
f 6002//6099 5775//5884 5778//5887
f 5762//5873 6006//5880 6004//6102
f 6004//6102 5760//5871 5762//5873
f 5778//5887 6000//6097 6002//6099
f 6007//6098 6000//6097 5781//5891
f 5997//6094 6007//6098 5795//5899
f 5781//5891 5784//5893 6007//6098
f 5795//5899 6007//6098 5784//5893
f 5795//5899 5793//5903 5997//6094
f 5993//6090 5797//5905 5805//5911
f 5784//5893 5788//5896 5795//5899
f 5779//5888 1655//1714 5782//5890
f 5776//5885 6008//1715 5779//5888
f 6008//1715 1651//1710 1650//1709
f 1641//1702 6009//6103 6010//6104
f 5773//5882 6009//6103 5776//5885
f 1641//1702 6010//6104 1642//1703
f 5764//5875 6010//6104 5773//5882
f 1640//1700 5739//5843 6011//4728
f 6011//4728 5739//5843 5718//5824
f 6011//4728 4621//4727 1640//1700
f 5718//5824 6012//5825 6011//4728
f 6011//4728 6013//6105 4620//4726
f 5707//5813 6012//5825 5709//5814
f 6016//4736 6013//6105 5707//5813
f 5727//5832 5729//5834 5649//5755
f 5725//5830 5727//5832 5651//5756
f 5649//5755 5651//5756 5727//5832
f 5651//5756 6014//6106 5725//5830
f 5658//5763 6014//6106 5653//5757
f 5653//5757 6014//6106 5651//5756
f 5711//5817 5721//5827 5673//5778
f 5694//5801 5711//5817 6015//6107
f 5673//5778 6015//6107 5711//5817
f 5694//5801 6015//6107 5688//5795
f 5689//5781 6015//6107 5675//5779
f 5694//5801 5699//5805 5704//5810
f 4674//4781 5696//5799 4678//4782
f 4678//4782 5693//5796 6017//4785
f 5694//5801 5688//5795 5691//5798
f 6017//4785 5693//5796 5686//5792
f 4677//4784 6017//4785 5684//5790
f 5686//5792 5684//5790 6017//4785
f 5684//5790 6018//5791 4677//4784
f 6018//5791 4912//5004 6019//6108
f 4677//4784 6018//5791 6019//6108
f 6019//6108 4912//5004 4905//5001
f 4905//5001 6020//6109 6019//6108
f 6019//6108 4676//4783 4677//4784
f 6020//6109 4676//4783 6019//6108
f 6020//6109 4906//5000 4692//4799
f 4692//4799 4682//4787 6020//6109
f 5678//5785 4920//5017 4917//5012
f 5670//5775 5678//5785 5669//5776
f 6021//5018 5670//5775 5667//5772
f 5665//5769 6021//5018 5667//5772
f 6021//5018 6024//6110 4919//5016
f 6058//5771 6022//6111 5665//5769
f 6024//6110 6023//6112 6025//6113
f 6025//6113 4935//5034 6024//6110
f 4919//5016 4935//5034 4922//5019
f 6026//6114 4937//5035 6025//6113
f 6025//6113 6027//6115 6026//6114
f 6028//6116 4939//5036 6026//6114
f 6026//6114 6030//6117 6028//6116
f 6029//6118 4943//5039 6028//6116
f 6028//6116 6032//6119 6029//6118
f 6031//6120 6027//6115 6057//6121
f 6034//6122 6030//6117 6031//6120
f 6036//6123 6032//6119 6034//6122
f 6029//6118 6033//6124 6043//6125
f 6031//6120 6035//6126 6034//6122
f 6034//6122 6038//5726 6036//6123
f 6036//6123 5623//5725 6037//6127
f 6037//6127 6033//6124 6036//6123
f 5624//5727 6035//6126 6053//5733
f 6037//6127 5621//5724 6039//6128
f 6039//6128 6040//6129 6037//6127
f 6041//5062 6042//6130 4958//5061
f 6043//6125 6040//6129 6041//5062
f 6045//6131 6042//6130 6039//6128
f 6041//5062 6044//5044 6043//6125
f 6043//6125 4946//5043 6029//6118
f 6039//6128 6046//6132 6045//6131
f 6045//6131 6046//6132 6047//6133
f 6047//6133 6048//5073 6045//6131
f 4963//5066 6045//6131 6048//5073
f 6048//5073 6049//6134 4970//5075
f 6048//5073 4965//5068 4963//5066
f 6050//5719 6046//6132 5616//5720
f 5617//5717 6047//6133 6050//5719
f 5614//5715 6049//6134 5617//5717
f 4970//5075 6051//6135 4972//5076
f 5614//5715 5547//5642 6051//6135
f 6051//6135 4974//5080 4972//5076
f 6053//5733 6052//6136 6054//6137
f 6054//6137 5627//5731 6053//5733
f 6054//6137 5634//5738 5632//5735
f 6054//6137 6056//6138 6055//6139
f 6055//6139 5664//5770 5657//5761
f 6059//5740 6055//6139 5657//5761
f 6058//5771 6056//6138 6057//6121
f 6057//6121 6052//6136 6031//6120
f 6057//6121 6023//6112 6058//5771
f 5657//5761 6060//6140 6059//5740
f 6059//5740 5640//5745 5635//5739
f 6060//6140 5643//5746 5640//5745
f 5609//5713 5553//5648 5610//5714
f 5549//5646 5610//5714 5553//5648
f 6061//5703 6062//6141 5609//5713
f 5561//5657 6062//6141 6063//6142
f 5552//5649 6062//6141 5561//5657
f 6061//5703 6064//6143 6063//6142
f 6063//6142 6065//5669 5563//5660
f 6063//6142 5563//5660 5561//5657
f 6067//6144 6064//6143 6066//5693
f 6066//5693 5600//5700 5593//5692
f 6066//5693 5588//5686 5586//5685
f 5586//5685 6067//6144 6066//5693
f 6065//5669 6067//6144 5576//5674
f 6067//6144 5586//5685 5579//5676
f 5579//5676 5576//5674 6067//6144
f 5576//5674 5569//5668 6065//5669
f 5556//5652 5537//5632 5540//5634
f 4997//5103 5539//5633 4999//5106
f 4989//5094 6068//5639 4997//5103
f 4981//5087 4986//5093 4983//5088
f 5524//5617 6070//6145 5521//5614
f 1876//1948 6069//5986 1868//1942
f 1876//1948 6071//6146 6070//6145
f 6070//6145 5519//5615 5521//5614
f 1894//1970 1879//1952 1892//1954
f 1898//1972 6071//6146 1894//1970
f 4928//5025 4907//5003 4925//5021
f 4925//5021 4909//5006 4916//5013
f 4692//4799 6072//6147 4695//4800
f 4900//4996 6072//6147 4906//5000
f 4897//4802 4695//4800 6072//6147
f 6072//6147 4900//4996 4897//4802
f 4896//4990 1959//2040 1962//2039
f 1962//2039 4894//4989 4896//4990
f 4894//4989 1967//2048 4892//2052
f 4668//4775 4659//4764 4657//4761
f 4660//4763 3535//3669 3537//3671
f 3537//3671 4656//3680 4660//4763
f 1646//1705 4615//4718 4611//4716
f 4611//4716 1647//1706 1646//1705
f 1647//1706 4608//4713 1648//1707
f 1648//1707 4605//4714 1637//1696
f 4603//4710 1523//1591 6073//1590
f 1621//1681 6073//1590 1524//1592
f 4601//4707 1518//1585 1523//1591
f 6074//1586 4594//4700 1519//1583
f 1519//1583 6075//6148 1515//1580
f 1505//1571 6075//6148 4590//4696
f 1515//1580 1506//1572 1509//1576
f 1481//1544 4582//1567 1480//1543
f 3462//3577 3440//3572 3442//3573
f 1872//1944 3423//3552 1874//1950
f 1874//1950 3420//3549 1877//1951
f 1889//1963 3399//3528 6077//6149
f 6078//2038 3399//3528 3397//3524
f 6079//6150 6078//2038 1953//2032
f 1891//1966 6079//6150 1895//1968
f 6077//6149 1891//1966 1889//1963
f 1895//1968 1949//2028 1897//1973
f 6078//2038 3394//3523 1957//2037
f 3392//2051 3382//3508 1969//2049
f 3349//3477 1984//2069 3372//2068
f 1987//2070 6080//3476 1995//2077
f 6080//3476 6081//6151 1995//2077
f 6082//2084 6081//6151 3341//3468
f 6082//2084 3332//3458 1999//2083
f 1999//2083 3326//3457 2001//2085
f 6083//3448 2007//2093 3323//2092
f 6083//3448 3316//3440 6084//3407
f 6084//3407 2013//2097 6083//3448
f 6084//3407 3288//3439 3281//3406
f 3304//3430 2077//2175 2082//2179
f 2082//2179 6085//6152 3304//3430
f 6087//3426 6085//6152 6086//6153
f 6086//6153 2085//2180 6088//2182
f 6086//6153 6092//6154 6087//3426
f 6088//2182 6089//6155 6086//6153
f 6090//6156 6091//6157 6110//6158
f 6094//6159 6089//6155 6090//6156
f 6087//3426 6093//6160 3296//3421
f 6096//6161 6092//6154 6094//6159
f 6090//6156 6095//3377 6094//6159
f 6094//6159 3250//3378 6096//6161
f 3259//3386 6093//6160 6096//6161
f 6096//6161 3252//3380 3259//3386
f 3249//3373 6097//6162 6099//6163
f 6110//6158 6097//6162 6090//6156
f 6099//6163 6098//6164 6101//6165
f 6099//6163 3246//3370 3249//3373
f 6101//6165 6100//6166 6099//6163
f 6101//6165 6105//6167 6102//6168
f 6102//6168 6103//6169 6101//6165
f 2109//2214 6103//6169 6104//2213
f 2139//2248 6103//6169 2137//2246
f 6102//6168 2108//2212 6104//2213
f 6105//6167 6106//6170 6102//6168
f 6108//2206 6107//2199 2097//2198
f 2101//2203 6106//6170 6108//2206
f 2092//2191 6105//6167 6109//2194
f 6109//2194 6098//6164 6110//6158
f 6110//6158 2093//2190 6109//2194
f 3243//2251 6100//6166 2139//2248
f 2086//2183 6091//6157 6088//2182
f 3292//3416 3283//3410 3285//3409
f 3263//3393 3271//3399 3292//3416
f 6111//3363 3264//3391 6113//6171
f 3228//3355 3266//3394 6111//3363
f 6112//3357 2685//2812 2683//2810
f 6113//6171 3233//3361 6111//3363
f 6113//6171 3256//3384 3254//3381
f 6113//6171 3247//3375 3244//3371
f 6114//3352 3210//3339 3212//3341
f 3212//3341 3220//3348 6114//3352
f 2687//2813 3229//3356 3226//2821
f 6116//2283 3201//3331 6115//2261
f 6115//2261 2171//2280 6116//2283
f 2920//3069 6118//6172 6117//2949
f 6117//2949 6118//6172 6119//6173
f 6119//6173 2812//2950 6117//2949
f 2812//2950 6120//6174 2814//2951
f 2878//3018 6119//6173 6121//3022
f 6121//3022 6118//6172 6122//6175
f 6122//6175 2877//3020 6121//3022
f 6124//3067 6123//6176 6122//6175
f 6122//6175 2918//3068 6124//3067
f 2914//3060 6125//6177 6124//3067
f 6131//6178 6125//6177 6126//6179
f 6126//6179 6127//3061 6128//6180
f 6128//6180 6127//3061 2910//3057
f 6128//6180 2883//3026 6126//6179
f 2910//3057 6129//3050 6128//6180
f 6128//6180 2905//6181 6130//3027
f 6130//3027 2900//3044 2882//3025
f 2906//3051 6129//3050 2910//3057
f 6126//6179 2883//3026 2880//3021
f 2880//3021 6131//6178 6126//6179
f 2880//3021 6123//6176 6131//6178
f 2875//3014 6120//6174 2878//3018
f 2895//3040 2882//3025 2900//3044
f 2871//3013 2819//2958 2875//3014
f 2824//2963 2871//3013 2865//3006
f 2776//2517 6132//6182 2770//2905
f 2397//2526 6132//6182 2391//2521
f 2391//2521 6132//6182 2389//2516
f 2757//2893 6133//6183 2750//2886
f 6133//6183 2757//2893 2681//2809
f 2751//2887 6133//6183 6134//6184
f 6135//6185 6134//6184 6133//6183
f 6133//6183 6136//6186 6135//6185
f 2681//2809 6136//6186 6133//6183
f 2688//2816 6135//6185 6136//6186
f 2680//2808 6136//6186 2681//2809
f 6136//6186 2680//2808 2688//2816
f 6134//6184 6137//6187 6215//6188
f 6138//2818 6137//6187 6135//6185
f 6135//6185 2688//2816 6138//2818
f 6139//6189 6140//6190 6138//2818
f 6138//2818 2689//2817 6139//6189
f 6140//6190 6137//6187 6138//2818
f 6140//6190 6145//6191 6142//6192
f 6142//6192 6141//6193 6140//6190
f 6144//6194 6143//6195 6142//6192
f 6142//6192 6146//6196 6144//6194
f 2697//2827 6139//6189 2691//2819
f 6148//2829 6145//6191 2697//2827
f 6144//6194 6147//6197 6220//6198
f 6149//6199 6146//6196 6148//2829
f 6148//2829 6150//6200 6149//6199
f 6151//6201 6147//6197 6149//6199
f 6149//6199 6153//6202 6151//6201
f 6151//6201 6170//6203 6152//6204
f 6152//6204 6154//6205 6151//6201
f 6155//6206 6156//6207 6158//6208
f 6220//6198 6154//6205 6155//6206
f 6156//6207 6152//6204 6157//6209
f 6157//6209 6159//6210 6156//6207
f 6158//6208 6159//6210 6160//6211
f 6160//6211 6161//6212 6163//6213
f 6164//6214 6159//6210 6157//6209
f 6165//6215 6161//6212 6164//6214
f 6163//6213 6162//6216 6230//6217
f 6164//6214 6167//6218 6165//6215
f 6157//6209 6166//6219 6164//6214
f 6169//6220 6166//6219 6168//6221
f 6152//6204 6168//6221 6157//6209
f 6169//6220 6170//6203 6171//6222
f 6171//6222 6153//6202 6173//6223
f 6171//6222 6263//6224 6169//6220
f 6173//6223 6172//6225 6171//6222
f 2700//2831 6174//6226 6173//6223
f 6173//6223 6150//6200 2700//2831
f 6172//6225 6174//6226 6175//2843
f 6174//6226 2705//2838 6175//2843
f 6175//2843 6176//6227 6172//6225
f 2711//2844 6176//6227 6175//2843
f 6263//6224 6176//6227 6177//6228
f 6177//6228 6178//6229 6179//6230
f 6179//6230 6180//6231 6181//6232
f 2713//2846 6178//6229 2711//2844
f 2715//2848 6180//6231 2713//2846
f 6181//6232 6182//6233 6183//6234
f 6183//6234 6184//6235 6186//6236
f 6185//2851 6182//6233 2715//2848
f 6189//6237 6184//6235 6185//2851
f 6186//6236 6187//6238 6188//6239
f 6188//6239 6190//6240 6192//6241
f 6191//6242 6187//6238 6189//6237
f 6195//6243 6190//6240 6191//6242
f 6192//6241 6193//6244 6194//6245
f 6194//6245 6196//6246 6198//6247
f 6196//6246 6195//6243 6197//6248
f 6197//6248 6199//6249 6196//6246
f 6196//6246 6200//6250 6198//6247
f 6236//6251 6199//6249 6201//6252
f 6201//6252 6202//6253 6203//6254
f 6203//6254 6204//6255 6206//6256
f 6205//6257 6202//6253 6197//6248
f 2737//2872 6204//6255 6205//6257
f 6206//6256 2740//2874 6208//2877
f 6206//6256 6265//6258 6203//6254
f 6209//6259 6206//6256 6208//2877
f 2739//6260 6209//6259 6208//2877
f 6217//6261 6209//6259 6210//6262
f 6210//6262 6211//6263 6213//6264
f 2742//2878 6211//6263 2739//6260
f 6213//6264 6212//6265 6214//6266
f 6213//6264 6218//6267 6210//6262
f 6214//6266 6143//6195 6213//6264
f 6141//6193 6214//6266 6215//6188
f 6214//6266 6216//6268 6215//6188
f 6134//6184 6216//6268 2751//2887
f 6215//6188 6137//6187 6141//6193
f 2745//2879 6212//6265 2742//2878
f 6210//6262 6219//6269 6217//6261
f 6220//6198 6218//6267 6144//6194
f 6217//6261 6221//6270 6222//6271
f 6155//6206 6219//6269 6220//6198
f 6222//6271 6223//6272 6224//6273
f 6158//6208 6221//6270 6155//6206
f 6224//6273 6225//6274 6227//6275
f 6160//6211 6223//6272 6158//6208
f 6163//6213 6225//6274 6160//6211
f 6227//6275 6226//6276 6229//6277
f 6227//6275 6264//6278 6224//6273
f 6229//6277 6228//6279 6227//6275
f 6230//6217 6226//6276 6163//6213
f 6230//6217 6231//6280 6229//6277
f 6233//6281 6232//6282 6234//6283
f 6236//6251 6231//6280 6233//6281
f 6234//6283 6235//6284 6233//6281
f 6233//6281 6200//6250 6236//6251
f 6201//6252 6228//6279 6236//6251
f 6200//6250 6237//6285 6198//6247
f 6240//6286 6235//6284 6238//6287
f 6238//6287 6242//6288 6240//6286
f 6234//6283 6239//6289 6238//6287
f 6237//6285 6240//6286 6241//6290
f 6240//6286 6244//6291 6241//6290
f 6243//6292 6242//6288 6239//6289
f 6246//6293 6242//6288 6243//6292
f 6241//6290 6245//6294 6253//6295
f 6245//6294 6246//6293 6247//6296
f 6243//6292 6248//6297 6246//6293
f 6248//6297 6247//6296 6246//6293
f 6183//6234 6249//6298 6181//6232
f 6186//6236 6248//6297 6183//6234
f 6247//6296 6251//6299 6245//6294
f 6188//6239 6250//6300 6186//6236
f 6251//6299 6253//6295 6245//6294
f 6192//6241 6251//6299 6188//6239
f 6194//6245 6252//6301 6192//6241
f 6253//6295 6254//6302 6241//6290
f 6198//6247 6254//6302 6194//6245
f 6241//6290 6254//6302 6237//6285
f 6257//6303 6249//6298 6243//6292
f 6181//6232 6255//6304 6179//6230
f 6179//6230 6256//6305 6177//6228
f 6258//6306 6255//6304 6257//6303
f 6259//6307 6258//6306 6257//6303
f 6239//6289 6257//6303 6243//6292
f 6257//6303 6239//6289 6259//6307
f 6232//6282 6259//6307 6234//6283
f 6258//6306 6260//6308 6261//6309
f 6230//6217 6260//6308 6232//6282
f 6261//6309 6162//6216 6165//6215
f 6165//6215 6262//6310 6261//6309
f 6261//6309 6256//6305 6258//6306
f 6263//6224 6167//6218 6169//6220
f 6177//6228 6262//6310 6263//6224
f 6203//6254 6264//6278 6201//6252
f 6224//6273 6265//6258 6222//6271
f 6222//6271 6207//6311 6217//6261
f 6197//6248 6266//6312 6205//6257
f 6205//6257 2735//2873 2737//2872
f 6267//6313 6195//6243 6191//6242
f 6268//2862 6266//6312 6267//6313
f 6189//6237 6267//6313 6191//6242
f 6268//2862 6269//6314 2725//2860
f 2725//2860 2716//2850 2718//2852
f 6185//2851 6269//6314 6189//6237
f 2691//2819 6139//6189 2689//2817
f 2402//2533 6270//6315 2644//2775
f 6271//2543 2403//2532 2406//2535
f 6272//2767 6270//6315 6271//2543
f 6273//6316 6272//2767 6271//2543
f 6271//2543 2411//2542 6273//6316
f 6274//2696 6275//6317 6273//6316
f 6273//6316 2413//2545 6274//2696
f 6273//6316 2638//2766 6272//2767
f 6275//6317 2560//2697 2562//2699
f 2636//2764 2638//2766 6275//6317
f 2562//2699 6276//6318 6275//6317
f 6275//6317 6276//6318 2636//2764
f 2636//2764 6276//6318 6277//6319
f 2566//2702 6276//6318 2562//2699
f 6277//6319 2629//2760 2636//2764
f 2624//2705 6277//6319 2566//2702
f 2413//2545 2559//2695 6274//2696
f 2103//2209 2104//2207 2635//2763
f 2635//2763 2633//2761 2103//2209
f 2631//2217 2103//2209 2633//2761
f 2552//2687 2415//2548 2418//2551
f 2527//2663 2434//2568 2521//2656
f 2375//2504 2388//2518 2376//2503
f 2367//2494 2343//2475 2341//2472
f 2349//2476 2364//2493 2352//2480
f 2332//2463 2192//2308 6278//2620
f 6278//2620 6330//2296 2163//2273
f 2322//2454 2203//2322 2324//2321
f 2320//2453 6279//2326 2322//2454
f 2207//2327 6280//6320 6282//6321
f 6325//2452 6280//6320 2320//2453
f 6282//6321 6281//6322 6284//6323
f 6282//6321 6285//6324 6283//6325
f 6282//6321 2209//2330 2207//2327
f 6287//6326 6284//6323 6286//6327
f 6286//6327 6281//6322 6288//6328
f 6290//6329 6287//6326 6286//6327
f 6288//6328 6289//6330 6286//6327
f 6286//6327 6289//6330 6290//6329
f 6287//6326 6290//6329 6292//6331
f 6291//6332 6290//6329 6289//6330
f 6290//6329 6291//6332 6293//6333
f 6293//6333 6292//6331 6290//6329
f 6294//6334 6292//6331 6293//6333
f 6293//6333 6296//6335 6294//6334
f 6295//6336 6293//6333 6291//6332
f 6297//6337 6296//6335 6295//6336
f 6295//6336 6299//6338 6297//6337
f 6291//6332 6298//6339 6295//6336
f 6299//6338 6295//6336 6298//6339
f 6299//6338 6302//6340 6297//6337
f 6298//6339 6300//6341 6299//6338
f 6301//6342 6302//6340 6300//6341
f 6300//6341 6316//6343 6301//6342
f 6304//6344 6303//6345 2287//2414
f 6297//6337 6304//6344 6305//6346
f 2285//2411 6304//6344 2287//2414
f 6305//6346 6306//6347 2230//2352
f 2230//2352 6306//6347 2231//2353
f 2236//2356 6306//6347 2285//2411
f 6305//6346 6296//6335 6297//6337
f 2230//2352 6307//6348 6305//6346
f 6294//6334 6307//6348 6308//6349
f 6308//6349 2228//2351 6310//2350
f 6308//6349 6312//6350 6294//6334
f 6310//2350 6309//6351 6308//6349
f 2227//2348 6311//6352 6310//2350
f 6313//6353 6311//6352 2211//2331
f 6312//6350 6309//6351 6313//6353
f 6283//6325 6314//6354 6313//6353
f 2211//2331 6283//6325 6313//6353
f 6313//6353 6314//6354 6312//6350
f 6315//6355 6314//6354 6285//6324
f 6315//6355 6312//6350 6314//6354
f 6285//6324 6287//6326 6315//6355
f 6292//6331 6315//6355 6287//6326
f 2296//2422 6303//6345 6301//6342
f 6301//6342 2299//2427 2296//2422
f 6318//2428 6316//6343 6317//6356
f 6317//6356 6298//6339 6291//6332
f 6317//6356 6321//6357 6318//2428
f 6289//6330 6319//6358 6317//6356
f 6289//6330 6317//6356 6291//6332
f 6320//6359 6321//6357 6319//6358
f 6322//6360 6320//6359 6319//6358
f 6323//6361 6288//6328 6324//6362
f 2319//2449 6323//6361 6324//6362
f 6320//6359 6323//6361 2319//2449
f 6324//6362 6281//6322 6325//2452
f 6324//6362 6325//2452 2319//2449
f 6327//6363 6321//6357 6326//6364
f 6318//2428 6327//6363 2298//2425
f 6329//2436 6327//6363 6328//6365
f 6326//6364 6328//6365 6327//6363
f 6328//6365 2315//2447 6329//2436
f 2317//2448 6326//6364 6320//6359
f 2319//2449 2317//2448 6320//6359
f 2212//2333 2227//2348 2215//2335
f 6330//2296 2165//2274 2163//2273
f 2171//2280 2151//2262 2168//2276
f 2168//2276 2153//2264 2160//2269
f 1788//1856 6331//1873 1793//1861
f 1786//1853 6331//1873 1788//1856
f 1786//1853 1739//1805 1736//1804
f 6333//6366 6336//1760 6334//6367
f 6334//6367 6337//6368 6335//6369
f 6336//1760 6338//6370 6337//6368
f 6337//6368 20//22 17//17
f 17//17 6335//6369 6337//6368
f 23//23 6338//6370 6339//6371
f 6339//6371 1694//1759 1688//1751
f 6339//6371 26//27 23//23
f 1688//1751 6340//6372 6339//6371
f 6343//29 6340//6372 6342//6373
f 6342//6373 6341//1750 6345//6374
f 6346//6375 6343//29 6342//6373
f 6345//6374 6344//6376 6342//6373
f 6342//6373 6344//6376 6346//6375
f 6343//29 31//34 27//28
f 34//36 6346//6375 6347//6377
f 6347//6377 6344//6376 52//52
f 6347//6377 37//40 34//36
f 52//52 40//41 6347//6377
f 6348//6378 53//54 6345//6374
f 6345//6374 1687//1748 6348//6378
f 6349//6379 54//55 6348//6378
f 6348//6378 1682//1745 6349//6379
f 6350//1724 57//57 6349//6379
f 1681//1742 6350//1724 6349//6379
f 6349//6379 1682//1745 1681//1742
f 6350//1724 1678//1741 1664//1723
f 1664//1723 1672//1733 1663//1725
f 113//111 1634//1690 1620//1679
f 1508//1574 1510//1573 6352//6380
f 1500//1564 6351//6381 1510//1573
f 6353//6382 1510//1573 6351//6381
f 1508//1574 6352//6380 6354//6383
f 6356//6384 6352//6380 6353//6382
f 6354//6383 6357//6385 1508//1574
f 6380//6386 6354//6383 6356//6384
f 6354//6383 6358//6387 6357//6385
f 1508//1574 6357//6385 6360//6388
f 6358//6387 6359//6389 6357//6385
f 6362//6390 6357//6385 6359//6389
f 1508//1574 6360//6388 6363//6391
f 6361//6392 6360//6388 6362//6390
f 6363//6391 6361//6392 6366//6393
f 6363//6391 427//445 1508//1574
f 6364//6394 6365//6395 6363//6391
f 6363//6391 6366//6393 6364//6394
f 6363//6391 6365//6395 427//445
f 6366//6393 6368//459 6364//6394
f 6361//6392 6367//6396 6366//6393
f 440//460 6367//6396 448//468
f 448//468 6369//6397 6370//6398
f 6362//6390 6369//6397 6361//6392
f 6372//6399 6369//6397 6371//6400
f 6359//6389 6371//6400 6362//6390
f 6372//6399 6373//6401 6374//6402
f 6374//6402 6373//6401 6375//6403
f 6358//6387 6373//6401 6359//6389
f 6375//6403 6376//6404 6374//6402
f 6358//6387 6377//6405 6375//6403
f 6375//6403 6378//6406 6376//6404
f 6382//6407 6377//6405 6379//6408
f 6379//6408 6355//6409 6380//6386
f 6380//6386 6381//6410 6379//6408
f 6379//6408 6383//6411 6382//6407
f 6382//6407 6387//6412 6386//6413
f 6384//6414 6378//6406 6382//6407
f 6385//6415 6384//6414 6382//6407
f 6382//6407 6386//6413 6385//6415
f 1310//1355 6385//6415 6386//6413
f 1314//1361 1310//1355 6386//6413
f 6386//6413 6387//6412 1314//1361
f 6388//6416 6383//6411 6389//6417
f 6391//6418 6387//6412 6388//6416
f 6389//6417 6390//6419 6388//6416
f 6388//6416 6392//6420 6391//6418
f 6391//6418 6394//6421 1313//1360
f 1314//1361 6391//6418 1313//1360
f 6392//6420 6393//6422 6395//6423
f 6393//6422 6392//6420 6390//6419
f 6395//6423 6394//6421 6392//6420
f 6448//6424 6395//6423 6393//6422
f 6397//6425 6395//6423 6396//6426
f 6399//6427 6395//6423 6397//6425
f 6396//6426 6398//6428 6397//6425
f 6398//6428 6400//6429 6397//6425
f 6397//6425 6402//6430 6399//6427
f 6403//6431 6401//6432 6405//6433
f 6406//6434 6400//6429 6403//6431
f 6405//6433 6404//6435 6403//6431
f 6403//6431 6407//6436 6406//6434
f 6406//6434 6409//1378 6408//6437
f 6402//6430 6406//6434 6408//6437
f 6408//6437 1331//1374 1320//1366
f 6408//6437 1319//1364 6402//6430
f 1319//1364 6408//6437 1320//1366
f 1332//1379 6407//6436 6410//6438
f 6410//6438 6404//6435 6412//6439
f 6410//6438 1334//1382 1332//1379
f 6413//6440 6410//6438 6412//6439
f 6414//6441 6413//6440 6412//6439
f 6412//6439 6415//6442 6414//6441
f 6414//6441 6430//6443 6416//6444
f 6416//6444 6417//6445 6414//6441
f 6413//6440 6418//6446 6428//6447
f 6420//6448 6417//6445 6419//6449
f 6419//6449 1391//1440 6420//6448
f 6416//6444 1390//1443 6419//6449
f 1388//1437 6421//6450 6420//6448
f 6420//6448 1391//1440 1388//1437
f 6421//6450 6418//6446 6420//6448
f 6421//6450 1381//1430 6422//1432
f 6425//6451 6421//6450 6422//1432
f 6423//6452 6428//6447 6418//6446
f 6426//1392 6423//6452 6425//6451
f 6422//1432 6427//6453 6425//6451
f 6425//6451 1344//1391 6426//1392
f 1371//1420 1380//1431 1373//1421
f 1346//1393 6427//6453 1371//1420
f 6426//1392 1337//1385 6424//6454
f 6429//6455 6428//6447 6424//6454
f 6424//6454 1337//1385 6429//6455
f 6428//6447 6411//6456 6413//6440
f 1334//1382 6429//6455 1336//1383
f 1336//1383 6429//6455 1337//1385
f 6416//6444 6433//6457 6431//6458
f 1392//1444 6431//6458 6432//6459
f 6432//6459 6433//6457 6434//6460
f 6433//6457 6437//6461 6434//6460
f 6435//6462 6430//6443 6438//6463
f 6436//6464 6437//6461 6435//6462
f 6435//6462 6439//6465 6436//6464
f 6438//6463 6439//6465 6435//6462
f 6444//6466 6439//6465 6441//6467
f 6441//6467 6440//6468 6445//6469
f 6442//6470 6441//6467 6445//6469
f 6441//6467 6442//6470 6443//6471
f 6443//6471 6444//6466 6441//6467
f 6445//6469 6401//6432 6398//6428
f 6398//6428 6446//6472 6445//6469
f 6445//6469 6446//6472 6442//6470
f 6447//6473 6446//6472 6396//6426
f 6450//6474 6446//6472 6447//6473
f 6396//6426 6448//6424 6447//6473
f 6448//6424 6451//6475 6447//6473
f 6449//6476 6450//6474 6447//6473
f 6447//6473 6451//6475 6449//6476
f 6456//6477 6451//6475 6453//6478
f 6453//6478 6451//6475 6452//6479
f 6453//6478 6489//6480 6455//6481
f 6452//6479 6454//6482 6453//6478
f 6453//6478 6457//6483 6456//6477
f 6456//6477 6461//6484 6458//6485
f 6458//6485 6449//6476 6456//6477
f 6459//6486 6460//6487 6458//6485
f 6458//6485 6462//6488 6459//6486
f 6466//6489 6461//6484 6463//6490
f 6463//6490 6457//6483 6464//6491
f 6464//6491 6465//6492 6463//6490
f 6463//6490 6468//6493 6466//6489
f 1495//1559 6466//6489 6467//1560
f 6467//1560 6468//6493 6470//6494
f 6470//6494 6469//6495 6472//6496
f 6502//6497 6468//6493 6465//6492
f 6467//1560 6471//6498 1494//1558
f 6476//6499 6470//6494 6472//6496
f 6472//6496 6498//6500 6473//6501
f 6473//6501 6474//6502 6472//6496
f 6472//6496 6474//6502 6475//6503
f 6475//6503 6476//6499 6472//6496
f 1500//1564 6471//6498 6476//6499
f 6476//6499 6351//6381 1500//1564
f 6353//6382 6475//6503 6477//6504
f 6477//6504 6474//6502 6478//6505
f 6353//6382 6479//6506 6356//6384
f 6478//6505 6479//6506 6477//6504
f 6356//6384 6481//6507 6380//6386
f 6481//6507 6480//6508 6482//6509
f 6482//6509 6381//6410 6481//6507
f 6483//6510 6484//6511 6482//6509
f 6482//6509 6505//6512 6483//6510
f 6389//6417 6381//6410 6484//6511
f 6389//6417 6485//6513 6486//6514
f 6487//6515 6485//6513 6483//6510
f 6488//6516 6485//6513 6487//6515
f 6454//6482 6488//6516 6487//6515
f 6487//6515 6489//6480 6454//6482
f 6490//6517 6489//6480 6487//6515
f 6483//6510 6490//6517 6487//6515
f 6483//6510 6491//6518 6490//6517
f 6491//6518 6492//6519 6490//6517
f 6455//6481 6492//6519 6493//6520
f 6493//6520 6494//6521 6496//6522
f 6494//6521 6491//6518 6495//6523
f 6495//6523 6497//6524 6494//6521
f 6496//6522 6497//6524 6499//6525
f 6473//6501 6497//6524 6495//6523
f 6499//6525 6497//6524 6498//6500
f 6498//6500 6500//6526 6499//6525
f 6499//6525 6501//6527 6496//6522
f 6502//6497 6501//6527 6500//6526
f 6500//6526 6469//6495 6502//6497
f 6496//6522 6464//6491 6493//6520
f 6495//6523 6503//6528 6504//6529
f 6495//6523 6505//6512 6503//6528
f 6504//6529 6473//6501 6495//6523
f 6478//6505 6504//6529 6503//6528
f 6503//6528 6480//6508 6478//6505
f 6457//6483 6493//6520 6464//6491
f 6488//6516 6390//6419 6486//6514
f 6452//6479 6506//6530 6488//6516
f 6488//6516 6454//6482 6452//6479
f 6390//6419 6506//6530 6393//6422
f 6393//6422 6506//6530 6452//6479
f 6459//6486 1495//1559 1492//1555
f 6508//6531 6507//6532 6509//6533
f 6450//6474 6460//6487 6508//6531
f 6508//6531 6442//6470 6450//6474
f 6443//6471 6508//6531 6509//6533
f 6509//6533 1490//1554 1488//1551
f 1488//1551 6510//6534 6509//6533
f 6509//6533 6510//6534 6443//6471
f 6511//6535 6510//6534 1485//1550
f 6444//6466 6510//6534 6511//6535
f 1485//1550 6512//1548 6511//6535
f 6513//6536 6511//6535 6512//1548
f 6511//6535 6436//6464 6444//6466
f 6512//1548 6515//6537 6513//6536
f 6514//1524 6515//6537 1463//1525
f 6437//6461 6513//6536 6514//1524
f 1463//1525 1477//1539 1470//1532
f 1486//1549 6515//6537 6512//1548
f 6437//6461 6514//1524 1464//1521
f 1492//1555 6507//6532 6459//6486
f 6452//6479 6448//6424 6393//6422
f 6405//6433 6440//6468 6438//6463
f 6438//6463 6415//6442 6405//6433
f 1464//1521 6434//6460 6437//6461
f 6434//6460 1460//1519 6432//6459
f 6432//6459 1457//1518 1392//1444
f 6399//6427 6402//6430 1319//1364
f 1313//1360 6399//6427 1316//1359
f 1319//1364 1316//1359 6399//6427
f 6384//6414 6385//6415 6516//6538
f 6516//6538 6385//6415 1307//1354
f 6518//6539 6517//6540 6520//6541
f 1305//1349 6517//6540 6516//6538
f 6516//6538 6518//6539 6384//6414
f 1307//1354 1305//1349 6516//6538
f 6520//6541 6519//6542 6518//6539
f 6518//6539 6560//6543 6384//6414
f 6521//6544 6522//6545 6523//6546
f 6520//6541 6525//6547 6522//6545
f 6522//6545 447//469 6523//6546
f 6524//6548 446//470 6522//6545
f 6525//6547 6524//6548 6522//6545
f 1302//1350 6526//6549 6525//6547
f 1302//1350 6517//6540 1301//1348
f 6529//6550 6526//6549 6528//6551
f 6528//6551 6527//6552 6530//6553
f 6529//6550 6531//6554 6533//6555
f 6530//6553 6531//6554 6528//6551
f 6533//6555 6532//6556 6534//6557
f 6534//6557 6535//6558 6533//6555
f 6533//6555 6537//6559 6529//6550
f 457//481 6536//6560 6539//483
f 456//480 6535//6558 457//481
f 450//473 6537//6559 456//480
f 6524//6548 6537//6559 6538//474
f 6542//6561 6536//6560 6534//6557
f 6539//483 6540//6562 6541//694
f 665//695 6540//6562 671//701
f 6543//703 6540//6562 6542//6561
f 6542//6561 6545//6563 6543//703
f 6544//6564 6542//6561 6534//6557
f 6547//6565 6544//6564 6546//6566
f 6546//6566 6532//6556 6530//6553
f 6534//6557 6532//6556 6544//6564
f 6546//6566 6549//6567 6547//6565
f 6530//6553 6548//6568 6546//6566
f 1303//1345 6527//6552 1302//1350
f 1298//1344 6548//6568 1303//1345
f 1296//1339 6549//6567 1298//1344
f 6547//6565 6550//6569 6552//6570
f 1292//1338 6550//6569 1296//1339
f 6552//6570 6551//6571 6554//6572
f 6553//6573 6552//6570 6554//6572
f 6552//6570 6545//6563 6547//6565
f 685//718 6555//6574 6554//6572
f 6554//6572 6556//6575 685//718
f 6554//6572 6555//6574 6553//6573
f 672//702 6555//6574 674//704
f 674//704 682//717 677//709
f 6543//703 6545//6563 6553//6573
f 6553//6573 672//702 6543//703
f 6557//6576 6551//6571 1292//1338
f 688//720 6556//6575 6557//6576
f 1292//1338 6558//6577 6557//6576
f 688//720 6558//6577 6559//722
f 1264//1306 6558//6577 1290//1332
f 6559//722 1262//1305 1260//1302
f 1260//1302 687//6578 6559//722
f 6541//694 664//691 459//482
f 459//482 6539//483 6541//694
f 6523//6546 6370//6398 6372//6399
f 6374//6402 6523//6546 6372//6399
f 6521//6544 6376//6404 6519//6542
f 6560//6543 6519//6542 6376//6404
f 6376//6404 6378//6406 6560//6543
f 6364//6394 435//455 432//449
f 432//449 6365//6395 6364//6394
f 427//445 6365//6395 429//448
f 427//445 404//426 1508//1574
f 1392//1444 1457//1518 1394//1445
f 1420//1475 6561//1447 1422//1479
f 1422//1479 6561//1447 1394//1445
f 1393//1446 6561//1447 1416//1474
f 1282//1328 1328//1373 1342//1389
f 1224//741 1182//1218 705//740
f 1209//1247 1183//1220 1181//1217
f 1167//1200 1185//1221 1166//1199
f 6562//1213 6563//6579 6565//6580
f 1174//1209 6563//6579 1178//1210
f 768//807 6563//6579 6564//6581
f 6563//6579 766//806 764//802
f 764//802 6565//6580 6563//6579
f 6565//6580 764//802 711//748
f 711//748 6566//6582 6565//6580
f 6562//1213 6566//6582 1177//1212
f 1177//1212 6566//6582 704//739
f 1172//1203 6564//6581 1174//1209
f 768//807 6567//6583 6568//808
f 6569//6584 6568//808 6567//6583
f 6567//6583 6570//1206 6569//6584
f 1169//1204 6567//6583 1172//1203
f 6571//6585 6569//6584 6570//1206
f 6570//1206 1170//1205 6571//6585
f 6572//6586 6573//814 6571//6585
f 6571//6585 1162//1197 6572//6586
f 6569//6584 6571//6585 6573//814
f 6573//814 774//812 6569//6584
f 6572//6586 1163//1194 6574//6587
f 6574//6587 780//821 6572//6586
f 6575//6588 782//819 6574//6587
f 6574//6587 1163//1194 1159//1192
f 1159//1192 6575//6588 6574//6587
f 6575//6588 1156//1188 6576//6589
f 6576//6589 6577//822 6575//6588
f 783//823 1144//1180 854//895
f 1144//1180 6576//6589 1145//1179
f 6576//6589 1149//1184 1145//1179
f 6569//6584 769//809 6568//808
f 704//739 705//740 1177//1212
f 845//887 836//880 838//882
f 751//787 792//831 748//784
f 748//784 791//833 745//781
f 792//831 777//815 788//827
f 778//817 788//827 777//815
f 714//749 711//748 764//802
f 746//776 757//794 749//785
f 6580//770 6578//6590 6579//6591
f 6579//6591 6583//6592 6580//770
f 6585//6593 6581//6594 6582//6595
f 6580//770 6586//6596 728//765
f 6583//6592 6585//6593 6584//6597
f 6584//6597 6586//6596 6583//6592
f 6749//6598 6586//6596 6584//6597
f 728//765 6586//6596 724//762
f 6587//6599 6584//6597 6585//6593
f 6585//6593 6588//6600 6587//6599
f 6588//6600 6585//6593 6582//6595
f 6592//6601 6588//6600 6590//6602
f 6590//6602 6589//6603 6591//6604
f 6582//6595 6589//6603 6588//6600
f 6591//6604 6593//6605 6590//6602
f 6590//6602 6594//6606 6592//6601
f 6637//6607 6593//6605 6595//6608
f 6595//6608 6596//6609 6597//6610
f 6597//6610 6599//6611 6595//6608
f 6601//6612 6598//6613 6600//6614
f 6600//6614 6603//6615 6601//6612
f 6605//6616 6602//6617 6604//6618
f 6604//6618 610//6619 6605//6616
f 6606//6620 6603//6615 6605//6616
f 6605//6616 613//638 6606//6620
f 613//638 6607//6621 6606//6620
f 6606//6620 6609//6622 6608//6623
f 6601//6612 6608//6623 6610//6624
f 6608//6623 6613//6625 6610//6624
f 6610//6624 6599//6611 6601//6612
f 6612//6626 6611//6627 6610//6624
f 6610//6624 6614//6628 6612//6626
f 6615//6629 6614//6628 6613//6625
f 6613//6625 6616//6630 6615//6629
f 6616//6630 6609//6622 6618//6631
f 6619//6632 6615//6629 6616//6630
f 6617//6633 6616//6630 6618//6631
f 6616//6630 6617//6633 6619//6632
f 6624//6634 6619//6632 6621//6635
f 6622//6636 6619//6632 6620//6637
f 6620//6637 6617//6633 6705//6638
f 6697//6639 6621//6635 6622//6636
f 6621//6635 6625//6640 6624//6634
f 6614//6628 6615//6629 6624//6634
f 6624//6634 6626//6641 6614//6628
f 6626//6641 6624//6634 6625//6640
f 6612//6626 6626//6641 6628//6642
f 6625//6640 6627//6643 6626//6641
f 6628//6642 6626//6641 6627//6643
f 6628//6642 6631//6644 6612//6626
f 6627//6643 6629//6645 6628//6642
f 6629//6645 6630//6646 6628//6642
f 6636//6647 6630//6646 6633//6648
f 6633//6648 6632//6649 6634//6650
f 6634//6650 6635//6651 6633//6648
f 6633//6648 6638//6652 6636//6647
f 6637//6607 6631//6644 6636//6647
f 6636//6647 6594//6606 6637//6607
f 6639//6653 6635//6651 6641//6654
f 6592//6601 6638//6652 6639//6653
f 6639//6653 6640//6655 6587//6599
f 6641//6654 6640//6655 6639//6653
f 6587//6599 6592//6601 6639//6653
f 6641//6654 6635//6651 6643//6656
f 6642//6657 6641//6654 6644//6658
f 6643//6656 6644//6658 6641//6654
f 6644//6658 6646//6659 6642//6657
f 6644//6658 6655//6660 6645//6661
f 6646//6659 6644//6658 6645//6661
f 725//761 6642//6657 6646//6659
f 6645//6661 6647//6662 6646//6659
f 721//757 6646//6659 6647//6662
f 6646//6659 721//757 725//761
f 6647//6662 719//755 721//757
f 6648//6663 719//755 6647//6662
f 6651//6664 6647//6662 6645//6661
f 6649//6665 6650//6666 6672//6667
f 6652//6668 6648//6663 6651//6664
f 6651//6664 6654//6669 6652//6668
f 6653//6670 6651//6664 6645//6661
f 6645//6661 6655//6660 6653//6670
f 6658//6671 6653//6670 6656//6672
f 6656//6672 6653//6670 6655//6660
f 6657//6673 6656//6672 6659//6674
f 6656//6672 6667//6675 6658//6671
f 6655//6660 6659//6674 6656//6672
f 6659//6674 6660//6676 6657//6673
f 6660//6676 6659//6674 6634//6650
f 6659//6674 6643//6656 6634//6650
f 6663//6677 6660//6676 6661//6678
f 6661//6678 6660//6676 6632//6649
f 6634//6650 6632//6649 6660//6676
f 6661//6678 6664//6679 6663//6677
f 6629//6645 6662//6680 6661//6678
f 6632//6649 6629//6645 6661//6678
f 6663//6677 6666//6681 6665//6682
f 6665//6682 6657//6673 6663//6677
f 6665//6682 6680//6683 6801//6684
f 6801//6684 6667//6675 6665//6682
f 6658//6671 6799//6685 6800//6686
f 6800//6686 6654//6669 6658//6671
f 6652//6668 6668//6687 6802//6688
f 6672//6667 6671//6689 6673//6690
f 6650//6666 6670//6691 6672//6667
f 6649//6665 6672//6667 6673//6690
f 6673//6690 6675//6692 6649//6665
f 6673//6690 6803//6693 6674//6694
f 6675//6692 6673//6690 6674//6694
f 719//755 6675//6692 6677//746
f 6674//6694 6676//6695 6675//6692
f 6677//746 6676//6695 709//744
f 709//744 6678//6696 702//737
f 6679//6697 6676//6695 6674//6694
f 693//724 6678//6696 6679//6697
f 6679//6697 690//6698 693//724
f 6674//6694 6804//6699 6679//6697
f 6681//6700 6666//6681 6682//6701
f 6682//6701 6683//6702 6681//6700
f 6805//6703 6684//6704 6685//6705
f 6685//6705 6686//6706 6805//6703
f 6687//6707 6688//6708 6689//6709
f 6693//6710 6688//6708 6685//6705
f 6689//6709 6688//6708 6690//6711
f 6746//6712 6690//6711 6692//6713
f 6690//6711 6691//6714 6689//6709
f 6695//6715 6690//6711 6693//6710
f 6685//6705 6694//6716 6693//6710
f 6693//6710 6696//6717 6695//6715
f 6695//6715 6623//6718 6697//6639
f 6697//6639 6692//6713 6695//6715
f 6622//6636 6698//6719 6697//6639
f 6692//6713 6699//6720 6746//6712
f 6699//6720 6700//6721 6701//6722
f 6620//6637 6700//6721 6622//6636
f 6700//6721 6703//674 6701//6722
f 6705//6638 6702//6723 6620//6637
f 6703//674 6704//6724 648//675
f 6707//669 6704//6724 6705//6638
f 648//675 6704//6724 641//668
f 6705//6638 6708//6725 6707//669
f 6705//6638 6719//6726 6706//6727
f 6707//669 6709//6728 638//663
f 6710//6729 6708//6725 6706//6727
f 632//659 638//663 6709//6728
f 6711//6730 6709//6728 6710//6729
f 6709//6728 6711//6730 632//659
f 6710//6729 6712//6731 6711//6730
f 631//658 6711//6730 6712//6731
f 632//659 6711//6730 631//658
f 6712//6731 6710//6729 6713//6732
f 6713//6732 6716//6733 6712//6731
f 6714//6734 6715//6735 6712//6731
f 6712//6731 6716//6733 6714//6734
f 6712//6731 6715//6735 631//658
f 6714//6734 6717//644 617//645
f 6717//644 6716//6733 6713//6732
f 616//642 6717//644 6718//6736
f 6713//6732 6718//6736 6717//644
f 6718//6736 6607//6621 616//642
f 6618//6631 6607//6621 6718//6736
f 6719//6726 6618//6631 6718//6736
f 6718//6736 6713//6732 6719//6726
f 6618//6631 6719//6726 6617//6633
f 6706//6727 6713//6732 6710//6729
f 6715//6735 6720//6737 625//652
f 625//652 631//658 6715//6735
f 6720//6737 6714//6734 617//645
f 617//645 619//647 6720//6737
f 625//652 6720//6737 619//647
f 6701//6722 647//676 6721//6738
f 6721//6738 6699//6720 6701//6722
f 650//680 6723//6739 6721//6738
f 6721//6738 647//676 650//680
f 6722//6740 6721//6738 6723//6739
f 6723//6739 6726//6741 6724//6742
f 6723//6739 6724//6742 6722//6740
f 654//683 6723//6739 650//680
f 6725//6743 6722//6740 6724//6742
f 6724//6742 6727//6744 6725//6743
f 6724//6742 6729//6745 6727//6744
f 6730//6746 6725//6743 6727//6744
f 6727//6744 6734//6747 6728//6748
f 6727//6744 6728//6748 6730//6746
f 6725//6743 6730//6746 6691//6714
f 6730//6746 6731//6749 6689//6709
f 6731//6749 6728//6748 6732//6750
f 6689//6709 6691//6714 6730//6746
f 6689//6709 6811//6751 6687//6707
f 6810//6752 6731//6749 6732//6750
f 6732//6750 6808//6753 6810//6752
f 6728//6748 6733//6754 6732//6750
f 6735//6755 6734//6747 6737//6756
f 6806//6757 6733//6754 6735//6755
f 6736//6758 6806//6757 6735//6755
f 6735//6755 6740//6759 6736//6758
f 6737//6756 6738//6760 6735//6755
f 6741//6761 6739//6762 6742//6763
f 667//696 6738//6760 6741//6761
f 667//696 6741//6761 662//690
f 6741//6761 660//688 662//690
f 6744//689 6742//6763 6743//6764
f 6743//6764 6739//6762 6737//6756
f 6737//6756 6729//6745 6743//6764
f 6743//6764 6726//6741 6744//689
f 6744//689 654//683 656//682
f 669//698 6740//6759 667//696
f 6736//6758 676//705 679//707
f 679//707 6807//6765 6736//6758
f 6746//6712 6722//6740 6725//6743
f 6691//6714 6746//6712 6725//6743
f 6625//6640 6696//6717 6747//6766
f 6747//6766 6694//6716 6748//6767
f 6747//6766 6627//6643 6625//6640
f 6748//6767 6662//6680 6747//6766
f 6682//6701 6664//6679 6748//6767
f 6748//6767 6684//6704 6682//6701
f 6802//6688 6650//6666 6652//6668
f 6749//6598 6640//6655 6642//6657
f 6642//6657 725//761 6749//6598
f 724//762 6749//6598 725//761
f 6640//6655 6749//6598 6584//6597
f 6584//6597 6587//6599 6640//6655
f 6595//6608 6611//6627 6637//6607
f 6785//233 234//245 1116//1158
f 1249//1290 689//725 6804//6699
f 6604//6618 6579//6591 1096//1140
f 361//378 491//514 522//544
f 1147//1181 1710//1776 1708//1774
f 459//482 658//686 461//484
f 464//488 461//484 658//686
f 641//668 640//667 648//675
f 624//651 622//620 589//615
f 589//615 587//613 624//651
f 543//569 624//651 587//613
f 621//649 596//624 594//621
f 614//641 6750//6768 621//649
f 6751//633 611//640 605//634
f 600//625 6750//6768 6751//633
f 6753//6769 602//6770 6752//629
f 6755//6771 6754//6772 6753//6769
f 6755//6771 6759//6773 6757//6774
f 6772//6775 6757//6774 6758//6776
f 6760//6777 6757//6774 6759//6773
f 6759//6773 6763//6778 6760//6777
f 6756//6779 6761//6780 6759//6773
f 275//292 6762//6781 273//290
f 277//294 6761//6780 275//292
f 6766//296 6763//6778 277//294
f 6760//6777 6764//6782 6767//6783
f 6783//6784 6764//6782 6766//296
f 6767//6783 6765//6785 6768//6786
f 6767//6783 6758//6776 6760//6777
f 6768//6786 6769//6787 6767//6783
f 6772//6775 6769//6787 6771//6788
f 6771//6788 6770//6789 6773//6790
f 6771//6788 599//628 6772//6775
f 6773//6790 6774//626 6771//6788
f 598//619 6775//6791 592//617
f 6776//608 6775//6791 6773//6790
f 592//617 583//607 585//609
f 6773//6790 6777//6792 6776//608
f 6776//608 6779//6793 581//605
f 6778//6794 6770//6789 6768//6786
f 6780//315 6777//6792 6778//6794
f 298//316 6779//6793 6780//315
f 6778//6794 297//314 6780//315
f 6768//6786 6781//6795 6778//6794
f 291//308 6781//6795 6782//309
f 6782//309 6765//6785 6783//6784
f 6783//6784 287//303 6782//309
f 6766//296 285//298 6783//6784
f 599//628 6754//6772 6772//6775
f 587//613 545//570 543//569
f 551//574 579//604 550//576
f 300//318 578//602 298//316
f 576//601 300//318 6784//6796
f 6784//6796 575//600 576//601
f 301//319 6784//6796 300//318
f 6784//6796 312//328 319//330
f 575//600 6784//6796 319//330
f 319//330 322//335 575//600
f 442//463 453//476 467//491
f 361//378 394//384 396//416
f 346//359 341//354 336//351
f 6786//6797 223//231 6785//233
f 6787//200 6788//6798 6786//6797
f 217//225 6788//6798 6789//224
f 6789//224 193//199 194//201
f 211//218 6789//224 194//201
f 194//201 198//202 211//218
f 142//147 168//173 171//146
f 160//165 149//152 151//156
f 116//117 6790//127 6791//6799
f 6791//6799 109//110 116//117
f 2//1 1//6800 4//2
f 3//4 1//6800 2//1
f 4//2 6//8 7//6
f 9//7 7//6 6//8
f 8//9 10//12 11//10
f 13//11 11//10 10//12
f 13//11 12//13 14//14
f 16//15 14//14 15//16
f 16//15 18//19 19//18
f 17//17 20//22 18//19
f 22//20 19//18 18//19
f 21//21 18//19 20//22
f 21//21 24//25 25//24
f 27//28 24//25 26//27
f 29//30 997//1046 25//24
f 28//26 30//32 32//31
f 27//28 31//34 30//32
f 35//35 32//31 30//32
f 34//36 37//40 36//37
f 33//33 36//37 38//38
f 39//39 36//37 37//40
f 41//42 38//38 36//37
f 39//39 40//41 43//43
f 42//44 44//1055 41//42
f 42//44 43//43 49//45
f 46//47 44//1055 42//44
f 45//46 47//72 1008//48
f 66//49 47//72 45//46
f 49//45 50//53 48//50
f 51//51 49//45 43//43
f 51//51 55//56 50//53
f 52//52 6344//6376 53//54
f 55//56 54//55 57//57
f 56//58 60//61 50//53
f 63//64 62//63 65//65
f 64//66 66//49 48//50
f 64//66 67//67 70//68
f 68//69 1653//1711 69//70
f 47//72 66//49 70//68
f 71//73 70//68 72//71
f 75//75 74//76 72//71
f 73//74 72//71 74//76
f 78//78 77//79 74//76
f 76//77 74//76 77//79
f 80//81 77//79 78//78
f 1018//88 84//86 85//83
f 86//89 85//83 87//87
f 90//93 89//91 91//92
f 94//97 93//95 95//96
f 99//102 97//99 100//101
f 100//101 98//100 104//104
f 103//106 101//103 100//101
f 109//110 107//6801 106//108
f 98//100 1634//1690 113//111
f 110//113 108//109 113//111
f 116//117 109//110 114//112
f 115//118 114//112 112//116
f 115//118 118//121 119//120
f 117//119 120//1689 118//121
f 121//122 124//126 119//120
f 118//121 120//1689 123//123
f 121//122 123//123 144//124
f 122//125 126//129 124//126
f 6790//127 119//120 124//126
f 125//128 124//126 126//129
f 127//130 126//129 128//131
f 130//133 128//131 126//129
f 131//132 128//131 129//134
f 140//136 129//134 128//131
f 132//135 129//134 135//137
f 133//138 135//137 136//139
f 137//141 135//137 129//134
f 138//142 136//139 135//137
f 137//141 139//144 170//143
f 140//136 141//145 139//144
f 130//133 143//148 141//145
f 171//146 139//144 141//145
f 142//147 141//145 143//148
f 145//149 143//148 144//124
f 122//125 144//124 143//148
f 146//150 148//154 147//151
f 145//149 147//151 149//152
f 150//153 147//151 148//154
f 151//156 149//152 147//151
f 150//153 153//158 156//157
f 152//155 154//160 153//158
f 155//159 153//158 154//160
f 157//162 156//157 153//158
f 159//163 158//164 156//157
f 151//156 156//157 158//164
f 162//166 161//167 158//164
f 160//165 158//164 161//167
f 1613//169 163//170 161//167
f 164//168 161//167 163//170
f 165//171 167//175 166//172
f 164//168 166//172 168//173
f 169//174 166//172 167//175
f 171//146 168//173 166//172
f 169//174 170//143 139//144
f 172//176 173//179 170//143
f 172//176 167//175 175//177
f 174//178 175//177 202//180
f 176//181 178//184 177//182
f 179//183 177//182 178//184
f 182//186 173//179 177//182
f 180//185 188//191 181//187
f 179//183 181//187 183//188
f 182//186 183//188 136//139
f 138//142 170//143 173//179
f 184//189 183//188 181//187
f 134//140 136//139 183//188
f 185//190 181//187 188//191
f 186//192 188//191 189//193
f 190//195 189//193 188//191
f 195//197 191//196 189//193
f 192//198 191//196 193//199
f 195//197 196//203 198//202
f 190//195 199//206 196//203
f 209//204 198//202 196//203
f 197//205 196//203 199//206
f 180//185 178//184 199//206
f 200//207 199//206 178//184
f 176//181 202//180 201//208
f 200//207 201//208 205//209
f 203//210 201//208 202//180
f 208//213 206//214 205//209
f 314//215 207//216 206//214
f 209//204 206//214 207//216
f 210//217 207//216 215//220
f 213//223 218//226 216//221
f 6789//224 211//218 216//221
f 217//225 216//221 218//226
f 220//227 218//226 219//228
f 305//230 219//228 218//226
f 220//227 222//232 223//231
f 221//229 225//235 222//232
f 6785//233 223//231 222//232
f 224//234 222//232 225//235
f 226//236 225//235 227//237
f 229//239 227//237 225//235
f 311//240 228//241 227//237
f 230//238 227//237 228//241
f 231//242 228//241 233//243
f 233//243 236//247 234//245
f 235//246 234//245 236//247
f 238//249 236//247 233//243
f 237//248 236//247 238//249
f 240//251 238//249 241//252
f 244//255 241//252 242//254
f 247//257 244//255 245//256
f 249//261 247//257 250//262
f 248//258 309//304 252//264
f 251//260 252//264 255//265
f 253//266 256//268 250//262
f 254//267 258//271 256//268
f 253//266 255//265 284//269
f 1102//263 250//262 256//268
f 257//270 256//268 258//271
f 260//272 258//271 259//273
f 280//275 259//273 258//271
f 262//274 263//279 261//276
f 260//272 261//276 1098//277
f 264//278 266//282 263//279
f 262//274 259//273 265//280
f 264//278 265//280 268//281
f 1094//283 263//279 266//282
f 266//282 268//281 270//285
f 269//286 268//281 265//280
f 271//288 270//285 268//281
f 269//286 274//291 272//289
f 273//290 272//289 274//291
f 279//287 276//293 274//291
f 275//292 274//291 276//293
f 277//294 276//293 278//295
f 281//297 278//295 276//293
f 279//287 265//280 259//273
f 280//275 283//300 281//297
f 285//298 278//295 281//297
f 282//299 281//297 283//300
f 254//267 284//269 283//300
f 282//299 284//269 255//265
f 286//301 287//303 285//298
f 286//301 255//265 252//264
f 288//302 290//306 287//303
f 288//302 252//264 309//304
f 6782//309 287//303 290//306
f 294//311 296//313 297//314
f 6780//315 297//314 296//313
f 298//316 296//313 299//317
f 303//321 312//328 301//319
f 302//320 304//322 214//222
f 213//223 214//222 304//322
f 305//230 304//322 293//310
f 306//323 307//325 219//228
f 308//324 310//326 307//325
f 289//305 309//304 308//324
f 245//256 308//324 309//304
f 245//256 242//254 310//326
f 229//239 307//325 310//326
f 311//240 310//326 242//254
f 239//250 233//243 228//241
f 221//229 219//228 307//325
f 303//321 214//222 215//220
f 313//327 315//329 312//328
f 313//327 215//220 207//216
f 314//215 316//332 315//329
f 319//330 312//328 315//329
f 317//331 315//329 316//332
f 318//333 321//337 320//334
f 317//331 320//334 322//335
f 323//336 320//334 321//337
f 324//339 322//335 320//334
f 324//339 323//336 326//340
f 329//342 326//340 323//336
f 331//344 327//343 326//340
f 325//338 1600//1664 330//345
f 329//342 330//345 332//346
f 337//350 338//353 335//349
f 339//352 340//356 338//353
f 337//350 336//351 341//354
f 342//355 343//589 340//356
f 339//352 341//354 344//357
f 345//358 344//357 341//354
f 348//361 347//360 349//362
f 351//363 349//362 350//364
f 1616//366 350//364 349//362
f 352//365 355//371 353//367
f 351//363 353//367 356//368
f 357//369 356//368 353//367
f 354//370 353//367 355//371
f 354//370 359//375 358//373
f 360//374 358//373 359//375
f 360//374 362//376 363//377
f 362//376 359//375 365//379
f 364//380 367//383 363//377
f 364//380 365//379 1584//381
f 366//382 369//386 367//383
f 394//384 363//377 367//383
f 368//385 367//383 369//386
f 1582//388 370//389 369//386
f 371//387 369//386 370//389
f 373//390 375//395 372//391
f 371//387 372//391 392//392
f 373//390 370//389 1579//393
f 374//394 377//398 375//395
f 389//396 372//391 375//395
f 376//397 375//395 377//398
f 1567//400 378//401 377//398
f 380//402 382//406 381//403
f 379//399 381//403 384//404
f 384//404 381//403 383//405
f 385//407 387//410 386//408
f 376//397 384//404 386//408
f 388//409 386//408 387//410
f 390//412 389//396 386//408
f 390//412 392//392 372//391
f 388//409 400//418 391//413
f 391//413 393//414 392//392
f 368//385 392//392 393//414
f 394//384 393//414 395//415
f 397//417 395//415 393//414
f 397//417 391//413 400//418
f 398//419 400//418 401//420
f 402//411 401//420 400//418
f 405//422 403//423 401//420
f 399//421 401//420 403//423
f 403//423 404//426 407//425
f 411//429 410//6802 409//428
f 412//430 410//6802 411//429
f 414//431 415//536 413//432
f 417//433 415//536 414//431
f 416//434 414//431 411//429
f 416//434 418//435 419//436
f 421//438 419//436 418//435
f 422//439 421//438 420//437
f 423//440 424//443 419//436
f 423//440 421//438 422//439
f 423//440 425//444 514//442
f 426//441 428//446 425//444
f 427//445 429//448 428//446
f 422//439 404//426 427//445
f 430//447 428//446 429//448
f 431//450 425//444 428//446
f 430//447 433//452 434//451
f 432//449 435//455 433//452
f 438//453 434//451 433//452
f 436//454 433//452 435//455
f 436//454 437//458 521//457
f 439//456 441//461 437//458
f 439//456 435//455 6368//459
f 440//460 443//466 441//461
f 472//462 437//458 441//461
f 441//461 443//466 444//464
f 449//465 444//464 443//466
f 448//468 445//467 443//466
f 448//468 6370//6398 447//469
f 454//472 451//471 449//465
f 449//465 446//470 6538//474
f 452//475 465//485 453//476
f 452//475 455//477 458//478
f 456//480 455//477 454//472
f 6539//483 459//482 458//478
f 460//479 462//486 465//485
f 461//484 464//488 462//486
f 463//487 462//486 464//488
f 466//490 465//485 462//486
f 467//491 453//476 465//485
f 463//487 470//677 468//492
f 466//490 468//492 471//493
f 473//494 471//493 468//492
f 468//492 470//677 645//496
f 472//462 471//493 473//494
f 467//491 471//493 472//462
f 476//498 475//499 473//494
f 476//498 482//507 481//503
f 479//500 481//503 483//505
f 484//506 481//503 482//507
f 487//509 483//505 481//503
f 486//508 637//664 485//510
f 484//506 485//510 488//511
f 489//512 491//514 483//505
f 487//509 488//511 490//513
f 492//515 493//518 494//516
f 495//517 497//520 494//516
f 495//517 496//525 500//519
f 498//522 477//501 494//516
f 502//523 499//521 500//519
f 501//524 500//519 496//525
f 501//524 503//528 517//527
f 504//526 505//530 503//528
f 507//529 503//528 505//530
f 506//531 508//534 509//532
f 511//533 509//532 508//534
f 510//535 413//432 415//536
f 512//537 511//533 415//536
f 512//537 513//538 509//532
f 417//433 419//436 424//443
f 424//443 514//442 513//538
f 515//539 513//538 514//442
f 507//529 509//532 513//538
f 516//540 518//541 517//527
f 515//539 517//527 503//528
f 502//523 517//527 518//541
f 519//542 518//541 434//451
f 431//450 434//451 518//541
f 438//453 521//457 520//543
f 519//542 520//543 499//521
f 478//502 520//543 521//457
f 498//522 499//521 520//543
f 474//497 521//457 437//458
f 516//540 514//442 425//444
f 525//547 524//546 528//548
f 526//549 528//548 530//550
f 529//552 528//548 524//546
f 532//554 530//550 528//548
f 534//555 531//556 530//550
f 527//551 530//550 531//556
f 529//552 629//657 533//558
f 532//554 533//558 535//559
f 534//555 535//559 539//560
f 536//561 537//562 531//556
f 537//562 536//561 538//563
f 540//565 538//563 536//561
f 540//565 539//560 541//566
f 541//566 539//560 535//559
f 542//568 626//653 543//569
f 541//566 543//569 545//570
f 544//567 545//570 547//571
f 546//572 548//596 540//565
f 549//573 546//572 547//571
f 552//575 548//596 546//572
f 550//576 573//597 553//577
f 557//579 556//582 554//578
f 555//580 554//578 553//577
f 552//575 554//578 556//582
f 560//584 559//585 556//582
f 558//583 556//582 559//585
f 560//584 564//590 562//587
f 563//588 561//586 559//585
f 560//584 340//356 343//589
f 565//591 566//593 561//586
f 567//592 568//564 566//593
f 569//594 537//562 568//564
f 570//557 531//556 537//562
f 538//563 571//595 566//593
f 561//586 566//593 571//595
f 538//563 540//565 548//596
f 558//583 571//595 548//596
f 557//579 338//353 340//356
f 555//580 335//349 338//353
f 572//581 327//343 335//349
f 572//581 553//577 573//597
f 328//341 573//597 574//598
f 577//599 574//598 573//597
f 324//339 574//598 575//600
f 581//605 6779//6793 578//602
f 581//605 582//606 583//607
f 585//609 583//607 582//606
f 584//610 586//612 588//611
f 551//574 547//571 586//612
f 587//613 589//615 588//611
f 586//612 547//571 545//570
f 590//614 588//611 589//615
f 585//609 588//611 590//614
f 593//616 595//622 591//618
f 592//617 590//614 591//618
f 593//616 589//615 622//620
f 594//621 596//624 595//622
f 597//623 595//622 596//624
f 598//619 591//618 595//622
f 597//623 599//628 6774//626
f 601//627 602//6770 599//628
f 600//625 604//631 601//627
f 6752//629 602//6770 601//627
f 603//630 601//627 604//631
f 6751//633 605//634 604//631
f 606//632 604//631 605//634
f 609//636 610//6619 608//637
f 605//634 611//640 609//636
f 613//638 610//6619 609//636
f 612//639 609//636 611//640
f 612//639 615//643 616//642
f 614//641 618//646 615//643
f 6717//644 616//642 615//643
f 617//645 615//643 618//646
f 621//649 620//648 618//646
f 594//621 622//620 620//648
f 623//650 620//648 622//620
f 624//651 543//569 626//653
f 626//653 627//655 625//652
f 542//568 535//559 533//558
f 634//553 633//660 629//657
f 632//659 633//660 635//662
f 636//661 485//510 637//664
f 523//545 488//511 485//510
f 634//553 524//546 523//545
f 638//663 639//665 641//668
f 486//508 482//507 644//670
f 469//495 644//670 482//507
f 645//496 643//671 644//670
f 649//672 646//673 643//671
f 646//673 647//676 6703//674
f 649//672 645//496 470//677
f 649//672 651//678 653//679
f 652//489 651//678 470//677
f 655//681 653//679 651//678
f 656//682 654//683 653//679
f 652//489 464//488 657//684
f 655//681 657//684 659//685
f 661//687 659//685 657//684
f 656//682 659//685 660//688
f 662//690 660//688 659//685
f 661//687 658//686 664//691
f 661//687 663//692 666//693
f 663//692 664//691 6541//694
f 665//695 668//697 666//693
f 667//696 666//693 668//697
f 669//698 668//697 670//699
f 671//701 670//699 668//697
f 672//702 670//699 671//701
f 673//700 670//699 672//702
f 673//700 675//706 676//705
f 674//704 677//709 675//706
f 679//707 676//705 675//706
f 678//708 675//706 677//709
f 678//708 6809//712 6745//711
f 680//710 6812//6803 6809//712
f 6792//713 6812//6803 680//710
f 677//709 682//717 681//714
f 6793//715 6792//713 681//714
f 683//716 681//714 682//717
f 685//718 6556//6575 684//719
f 684//719 6794//721 6793//715
f 688//720 686//723 6794//721
f 6559//722 687//6578 686//723
f 693//724 690//6698 689//725
f 692//726 689//725 691//727
f 692//726 695//730 696//729
f 694//728 697//733 695//730
f 701//731 696//729 695//730
f 698//732 695//730 697//733
f 1226//735 699//1263 698//732
f 698//732 699//1263 703//736
f 702//737 6678//6696 696//729
f 701//731 703//736 706//738
f 703//736 699//1263 1224//741
f 710//743 707//742 706//738
f 709//744 707//742 708//745
f 712//747 708//745 707//742
f 704//739 6566//6582 711//748
f 710//743 711//748 714//749
f 717//753 720//756 718//754
f 6677//746 708//745 718//754
f 719//755 718//754 720//756
f 723//758 722//759 720//756
f 729//764 727//763 732//766
f 734//768 730//769 729//764
f 728//765 729//764 730//769
f 732//766 757//794 733//771
f 731//767 733//771 736//772
f 735//773 6578//6590 730//769
f 734//768 736//772 738//774
f 737//775 736//772 733//771
f 739//777 738//774 736//772
f 737//775 742//782 740//778
f 740//778 742//782 743//779
f 745//781 743//779 742//782
f 746//776 744//783 742//782
f 744//783 747//786 748//784
f 744//783 746//776 749//785
f 751//787 748//784 747//786
f 750//788 747//786 749//785
f 750//788 752//791 775//790
f 753//789 754//793 752//791
f 755//792 756//799 754//793
f 753//789 749//785 757//794
f 759//795 756//799 755//792
f 758//796 755//792 757//794
f 758//796 732//766 727//763
f 760//797 716//752 759//795
f 761//798 762//801 756//799
f 763//800 765//803 762//801
f 761//798 713//750 714//749
f 770//804 762//801 765//803
f 767//805 765//803 766//806
f 6568//808 769//809 767//805
f 770//804 767//805 769//809
f 771//810 752//791 754//793
f 770//804 754//793 756//799
f 772//811 775//790 752//791
f 771//810 769//809 774//812
f 772//811 774//812 6573//814
f 775//790 776//816 777//815
f 779//818 780//821 782//819
f 773//813 6573//814 780//821
f 781//820 784//824 778//817
f 781//820 782//819 6577//822
f 783//823 785//826 784//824
f 788//827 778//817 784//824
f 794//834 797//838 795//835
f 793//832 795//835 798//836
f 796//837 795//835 797//838
f 799//840 798//836 795//835
f 741//780 743//779 798//836
f 791//833 798//836 743//779
f 800//839 797//838 801//841
f 803//843 801//841 797//838
f 802//842 801//841 804//844
f 806//846 804//844 801//841
f 843//847 805//848 804//844
f 807//845 804//844 805//848
f 808//849 805//848 810//850
f 811//852 809//851 810//850
f 812//853 814//856 813//854
f 815//855 813//854 814//856
f 815//855 817//857 818//858
f 817//857 814//856 821//860
f 822//862 818//858 817//857
f 819//861 823//866 824//863
f 820//864 1085//1130 822//862
f 819//861 821//860 825//865
f 826//867 827//869 824//863
f 823//866 825//865 828//868
f 826//867 828//868 833//871
f 1126//873 830//872 829//870
f 835//877 833//871 828//868
f 835//877 836//880 1141//879
f 837//878 838//882 836//880
f 839//881 840//884 838//882
f 837//878 828//868 825//865
f 841//883 842//885 840//884
f 839//881 825//865 821//860
f 812//853 810//850 842//885
f 841//883 821//860 814//856
f 843//847 844//886 840//884
f 842//885 810//850 805//848
f 806//846 846//888 844//886
f 838//882 840//884 844//886
f 845//887 844//886 846//888
f 847//889 846//888 848//890
f 794//834 789//829 848//890
f 787//828 785//826 850//892
f 852//894 850//892 785//826
f 854//895 853//896 852//894
f 851//893 852//894 853//896
f 858//898 856//899 853//896
f 855//897 853//896 856//899
f 1142//901 857//902 856//899
f 859//900 856//899 857//902
f 860//903 864//908 861//904
f 859//900 861//904 862//905
f 1131//906 862//905 861//904
f 863//907 861//904 864//908
f 865//909 866//912 867//910
f 869//911 867//910 866//912
f 868//913 870//6804 871//914
f 871//914 870//6804 872//915
f 873//916 872//915 874//917
f 874//917 875//924 878//919
f 878//919 880//923 877//920
f 876//918 877//920 1127//921
f 879//922 881//927 880//923
f 875//924 901//946 879//922
f 884//925 877//920 880//923
f 882//926 880//923 881//927
f 883//928 888//932 885//929
f 885//929 887//931 884//925
f 886//930 1123//1166 887//931
f 886//930 885//929 888//932
f 889//933 888//932 890//934
f 890//934 888//932 883//928
f 891//935 890//934 892//937
f 893//936 894//939 892//937
f 893//936 883//928 881//927
f 898//943 897//942 899//944
f 901//946 899//944 897//942
f 900//945 3//4 902//5
f 903//947 896//941 898//943
f 903//947 902//5 2//1
f 905//949 903//947 904//948
f 907//950 908//953 906//951
f 909//952 912//957 908//953
f 907//950 904//948 910//954
f 909//952 910//954 989//955
f 911//956 913//960 912//957
f 917//958 908//953 912//957
f 914//959 912//957 913//960
f 915//961 980//1032 916//962
f 914//959 916//962 918//963
f 919//964 906//951 908//953
f 917//958 918//963 920//965
f 922//938 892//937 906//951
f 922//938 921//966 924//967
f 923//968 921//966 920//965
f 927//970 924//967 921//966
f 891//935 924//967 925//971
f 1063//975 928//974 929//973
f 1140//969 932//979 931//977
f 933//978 931//977 932//979
f 935//980 938//986 934//981
f 933//978 934//981 1061//982
f 936//983 965//1018 937//984
f 935//980 932//979 971//985
f 1060//987 934//981 938//986
f 946//993 945//995 943//991
f 944//994 943//991 945//995
f 951//997 948//998 945//995
f 947//996 945//995 948//998
f 949//999 948//998 950//1000
f 952//1002 950//1000 948//998
f 951//997 953//1004 955//1003
f 946//993 954//1006 953//1004
f 956//1005 953//1004 954//1006
f 957//1008 955//1003 953//1004
f 956//1005 958//1010 1017//1009
f 959//1007 960//1012 958//1010
f 959//1007 954//1006 963//1014
f 962//1013 964//1016 966//1015
f 963//1014 965//1018 964//1016
f 967//1017 964//1016 965//1018
f 968//1019 966//1015 964//1016
f 936//983 971//985 969//1020
f 967//1017 969//1020 972//1021
f 973//1023 972//1021 969//1020
f 978//1024 974//1025 972//1021
f 968//1019 972//1021 974//1025
f 975//1026 974//1025 977//1027
f 981//1031 976//1029 978//1024
f 982//1033 979//1030 980//1032
f 983//1034 981//1031 979//1030
f 915//961 913//960 984//1035
f 982//1033 984//1035 986//1036
f 987//1037 984//1035 913//960
f 987//1037 911//956 989//955
f 988//1039 990//1040 985//1038
f 988//1039 989//955 910//954
f 5//3 7//6 990//1040
f 990//1040 7//6 9//7
f 993//1042 985//1038 990//1040
f 9//7 11//10 992//1043
f 991//1041 992//1043 994//1044
f 995//1045 986//1036 985//1038
f 993//1042 994//1044 997//1046
f 996//1047 983//1034 986//1036
f 995//1045 997//1046 29//30
f 22//20 25//24 997//1046
f 998//1048 981//1031 983//1034
f 996//1047 29//30 32//31
f 999//1049 998//1048 32//31
f 35//35 38//38 1000//1050
f 999//1049 1000//1050 977//1027
f 1001//1051 1000//1050 38//38
f 1001//1051 1005//1056 1004//1053
f 1004//1053 1005//1056 1006//1054
f 1006//1054 1005//1056 44//1055
f 41//42 44//1055 1005//1056
f 1006//1054 1007//1057 960//1012
f 1008//48 1011//1061 1009//1058
f 1009//1058 958//1010 960//1012
f 1010//1059 1017//1009 958//1010
f 1009//1058 1011//1061 1012//1060
f 1011//1061 1008//48 47//72
f 73//74 1012//1060 1011//1061
f 76//77 1013//1062 1012//1060
f 1010//1059 1012//1060 1013//1062
f 79//80 82//84 1013//1062
f 1014//1063 1013//1062 82//84
f 1014//1063 1015//1064 1017//1009
f 1016//1065 1015//1064 84//86
f 957//1008 1017//1009 1015//1064
f 1018//88 1021//1068 1019//1066
f 1016//1065 1019//1066 955//1003
f 952//1002 955//1003 1019//1066
f 1020//1067 1019//1066 1021//1068
f 86//89 1023//1070 1021//1068
f 1022//1069 1021//1068 1023//1070
f 1025//1071 1023//1070 1024//1072
f 88//90 1024//1072 1023//1070
f 1025//1071 1026//1076 1034//1074
f 1025//1071 1027//1073 1028//1075
f 96//98 1028//1075 1027//1073
f 1027//1073 1024//1072 92//94
f 1026//1076 1028//1075 1029//1077
f 99//102 1029//1077 1028//1075
f 101//103 1030//1174 1029//1077
f 1029//1077 1030//1174 1032//1079
f 1033//1080 1034//1074 1026//1076
f 1031//1078 1032//1079 1035//1081
f 1036//1082 1039//1085 1034//1074
f 1033//1080 1035//1081 1037//1083
f 1036//1082 1037//1083 1040//1084
f 1038//1001 950//1000 1039//1085
f 1022//1069 1034//1074 1039//1085
f 1020//1067 1039//1085 950//1000
f 1038//1001 1040//1084 1042//1086
f 1041//1087 1040//1084 1037//1083
f 1043//1089 1042//1086 1040//1084
f 1046//1090 1044//1091 1042//1086
f 949//999 1042//1086 1044//1091
f 1047//1092 1048//1096 1050//1094
f 1049//1095 1051//1097 1050//1094
f 944//994 1045//1093 1050//1094
f 939//988 1051//1097 1052//1098
f 1055//1101 1057//1104 1056//1102
f 1058//1103 1056//1102 1057//1104
f 1060//987 1052//1098 1056//1102
f 1059//1105 1062//1106 1061//982
f 1058//1103 1061//982 934//981
f 1065//1107 1064//1108 1062//1106
f 1064//1108 1066//1109 1070//1111
f 1067//1110 1068//1113 928//974
f 1069//1112 1134//1119 1068//1113
f 1075//1118 1076//1121 1134//1119
f 1077//1120 1081//1124 1076//1121
f 1133//1128 1076//1121 1081//1124
f 1084//1129 1083//1127 1085//1130
f 1086//1131 1085//1130 1083//1127
f 1087//1132 822//862 1085//1130
f 1086//1131 1088//1134 1090//1133
f 1089//1135 1088//1134 1079//1122
f 1091//1137 1090//1133 1088//1134
f 1087//1132 1090//1133 1092//1138
f 1094//283 1092//1138 1090//1133
f 1092//1138 1095//1141 1096//1140
f 1095//1141 1092//1138 1094//283
f 816//859 818//858 1093//1139
f 1091//1137 261//276 263//279
f 1093//1139 818//858 822//862
f 1089//1135 1098//277 261//276
f 1097//1136 1099//1142 1098//277
f 257//270 1098//277 1099//1142
f 1097//1136 1103//1146 1101//1143
f 1100//1144 1105//1147 249//261
f 1104//1145 1100//1144 1101//1143
f 1071//1116 1105//1147 1100//1144
f 246//259 1106//1148 1107//1150
f 1108//1149 1066//1109 1111//1151
f 1109//1152 1110//1154 1107//1150
f 1112//1153 1113//1157 1110//1154
f 1109//1152 1111//1151 1114//1155
f 1115//1156 1117//1159 1113//1157
f 1112//1153 1114//1155 1116//1158
f 237//248 1113//1157 1117//1159
f 1119//1161 1114//1155 1111//1151
f 1059//1105 1057//1104 1119//1161
f 240//251 1110//1154 1113//1157
f 243//253 1107//1150 1110//1154
f 1122//1164 1123//1166 1121//1163
f 1124//1165 887//931 1123//1166
f 1125//1167 1124//1165 830//872
f 884//925 887//931 1124//1165
f 1126//873 1128//1168 1127//921
f 1125//1167 1127//921 877//920
f 873//916 1127//921 1128//1168
f 871//914 1128//1168 1129//1169
f 831//874 1129//1169 1128//1168
f 869//911 1129//1169 1130//1170
f 832//875 1130//1170 1129//1169
f 863//907 867//910 1130//1170
f 1132//1171 1121//1163 1123//1166
f 1082//1126 1121//1163 1132//1171
f 889//933 925//971 1132//1171
f 1133//1128 1132//1171 925//971
f 1133//1128 1068//1113 1134//1119
f 926//972 928//974 1068//1113
f 1135//1088 1037//1083 1035//1081
f 1136//1172 1035//1081 1032//1079
f 1137//1173 1032//1079 1030//1174
f 1138//1175 1030//1174 101//103
f 90//93 92//94 1024//1072
f 975//1026 1003//1052 966//1015
f 994//1044 992//1043 19//18
f 13//11 19//18 992//1043
f 970//1022 916//962 980//1032
f 1139//1176 971//985 932//979
f 1139//1176 918//963 916//962
f 941//990 963//1014 954//1006
f 5//3 910//954 904//948
f 1141//879 836//880 849//891
f 858//898 1143//1178 1146//1177
f 854//895 1144//1180 1143//1178
f 1147//1181 1146//1177 1143//1178
f 1145//1179 1149//1184 1148//1182
f 1150//1183 1148//1182 1149//1184
f 1153//1186 1151//1786 1150//1183
f 1152//1185 1154//1189 1155//1187
f 1152//1185 1149//1184 1156//1188
f 1158//1190 1155//1187 1154//1189
f 1154//1189 1156//1188 1159//1192
f 1160//1193 1161//1872 1158//1190
f 1157//1191 1159//1192 1163//1194
f 1165//1195 1161//1872 1160//1193
f 1164//1196 1166//1199 1803//1198
f 1172//1203 1171//1202 1168//1201
f 1169//1204 1168//1201 1170//1205
f 1175//1207 1167//1200 1171//1202
f 1173//1208 1171//1202 1172//1203
f 1178//1210 1176//1211 1173//1208
f 1177//1212 1176//1211 1178//1210
f 1179//1214 1180//1216 1184//1215
f 1181//1217 1180//1216 1182//1218
f 1175//1207 1184//1215 1185//1221
f 1183//1220 1209//1247 1187//1223
f 1186//1222 1187//1223 1190//1224
f 1188//1225 1190//1224 1191//1226
f 1188//1225 1189//1227 1803//1198
f 1193//1228 1191//1226 1190//1224
f 1192//1229 1190//1224 1187//1223
f 1192//1229 1195//1232 1196//1231
f 1194//1230 1197//1235 1195//1232
f 1199//1233 1196//1231 1195//1232
f 1198//1234 1195//1232 1197//1235
f 1198//1234 1200//1238 4524//1237
f 1201//1236 1202//1240 1200//1238
f 1203//1239 1204//1243 1202//1240
f 1201//1236 1197//1235 1206//1241
f 1203//1239 1205//1244 4477//1242
f 1206//1241 1207//4664 1205//1244
f 1210//1245 1207//4664 1206//1241
f 1208//1246 1206//1241 1197//1235
f 1194//1230 1187//1223 1209//1247
f 1208//1246 1209//1247 1212//1248
f 4461//1249 1207//4664 1210//1245
f 1211//1250 1210//1245 1212//1248
f 1215//1219 1213//1251 1212//1248
f 4459//1252 1211//1250 1213//1251
f 1216//1254 1214//1253 1213//1251
f 1215//1219 1182//1218 1217//1255
f 1216//1254 1217//1255 1221//1256
f 1218//1257 1219//1259 1214//1253
f 1218//1257 1220//1261 4453//1258
f 1218//1257 1221//1256 1222//1260
f 1217//1255 1224//741 1223//1262
f 1223//1262 1224//741 699//1263
f 1226//735 1227//1265 1225//1264
f 1231//1270 1230//1268 1232//1271
f 1235//1273 1232//1271 1230//1268
f 1235//1273 1233//1269 1234//1274
f 1235//1273 1237//1277 1238//1276
f 1236//1275 1239//1279 1237//1277
f 1240//1278 1237//1277 1239//1279
f 1242//1282 4434//4567 1241//1281
f 1240//1278 1243//1280 1244//1283
f 1246//1284 1244//1283 1243//1280
f 1245//1285 1243//1280 1239//1279
f 1245//1285 6795//1288 6796//1287
f 1247//1286 6797//1293 6795//1288
f 1251//1289 1250//1292 1249//1290
f 694//728 691//727 1250//1292
f 1236//1275 1234//1274 1251//1289
f 1251//1289 1234//1274 697//733
f 1252//1291 1249//1290 6797//1293
f 1252//1291 1247//1286 1239//1279
f 1258//1294 1255//4669 1254//1295
f 1256//1296 1254//1295 1253//1297
f 1256//1296 1257//1300 4550//1299
f 1259//1298 1261//1303 1257//1300
f 1259//1298 1253//1297 6798//1301
f 1260//1302 1262//1305 1261//1303
f 1263//1304 1261//1303 1262//1305
f 1266//1307 1257//1300 1261//1303
f 1272//1311 1270//1312 1267//1308
f 1270//1312 1271//1314 4429//1315
f 4410//1319 1271//1314 1274//1317
f 1275//1320 1274//1317 1276//1318
f 1279//1323 1277//1321 1276//1318
f 1278//1322 1280//1326 1352//1325
f 1286//1331 1285//1327 1268//1310
f 1286//1331 1287//1333 1284//1330
f 1290//1332 1288//1334 1286//1331
f 1287//1333 1286//1331 1288//1334
f 1289//1335 1288//1334 1291//1336
f 1291//1336 1288//1334 1290//1332
f 1296//1339 1294//1340 1291//1336
f 1293//1337 1291//1336 1294//1340
f 1295//1341 1294//1340 1297//1342
f 1298//1344 1297//1342 1294//1340
f 1303//1345 1300//1346 1297//1342
f 1299//1343 1297//1342 1300//1346
f 1304//1347 1300//1346 1301//1348
f 1304//1347 1306//1351 1308//1352
f 1309//1353 1306//1351 1307//1354
f 1311//1356 1308//1352 1306//1351
f 1310//1355 1314//1361 1312//1357
f 1309//1353 1312//1357 1315//1358
f 1316//1359 1315//1358 1312//1357
f 1311//1356 1315//1358 1317//1362
f 1319//1364 1317//1362 1315//1358
f 1320//1366 1331//1374 1322//1367
f 1321//1365 1322//1367 1324//1368
f 1321//1365 1323//1369 1325//1370
f 1323//1369 1324//1368 1289//1335
f 1318//1363 1325//1370 1308//1352
f 1287//1333 1289//1335 1324//1368
f 1326//1371 1324//1368 1322//1367
f 1326//1371 1283//1329 1284//1330
f 1328//1373 1283//1329 1326//1371
f 1327//1372 1322//1367 1331//1374
f 1327//1372 1329//1377 1341//1376
f 1330//1375 1333//1380 1329//1377
f 1330//1375 1331//1374 6409//1378
f 1332//1379 1334//1382 1333//1380
f 1335//1381 1333//1380 1334//1382
f 1338//1384 1329//1377 1333//1380
f 1335//1381 1337//1385 1339//1386
f 1338//1384 1339//1386 1343//1387
f 1340//1388 1341//1376 1329//1377
f 1342//1389 1328//1373 1341//1376
f 1340//1388 1343//1387 1345//1390
f 1344//1391 1343//1387 1339//1386
f 1346//1393 1345//1390 1343//1387
f 1342//1389 1345//1390 1348//1395
f 1349//1397 1348//1395 1347//1394
f 1351//1399 1350//1396 1348//1395
f 1352//1325 1280//1326 1350//1396
f 1350//1396 1280//1326 1282//1328
f 1351//1399 1353//1401 1355//1400
f 1349//1397 1356//1404 1353//1401
f 4401//1402 1355//1400 1353//1401
f 1354//1403 1353//1401 1356//1404
f 1369//1398 1357//1406 1356//1404
f 1358//1405 1356//1404 1357//1406
f 1358//1405 1359//1409 4391//1408
f 1360//1407 1361//1411 1359//1409
f 1362//1410 1364//1414 1361//1411
f 1360//1407 1357//1406 1365//1412
f 1363//1413 4397//4526 1364//1414
f 1362//1410 1365//1412 1366//1415
f 1368//1416 1366//1415 1365//1412
f 1367//1417 1365//1412 1357//1406
f 1367//1417 1370//1419 1372//1418
f 1371//1420 1370//1419 1347//1394
f 1373//1421 1372//1418 1370//1419
f 1368//1416 1372//1418 1374//1422
f 1377//1424 1374//1422 1372//1418
f 1375//1423 1374//1422 1376//1425
f 1378//1427 1376//1425 1374//1422
f 1377//1424 1379//1429 1382//1428
f 1373//1421 1380//1431 1379//1429
f 1381//1430 1379//1429 1380//1431
f 1382//1428 1379//1429 1381//1430
f 1378//1427 1382//1428 1383//1434
f 1385//1436 1383//1434 1382//1428
f 1384//1433 1381//1430 1388//1437
f 1387//1438 1388//1437 1391//1440
f 1395//1442 1386//1439 1387//1438
f 1389//1441 1394//1445 6561//1447
f 1396//1448 1385//1436 1386//1439
f 1419//1450 1398//1452 1397//1449
f 1399//1451 1397//1449 1398//1452
f 1399//1451 1400//1455 4347//1454
f 1401//1453 1402//1457 1400//1455
f 1403//1456 1404//1459 1402//1457
f 1401//1453 1398//1452 1406//1458
f 1407//1460 1409//1465 4342//1462
f 1409//1465 1410//1464 1412//1468
f 1412//1468 1410//1464 1413//1467
f 1418//1472 1415//1471 1413//1467
f 1419//1450 1416//1474 1415//1471
f 1417//1473 1415//1471 1416//1474
f 1418//1472 1406//1458 1398//1452
f 1411//1466 1405//1461 1406//1458
f 1420//1475 1422//1479 1421//1476
f 1417//1473 1421//1476 1424//1477
f 1423//1478 1421//1476 1422//1479
f 1426//1481 1424//1477 1421//1476
f 1428//1482 1425//1483 1424//1477
f 1414//1470 1424//1477 1425//1483
f 1426//1481 1427//1485 1429//1484
f 1423//1478 1453//1510 1427//1485
f 1428//1482 1429//1484 1431//1486
f 1425//1483 1428//1482 1430//1487
f 1436//1489 1433//1492 1430//1487
f 1430//1487 1433//1492 1434//1490
f 4345//1491 1434//1490 1433//1492
f 1439//1494 1436//1489 1431//1486
f 1439//1494 1441//1499 1443//1498
f 1440//1495 1444//1501 1441//1499
f 1445//1500 1442//1502 1441//1499
f 1443//1498 1441//1499 1442//1502
f 1445//1500 1444//1501 1446//1504
f 1440//1495 1431//1486 1429//1484
f 1447//1506 1429//1484 1427//1485
f 1448//1507 1449//1509 1446//1504
f 1450//1508 1451//1511 1449//1509
f 1448//1507 1427//1485 1453//1510
f 1451//1511 1450//1508 1452//1512
f 1450//1508 1453//1510 1454//1514
f 1456//1480 1454//1514 1453//1510
f 1452//1512 1454//1514 1455//1515
f 1458//1517 1455//1515 1454//1514
f 1458//1517 1457//1518 1460//1519
f 1459//1520 1461//1523 1455//1515
f 1459//1520 1460//1519 1464//1521
f 1462//1522 1465//1527 1461//1523
f 1462//1522 1464//1521 6514//1524
f 1468//1526 1465//1527 1462//1522
f 1468//1526 1469//1531 1471//1530
f 1469//1531 1468//1526 1463//1525
f 1469//1531 1470//1532 1473//1533
f 1467//1529 1471//1530 1472//1534
f 1475//1536 1472//1534 1471//1530
f 1470//1532 1477//1539 1476//1537
f 1476//1537 1479//1541 1474//1538
f 1477//1539 1486//1549 1478//1540
f 1478//1540 1486//1549 1484//1545
f 1482//1542 1484//1545 1487//1547
f 6512//1548 1485//1550 1484//1545
f 1487//1547 1484//1545 1485//1550
f 1488//1551 1490//1554 1489//1552
f 1483//1546 1487//1547 1489//1552
f 1491//1553 1489//1552 1490//1554
f 1491//1553 1493//1557 1496//1556
f 1492//1555 1495//1559 1493//1557
f 1494//1558 1493//1557 1495//1559
f 1497//1561 1496//1556 1493//1557
f 1494//1558 6471//6498 1498//1562
f 1481//1544 1499//1563 1501//1566
f 1514//1578 1513//1579 1511//1575
f 1509//1576 1511//1575 1513//1579
f 1516//1581 1513//1579 1514//1578
f 1515//1580 1513//1579 1516//1581
f 1519//1583 1516//1581 1518//1585
f 1525//1587 1522//1589 1520//1584
f 1517//1582 1565//1636 1521//1588
f 1522//1589 1523//1591 1518//1585
f 1522//1589 1524//1592 6073//1590
f 1525//1587 1526//1594 1524//1592
f 1527//1593 1528//1597 1526//1594
f 1529//1595 1527//1593 1525//1587
f 1530//1596 1531//1600 1528//1597
f 1527//1593 1529//1595 1532//1598
f 1533//1599 1535//1604 1531//1600
f 1530//1596 1532//1598 1534//1601
f 1533//1599 1534//1601 1538//1602
f 1536//1603 1537//1606 1535//1604
f 1539//1605 1540//1609 1537//1606
f 1536//1603 1538//1602 1541//1607
f 1542//1608 1543//1611 1540//1609
f 1541//1607 1545//1612 1542//1608
f 1544//1610 1608//1673 1543//1611
f 1544//1610 1542//1608 1545//1612
f 1549//1614 1547//1615 1545//1612
f 1546//1613 1545//1612 1547//1615
f 1549//1614 1556//1622 1550//1618
f 1551//1617 1552//1621 1590//1619
f 1553//1620 1554//1624 1552//1621
f 1553//1620 1551//1617 1550//1618
f 1553//1620 1555//1625 1581//1623
f 1556//1622 1557//1626 1555//1625
f 1549//1614 1558//1629 1557//1626
f 1561//1627 1555//1625 1557//1626
f 1559//1628 1557//1626 1558//1629
f 1559//1628 1560//1632 1578//1631
f 1562//1630 1563//1633 1560//1632
f 1563//1633 1562//1630 1534//1601
f 1558//1629 1538//1602 1534//1601
f 1564//1634 1563//1633 1532//1598
f 1566//1635 1560//1632 1563//1633
f 1529//1595 1521//1588 1565//1636
f 1564//1634 1565//1636 1568//1637
f 1567//400 1578//1631 1560//1632
f 1566//1635 1568//1637 378//401
f 1569//1638 1568//1637 1565//1636
f 380//402 378//401 1568//1637
f 1572//1640 1570//1639 1514//1578
f 1572//1640 1508//1574 1573//1642
f 1573//1642 1574//1644 383//405
f 404//426 1577//1646 1576//1645
f 1576//1645 1577//1646 387//410
f 402//411 387//410 1577//1646
f 374//394 1579//393 1578//1631
f 1561//1627 1578//1631 1579//393
f 1580//1647 1579//393 370//389
f 1582//388 1583//1648 1581//1623
f 1580//1647 1581//1623 1555//1625
f 366//382 1584//381 1583//1648
f 1554//1624 1581//1623 1583//1648
f 1585//1649 1583//1648 1584//381
f 1588//1651 1552//1621 1554//1624
f 1589//1653 1590//1619 1552//1621
f 1588//1651 1587//1652 1591//1654
f 1592//1655 1595//1659 1590//1619
f 1589//1653 1591//1654 1593//1656
f 1594//1657 1592//1655 1593//1656
f 1594//1657 1597//1662 1595//1659
f 1548//1616 1590//1619 1595//1659
f 1598//1661 1599//1665 1614//1663
f 1600//1664 1601//1666 1599//1665
f 1598//1661 1597//1662 330//345
f 325//338 321//337 1601//1666
f 1604//1667 1599//1665 1601//1666
f 1602//1668 1601//1666 321//337
f 318//333 316//332 1603//1669
f 1602//1668 1603//1669 1606//1670
f 1605//1671 1614//1663 1599//1665
f 1604//1667 1606//1670 1607//1672
f 204//212 1606//1670 1603//1669
f 203//210 1607//1672 1606//1670
f 1605//1671 1607//1672 1608//1673
f 1609//211 1608//1673 1607//1672
f 1610//1674 1543//1611 1608//1673
f 1609//211 202//180 175//177
f 165//171 163//170 1612//1676
f 1611//1675 175//177 167//175
f 1610//1674 1612//1676 163//170
f 1613//169 1540//1609 1543//1611
f 162//166 1537//1606 1540//1609
f 1544//1610 1546//1613 1614//1663
f 1596//1660 1614//1663 1546//1613
f 208//213 1603//1669 316//332
f 1615//1658 333//348 332//346
f 1616//366 336//351 333//348
f 1615//1658 1593//1656 350//364
f 352//365 350//364 1593//1656
f 1617//372 355//371 1587//1652
f 1586//1650 1584//381 365//379
f 1617//372 365//379 359//375
f 1549//1614 1541//1607 1538//1602
f 159//163 1535//1604 1537//1606
f 157//162 1531//1600 1535//1604
f 155//159 1528//1597 1531//1600
f 1618//161 1526//1594 1528//1597
f 1619//1677 1524//1592 1526//1594
f 1618//161 154//160 1623//1678
f 1622//1680 1632//1694 1621//1681
f 1624//1682 1623//1678 154//160
f 1624//1682 1628//1686 1627//1684
f 1629//1685 1627//1684 1628//1686
f 1630//1688 1626//115 1627//1684
f 1631//1687 123//123 120//1689
f 1630//1688 1629//1685 120//1689
f 1631//1687 1628//1686 148//154
f 146//150 144//124 123//123
f 117//119 112//116 111//114
f 152//155 148//154 1628//1686
f 1622//1680 1620//1679 1634//1690
f 1635//1692 1632//1694 1622//1680
f 1636//1693 1638//1697 1632//1694
f 1637//1696 4605//4714 1638//1697
f 1649//1698 1651//1710 1641//1702
f 1652//1708 1649//1698 78//78
f 75//75 69//70 1653//1711
f 1652//1708 1653//1711 1654//1712
f 1656//1713 1654//1712 1653//1711
f 1650//1709 1654//1712 1655//1714
f 1657//1716 1655//1714 1654//1712
f 68//69 65//65 62//63
f 1656//1713 1658//1717 1659//1718
f 1661//1719 1658//1717 61//62
f 59//60 58//59 1662//1721
f 1661//1719 1662//1721 1665//1722
f 1664//1723 1662//1721 58//59
f 1669//1727 1666//1726 1665//1722
f 1667//1728 1666//1726 1668//1729
f 1669//1727 1663//1725 1672//1733
f 1674//1736 5963//6067 1673//1735
f 1674//1736 1675//1734 1676//1738
f 1679//1740 1676//1738 1675//1734
f 1677//1737 1678//1741 1681//1742
f 1677//1737 1680//1743 1683//1744
f 1685//1747 1683//1744 1680//1743
f 1684//1746 1682//1745 1687//1748
f 1686//1749 1689//1754 1685//1747
f 1686//1749 1687//1748 6341//1750
f 1691//1752 1689//1754 1686//1749
f 1690//1753 5933//6039 1685//1747
f 1690//1753 1689//1754 1691//1752
f 1688//1751 1694//1759 1693//1756
f 1691//1752 1693//1756 1696//1757
f 1695//1758 1693//1756 1694//1759
f 1696//1757 1693//1756 1695//1758
f 1696//1757 1697//1763 5931//1762
f 1698//1761 1700//1767 1697//1763
f 1695//1758 6333//6366 1699//1764
f 1702//1765 1700//1767 1698//1761
f 1766//1766 1697//1763 1700//1767
f 1703//1769 1701//1768 1700//1767
f 1701//1768 1703//1769 1704//1770
f 1705//1771 1704//1770 1706//1772
f 1707//1773 1706//1772 1708//1774
f 1709//1775 1708//1774 1710//1776
f 1711//1777 1710//1776 1712//1778
f 1713//1779 1712//1778 1714//1780
f 1715//1781 1714//1780 1716//1782
f 1717//1783 1716//1782 1718//1784
f 1719//1785 1718//1784 1151//1786
f 1153//1186 1155//1187 1720//1787
f 1719//1785 1720//1787 1721//1788
f 1724//1789 1721//1788 1720//1787
f 1722//1790 1720//1787 1155//1187
f 1158//1190 1161//1872 1726//1793
f 1731//1795 1723//1791 1727//1792
f 1731//1795 1732//1799 1733//1800
f 1734//1803 6331//1873 1736//1804
f 1735//1802 1736//1804 1739//1805
f 1740//1808 1741//1810 1738//1807
f 1740//1808 1737//1806 1739//1805
f 1742//1809 1739//1805 6332//1813
f 1749//1816 1741//1810 1744//1811
f 1746//1815 1747//1817 1751//1819
f 1750//1820 1738//1807 1741//1810
f 1749//1816 1751//1819 1752//1821
f 1753//1822 1751//1819 1747//1817
f 1755//1824 1752//1821 1751//1819
f 1754//1823 1757//1827 1756//1825
f 1753//1822 1756//1825 1758//1826
f 1711//1777 1756//1825 1757//1827
f 1713//1779 1758//1826 1756//1825
f 1715//1781 1759//1828 1758//1826
f 1755//1824 1758//1826 1759//1828
f 1717//1783 1721//1788 1759//1828
f 1760//1829 1759//1828 1721//1788
f 1724//1789 1723//1791 1761//1830
f 1760//1829 1761//1830 1752//1821
f 1750//1820 1752//1821 1761//1830
f 1762//1801 1761//1830 1723//1791
f 1762//1801 1733//1800 1738//1807
f 1763//1831 1757//1827 1754//1823
f 1701//1768 1705//1771 1765//1833
f 1764//1832 1772//1840 1770//1837
f 1773//1838 1769//1836 1770//1837
f 1748//1818 1745//1814 1775//1841
f 1778//1843 1774//1842 1775//1841
f 1776//1844 1775//1841 1745//1814
f 1776//1844 1777//1846 1780//1845
f 1743//1812 6332//1813 1777//1846
f 1778//1843 1780//1845 1781//1848
f 1782//1849 1783//1852 1781//1848
f 1782//1849 1780//1845 1777//1846
f 1784//1851 5915//6023 1783//1852
f 1785//1850 1787//1854 1784//1851
f 1786//1853 1788//1856 1787//1854
f 1785//1850 1777//1846 6332//1813
f 1789//1855 1787//1854 1788//1856
f 1784//1851 1787//1854 1789//1855
f 1790//1858 1789//1855 1791//1859
f 1792//1857 1794//1863 1791//1859
f 1792//1857 1793//1861 1796//1862
f 1805//1860 1791//1859 1794//1863
f 1794//1863 1796//1862 1798//1865
f 1799//1867 1798//1865 1796//1862
f 1189//1227 1191//1226 1798//1865
f 1795//1864 1798//1865 1191//1226
f 1797//1866 1802//1870 1800//1868
f 1799//1867 1800//1868 1803//1198
f 1165//1195 1803//1198 1800//1868
f 1804//1871 1730//1798 1802//1870
f 1801//1869 1726//1793 1161//1872
f 1729//1797 1725//1794 1726//1793
f 1804//1871 1793//1861 6331//1873
f 1795//1864 1806//1875 1808//1874
f 1193//1228 1196//1231 1806//1875
f 1807//1876 1806//1875 1196//1231
f 1810//1877 1808//1874 1806//1875
f 1811//1878 1809//1879 1808//1874
f 1805//1860 1808//1874 1809//1879
f 1807//1876 1813//1883 1812//1880
f 1810//1877 1812//1880 1814//1881
f 1815//1882 1812//1880 1813//1883
f 1818//1885 1814//1881 1812//1880
f 1816//1884 4521//4648 1817//1886
f 1815//1882 1817//1886 1820//1887
f 1818//1885 1820//1887 1821//1888
f 1819//1889 5911//6017 1814//1881
f 1825//1890 1821//1888 1820//1887
f 1822//1891 1820//1887 1817//1886
f 1823//1892 4517//4646 1824//1893
f 1822//1891 1824//1893 1827//1894
f 1826//1895 5907//6011 1821//1888
f 1825//1890 1827//1894 1828//1896
f 1830//1897 1828//1896 1827//1894
f 1829//1898 1827//1894 1824//1893
f 1829//1898 1832//1901 1835//1900
f 1831//1899 1833//1903 1832//1901
f 1834//1902 1832//1901 1833//1903
f 1837//1905 1835//1900 1832//1901
f 1830//1897 1835//1900 1836//1906
f 1838//1908 1836//1906 1835//1900
f 1837//1905 1839//1910 1842//1909
f 1834//1902 1843//1913 1839//1910
f 5861//1914 1842//1909 1839//1910
f 1846//1904 1845//1916 1843//1913
f 1845//1916 1847//1919 1851//1917
f 1848//1918 1847//1919 1845//1916
f 1853//1922 1851//1917 1847//1919
f 1844//1915 1851//1917 1852//1923
f 1853//1922 1855//1926 1852//1923
f 1850//1921 4508//4635 1854//1925
f 1854//1925 1857//1929 1855//1926
f 5867//1927 1852//1923 1855//1926
f 1856//1928 1855//1926 1857//1929
f 1858//1930 1857//1929 1859//1931
f 1861//1933 1859//1931 1857//1929
f 4506//1934 1860//1935 1859//1931
f 1862//1932 1859//1931 1860//1935
f 1862//1932 1864//1938 1865//1937
f 1863//1936 1866//1947 1864//1938
f 1870//1939 1865//1937 1864//1938
f 1864//1938 1866//1947 1871//1941
f 1868//1942 6069//5986 1869//1943
f 1871//1941 1873//1945 1868//1942
f 1872//1944 1874//1950 1873//1945
f 4538//1946 1872//1944 1871//1941
f 1876//1948 1868//1942 1873//1945
f 1875//1949 1873//1945 1874//1950
f 1875//1949 1878//1953 1879//1952
f 1877//1951 1881//1956 1878//1953
f 1892//1954 1879//1952 1878//1953
f 1880//1955 1878//1953 1881//1956
f 1881//1956 1882//1959 1884//1958
f 1877//1951 3420//3549 1882//1959
f 1883//1957 1884//1958 1887//1960
f 1883//1957 1885//1961 1888//1962
f 1889//1963 1888//1962 1885//1961
f 1885//1961 1887//1960 3402//1965
f 1891//1966 1890//1967 1888//1962
f 1880//1955 1888//1962 1890//1967
f 1895//1968 1893//1969 1890//1967
f 1892//1954 1890//1967 1893//1969
f 1894//1970 1893//1969 1896//1971
f 1897//1973 1896//1971 1893//1969
f 1900//1974 1899//1975 1896//1971
f 1898//1972 1896//1971 1899//1975
f 1902//1976 1899//1975 1903//1978
f 1908//1980 1905//1981 1903//1978
f 1907//1982 1905//1981 1906//1983
f 1909//1985 1906//1983 1905//1981
f 1908//1980 1910//1986 1912//1987
f 1915//1990 1912//1987 1910//1986
f 1916//1992 1913//1989 1914//1991
f 1915//1990 1913//1989 1916//1992
f 1918//1994 1916//1992 1917//1995
f 1921//1997 1917//1995 1916//1992
f 1935//1998 1920//1999 1919//1993
f 1921//1997 1919//1993 1920//1999
f 1923//2001 1925//2004 1917//1995
f 1924//2003 5430//5536 1925//2004
f 1927//2006 1926//2002 1928//2007
f 1934//2012 1932//2009 1920//1999
f 1935//1998 1940//2017 1936//2014
f 1934//2012 1936//2014 1939//2015
f 1943//2022 1942//2019 1944//2021
f 1947//2025 1945//2023 1944//2021
f 1900//1974 1948//2026 1946//2024
f 1947//2025 1946//2024 1948//2026
f 1897//1973 1949//2028 1948//2026
f 1950//2027 1948//2026 1949//2028
f 1947//2025 1950//2027 1951//2030
f 1954//2031 1951//2030 1950//2027
f 1949//2028 6079//6150 1953//2032
f 1952//2029 1953//2032 1956//2033
f 1955//2034 5509//5604 1951//2030
f 1954//2031 1956//2033 1958//2035
f 1956//2033 1957//2037 1960//2036
f 1957//2037 1956//2033 1953//2032
f 1962//2039 1959//2040 1958//2035
f 1955//2034 1958//2035 1959//2040
f 1957//2037 3394//3523 1961//2042
f 1961//2042 1964//2045 1963//2043
f 1963//2043 1965//2047 1962//2039
f 1966//2044 1963//2043 1964//2045
f 1966//2044 1967//2048 1965//2047
f 1968//2046 1970//2050 1967//2048
f 1969//2049 1972//2054 1970//2050
f 1968//2046 1964//2045 3392//2051
f 4892//2052 1967//2048 1970//2050
f 1971//2053 1970//2050 1972//2054
f 1969//2049 3382//3508 1973//2056
f 1972//2054 1973//2056 1976//2057
f 1975//2058 1981//2067 1978//2059
f 1978//2059 1979//2062 1977//2060
f 1980//2061 4873//4975 1979//2062
f 1978//2059 1981//2067 1982//2063
f 1983//2064 1981//2067 1975//2058
f 1986//2066 1982//2063 1981//2067
f 3372//2068 1984//2069 1983//2064
f 1986//2066 1983//2064 1984//2069
f 1986//2066 1987//2070 1991//2071
f 1988//2072 1989//2074 1982//2063
f 1990//2073 4874//4976 1989//2074
f 1988//2072 1991//2071 1992//2075
f 1993//2076 1991//2071 1987//2070
f 1996//2078 1992//2075 1991//2071
f 1995//2077 6081//6151 1994//2079
f 1993//2076 1994//2079 1998//2080
f 1996//2078 1998//2080 2000//2081
f 1997//2082 4882//4983 1992//2075
f 1999//2083 1998//2080 1994//2079
f 2001//2085 2000//2081 1998//2080
f 2004//2086 2002//2087 2000//2081
f 1997//2082 2000//2081 2002//2087
f 2003//2088 2002//2087 2005//2089
f 2006//2091 2005//2089 2002//2087
f 3323//2092 2007//2093 2005//2089
f 2008//2090 2005//2089 2007//2093
f 2008//2090 2009//2096 4881//2095
f 2010//2094 2011//2099 2009//2096
f 2010//2094 2007//2093 2013//2097
f 2012//2098 2015//2102 2011//2099
f 2012//2098 2013//2097 3280//2100
f 2014//2101 2016//2104 2015//2102
f 2017//2103 2015//2102 2016//2104
f 2019//2106 2011//2099 2015//2102
f 2017//2103 2018//2108 4883//2107
f 2020//2105 2022//2111 2018//2108
f 2020//2105 2016//2104 3277//2109
f 2021//2110 2024//2113 2022//2111
f 2023//2112 2022//2111 2024//2113
f 2040//2115 2018//2108 2022//2111
f 2025//2114 2024//2113 2026//2116
f 2027//2118 2026//2116 2024//2113
f 3274//2119 2028//2120 2026//2116
f 2029//2117 2026//2116 2028//2120
f 2029//2117 2031//2123 2034//2122
f 2030//2121 2032//2125 2031//2123
f 2033//2124 2031//2123 2032//2125
f 2035//2127 2034//2122 2031//2123
f 2037//2128 2036//2129 2034//2122
f 2025//2114 2034//2122 2036//2129
f 2041//2130 2038//2131 2036//2129
f 2023//2112 2036//2129 2038//2131
f 2042//2132 2039//2133 2038//2131
f 2040//2115 2038//2131 2039//2133
f 2037//2128 2046//2140 2043//2135
f 2041//2130 2043//2135 2044//2136
f 2044//2136 2043//2135 2045//2137
f 2048//2139 2045//2137 2043//2135
f 2035//2127 2047//2141 2046//2140
f 2048//2139 2046//2140 2047//2141
f 2048//2139 2049//2142 2052//2143
f 2050//2144 2051//2146 2045//2137
f 2053//2145 2054//2149 2051//2146
f 2050//2144 2052//2143 2055//2147
f 2056//2148 2057//2152 2054//2149
f 2053//2145 2055//2147 2058//2150
f 2059//2151 2062//2155 2057//2152
f 2056//2148 2058//2150 2061//2153
f 2060//2154 2064//2159 2062//2155
f 2059//2151 2061//2153 2080//2156
f 4846//2157 2057//2152 2062//2155
f 2063//2158 2062//2155 2064//2159
f 2078//2161 2065//2162 2064//2159
f 2066//2160 2064//2159 2065//2162
f 2066//2160 2067//2165 4844//2164
f 2068//2163 2069//2167 2067//2165
f 2070//2166 2071//2170 2069//2167
f 2068//2163 2065//2162 2073//2168
f 2072//2169 4824//4853 2071//2170
f 2070//2166 2073//2168 2074//2171
f 2075//2172 2073//2168 2065//2162
f 2076//2173 2074//2171 2073//2168
f 2075//2172 2077//2175 3306//2174
f 2078//2161 2079//2176 2077//2175
f 2060//2154 2080//2156 2079//2176
f 2081//2177 2079//2176 2080//2156
f 2082//2179 2077//2175 2079//2176
f 2081//2177 2084//2181 2085//2180
f 2083//2178 2087//2184 2084//2181
f 6088//2182 2085//2180 2084//2181
f 2086//2183 2084//2181 2087//2184
f 2668//2186 2088//2187 2087//2184
f 2089//2185 2087//2184 2088//2187
f 2090//2188 2094//2192 2091//2189
f 2089//2185 2091//2189 2093//2190
f 2092//2191 2091//2189 2094//2192
f 6109//2194 2093//2190 2091//2189
f 2669//2195 2095//2196 2094//2192
f 2096//2193 2094//2192 2095//2196
f 2098//2197 2100//2201 2097//2198
f 2096//2193 2097//2198 6107//2199
f 2099//2200 2102//2204 2100//2201
f 2098//2197 2095//2196 2671//2202
f 2101//2203 2100//2201 2102//2204
f 6108//2206 2097//2198 2100//2201
f 2102//2204 2103//2209 2106//2208
f 2105//2205 2106//2208 2110//2210
f 2105//2205 2107//2211 2108//2212
f 6104//2213 2108//2212 2107//2211
f 2107//2211 2110//2210 2112//2215
f 2111//2216 2110//2210 2106//2208
f 2114//2218 2112//2215 2110//2210
f 2113//2219 2135//2242 2109//2214
f 2115//2220 2113//2219 2112//2215
f 2116//2221 2119//2225 2115//2220
f 2111//2216 2117//2223 2116//2221
f 2627//2222 2118//2224 2116//2221
f 2118//2224 2120//2228 2119//2225
f 2122//2226 2115//2220 2119//2225
f 2121//2227 2119//2225 2120//2228
f 2121//2227 2124//2231 2127//2230
f 2123//2229 2125//2233 2124//2231
f 2126//2232 2124//2231 2125//2233
f 2128//2235 2127//2230 2124//2231
f 2122//2226 2127//2230 2129//2236
f 2130//2238 2129//2236 2127//2230
f 2154//2239 2131//2240 2129//2236
f 2132//2237 2129//2236 2131//2240
f 2132//2237 2133//2241 2135//2242
f 2132//2237 2113//2219 2115//2220
f 2133//2241 2131//2240 2155//2243
f 2133//2241 2134//2244 2136//2245
f 2135//2242 2136//2245 2137//2246
f 2137//2246 2136//2245 2138//2247
f 2138//2247 2136//2245 2134//2244
f 2139//2248 2138//2247 2140//2250
f 2143//2252 2140//2250 2138//2247
f 2134//2244 2155//2243 2142//2253
f 2141//2249 2142//2253 2145//2254
f 2143//2252 2145//2254 2146//2255
f 2144//2256 3238//3367 2140//2250
f 2148//2257 2146//2255 2145//2254
f 2147//2258 2145//2254 2142//2253
f 2148//2257 2147//2258 2149//2260
f 2151//2262 2149//2260 2147//2258
f 2152//2263 2153//2264 2151//2262
f 2150//2259 2142//2253 2155//2243
f 2154//2239 2156//2265 2153//2264
f 2152//2263 2155//2243 2131//2240
f 2130//2238 2157//2267 2156//2265
f 2158//2266 2156//2265 2157//2267
f 2160//2269 2153//2264 2156//2265
f 2159//2268 2162//2619 2161//2270
f 2158//2266 2161//2270 2164//2271
f 2161//2270 2162//2619 2485//2272
f 2165//2274 2164//2271 2161//2270
f 2160//2269 2164//2271 2166//2275
f 2167//2277 2166//2275 2164//2271
f 2172//2278 2169//2279 2166//2275
f 2168//2276 2166//2275 2169//2279
f 2173//2281 2170//2282 2169//2279
f 2171//2280 2169//2279 2170//2282
f 2167//2277 2177//2288 2174//2284
f 2172//2278 2174//2284 2175//2285
f 3114//2286 2175//2285 2174//2284
f 2176//2287 2174//2284 2177//2288
f 2167//2277 2165//2274 2178//2290
f 2177//2288 2178//2290 2181//2291
f 2179//2289 2181//2291 2183//2292
f 2179//2289 2180//2293 3115//2294
f 2182//2295 2181//2291 2178//2290
f 2185//2297 2183//2292 2181//2291
f 2186//2298 2184//2299 2183//2292
f 2180//2293 2183//2292 2184//2299
f 2185//2297 2187//2302 2189//2301
f 2182//2295 2190//2304 2187//2302
f 2193//2303 2188//2305 2187//2302
f 2189//2301 2187//2302 2188//2305
f 6330//2296 2192//2308 2190//2304
f 2193//2303 2191//2307 2197//2309
f 2194//2310 2195//2312 2188//2305
f 2198//2311 2200//2316 2195//2312
f 2198//2311 2196//2313 2325//2314
f 2199//2315 2202//2319 2200//2316
f 3129//2317 2195//2312 2200//2316
f 2201//2318 2200//2316 2202//2319
f 2324//2321 2203//2322 2202//2319
f 2204//2320 2202//2319 2203//2322
f 2204//2320 2205//2325 3128//2324
f 2206//2323 2208//2328 2205//2325
f 2206//2323 2203//2322 6279//2326
f 2207//2327 2209//2330 2208//2328
f 2210//2329 2208//2328 2209//2330
f 2213//2332 2205//2325 2208//2328
f 2211//2331 6311//6352 2212//2333
f 2220//2336 2216//2337 2214//2334
f 2217//2338 2216//2337 2218//2339
f 2220//2336 2221//2343 2222//2342
f 2215//2335 2224//2349 2221//2343
f 2223//2344 3137//3273 2222//2342
f 2221//2343 2224//2349 2225//2345
f 2225//2345 2224//2349 2226//2346
f 2227//2348 2226//2346 2224//2349
f 6310//2350 2228//2351 2226//2346
f 2223//2344 2225//2345 2232//2354
f 2236//2356 2234//2357 2232//2354
f 2233//2355 2232//2354 2234//2357
f 2237//2358 2234//2357 2235//2359
f 2283//2361 2235//2359 2234//2357
f 2237//2358 2238//2363 3138//2362
f 2239//2360 2240//2365 2238//2363
f 2241//2364 2242//2368 2240//2365
f 2239//2360 2235//2359 2243//2366
f 2244//2367 2247//2371 2242//2368
f 2241//2364 2243//2366 2246//2369
f 2245//2370 2249//2375 2247//2371
f 2244//2367 2246//2369 2277//2372
f 2242//2368 2247//2371 2248//2373
f 2248//2373 2247//2371 2249//2375
f 2251//2376 2249//2375 2250//2378
f 2245//2370 2277//2372 2253//2380
f 2252//2377 2253//2380 2255//2381
f 2254//2382 2257//2385 2250//2378
f 2254//2382 2255//2381 2268//2383
f 2256//2384 2259//2387 2257//2385
f 2258//2386 2257//2385 2259//2387
f 3166//2379 2250//2378 2257//2385
f 2264//2389 2261//2390 2259//2387
f 2260//2388 2259//2387 2261//2390
f 2262//2391 2261//2390 2263//2392
f 2265//2394 2263//2392 2261//2390
f 2264//2389 2266//2396 2267//2395
f 2256//2384 2268//2383 2266//2396
f 2270//2397 2267//2395 2266//2396
f 2269//2398 2266//2396 2268//2383
f 2269//2398 2271//2402 2358//2400
f 2269//2398 2272//2399 2273//2401
f 2275//2403 2273//2401 2272//2399
f 2272//2399 2268//2383 2255//2381
f 2274//2404 2255//2381 2253//2380
f 2276//2405 2278//2407 2273//2401
f 2275//2403 2253//2380 2277//2372
f 2276//2405 2277//2372 2246//2369
f 2279//2406 2280//2409 2278//2407
f 2281//2408 2282//2410 2280//2409
f 2279//2406 2246//2369 2243//2366
f 2283//2361 2284//2412 2282//2410
f 2281//2408 2243//2366 2235//2359
f 2283//2361 2236//2356 2285//2411
f 2286//2413 2284//2412 2285//2411
f 2289//2415 2282//2410 2284//2412
f 2287//2414 6303//6345 2288//2416
f 2286//2413 2288//2416 2291//2417
f 2289//2415 2291//2417 2292//2418
f 2290//2419 2280//2409 2282//2410
f 2294//2420 2292//2418 2291//2417
f 2293//2421 2291//2417 2288//2416
f 2296//2422 2299//2427 2297//2424
f 2298//2425 2297//2424 2299//2427
f 2298//2425 6327//6363 2301//2429
f 2300//2426 2301//2429 2305//2430
f 2302//2431 2303//2433 2295//2423
f 2304//2432 2360//2486 2303//2433
f 2302//2431 2305//2430 2307//2434
f 2306//2435 2305//2430 2301//2429
f 2310//2437 2307//2434 2305//2430
f 2304//2432 2307//2434 2309//2439
f 2306//2435 2314//2444 2311//2441
f 2310//2437 2311//2441 2313//2442
f 2312//2443 2311//2441 2314//2444
f 2326//2446 2313//2442 2311//2441
f 2316//2445 2314//2444 2315//2447
f 6329//2436 2315//2447 2314//2444
f 2316//2445 2317//2448 2319//2449
f 2316//2445 2318//2450 2321//2451
f 2318//2450 2319//2449 6325//2452
f 2322//2454 2321//2451 2318//2450
f 2324//2321 2323//2455 2321//2451
f 2312//2443 2321//2451 2323//2455
f 2326//2446 2323//2455 2325//2314
f 2326//2446 2327//2456 2328//2457
f 2330//2458 2328//2457 2327//2456
f 2327//2456 2325//2314 2196//2313
f 2329//2459 2331//2461 2333//2460
f 2329//2459 2196//2313 2197//2309
f 2335//2462 2333//2460 2331//2461
f 2331//2461 2197//2309 2191//2307
f 2337//2464 2334//2465 2333//2460
f 2330//2458 2333//2460 2334//2465
f 2335//2462 2336//2468 2338//2467
f 2332//2463 6278//2620 2336//2468
f 2340//2470 2342//2473 2334//2465
f 2340//2470 2339//2469 2487//2471
f 2341//2472 2343//2475 2342//2473
f 2344//2474 2342//2473 2343//2475
f 2344//2474 2347//2478 2346//2477
f 2345//2466 2346//2477 2328//2457
f 2313//2442 2328//2457 2346//2477
f 2308//2438 2346//2477 2347//2478
f 2349//2476 2348//2479 2347//2478
f 2309//2439 2347//2478 2348//2479
f 2352//2480 2351//2481 2348//2479
f 2350//2440 2348//2479 2351//2481
f 2355//2483 2354//2484 2351//2481
f 2353//2482 2351//2481 2354//2484
f 2265//2394 2267//2395 2354//2484
f 2356//2485 2354//2484 2267//2395
f 2356//2485 2357//2487 2360//2486
f 2270//2397 2358//2400 2357//2487
f 2358//2400 2361//2489 2359//2488
f 2359//2488 2303//2433 2360//2486
f 2350//2440 2353//2482 2360//2486
f 2359//2488 2361//2489 2292//2418
f 2294//2420 2295//2423 2303//2433
f 2290//2419 2292//2418 2361//2489
f 2362//2490 2361//2489 2358//2400
f 2362//2490 2278//2407 2280//2409
f 2271//2402 2273//2401 2278//2407
f 2352//2480 2364//2493 2363//2491
f 2355//2483 2363//2491 2263//2392
f 2365//2492 2363//2491 2364//2493
f 2368//2393 2263//2392 2363//2491
f 2367//2494 2489//2623 2366//2495
f 2365//2492 2366//2495 2369//2496
f 2368//2393 2369//2496 2370//2497
f 2372//2498 2370//2497 2369//2496
f 2371//2499 2369//2496 2366//2495
f 2371//2499 2374//2502 2377//2501
f 2373//2500 2375//2504 2374//2502
f 2379//2505 2377//2501 2374//2502
f 2372//2498 2377//2501 2378//2506
f 2380//2508 2378//2506 2377//2501
f 2381//2509 2382//2512 2380//2508
f 2379//2505 2376//2503 2384//2510
f 2383//2511 3172//3303 2382//2512
f 2381//2509 2384//2510 2385//2513
f 2387//2514 2385//2513 2384//2510
f 2387//2514 2386//2515 2389//2516
f 2397//2526 2396//2525 2398//2527
f 2400//2529 2398//2527 2396//2525
f 2398//2527 2401//2531 2404//2530
f 2403//2532 2401//2531 2405//2534
f 2409//2536 2407//2537 2405//2534
f 2406//2535 2405//2534 2407//2537
f 2465//2539 2408//2540 2407//2537
f 2410//2538 2407//2537 2408//2540
f 2406//2535 2410//2538 2411//2542
f 2412//2541 2413//2545 2411//2542
f 2414//2544 2415//2548 2413//2545
f 2412//2541 2408//2540 2416//2546
f 2417//2547 2418//2551 2415//2548
f 2414//2544 2416//2546 2420//2549
f 2417//2547 2419//2553 2546//2550
f 2417//2547 2420//2549 2421//2552
f 2423//2554 2421//2552 2420//2549
f 2422//2555 2420//2549 2416//2546
f 2422//2555 2425//2558 2428//2557
f 2424//2556 2426//2597 2425//2558
f 2425//2558 2426//2597 2461//2559
f 2427//2560 2429//2562 2428//2557
f 2430//2561 2428//2557 2429//2562
f 2432//2564 2423//2554 2428//2557
f 2430//2561 2431//2566 2550//2565
f 2433//2563 2434//2568 2431//2566
f 2435//2567 2437//2652 2434//2568
f 2433//2563 2429//2562 2438//2569
f 2517//2570 2437//2652 2435//2567
f 2435//2567 2438//2569 2440//2572
f 2439//2573 2438//2569 2429//2562
f 2441//2574 2440//2572 2438//2569
f 2440//2572 2442//2576 2444//2575
f 2441//2574 2445//2578 2442//2576
f 2443//2577 2442//2576 2445//2578
f 2512//2580 2444//2575 2442//2576
f 2459//2581 2446//2582 2445//2578
f 2447//2579 2445//2578 2446//2582
f 2447//2579 2448//2585 2506//2584
f 2449//2583 2450//2587 2448//2585
f 2451//2586 2452//2590 2450//2587
f 2449//2583 2446//2582 2454//2588
f 2453//2589 2492//2625 2452//2590
f 2451//2586 2454//2588 2455//2591
f 2457//2592 2455//2591 2454//2588
f 2456//2593 2454//2588 2446//2582
f 2458//2594 2467//2600 2457//2592
f 2456//2593 2459//2581 2460//2595
f 2439//2573 2460//2595 2459//2581
f 2427//2560 2461//2559 2460//2595
f 2458//2594 2460//2595 2461//2559
f 2462//2596 2461//2559 2426//2597
f 2464//2598 2466//2601 2463//2599
f 2462//2596 2463//2599 2467//2600
f 2465//2539 2409//2536 2466//2601
f 2465//2539 2464//2598 2426//2597
f 2395//2524 2466//2601 2409//2536
f 2394//2523 2463//2599 2466//2601
f 2424//2556 2416//2546 2408//2540
f 2468//2602 2467//2600 2463//2599
f 2469//2603 2457//2592 2467//2600
f 2469//2603 2470//2604 2471//2605
f 2473//2607 2471//2605 2470//2604
f 2477//2609 2474//2608 2471//2605
f 2475//2234 2474//2608 2476//2610
f 2479//2611 2476//2610 2474//2608
f 2473//2607 2490//2621 2478//2612
f 2477//2609 2478//2612 2481//2613
f 2480//2614 2491//2624 2476//2610
f 2479//2611 2481//2613 2483//2615
f 2482//2616 2481//2613 2478//2612
f 2484//2618 2483//2615 2481//2613
f 2485//2272 2162//2619 2483//2615
f 2480//2614 2483//2615 2162//2619
f 2484//2618 2338//2467 2336//2468
f 2482//2616 2339//2469 2338//2467
f 2485//2272 2336//2468 6278//2620
f 2486//2617 2487//2471 2339//2469
f 2486//2617 2478//2612 2490//2621
f 2488//2622 2489//2623 2487//2471
f 2373//2500 2366//2495 2489//2623
f 2488//2622 2490//2621 2375//2504
f 2388//2518 2375//2504 2490//2621
f 2341//2472 2487//2471 2489//2623
f 2159//2268 2157//2267 2491//2624
f 2128//2235 2491//2624 2157//2267
f 2126//2232 2476//2610 2491//2624
f 2453//2589 2475//2234 2125//2233
f 2475//2234 2453//2589 2455//2591
f 2493//2626 2492//2625 2125//2233
f 2494//2627 2452//2590 2492//2625
f 2493//2626 2495//2629 2497//2628
f 2123//2229 2120//2228 2495//2629
f 2498//2630 2497//2628 2495//2629
f 2496//2631 2495//2629 2120//2228
f 2500//2632 2499//2633 2497//2628
f 2494//2627 2497//2628 2499//2633
f 2576//2635 2501//2636 2499//2633
f 2502//2634 2499//2633 2501//2636
f 2502//2634 2450//2587 2452//2590
f 2503//2637 2448//2585 2450//2587
f 2503//2637 2501//2636 2505//2638
f 2504//2639 2506//2584 2448//2585
f 2504//2639 2505//2638 2509//2640
f 2507//2641 2510//2644 2506//2584
f 2507//2641 2509//2640 2581//2642
f 2508//2643 2511//2645 2510//2644
f 2512//2580 2510//2644 2511//2645
f 2443//2577 2506//2584 2510//2644
f 2513//2646 2515//2649 2444//2575
f 2513//2646 2511//2645 2590//2647
f 2514//2648 2516//2650 2515//2649
f 2517//2570 2515//2649 2516//2650
f 2436//2571 2444//2575 2515//2649
f 2518//2651 2520//2655 2437//2652
f 2518//2651 2516//2650 2594//2653
f 2519//2654 2522//2657 2520//2655
f 2434//2568 2437//2652 2520//2655
f 2521//2656 2520//2655 2522//2657
f 2596//2659 2523//2660 2522//2657
f 2521//2656 2524//2658 2526//2662
f 2527//2663 2526//2662 2529//2665
f 2531//2667 2529//2665 2526//2662
f 2530//2666 2529//2665 2532//2668
f 2534//2670 2532//2668 2529//2665
f 2533//2669 2532//2668 2535//2671
f 2537//2673 2535//2671 2532//2668
f 2538//2672 2535//2671 2536//2674
f 2537//2673 2621//2680 2536//2674
f 2538//2672 2539//2677 2549//2676
f 2540//2675 2542//2679 2539//2677
f 2541//2678 2543//2682 2542//2679
f 2540//2675 2536//2674 2621//2680
f 2544//2681 2542//2679 2543//2682
f 2547//2684 2539//2677 2542//2679
f 2545//2683 2551//2686 2546//2550
f 2544//2681 2546//2550 2419//2553
f 2548//2685 2549//2676 2539//2677
f 2547//2684 2419//2553 2421//2552
f 2432//2564 2550//2565 2549//2676
f 2548//2685 2421//2552 2423//2554
f 2533//2669 2549//2676 2550//2565
f 2530//2666 2550//2565 2431//2566
f 2418//2551 2546//2550 2551//2686
f 2555//2688 2553//2689 2551//2686
f 2552//2687 2551//2686 2553//2689
f 2615//2691 2554//2692 2553//2689
f 2556//2690 2553//2689 2554//2692
f 2557//2693 2561//2698 2558//2694
f 2556//2690 2558//2694 2559//2695
f 6274//2696 2559//2695 2558//2694
f 2560//2697 2558//2694 2561//2698
f 2567//2700 2563//2701 2561//2698
f 2562//2699 2561//2698 2563//2701
f 2566//2702 2563//2701 2565//2704
f 2557//2693 2554//2692 2568//2706
f 2567//2700 2568//2706 2570//2707
f 2571//2708 2570//2707 2568//2706
f 2569//2709 2568//2706 2554//2692
f 2573//2710 2572//2711 2570//2707
f 2575//2713 2572//2711 2573//2710
f 2576//2635 2574//2712 2572//2711
f 2575//2713 2505//2638 2501//2636
f 2577//2714 2509//2640 2505//2638
f 2578//2715 2577//2714 2573//2710
f 2578//2715 2581//2642 2509//2640
f 2607//2717 2580//2718 2578//2715
f 2508//2643 2581//2642 2582//2719
f 2583//2720 2582//2719 2584//2721
f 2586//2723 2584//2721 2582//2719
f 2602//2724 2585//2725 2584//2721
f 2587//2722 2584//2721 2585//2725
f 2588//2726 2591//2729 2589//2727
f 2587//2722 2589//2727 2590//2647
f 2514//2648 2590//2647 2589//2727
f 2592//2728 2589//2727 2591//2729
f 2592//2728 2594//2653 2516//2650
f 2593//2730 2595//2731 2594//2653
f 2519//2654 2594//2653 2595//2731
f 2591//2729 2597//2732 2595//2731
f 2596//2659 2595//2731 2597//2732
f 2598//2733 2597//2732 2591//2729
f 2525//2661 2523//2660 2597//2732
f 2588//2726 2585//2725 2599//2734
f 2598//2733 2599//2734 2528//2664
f 2600//2735 2599//2734 2585//2725
f 2531//2667 2528//2664 2599//2734
f 2600//2735 2601//2736 2534//2670
f 2602//2724 2603//2737 2601//2736
f 2586//2723 2605//2739 2603//2737
f 2604//2738 2603//2737 2605//2739
f 2619//2741 2601//2736 2603//2737
f 2606//2740 2605//2739 2607//2717
f 2580//2718 2607//2717 2605//2739
f 2607//2717 2579//2716 2609//2743
f 2608//2742 2609//2743 2613//2744
f 2608//2742 2610//2745 2611//2746
f 2612//2747 2620//2752 2611//2746
f 2610//2745 2613//2744 2614//2748
f 2615//2691 2614//2748 2613//2744
f 2569//2709 2613//2744 2609//2743
f 2555//2688 2616//2749 2614//2748
f 2612//2747 2614//2748 2616//2749
f 2545//2683 2543//2682 2616//2749
f 2617//2750 2616//2749 2543//2682
f 2541//2678 2621//2680 2618//2751
f 2617//2750 2618//2751 2620//2752
f 2619//2741 2618//2751 2621//2680
f 2604//2738 2620//2752 2618//2751
f 2606//2740 2611//2746 2620//2752
f 2537//2673 2534//2670 2601//2736
f 2571//2708 2609//2743 2579//2716
f 2583//2720 2590//2647 2511//2645
f 2500//2632 2622//2753 2574//2712
f 2574//2712 2622//2753 2565//2704
f 2498//2630 2623//2754 2622//2753
f 2624//2705 2565//2704 2622//2753
f 2623//2754 2625//2757 2626//2755
f 2496//2631 2625//2757 2623//2754
f 2628//2756 2626//2755 2625//2757
f 2118//2224 2627//2222 2625//2757
f 2627//2222 2117//2223 2630//2758
f 2628//2756 2630//2758 2632//2759
f 2629//2760 6277//6319 2626//2755
f 2633//2761 2632//2759 2630//2758
f 2631//2217 2630//2758 2117//2223
f 2634//2762 2632//2759 2633//2761
f 2629//2760 2632//2759 2634//2762
f 2635//2763 2640//2769 2637//2765
f 2634//2762 2637//2765 2638//2766
f 6272//2767 2638//2766 2637//2765
f 2639//2768 2637//2765 2640//2769
f 2658//2771 2641//2772 2640//2769
f 2642//2770 2640//2769 2641//2772
f 2643//2773 2648//2779 2646//2774
f 2644//2775 6270//6315 2639//2768
f 2763//2777 2645//2776 2646//2774
f 2647//2778 2646//2774 2648//2779
f 2649//2780 2648//2779 2650//2781
f 2652//2783 2650//2781 2648//2779
f 2651//2782 2650//2781 2032//2125
f 2653//2126 2032//2125 2650//2781
f 2652//2783 2654//2785 2655//2784
f 2643//2773 2641//2772 2654//2785
f 2659//2786 2655//2784 2654//2785
f 2656//2787 2654//2785 2641//2772
f 2656//2787 2658//2771 2672//2788
f 2657//2789 2660//2791 2659//2786
f 2661//2790 2662//2793 2655//2784
f 2661//2790 2659//2786 2660//2791
f 2049//2142 2047//2141 2662//2793
f 2663//2792 2052//2143 2049//2142
f 2664//2794 2055//2147 2052//2143
f 2663//2792 2660//2791 2665//2795
f 2666//2796 2058//2150 2055//2147
f 2664//2794 2665//2795 2667//2797
f 2668//2186 2061//2153 2058//2150
f 2666//2796 2667//2797 2088//2187
f 2083//2178 2080//2156 2061//2153
f 2669//2195 2667//2797 2665//2795
f 2090//2188 2088//2187 2667//2797
f 2670//2798 2671//2202 2095//2196
f 2657//2789 2672//2788 2671//2202
f 2670//2798 2665//2795 2660//2791
f 2099//2200 2671//2202 2672//2788
f 2104//2207 2672//2788 2658//2771
f 2033//2124 2662//2793 2047//2141
f 2653//2126 2655//2784 2662//2793
f 2030//2121 2028//2120 2673//2799
f 2651//2782 2673//2799 2675//2800
f 2677//2801 2675//2800 2673//2799
f 2674//2802 2673//2799 2028//2120
f 2679//2803 2676//2804 2675//2800
f 2649//2780 2675//2800 2676//2804
f 2677//2801 2678//2806 2682//2805
f 2674//2802 3272//3397 2678//2806
f 2679//2803 2682//2805 2684//2807
f 2683//2810 2682//2805 2678//2806
f 2685//2812 2684//2807 2682//2805
f 2687//2813 2686//2814 2684//2807
f 2688//2816 2686//2814 2689//2817
f 3226//2821 2692//2822 2690//2815
f 2694//2824 2693//2820 2692//2822
f 2697//2827 2696//2823 2698//2828
f 2700//2831 6150//6200 2698//2828
f 2704//2834 2705//2838 2701//2832
f 2702//2833 2703//2836 2706//2835
f 2707//2837 2710//2842 2705//2838
f 2704//2834 2706//2835 2708//2839
f 2707//2837 2708//2839 2721//2840
f 2709//2841 2712//2845 2710//2842
f 6175//2843 2705//2838 2710//2842
f 2711//2844 2710//2842 2712//2845
f 2713//2846 2712//2845 2714//2847
f 2717//2849 2714//2847 2712//2845
f 2715//2848 2714//2847 2716//2850
f 2718//2852 2716//2850 2714//2847
f 2717//2849 2719//2854 2722//2853
f 2709//2841 2721//2840 2719//2854
f 2723//2855 2722//2853 2719//2854
f 2720//2856 2719//2854 2721//2840
f 2727//2858 2724//2859 2722//2853
f 2718//2852 2722//2853 2724//2859
f 2725//2860 2724//2859 2726//2861
f 2729//2863 2726//2861 2724//2859
f 2723//2855 3217//2921 2728//2864
f 2727//2858 2728//2864 2730//2865
f 2731//2866 2729//2863 2730//2865
f 2729//2863 2731//2866 2734//2868
f 2732//2869 2731//2866 2733//2867
f 2736//2871 2734//2868 2731//2866
f 2737//2872 2735//2873 2734//2868
f 2726//2861 2734//2868 2735//2873
f 2736//2871 2738//2876 2740//2874
f 2736//2871 2732//2869 2741//2875
f 2738//2876 2739//6260 6208//2877
f 2742//2878 2739//6260 2738//2876
f 2741//2875 2743//2880 2745//2879
f 2732//2869 2744//2870 2743//2880
f 2749//2882 2745//2879 2743//2880
f 2746//2881 2747//2884 2752//2883
f 2751//2887 6216//6268 2745//2879
f 2753//2888 2752//2883 2747//2884
f 2756//2890 2750//2886 2752//2883
f 2754//2889 2771//2904 2755//2891
f 2753//2888 2755//2891 2758//2892
f 2756//2890 2758//2892 2760//2894
f 2759//2895 2758//2892 2755//2891
f 2761//2897 2760//2894 2758//2892
f 2763//2777 2762//2898 2760//2894
f 2757//2893 2760//2894 2762//2898
f 2647//2778 2676//2804 2762//2898
f 2761//2897 2764//2899 2645//2776
f 2759//2895 2765//2900 2764//2899
f 2402//2533 2764//2899 2765//2900
f 2644//2775 2645//2776 2764//2899
f 2768//2896 2766//2901 2765//2900
f 2404//2530 2765//2900 2766//2901
f 2399//2528 2766//2901 2767//2902
f 2769//2903 2767//2902 2766//2901
f 2768//2896 2755//2891 2771//2904
f 2770//2905 6132//6182 2767//2902
f 2769//2903 2771//2904 2772//2906
f 2772//2906 2774//2907 2776//2517
f 2776//2517 2774//2907 2775//2910
f 2783//2916 2782//2915 2733//2867
f 2744//2870 2733//2867 2782//2915
f 2783//2916 2784//2918 2787//2917
f 2730//2865 2728//2864 2784//2918
f 2785//2919 2784//2918 2728//2864
f 2790//2922 2788//2923 2787//2917
f 2778//2911 2788//2923 2789//2924
f 2792//2926 2789//2924 2788//2923
f 2786//2920 3203//3328 2791//2927
f 2790//2922 2791//2927 2793//2928
f 2792//2926 2793//2928 2797//2929
f 2794//2930 2796//2933 2789//2924
f 2794//2930 2797//2929 2799//2931
f 2795//2932 3048//3194 2796//2933
f 2798//2934 2797//2929 2793//2928
f 2801//2936 2799//2931 2797//2929
f 2795//2932 2799//2931 2802//2938
f 2806//2940 2804//2941 2802//2938
f 2803//2939 2802//2938 2804//2941
f 2805//2942 2804//2941 2808//2943
f 2811//2946 2810//2947 2808//2943
f 2809//2944 2808//2943 2810//2947
f 6117//2949 2812//2950 2810//2947
f 2813//2948 2810//2947 2812//2950
f 2813//2948 2815//2953 2816//2952
f 2814//2951 2818//2956 2815//2953
f 3044//2954 2816//2952 2815//2953
f 2817//2955 2815//2953 2818//2956
f 2814//2951 6120//6174 2819//2958
f 2820//2957 2818//2956 2819//2958
f 2821//2959 2824//2963 2822//2960
f 2820//2957 2822//2960 2825//2961
f 2823//2962 2822//2960 2824//2963
f 2827//2965 2825//2961 2822//2960
f 2828//2966 2826//2967 2825//2961
f 2817//2955 2825//2961 2826//2967
f 2827//2965 2829//2969 2832//2968
f 2823//2962 2830//2971 2829//2969
f 2831//2970 2829//2969 2830//2971
f 2834//2973 2832//2968 2829//2969
f 2828//2966 2832//2968 2833//2974
f 2836//2976 2833//2974 2832//2968
f 2831//2970 2862//2986 2835//2977
f 2834//2973 2835//2977 2838//2978
f 2837//2979 3037//3181 2833//2974
f 2836//2976 2838//2978 2839//2980
f 2841//2982 2839//2980 2838//2978
f 2840//2981 2842//2985 3025//2984
f 2843//2983 2845//2988 2842//2985
f 2843//2983 2835//2977 2862//2986
f 2844//2987 2846//2990 2845//2988
f 2847//2989 2845//2988 2846//2990
f 2848//2992 2842//2985 2845//2988
f 2847//2989 2849//2994 3020//2993
f 2850//2991 2851//2996 2849//2994
f 2852//2995 2854//2999 2851//2996
f 2850//2991 2846//2990 2855//2997
f 2853//2998 2982//3133 2854//2999
f 2852//2995 2855//2997 2856//3000
f 2858//3001 2856//3000 2855//2997
f 2857//3002 2855//2997 2846//2990
f 2857//3002 2859//3004 2860//3003
f 2844//2987 2862//2986 2859//3004
f 2830//2971 2860//3003 2859//3004
f 2861//2972 2859//3004 2862//2986
f 2823//2962 2863//2964 2860//3003
f 2858//3001 2860//3003 2863//2964
f 2864//3005 2863//2964 2824//2963
f 2865//3006 2868//3009 2866//3007
f 2864//3005 2866//3007 2856//3000
f 2867//3008 2866//3007 2868//3009
f 2853//2998 2856//3000 2866//3007
f 2869//3010 2868//3009 2870//3011
f 2871//3013 2870//3011 2868//3009
f 2875//3014 2873//3015 2870//3011
f 2878//3018 2876//3017 2873//3015
f 2879//3019 2876//3017 2877//3020
f 6121//3022 2877//3020 2876//3017
f 2880//3021 2883//3026 2881//3023
f 2879//3019 2881//3023 2884//3024
f 2882//3025 2881//3023 2883//3026
f 2886//3028 2884//3024 2881//3023
f 2874//3016 2884//3024 2885//3029
f 2888//3030 2885//3029 2884//3024
f 2886//3028 2887//3032 2890//3031
f 2882//3025 2895//3040 2887//3032
f 2888//3030 2890//3031 2891//3033
f 2889//3034 2986//3138 2885//3029
f 2892//3035 2988//3039 2891//3033
f 2892//3035 2893//3036 2894//3037
f 2897//3041 3018//3142 2898//3042
f 2903//3047 3015//3164 2901//3046
f 2902//3045 2904//3049 2907//3048
f 2900//3044 2905//6181 2904//3049
f 2904//3049 2905//6181 6129//3050
f 2906//3051 2909//3054 2907//3048
f 3012//3052 2903//3047 2907//3048
f 2908//3053 2907//3048 2909//3054
f 2909//3054 2910//3057 2913//3056
f 2911//3055 2912//3059 3010//3058
f 2913//3056 2915//3062 2912//3059
f 2914//3060 2913//3056 2910//3057
f 2914//3060 2917//3064 2915//3062
f 2916//3063 2915//3062 2917//3064
f 3009//3066 2912//3059 2915//3062
f 6124//3067 2918//3068 2917//3064
f 2919//3065 2917//3064 2918//3068
f 2919//3065 2920//3069 2924//3070
f 2919//3065 2921//3071 2922//3072
f 2936//3073 2922//3072 2921//3071
f 2921//3071 2924//3070 2925//3075
f 2811//2946 2924//3070 2920//3069
f 2807//2945 2925//3075 2924//3070
f 2806//2940 2926//3076 2925//3075
f 2923//3074 2925//3075 2926//3076
f 2927//3077 2926//3076 2928//3078
f 2800//2937 2928//3078 2926//3076
f 2930//3079 2928//3078 2929//3080
f 2801//2936 2929//3080 2928//3078
f 2933//3083 2935//3086 2927//3077
f 2933//3083 2932//3082 3113//3084
f 2934//3085 2937//3087 2935//3086
f 2923//3074 2927//3077 2935//3086
f 2940//3088 2939//3090 2937//3087
f 2938//3089 2937//3087 2939//3090
f 2943//3092 2942//3093 2939//3090
f 2941//3091 2939//3090 2942//3093
f 2947//3095 2945//3096 2942//3093
f 2944//3094 2942//3093 2945//3096
f 2950//3100 2949//3099 2952//3101
f 2955//3105 2953//3104 2958//3108
f 2969//3112 2960//3109 2957//3107
f 2961//3110 2964//3115 2966//3116
f 2965//3117 2964//3115 2963//3114
f 2967//3119 2966//3116 2964//3115
f 2981//3120 2968//3121 2966//3116
f 2968//3121 2972//3126 2971//3123
f 2974//3125 2971//3123 2972//3126
f 2974//3125 2975//3129 2990//3128
f 2976//3127 2977//3136 2975//3129
f 2979//3130 2977//3136 2976//3127
f 2978//3131 2976//3127 2972//3126
f 2978//3131 2854//2999 2982//3133
f 2980//3132 2851//2996 2854//2999
f 2980//3132 2972//3126 2968//3121
f 2981//3120 2849//2994 2851//2996
f 2967//3119 3020//2993 2849//2994
f 2979//3130 2982//3133 2985//3134
f 2983//3135 2984//3137 2977//3136
f 2889//3034 2891//3033 2984//3137
f 2983//3135 2985//3134 2986//3138
f 2869//3010 2986//3138 2985//3134
f 2867//3008 2985//3134 2982//3133
f 2872//3012 2885//3029 2986//3138
f 2984//3137 2891//3033 2988//3039
f 2987//3139 2975//3129 2977//3136
f 2987//3139 2988//3039 2894//3037
f 2989//3140 2990//3128 2975//3129
f 2989//3140 2894//3037 2898//3042
f 2991//3141 2993//3144 2990//3128
f 2991//3141 2898//3042 3018//3142
f 2992//3143 2995//3146 2993//3144
f 2994//3145 2993//3144 2995//3146
f 2973//3124 2990//3128 2993//3144
f 3016//3148 2996//3149 2995//3146
f 2997//3147 2995//3146 2996//3149
f 2998//3150 3001//3153 3000//3151
f 2956//3106 2999//3152 3000//3151
f 2950//3100 3001//3153 3002//3154
f 3003//3155 3002//3154 3001//3153
f 2948//3097 3002//3154 3004//3156
f 3005//3157 3004//3156 3002//3154
f 3008//3158 3006//3159 3004//3156
f 2944//3094 3004//3156 3006//3159
f 3009//3066 3007//3160 3006//3159
f 2941//3091 3006//3159 3007//3160
f 3008//3158 3010//3058 2912//3059
f 3005//3157 3011//3161 3010//3058
f 2908//3053 3010//3058 3011//3161
f 3003//3155 3013//3162 3011//3161
f 3012//3052 3011//3161 3013//3162
f 2998//3150 2996//3149 3013//3162
f 3014//3163 3013//3162 2996//3149
f 3012//3052 3014//3163 3015//3164
f 3017//3165 3015//3164 3014//3163
f 3019//3166 3017//3165 3018//3142
f 2938//3089 3007//3160 2922//3072
f 2994//3145 2999//3152 2970//3122
f 2960//3109 2970//3122 2999//3152
f 2965//3117 3021//3167 3020//2993
f 2848//2992 3020//2993 3021//3167
f 3072//3118 3022//3169 3021//3167
f 3023//3168 3021//3167 3022//3169
f 3023//3168 3024//3170 3026//3171
f 3025//2984 2842//2985 2848//2992
f 2841//2982 3025//2984 3026//3171
f 3027//3173 3026//3171 3024//3170
f 3031//3176 3030//3177 3029//3172
f 3029//3172 3030//3177 2839//2980
f 2837//2979 2839//2980 3030//3177
f 3032//3178 3036//3183 3034//3180
f 3033//3179 3034//3180 3037//3181
f 3035//3182 3034//3180 3036//3183
f 3038//3185 3037//3181 3034//3180
f 3040//2975 2833//2974 3037//3181
f 3035//3182 3050//3193 3039//3186
f 3038//3185 3039//3186 3041//3187
f 3040//2975 3041//3187 2826//2967
f 3042//3188 3041//3187 3039//3186
f 3044//2954 2826//2967 3041//3187
f 3045//3189 3047//3192 3043//3190
f 3042//3188 3043//3190 2816//2952
f 3046//3191 3048//3194 3047//3192
f 3045//3189 3039//3186 3050//3193
f 2803//2939 3047//3192 3048//3194
f 2805//2942 3043//3190 3047//3192
f 3049//3195 2796//2933 3048//3194
f 3046//3191 3050//3193 3051//3196
f 3053//3184 3051//3196 3050//3193
f 3049//3195 3051//3196 3052//3197
f 3054//3198 3052//3197 3051//3196
f 3053//3184 3036//3183 3056//3199
f 3056//3199 3057//3201 3055//3200
f 3055//3200 3178//3310 3052//3197
f 3057//3201 3056//3199 3058//3202
f 3032//3178 3058//3202 3056//3199
f 3031//3176 3060//3204 3058//3202
f 3059//3203 3058//3202 3060//3204
f 3061//3205 3060//3204 3062//3206
f 3028//3175 3062//3206 3060//3204
f 3027//3173 3064//3208 3062//3206
f 3063//3207 3062//3206 3064//3208
f 3069//3174 3066//3210 3064//3208
f 3065//3209 3064//3208 3066//3210
f 3067//3211 3066//3210 3068//3212
f 3070//3214 3068//3212 3066//3210
f 3071//3215 3072//3118 2963//3114
f 3075//3218 3078//3221 3076//3219
f 3077//3220 3076//3219 3078//3221
f 3194//3223 3073//3217 3076//3219
f 3081//3222 3078//3221 3079//3224
f 3081//3222 3083//3225 3085//3227
f 3082//3228 3192//3323 3077//3220
f 3083//3225 3079//3224 3110//3229
f 3087//3231 3085//3227 3083//3225
f 3088//3232 3086//3233 3085//3227
f 3087//3231 3089//3235 3091//3234
f 3084//3230 3092//3237 3089//3235
f 3094//3236 3090//3238 3089//3235
f 3091//3234 3089//3235 3090//3238
f 3084//3230 3110//3229 3093//3240
f 3094//3236 3092//3237 3093//3240
f 3095//3242 3117//3258 3090//3238
f 3096//3241 3098//3245 3095//3242
f 3096//3241 3093//3240 3106//3243
f 3097//3244 3100//3247 3098//3245
f 3116//2300 3095//3242 3098//3245
f 3099//3246 3098//3245 3100//3247
f 3101//3248 3100//3247 3102//3249
f 3100//3247 3097//3244 3104//3251
f 2943//3092 3103//3250 3102//3249
f 2947//3095 3102//3249 3104//3251
f 3097//3244 3106//3243 3105//3252
f 3106//3243 3108//3254 3107//3253
f 2953//3104 2951//3103 3105//3252
f 2958//3108 2953//3104 3107//3253
f 3106//3243 3093//3240 3110//3229
f 3108//3254 3110//3229 3079//3224
f 2940//3088 3111//3257 3103//3250
f 3103//3250 3111//3257 3112//3256
f 2934//3085 3113//3084 3111//3257
f 3114//2286 3112//3256 3111//3257
f 2175//2285 3114//2286 3113//3084
f 2176//2287 3115//2294 3112//3256
f 3101//3248 3112//3256 3115//2294
f 3099//3246 3115//2294 2180//2293
f 3116//2300 2184//2299 3117//3258
f 3120//3239 3090//3238 3117//3258
f 3118//3259 3117//3258 2184//2299
f 3119//3260 3118//3259 2186//2298
f 3121//3261 3120//3239 3118//3259
f 3120//3239 3121//3261 3122//3262
f 3123//3263 3124//3265 3122//3262
f 3121//3261 3119//3260 3125//3264
f 2217//2338 3128//2324 2205//2325
f 2201//2318 3128//2324 3126//3266
f 3129//2317 3126//3266 3125//3264
f 3130//2306 2188//2305 2195//2312
f 3130//2306 3125//3264 3119//3260
f 3122//3262 3124//3265 3131//3267
f 3133//3269 3134//3271 3132//3268
f 2219//2341 2222//2342 3133//3269
f 3139//3274 3138//2362 2238//2363
f 3139//3274 3141//3275 3142//3276
f 3143//3278 3144//3279 3142//3276
f 3141//3275 2238//2363 2240//2365
f 3145//2374 3146//3281 3144//3279
f 3143//3278 2240//2365 2242//2368
f 3145//2374 2248//2373 3148//3280
f 3147//3282 3190//3318 3144//3279
f 3146//3281 3148//3280 3150//3283
f 2251//2376 3149//3285 3148//3280
f 3151//3284 3150//3283 3148//3280
f 3147//3282 3150//3283 3152//3286
f 3155//3288 3152//3286 3150//3283
f 3156//3289 3153//3290 3152//3286
f 3154//3287 3152//3286 3153//3290
f 3155//3288 3157//3292 3158//3291
f 3151//3284 3160//3295 3157//3292
f 3167//3293 3158//3291 3157//3292
f 3159//3294 3157//3292 3160//3295
f 3163//3298 3162//3296 3160//3295
f 3162//3296 3163//3298 3165//3299
f 3162//3296 3164//2507 2378//2506
f 3164//2507 3165//3299 2370//2497
f 2262//2391 2370//2497 3165//3299
f 2260//2388 3165//3299 3163//3298
f 3166//2379 3161//3297 3149//3285
f 3159//3294 2378//2506 2380//2508
f 3168//3300 3169//3302 3158//3291
f 3167//3293 2380//2508 2382//2512
f 3170//3301 3171//3305 3169//3302
f 3168//3300 2382//2512 3172//3303
f 3170//3301 3173//3306 3174//3304
f 3172//3303 3175//3307 3173//3306
f 3061//3205 3174//3304 3173//3306
f 3059//3203 3173//3306 3175//3307
f 3057//3201 3175//3307 3176//3308
f 2383//2511 3176//3308 3175//3307
f 3055//3200 3176//3308 3177//3309
f 2385//2513 3177//3309 3176//3308
f 2387//2514 2775//2910 3177//3309
f 3179//2925 2789//2924 2796//2933
f 3171//3305 3174//3304 3180//3311
f 3063//3207 3180//3311 3174//3304
f 3181//3312 3180//3311 3182//3313
f 3063//3207 3065//3209 3182//3313
f 3183//3314 3182//3313 3065//3209
f 3181//3312 3183//3314 3184//3315
f 3153//3290 3184//3315 3183//3314
f 3156//3289 3185//3316 3184//3315
f 3185//3316 3169//3302 3171//3305
f 3156//3289 3158//3291 3169//3302
f 3067//3211 3187//3213 3186//3317
f 3154//3287 3186//3317 3190//3318
f 3194//3223 3188//3319 3186//3317
f 3189//3320 3191//3321 3140//3277
f 3132//3268 3088//3232 3091//3234
f 2809//2944 2816//2952 3043//3190
f 2175//2285 2932//3082 2931//3081
f 3198//2935 3196//3325 3195//3324
f 3195//3324 3196//3325 2170//2282
f 2798//2934 3195//3324 2929//3080
f 6116//2283 2170//2282 3196//3325
f 3199//3327 3197//3326 3196//3325
f 3198//2935 2793//2928 2791//2927
f 3199//3327 2791//2927 3203//3328
f 3200//3329 3201//3331 3197//3326
f 3202//3330 3241//3369 3201//3331
f 3200//3329 3203//3328 3204//3332
f 2785//2919 3204//3332 3203//3328
f 3202//3330 3204//3332 3205//3333
f 3206//3335 3205//3333 3204//3332
f 3211//3336 3208//3337 3205//3333
f 3207//3334 3205//3333 3208//3337
f 3209//3338 3208//3337 3210//3339
f 3212//3341 3210//3339 3208//3337
f 3206//3335 3216//3345 3214//3343
f 3218//3344 3213//3342 3214//3343
f 3215//2857 3214//3343 3216//3345
f 3217//2921 3216//3345 3206//3335
f 2720//2856 3216//3345 3217//2921
f 3215//2857 2721//2840 2708//2839
f 3219//3346 3220//3348 3213//3342
f 3218//3344 2708//2839 2706//2835
f 3221//3347 3222//3349 3220//3348
f 3219//3346 2706//2835 2703//2836
f 2694//2824 3224//2825 3222//3349
f 2694//2824 3221//3347 2703//2836
f 3223//3350 3222//3349 3224//2825
f 6114//3352 3220//3348 3222//3349
f 3225//3351 3224//2825 2692//2822
f 3226//2821 3229//3356 3227//3353
f 3225//3351 3227//3353 3230//3354
f 3228//3355 3227//3353 3229//3356
f 3232//3358 3230//3354 3227//3353
f 3223//3350 3230//3354 3231//3359
f 3230//3354 3232//3358 3234//3360
f 3234//3360 3232//3358 3233//3361
f 6111//3363 3233//3361 3232//3358
f 3235//3362 3237//3364 3236//3340
f 3231//3359 3234//3360 3236//3340
f 3209//3338 3236//3340 3237//3364
f 3242//3366 3238//3367 3237//3364
f 3239//3365 3237//3364 3238//3367
f 3207//3334 3209//3338 3239//3365
f 2144//2256 2146//2255 3240//3368
f 2148//2257 3241//3369 3240//3368
f 3207//3334 3240//3368 3241//3369
f 6115//2261 3201//3331 3241//3369
f 3243//2251 2140//2250 3238//3367
f 3242//3366 3245//3372 3246//3370
f 3235//3362 3233//3361 3244//3371
f 3244//3371 3247//3375 3245//3372
f 3249//3373 3246//3370 3245//3372
f 3248//3374 3245//3372 3247//3375
f 3248//3374 3250//3378 6095//3377
f 3251//3376 3252//3380 3250//3378
f 3253//3379 3255//3382 3252//3380
f 3251//3376 3247//3375 3254//3381
f 3254//3381 3256//3384 3255//3382
f 3257//3383 3255//3382 3256//3384
f 3259//3386 3252//3380 3255//3382
f 3257//3383 3258//3388 3295//3387
f 3260//3385 3261//3390 3258//3388
f 3262//3389 3263//3393 3261//3390
f 3260//3385 3256//3384 3264//3391
f 3262//3389 3265//3395 3267//3392
f 3262//3389 3264//3391 3266//3394
f 3265//3395 3266//3394 6112//3357
f 3269//3396 3271//3399 3267//3392
f 3268//2811 2678//2806 3272//3397
f 3270//3398 3283//3410 3271//3399
f 3269//3396 3272//3397 3273//3400
f 3274//2119 3273//3400 3272//3397
f 2027//2118 3275//3401 3273//3400
f 3270//3398 3273//3400 3275//3401
f 2021//2110 3277//2109 3275//3401
f 3276//3402 3275//3401 3277//2109
f 3278//3403 3277//2109 2016//2104
f 3278//3403 3279//3405 3282//3404
f 2014//2101 3280//2100 3279//3405
f 3281//3406 3279//3405 3280//2100
f 3284//3408 3282//3404 3279//3405
f 3285//3409 3283//3410 3282//3404
f 3276//3402 3282//3404 3283//3410
f 3284//3408 3286//3412 3289//3411
f 3281//3406 3288//3439 3286//3412
f 3286//3412 3288//3439 3315//3413
f 3287//3414 3290//3417 3289//3411
f 3285//3409 3289//3411 3291//3415
f 3291//3415 3289//3411 3290//3417
f 3292//3416 3291//3415 3261//3390
f 3293//3418 3258//3388 3261//3390
f 3294//3419 3295//3387 3258//3388
f 3293//3418 3290//3417 3297//3420
f 3296//3421 6093//6160 3295//3387
f 3294//3419 3297//3420 3299//3422
f 3301//3423 3299//3422 3297//3420
f 3298//3424 3297//3420 3290//3417
f 3296//3421 3299//3422 3300//3425
f 3303//3427 3300//3425 3299//3422
f 3298//3424 3314//3436 3302//3428
f 3301//3423 3302//3428 3305//3429
f 3304//3430 6085//6152 3300//3425
f 3303//3427 3305//3429 3306//2174
f 2076//2173 3306//2174 3305//3429
f 3307//3431 3305//3429 3302//3428
f 3307//3431 3308//3433 2074//2171
f 3309//3432 3310//3435 3308//3433
f 3311//3434 3312//3438 3310//3435
f 3309//3432 3302//3428 3314//3436
f 3313//3437 3317//3441 3312//3438
f 3311//3434 3314//3436 3315//3413
f 3287//3414 3315//3413 3314//3436
f 3313//3437 3315//3413 3288//3439
f 3316//3440 3318//3443 3317//3441
f 3319//3442 3317//3441 3318//3443
f 3320//3445 3312//3438 3317//3441
f 3319//3442 3321//3453 4820//3446
f 3324//3447 3321//3453 3319//3442
f 3323//2092 3322//3444 3318//3443
f 2006//2091 3324//3447 3322//3444
f 3327//3449 3321//3453 3324//3447
f 2004//2086 3325//3450 3324//3447
f 2001//2085 3326//3457 3325//3450
f 3325//3450 3326//3457 3329//3451
f 3328//3452 4820//3446 3321//3453
f 3327//3449 3329//3451 3330//3454
f 3333//3455 3330//3454 3329//3451
f 3331//3456 3329//3451 3326//3457
f 3332//3458 3336//3464 3334//3459
f 3331//3456 3334//3459 3335//3460
f 3339//3461 3335//3460 3334//3459
f 3340//3463 3337//3462 3334//3459
f 3337//3462 3338//3467 4798//3465
f 3337//3462 3340//3463 3342//3466
f 3341//3468 3340//3463 3336//3464
f 3344//3469 3342//3466 3340//3463
f 3338//3467 3342//3466 3343//3470
f 3346//3472 3343//3470 3342//3466
f 3344//3469 3345//3474 3348//3473
f 3341//3468 6081//6151 3345//3474
f 3348//3473 3350//3478 3347//3475
f 3347//3475 4837//4934 3343//3470
f 3348//3473 3345//3474 6080//3476
f 3349//3477 3351//3481 3350//3478
f 3353//3479 3347//3475 3350//3478
f 3352//3480 3350//3478 3351//3481
f 3352//3480 3355//3484 3356//3483
f 3354//3482 3357//3487 3355//3484
f 3360//3485 3356//3483 3355//3484
f 3358//3486 3355//3484 3357//3487
f 3358//3486 3359//3490 3521//3489
f 3361//3488 3362//3492 3359//3490
f 3363//3491 3504//3636 3362//3492
f 3361//3488 3364//3495 3366//3493
f 3361//3488 3357//3487 3367//3494
f 3365//3496 3501//3634 3366//3493
f 3364//3495 3367//3494 3368//3497
f 3370//3498 3368//3497 3367//3494
f 3369//3499 3367//3494 3357//3487
f 3354//3482 3351//3481 3371//3500
f 3369//3499 3371//3500 3373//3501
f 1985//2065 3373//3501 3371//3500
f 3372//2068 3371//3500 3351//3481
f 1985//2065 1975//2058 3374//3502
f 3370//3498 3373//3501 3374//3502
f 3375//3503 3374//3502 1976//2057
f 3375//3503 3376//3505 3368//3497
f 3377//3504 3378//3507 3376//3505
f 3377//3504 1976//2057 1973//2056
f 3379//3506 3380//3510 3378//3507
f 3379//3506 1973//2056 3382//3508
f 3381//3509 3383//3512 3380//3510
f 3381//3509 3382//3508 3384//3511
f 3387//3513 3380//3510 3383//3512
f 3383//3512 3384//3511 3389//3515
f 3389//3515 3390//3520 3386//3516
f 3386//3516 3474//3606 3388//3517
f 3385//3514 3388//3517 3499//3518
f 3391//3519 3393//3521 3390//3520
f 3389//3515 3384//3511 3392//2051
f 3391//3519 3392//2051 1964//2045
f 1961//2042 3394//3523 3393//3521
f 3395//3522 3393//3521 3394//3523
f 3396//3525 3390//3520 3393//3521
f 3395//3522 3398//3527 3400//3526
f 3397//3524 3399//3528 3398//3527
f 1886//1964 3398//3527 3399//3528
f 1886//1964 3402//1965 3400//3526
f 3473//3529 3396//3525 3400//3526
f 3403//3531 3402//1965 1887//1960
f 3403//3531 3405//3534 3406//3533
f 3404//3532 3407//3537 3405//3534
f 3409//3535 3406//3533 3405//3534
f 3408//3536 3405//3534 3407//3537
f 3408//3536 3410//3540 3467//3539
f 3412//3541 3440//3572 3413//3542
f 3412//3541 3414//3543 3415//3544
f 3417//3546 3415//3544 3414//3543
f 3416//3547 3414//3543 3407//3537
f 3404//3532 1887//1960 1884//1958
f 3416//3547 1884//1958 1882//1959
f 3418//3548 3419//3551 3415//3544
f 3417//3546 1882//1959 3420//3549
f 3421//3550 3422//3561 3419//3551
f 3418//3548 3420//3549 3423//3552
f 3429//3553 3422//3561 3421//3550
f 3421//3550 3423//3552 3426//3555
f 3425//3556 4316//4450 3427//3557
f 3424//3554 3426//3555 4536//3558
f 3430//3560 3433//3564 3422//3561
f 3430//3560 3429//3553 3428//3559
f 3430//3560 3431//3565 3434//3563
f 3432//3562 4301//4439 3431//3565
f 3433//3564 3434//3563 3437//3566
f 3435//3567 3419//3551 3422//3561
f 3436//3545 3415//3544 3419//3551
f 3435//3567 3437//3566 3439//3568
f 3438//3569 3437//3566 3434//3563
f 3441//3571 3439//3568 3437//3566
f 3436//3545 3439//3568 3440//3572
f 3442//3573 3440//3572 3439//3568
f 3442//3573 3444//3574 3445//3576
f 3447//3578 3445//3576 3444//3574
f 3446//3579 3444//3574 3443//3575
f 3446//3579 3449//3582 3452//3581
f 3448//3580 3450//3584 3449//3582
f 3451//3583 3449//3582 3450//3584
f 3453//3586 3452//3581 3449//3582
f 3447//3578 3452//3581 3454//3587
f 3455//3589 3454//3587 3452//3581
f 3722//3590 3456//3591 3454//3587
f 3457//3588 3454//3587 3456//3591
f 3457//3588 3459//3593 3445//3576
f 3458//3592 3460//3595 3459//3593
f 3462//3577 3445//3576 3459//3593
f 3461//3594 3410//3540 3413//3542
f 3464//3597 3467//3539 3410//3540
f 3466//3599 3464//3597 3465//3598
f 3466//3599 3468//3601 3467//3539
f 3409//3535 3467//3539 3468//3601
f 6076//3600 3469//3603 3468//3601
f 3470//3602 3468//3601 3469//3603
f 3470//3602 3472//3605 3406//3533
f 3471//3604 3474//3606 3472//3605
f 3473//3529 3472//3605 3474//3606
f 3475//3607 3388//3517 3474//3606
f 3473//3529 3386//3516 3390//3520
f 3471//3604 3469//3603 3478//3608
f 3476//3609 3499//3518 3388//3517
f 3475//3607 3477//3611 3489//3610
f 3478//3608 3480//3613 3477//3611
f 3479//3612 3481//3616 3480//3613
f 3479//3612 3478//3608 3469//3603
f 3484//3614 3477//3611 3480//3613
f 3482//3615 3480//3613 3481//3616
f 3487//3618 3485//3619 3482//3615
f 3484//3614 3482//3615 3485//3619
f 4570//3621 3486//3622 3485//3619
f 3488//3620 3485//3619 3486//3622
f 3488//3620 3489//3610 3477//3611
f 3490//3623 3492//3626 3489//3610
f 3490//3623 3486//3622 4572//3624
f 3491//3625 3493//3628 3492//3626
f 3494//3627 3492//3626 3493//3628
f 3476//3609 3489//3610 3492//3626
f 3495//3629 3497//3632 3496//3630
f 3494//3627 3496//3630 3499//3518
f 3498//3631 3496//3630 3497//3632
f 3387//3513 3499//3518 3496//3630
f 3498//3631 3378//3507 3380//3510
f 3500//3633 3376//3505 3378//3507
f 3365//3496 3368//3497 3376//3505
f 3500//3633 3497//3632 3501//3634
f 3501//3634 3497//3632 3495//3629
f 3363//3491 3366//3493 3501//3634
f 3505//3637 3507//3640 3503//3638
f 3495//3629 3493//3628 3505//3637
f 3506//3639 3508//3642 3507//3640
f 3506//3639 3505//3637 3493//3628
f 3509//3641 3507//3640 3508//3642
f 3512//3644 3503//3638 3507//3640
f 3510//3643 3584//3724 3511//3645
f 3509//3641 3511//3645 3513//3646
f 3512//3644 3513//3646 3515//3647
f 3514//3648 3504//3636 3503//3638
f 3514//3648 3515//3647 3517//3649
f 3516//3650 3362//3492 3504//3636
f 3516//3650 3517//3649 3519//3651
f 3518//3652 3359//3490 3362//3492
f 3520//3653 3521//3489 3359//3490
f 3518//3652 3519//3651 3522//3654
f 3523//3655 3524//3658 3521//3489
f 3520//3653 3522//3654 3526//3656
f 3525//3657 4831//4943 3524//3658
f 3523//3655 3526//3656 3528//3659
f 3596//3660 3527//3662 3526//3656
f 3529//3661 3528//3659 3526//3656
f 3525//3657 3528//3659 3530//3663
f 3532//3665 3530//3663 3528//3659
f 3531//3664 3530//3663 3533//3666
f 3536//3668 3533//3666 3530//3663
f 3534//3667 3533//3666 3535//3669
f 3537//3671 3535//3669 3533//3666
f 3536//3668 3538//3673 3539//3672
f 3545//3674 3539//3672 3538//3673
f 3541//3675 3538//3673 3540//3676
f 3544//3679 3547//3682 3545//3674
f 4656//3680 3539//3672 3545//3674
f 3546//3681 3545//3674 3547//3682
f 3548//3683 3547//3682 3549//3684
f 3552//3686 3549//3684 3547//3682
f 3549//3684 3551//3688 4646//3687
f 3552//3686 3553//3690 3551//3688
f 3559//3692 3554//3689 3555//3691
f 1474//1538 4575//4679 3564//3698
f 3565//3697 3567//6805 3568//3703
f 3570//3704 3567//6805 3565//3697
f 3568//3703 3567//6805 3569//3705
f 3569//3705 3567//6805 3570//3704
f 3572//3707 3570//3704 3571//3708
f 3563//3700 3571//3708 3570//3704
f 3572//3707 3573//3712 4557//3710
f 3575//3711 3577//3716 3573//3712
f 3574//3709 3576//3714 3575//3711
f 3578//3713 3575//3711 3576//3714
f 3578//3713 3579//3718 3577//3716
f 3578//3713 3580//3719 3619//3717
f 3581//3715 3582//3721 3580//3719
f 3583//3720 3584//3724 3582//3721
f 3581//3715 3576//3714 3585//3722
f 3586//3723 3511//3645 3584//3724
f 3583//3720 3585//3722 3587//3725
f 3586//3723 3587//3725 3589//3726
f 3588//3727 3513//3646 3511//3645
f 3588//3727 3589//3726 3591//3728
f 3590//3729 3515//3647 3513//3646
f 3592//3730 3517//3649 3515//3647
f 3590//3729 3591//3728 3593//3731
f 3593//3731 3595//3733 3594//3732
f 3592//3730 3594//3732 3519//3651
f 3596//3660 3594//3732 3595//3733
f 3522//3654 3519//3651 3594//3732
f 3599//3735 3600//3738 3598//3736
f 3597//3734 3595//3733 3601//3737
f 3603//3741 3602//3739 3604//3742
f 3602//3739 3603//3741 3607//3744
f 3606//3740 3607//3744 3608//3746
f 3611//3747 3608//3746 3607//3744
f 3609//3748 3607//3744 3603//3741
f 3610//3743 3589//3726 3587//3725
f 3609//3748 3587//3725 3585//3722
f 3574//3709 3571//3708 3608//3746
f 3611//3747 3585//3722 3576//3714
f 3604//3742 3591//3728 3589//3726
f 3561//3699 3608//3746 3571//3708
f 3605//3745 3593//3731 3591//3728
f 3605//3745 3601//3737 3595//3733
f 3613//3749 3598//3736 3600//3738
f 3612//3750 3543//3677 3540//3676
f 3558//3694 3542//3678 3543//3677
f 3613//3749 3540//3676 3532//3665
f 3529//3661 3527//3662 3598//3736
f 3614//3751 3582//3721 3584//3724
f 3616//3752 3580//3719 3582//3721
f 3614//3751 3615//3754 3617//3753
f 3510//3643 3508//3642 3615//3754
f 3618//3755 3619//3717 3580//3719
f 3616//3752 3617//3753 3621//3756
f 3620//3757 4228//4370 3619//3717
f 3620//3757 3618//3755 3621//3756
f 3623//3759 3621//3756 3617//3753
f 3622//3758 3621//3756 3623//3759
f 4571//3762 3625//3763 3623//3759
f 3626//3761 3623//3759 3625//3763
f 3628//3764 3629//3769 3627//3765
f 3626//3761 3627//3765 4565//3766
f 3628//3764 3625//3763 3631//3767
f 3630//3768 3633//3772 3629//3769
f 3630//3768 3631//3767 4144//3770
f 3632//3771 3635//3776 3633//3772
f 3629//3769 3633//3772 3634//3773
f 3637//3775 3634//3773 3633//3772
f 4142//3777 3636//3779 3635//3776
f 3638//3778 3637//3775 3635//3776
f 3642//3780 3639//3782 3637//3775
f 3637//3775 3639//3782 3641//3781
f 3645//3785 3641//3781 3639//3782
f 3650//3791 3654//3796 3651//3792
f 3645//3785 3649//3790 3651//3792
f 3652//3793 3651//3792 3653//3794
f 3653//3794 3651//3792 3654//3796
f 3655//3797 3654//3796 3656//3798
f 3658//3800 3656//3798 3654//3796
f 3657//3799 3656//3798 3659//3801
f 3661//3803 3659//3801 3656//3798
f 3660//3802 3659//3801 3662//3804
f 3666//3806 3662//3804 3659//3801
f 3664//3805 3662//3804 3663//3807
f 3666//3806 3667//3811 3670//3810
f 3661//3803 3669//3814 3667//3811
f 3672//3812 3670//3810 3667//3811
f 3668//3813 3667//3811 3669//3814
f 3665//3809 3670//3810 3671//3816
f 3674//3818 3671//3816 3670//3810
f 3668//3813 3771//3921 3673//3819
f 3672//3812 3673//3819 3676//3820
f 3675//3821 4190//4334 3671//3816
f 3674//3818 3676//3820 3678//3822
f 3680//3823 3678//3822 3676//3820
f 3677//3824 3676//3820 3673//3819
f 3675//3821 3678//3822 3679//3826
f 3681//3828 3679//3826 3678//3822
f 3680//3823 3682//3830 3683//3829
f 3677//3824 3685//3833 3682//3830
f 3712//3831 3683//3829 3682//3830
f 3684//3832 3682//3830 3685//3833
f 3686//3834 3685//3833 3687//3835
f 3688//3825 3687//3835 3685//3833
f 3773//3837 3689//3838 3687//3835
f 3690//3836 3687//3835 3689//3838
f 3692//3839 3782//3932 3691//3840
f 3691//3840 3695//3843 3693//3841
f 3693//3841 3694//3842 3698//3844
f 3684//3832 3686//3834 3696//3845
f 3701//3849 3700//3848 3698//3844
f 3893//3851 3702//3852 3700//3848
f 3703//3850 3700//3848 3702//3852
f 3699//3847 3703//3850 3705//3854
f 3704//3853 3707//3857 3705//3854
f 3886//3856 3706//3858 3705//3854
f 3708//3855 3705//3854 3706//3858
f 3709//3859 3711//3862 3710//3860
f 3708//3855 3710//3860 3697//3846
f 3713//3861 3712//3831 3710//3860
f 3684//3832 3697//3846 3710//3860
f 3715//3863 3683//3829 3712//3831
f 3711//3862 3832//3876 3714//3864
f 3713//3861 3714//3864 3716//3865
f 3715//3863 3716//3865 3719//3866
f 3717//3867 3681//3828 3683//3829
f 3717//3867 3719//3866 3720//3868
f 3718//3869 3679//3826 3681//3828
f 3721//3870 3719//3866 3716//3865
f 3722//3590 3720//3868 3719//3866
f 3721//3870 3723//3872 3456//3591
f 3724//3871 3725//3873 3723//3872
f 3725//3873 3724//3871 3726//3874
f 3724//3871 3716//3865 3714//3864
f 3726//3874 3714//3864 3832//3876
f 3727//3878 3730//3994 3729//3875
f 3731//3879 3733//3883 3725//3873
f 3729//3875 3730//3994 3732//3880
f 3731//3879 3732//3880 3736//3881
f 3734//3882 3737//3886 3733//3883
f 3734//3882 3736//3881 3843//3884
f 3735//3885 3738//3888 3737//3886
f 3739//3887 3737//3886 3738//3888
f 3741//3890 3733//3883 3737//3886
f 3741//3890 3739//3887 3460//3595
f 3741//3890 3723//3872 3725//3873
f 3458//3592 3456//3591 3723//3872
f 3738//3888 3748//3898 3742//3891
f 6076//3600 3465//3598 3743//3892
f 3747//3894 3745//3895 3744//3893
f 3751//3896 3746//3897 3745//3895
f 3755//3901 3746//3897 3751//3896
f 3752//3902 3751//3896 3749//3900
f 3756//3903 3758//3908 3753//3904
f 3756//3903 3749//3900 3780//3906
f 3757//3907 3759//3911 3758//3908
f 3761//3909 3753//3904 3758//3908
f 3760//3910 3758//3908 3759//3911
f 3760//3910 3763//3914 3764//3913
f 3762//3912 3765//3915 3763//3914
f 3640//3783 3764//3913 3763//3914
f 3644//3786 3763//3914 3765//3915
f 3648//3788 3765//3915 3766//3916
f 3767//3918 3766//3916 3765//3915
f 3770//3919 3769//3920 3766//3916
f 3768//3917 3766//3916 3769//3920
f 3773//3837 3771//3921 3769//3920
f 3772//3815 3769//3920 3771//3921
f 3772//3815 3669//3814 4139//3922
f 3688//3825 3673//3819 3771//3921
f 3770//3919 3774//3923 3689//3838
f 3692//3839 3689//3838 3774//3923
f 3762//3912 3759//3911 3776//3925
f 3777//3926 3776//3925 3759//3911
f 3777//3926 3778//3928 3781//3927
f 3757//3907 3780//3906 3778//3928
f 3779//3929 3778//3928 3780//3906
f 3783//3931 3781//3927 3778//3928
f 3775//3924 3781//3927 3782//3932
f 3785//3933 3782//3932 3781//3927
f 3779//3929 3844//3995 3784//3934
f 3784//3934 3787//3936 3785//3933
f 3786//3935 3691//3840 3782//3932
f 3786//3935 3785//3933 3787//3936
f 3789//3937 3787//3936 3788//3938
f 3842//3940 3788//3938 3787//3936
f 3786//3935 3789//3937 3790//3941
f 3790//3941 3789//3937 3791//3939
f 3792//3944 3794//3947 3793//3943
f 3791//3939 3788//3938 3839//3945
f 3795//3946 3796//3950 3790//3941
f 3795//3946 3793//3943 3794//3947
f 3798//3949 3799//3952 3796//3950
f 3797//3948 3801//3955 3798//3949
f 3800//3951 4088//4238 3799//3952
f 3798//3949 3801//3955 3803//3953
f 3835//3954 3802//3956 3801//3955
f 3803//3953 3801//3955 3802//3956
f 3804//3957 3806//3961 3805//3958
f 3803//3953 3805//3958 3807//3959
f 3808//3960 3805//3958 3806//3961
f 3809//3963 3807//3959 3805//3958
f 3808//3960 3811//3965 3812//3964
f 3810//3962 3814//3968 3811//3965
f 3812//3964 3811//3965 3813//3966
f 3813//3966 3811//3965 3814//3968
f 3819//3970 3816//3971 3814//3968
f 3815//3969 3814//3968 3816//3971
f 3817//3972 3816//3971 3818//3973
f 3821//3975 3818//3973 3816//3971
f 3819//3970 3820//3976 3826//3977
f 3822//3978 3880//4031 3823//3979
f 3821//3975 3826//3977 3827//3980
f 3823//3979 3847//3998 3825//3981
f 3831//3983 3827//3980 3826//3977
f 3828//3984 3826//3977 3820//3976
f 3830//3985 3833//3988 3829//3986
f 3828//3984 3829//3986 3834//3987
f 3728//3877 3832//3876 3831//3983
f 3831//3983 3832//3876 3711//3862
f 3709//3859 3706//3858 3827//3980
f 3804//3957 3802//3956 3833//3988
f 3830//3985 3820//3976 3806//3961
f 3835//3954 3829//3986 3833//3988
f 3836//3989 3834//3987 3829//3986
f 3797//3948 3794//3947 3836//3989
f 3837//3990 3727//3878 3834//3987
f 3837//3990 3836//3989 3794//3947
f 3792//3944 3839//3945 3838//3991
f 3838//3991 3730//3994 3727//3878
f 3840//3992 3838//3991 3839//3945
f 3840//3992 3732//3880 3730//3994
f 3841//3993 3736//3881 3732//3880
f 3841//3993 3839//3945 3788//3938
f 3842//3940 3843//3884 3736//3881
f 3822//3978 3827//3980 3706//3858
f 3848//3997 3825//3981 3847//3998
f 3861//4001 3850//4003 3849//4000
f 3852//4006 4030//4185 3853//4005
f 3862//4011 3858//4012 3857//4007
f 3861//4001 3866//4018 3863//4014
f 3860//4010 3863//4014 3864//4015
f 4107//4016 3864//4015 3863//4014
f 3865//4017 3863//4014 3866//4018
f 3848//3997 3868//4020 3866//4018
f 3867//4019 3866//4018 3868//4020
f 3871//3999 3870//4022 3868//4020
f 3869//4021 3868//4020 3870//4022
f 3871//3999 3847//3998 3877//4026
f 3878//4029 3877//4026 3847//3998
f 3879//4030 3876//4028 3877//4026
f 3878//4029 3823//3979 3880//4031
f 3879//4030 3880//4031 3884//4032
f 3883//4035 4125//4270 3882//4034
f 3881//4033 3884//4032 3885//4036
f 3886//3856 3884//4032 3880//4031
f 3707//3857 3885//4036 3884//4032
f 3888//4037 3883//4035 3885//4036
f 3887//4038 3885//4036 3707//3857
f 3887//4038 3889//4040 3890//4039
f 3704//3853 3702//3852 3889//4040
f 3894//4041 3890//4039 3889//4040
f 3891//4042 3889//4040 3702//3852
f 4079//4043 3892//4044 3891//4042
f 3894//4041 3891//4042 3892//4044
f 3895//4045 3896//4047 3890//4039
f 3897//4046 3899//4051 3896//4047
f 3895//4045 3892//4044 3898//4048
f 3900//4050 4123//4268 3899//4051
f 3904//4052 3903//4055 3901//4049
f 3902//4053 3901//4049 3898//4048
f 3900//4050 3901//4049 3903//4055
f 3908//4057 3906//4058 3903//4055
f 3905//4056 3903//4055 3906//4058
f 3926//4060 3907//4061 3906//4058
f 3909//4059 3906//4058 3907//4061
f 3909//4059 3911//4064 3912//4063
f 3910//4062 3914//4067 3911//4064
f 4121//4065 3912//4063 3911//4064
f 3913//4066 3911//4064 3914//4067
f 3915//4068 3914//4067 3916//4069
f 3919//4071 3916//4069 3914//4067
f 3917//4070 3916//4069 3918//4072
f 3920//4074 3918//4072 3916//4069
f 3907//4061 3921//4075 3919//4071
f 3921//4075 3922//4281 3920//4074
f 3925//4076 3922//4281 3921//4075
f 3926//4060 3923//4077 3921//4075
f 3925//4076 3923//4077 3924//4078
f 3927//4080 3924//4078 3923//4077
f 3926//4060 3908//4057 3928//4081
f 3927//4080 3928//4081 3931//4082
f 3929//4083 3930//4085 3924//4078
f 3932//4084 3934//4089 3930//4085
f 3929//4083 3931//4082 3933//4086
f 3932//4084 3933//4086 3936//4087
f 3935//4088 3937//4092 3934//4089
f 3935//4088 3936//4087 3939//4090
f 3938//4091 3940//4095 3937//4092
f 3938//4091 3939//4090 3942//4093
f 3941//4094 3943//4098 3940//4095
f 3941//4094 3942//4093 3946//4096
f 3944//4097 3947//4101 3943//4098
f 3945//4099 3944//4097 3946//4096
f 3945//4099 3948//4103 3947//4101
f 3951//4102 3949//4105 3947//4101
f 3950//4104 3943//4098 3947//4101
f 3949//4105 3952//6806 3954//4106
f 3955//4107 3952//6806 3949//4105
f 3953//4108 3952//6806 3955//4107
f 3954//4106 3952//6806 3953//4108
f 3956//4109 3955//4107 3957//4110
f 3951//4102 3959//4115 3957//4110
f 3961//4112 3960//4111 3957//4110
f 3988//4114 3958//4113 3957//4110
f 3963//4116 3962//6807 3960//4111
f 3960//4111 3962//6807 3964//4117
f 3965//4118 3962//6807 3963//4116
f 3964//4117 3962//6807 3965//4118
f 3967//4120 3965//4118 3966//4121
f 3968//4119 3971//4124 3966//4121
f 3969//4123 3973//4128 3971//4124
f 4112//4126 3966//4121 3971//4124
f 3972//4127 3971//4124 3973//4128
f 3975//4129 3974//4130 3973//4128
f 3872//4023 3973//4128 3974//4130
f 3869//4021 3974//4130 3976//4131
f 3978//4132 3976//4131 3974//4130
f 3979//4133 3977//4134 3976//4131
f 3867//4019 3976//4131 3977//4134
f 3978//4132 3980//4136 3983//4135
f 3975//4129 3981//4138 3980//4136
f 4111//4137 3982//4140 3980//4136
f 3985//4139 3983//4135 3980//4136
f 3979//4133 3983//4135 3984//4141
f 3985//4139 3986//4143 3984//4141
f 3982//4140 3987//4258 3986//4143
f 3988//4114 3989//4144 3984//4141
f 3986//4143 3987//4258 3958//4113
f 3959//4115 3991//4146 3989//4144
f 4109//4142 3984//4141 3989//4144
f 3990//4145 3989//4144 3991//4146
f 3992//4147 3991//4146 3948//4103
f 3951//4102 3948//4103 3991//4146
f 3994//4100 3993//4148 3992//4147
f 3998//4149 3996//4151 3993//4148
f 3995//4150 3993//4148 3996//4151
f 4001//4154 3999//4153 3996//4151
f 4000//4155 3999//4153 4002//4156
f 4004//4158 4002//4156 3999//4153
f 4056//4160 4003//4159 4002//4156
f 4006//4161 3858//4012 3862//4011
f 4006//4161 4003//4159 4008//4162
f 4007//4163 3859//4013 3858//4012
f 4007//4163 4008//4162 4010//4164
f 4009//4165 4008//4162 4003//4159
f 4011//4166 4010//4164 4008//4162
f 4014//4170 4018//4195 4017//4171
f 4011//4166 4046//4200 4016//4172
f 4013//4167 4017//4171 4019//4173
f 4017//4171 4018//4195 4022//4174
f 4023//4176 4019//4173 4017//4171
f 4020//4175 4022//4174 4034//4177
f 4020//4175 4021//4178 4024//4179
f 4026//4180 4027//4182 4019//4173
f 4026//4180 4025//4181 3856//4009
f 4029//4184 4028//4183 4030//4185
f 4032//4187 4028//4183 4024//4179
f 4032//4187 4033//4189 4035//4188
f 4021//4178 4034//4177 4033//4189
f 4036//4190 4033//4189 4034//4177
f 4035//4188 4033//4189 4036//4190
f 4036//4190 4038//4191 4039//4193
f 4038//4191 4034//4177 4022//4174
f 4040//4194 4041//4196 4039//4193
f 4040//4194 4022//4174 4018//4195
f 4041//4196 4018//4195 4014//4170
f 3813//3966 4039//4193 4041//4196
f 4042//3967 4014//4170 4015//4169
f 4042//3967 4043//4197 4044//4198
f 4045//4199 4047//4203 4044//4198
f 4048//4202 4091//4243 4047//4203
f 4049//4201 4050//4206 4048//4202
f 4049//4201 4046//4200 4054//4204
f 4051//4205 4053//4209 4062//4207
f 4054//4204 4055//4212 4053//4209
f 4009//4165 4054//4204 4046//4200
f 4056//4160 4055//4212 4054//4204
f 4053//4209 4055//4212 4057//4210
f 4059//4211 4057//4210 4058//4213
f 4001//4154 4058//4213 4057//4210
f 4059//4211 4060//4214 4063//4216
f 4069//4222 4068//4220 4066//4219
f 4073//4224 4070//4227 4068//4220
f 4068//4220 4070//4227 4072//4225
f 4074//4226 4071//4244 4070//4227
f 4070//4227 4071//4244 4093//4228
f 4069//4222 4076//4231 4075//4229
f 4073//4224 4075//4229 4077//4230
f 4078//4054 4075//4229 4076//4231
f 4079//4043 4077//4230 4075//4229
f 4078//4054 3898//4048 3892//4044
f 3893//3851 4080//4232 4077//4230
f 4074//4226 4077//4230 4080//4232
f 3701//3849 4082//4234 4080//4232
f 4081//4233 4080//4232 4082//4234
f 3694//3842 4083//4236 4082//4234
f 4084//4235 4082//4234 4083//4236
f 4085//4237 3796//3950 3799//3952
f 4084//4235 3799//3952 4088//4238
f 4086//3942 3790//3941 3796//3950
f 4086//3942 3695//3843 3691//3840
f 4087//4239 4071//4244 4074//4226
f 4092//4242 4090//4241 4091//4243
f 4047//4203 4091//4243 4090//4241
f 4092//4242 4093//4228 4071//4244
f 4093//4228 4091//4243 4048//4202
f 4095//4223 4094//4245 4076//4231
f 3902//4053 4076//4231 4094//4245
f 4098//4246 4096//4247 4094//4245
f 3904//4052 4094//4245 4096//4247
f 4101//4249 4097//4248 4096//4247
f 4095//4223 4066//4219 4100//4250
f 4099//4251 3933//4086 3931//4082
f 4101//4249 3931//4082 3928//4081
f 4099//4251 4100//4250 4064//4218
f 4102//4252 3936//4087 3933//4086
f 4103//4253 3939//4090 3936//4087
f 4102//4252 4064//4218 4063//4216
f 4103//4253 4104//4254 3942//4093
f 4103//4253 4063//4216 4060//4214
f 3946//4096 3942//4093 4104//4254
f 4060//4214 4058//4213 4105//4255
f 3994//4100 3946//4096 4105//4255
f 4097//4248 3928//4081 3908//4057
f 4072//4225 4048//4202 4050//4206
f 3812//3964 4044//4198 4047//4203
f 3815//3969 4037//4192 4039//4193
f 3815//3969 3817//3972 4035//4188
f 4031//4186 4035//4188 3817//3972
f 4106//3974 3853//4005 4030//4185
f 3997//4152 4107//4016 4108//4256
f 4109//4142 4108//4256 3977//4134
f 3995//4150 4108//4256 4109//4142
f 3958//4113 3987//4258 4110//4257
f 3970//4125 3963//4116 3961//4112
f 4116//4260 4114//4262 4113//4259
f 4115//4261 4112//4126 4113//4259
f 4114//4262 4117//4264 4119//4263
f 4116//4260 4118//4266 4117//4264
f 4120//4265 4117//4264 4118//4266
f 4121//4065 4119//4263 4117//4264
f 4120//4265 4123//4268 3912//4063
f 4120//4265 4122//4267 3899//4051
f 4118//4266 4125//4270 4124//4269
f 4122//4267 4124//4269 3896//4047
f 3888//4037 4124//4269 4125//4270
f 3888//4037 3890//4039 3896//4047
f 4116//4260 3882//4034 4125//4270
f 3913//4066 4126//4271 4119//4263
f 4115//4261 4119//4263 4126//4271
f 3915//4068 4127//4272 4126//4271
f 4128//4122 4126//4271 4127//4272
f 4128//4122 3966//4121 4112//4126
f 3917//4070 4129//4273 4127//4272
f 3967//4120 4127//4272 4129//4273
f 4131//4073 3953//4108 4129//4273
f 3956//4109 3964//4117 4129//4273
f 3875//4027 3876//4028 3882//4034
f 4134//4276 4133//4277 4130//4274
f 4133//4277 3940//4095 3943//4098
f 4134//4276 3937//4092 3940//4095
f 4134//4276 4132//4275 4136//4278
f 4135//4279 3934//4089 3937//4092
f 4137//4280 3930//4085 3934//4089
f 4135//4279 4136//4278 4138//4079
f 4137//4280 4138//4079 3924//4078
f 4136//4278 3922//4281 3925//4076
f 3922//4281 4136//4278 4132//4275
f 3650//3791 3647//3789 4139//3922
f 3658//3800 4139//3922 3669//3814
f 3761//3909 3764//3913 4140//4282
f 4141//4283 3754//3905 3753//3904
f 4142//3777 4143//4284 3754//3905
f 3632//3771 4144//3770 4143//4284
f 3483//3617 4143//4284 4144//3770
f 3487//3618 4144//3770 3631//3767
f 3455//3589 4145//4285 3720//3868
f 3718//3869 3720//3868 4145//4285
f 3453//3586 4147//4287 4145//4285
f 4146//4286 4145//4285 4147//4287
f 3451//3583 4149//4289 4147//4287
f 4148//4288 4147//4287 4149//4289
f 4153//3585 4151//4291 4149//4289
f 4150//4290 4149//4289 4151//4291
f 4152//4292 4151//4291 4154//4293
f 4157//4295 4154//4293 4151//4291
f 4155//4294 4154//4293 4156//4296
f 4160//4298 4156//4296 4154//4293
f 4157//4295 4159//4301 4311//4299
f 4158//4300 4162//4303 4160//4298
f 4153//3585 3450//3584 4159//4301
f 4161//4302 4160//4298 4162//4303
f 4161//4302 4569//4315 4156//4296
f 4163//4305 4162//4303 4158//4300
f 4164//4304 4162//4303 4163//4305
f 4165//4307 4167//4311 4166//4308
f 4164//4304 4166//4308 4169//4309
f 4168//4310 4166//4308 4167//4311
f 4171//4313 4169//4309 4166//4308
f 4161//4302 4169//4309 4170//4314
f 4174//4316 4170//4314 4169//4309
f 4171//4313 4168//4310 4263//4317
f 4174//4316 4173//4319 4176//4320
f 4175//4321 4178//4324 4170//4314
f 4175//4321 4176//4320 4195//4322
f 4177//4323 4180//4326 4178//4324
f 4569//4315 4170//4314 4178//4324
f 4179//4325 4178//4324 4180//4326
f 4181//4297 4180//4326 4182//4327
f 4184//4328 4182//4327 4180//4326
f 4155//4294 4182//4327 4183//4329
f 4186//4330 4183//4329 4182//4327
f 4184//4328 4185//4332 4188//4331
f 4177//4323 4195//4322 4185//4332
f 4187//4333 4186//4330 4188//4331
f 4187//4333 4191//4335 4183//4329
f 3663//3807 4188//4331 4185//4332
f 4189//3817 4188//4331 3663//3807
f 4189//3817 3671//3816 4190//4334
f 4190//4334 4192//4336 4191//4335
f 4152//4292 4183//4329 4191//4335
f 4150//4290 4191//4335 4192//4336
f 3675//3821 4193//3827 4192//4336
f 4148//4288 4192//4336 4193//3827
f 4146//4286 4193//3827 3679//3826
f 4194//3808 4185//4332 4195//4322
f 4196//4337 4195//4322 4176//4320
f 4194//3808 4196//4337 4198//4339
f 4200//4340 4198//4339 4196//4337
f 4201//4341 4199//4342 4198//4339
f 3664//3805 4198//4339 4199//4342
f 4204//4346 4203//4343 4202//4344
f 4201//4341 4203//4343 4205//4345
f 4205//4345 4206//4350 4210//4349
f 4208//4348 4209//4677 4199//4342
f 4212//4352 4209//4677 4208//4348
f 4206//4350 4276//4361 4211//4353
f 4210//4349 4211//4353 4213//4354
f 3657//3799 4209//4677 4212//4352
f 4214//4355 4213//4354 4211//4353
f 4215//3795 3653//3794 4213//4354
f 4214//4355 4216//4358 4567//4357
f 4217//4356 4219//4360 4216//4358
f 4218//4359 4220//4363 4219//4360
f 4217//4356 4211//4353 4276//4361
f 4221//4362 4219//4360 4220//4363
f 4223//4365 4216//4358 4219//4360
f 4224//4364 4226//4369 4222//4366
f 4221//4362 4222//4366 4565//3766
f 4224//4364 4220//4363 4236//4367
f 4225//4368 4227//4371 4226//4369
f 4228//4370 4226//4369 4227//4371
f 3620//3757 4222//4366 4226//4369
f 4229//4372 3579//3718 3619//3717
f 4229//4372 4227//4371 4232//4373
f 4230//4374 3577//3716 3579//3718
f 4230//4374 4232//4373 4234//1505
f 4231//4375 3573//3712 3577//3716
f 4233//4376 4232//4373 4227//4371
f 1445//1500 4234//1505 4232//4373
f 4234//1505 1446//1504 1449//1509
f 4233//4376 4235//4377 1442//1502
f 4225//4368 4236//4367 4235//4377
f 4237//4378 4235//4377 4236//4367
f 4240//1503 1442//1502 4235//4377
f 4238//4379 4275//4412 4239//4380
f 4237//4378 4239//4380 4241//4381
f 4240//1503 4241//4381 4242//4382
f 4247//4383 4242//4382 4241//4381
f 4243//4384 4241//4381 4239//4380
f 4244//4386 4272//4394 4245//4387
f 4243//4384 4245//4387 4248//4388
f 1438//1497 1443//1498 4242//4382
f 4247//4383 4248//4388 1437//1496
f 4249//4389 4248//4388 4245//4387
f 4249//4389 4250//4391 4345//1491
f 4251//4390 4253//4393 4250//4391
f 4252//4392 4254//4399 4253//4393
f 4251//4390 4245//4387 4272//4394
f 4253//4393 4254//4399 4258//4395
f 4256//4398 4340//4474 4257//4397
f 4260//4312 4258//4395 4254//4399
f 4261//4400 4263//4317 4168//4310
f 4262//4402 4261//4400 4254//4399
f 4264//4403 4263//4317 4261//4400
f 4266//4404 4172//4318 4263//4317
f 4264//4403 4265//4405 4267//4347
f 4262//4402 4270//4408 4265//4405
f 4266//4404 4268//4406 4173//4319
f 4176//4320 4173//4319 4268//4406
f 4204//4346 4267//4347 4265//4405
f 4269//4407 4265//4405 4270//4408
f 4271//4409 4270//4408 4272//4394
f 4252//4392 4272//4394 4270//4408
f 4271//4409 4244//4386 4273//4410
f 4274//4411 4275//4412 4276//4361
f 4218//4359 4276//4361 4275//4412
f 4282//4416 4279//4415 4281//4417
f 4282//4416 4283//4420 4339//4419
f 4284//4418 4285//4422 4283//4420
f 4284//4418 4281//4417 4286//4421
f 4285//4422 4286//4421 4288//4423
f 4287//4424 4289//4427 4283//4420
f 4287//4424 4288//4423 4293//4425
f 4290//4426 4291//4428 4289//4427
f 4292//4429 4290//4426 4293//4425
f 4294//4430 4293//4425 4288//4423
f 4294//4430 4296//4433 4298//4432
f 4295//4431 4299//4436 4296//4433
f 4298//4432 4296//4433 4297//4434
f 4302//4437 4301//4439 4299//4436
f 4300//4438 4299//4436 4301//4439
f 4304//4440 3431//3565 4301//4439
f 4302//4437 4303//4442 4305//4441
f 4295//4431 4314//4449 4303//4442
f 4306//3570 3434//3563 3431//3565
f 4304//4440 4305//4441 4307//4443
f 4306//3570 4307//4443 4309//4444
f 4310//4446 4159//4301 3450//3584
f 4312//4447 4305//4441 4303//4442
f 4313//4448 4303//4442 4314//4449
f 4280//4306 4158//4300 4311//4299
f 4295//4431 4288//4423 4286//4421
f 4314//4449 4286//4421 4281//4417
f 3432//3562 3428//3559 3427//3557
f 4300//4438 3427//3557 4316//4450
f 4315//4451 4316//4450 4320//4452
f 4318//4453 4321//4456 4317//4454
f 4319//4455 4322//4459 4321//4456
f 4318//4453 4320//4452 4539//4457
f 4323//4458 4321//4456 4322//4459
f 4326//4461 4317//4454 4321//4456
f 4324//4460 4361//4490 4325//4462
f 4328//4435 4297//4434 4317//4454
f 4336//4471 1404//1459 1408//1463
f 4337//4472 4289//4427 4291//4428
f 4337//4472 1408//1463 4342//1462
f 4341//4475 4257//4397 4340//4474
f 4338//4473 4342//1462 4343//4476
f 4344//1469 4343//4476 4342//1462
f 1432//1488 1434//1490 4343//4476
f 4341//4475 4343//4476 1434//1490
f 4344//1469 1412//1468 1425//1483
f 4345//1491 4250//4391 4257//4397
f 4331//4466 4347//1454 1400//1455
f 4331//4466 4330//4465 4348//4477
f 4346//1435 1383//1434 4347//1454
f 1396//1448 4347//1454 1383//1434
f 4350//1426 1376//1425 4348//4477
f 4349//4478 4348//4477 4330//4465
f 4349//4478 4352//4481 4354//4480
f 4351//4479 4353//4483 4352//4481
f 4357//4482 4354//4480 4352//4481
f 4350//1426 4354//4480 4356//4485
f 4357//4482 4358//4487 4360//4486
f 4353//4483 4361//4490 4358//4487
f 4362//4489 4358//4487 4361//4490
f 4362//4489 4363//4492 4364//4491
f 4324//4460 4322//4459 4363//4492
f 4367//4493 4364//4491 4363//4492
f 4365//4494 4363//4492 4322//4459
f 4319//4455 4539//4457 4366//4495
f 4365//4494 4366//4495 4369//4496
f 4367//4493 4369//4496 4371//4498
f 4370//4499 4369//4496 4366//4495
f 4372//4501 4371//4498 4369//4496
f 4368//4497 4371//4498 4373//4502
f 4375//4504 4373//4502 4371//4498
f 4377//4506 4376//4505 4373//4502
f 4380//4507 4376//4505 4379//4509
f 4380//4507 4381//4512 4395//4511
f 4382//4510 4383//4514 4381//4512
f 4384//4513 4387//4518 4383//4514
f 4382//4510 4379//4509 4385//4515
f 4384//4513 4385//4515 4472//4516
f 4386//4517 4388//4520 4387//4518
f 4389//4519 4387//4518 4388//4520
f 4392//4522 4383//4514 4387//4518
f 4390//4521 4399//4528 4391//1408
f 4389//4519 4391//1408 1359//1409
f 4392//4522 1359//1409 1361//1411
f 4393//4523 4381//4512 4383//4514
f 4394//4524 4395//4511 4381//4512
f 4393//4523 1361//1411 1364//1414
f 4396//4525 4398//4527 4395//4511
f 4394//4524 1364//1414 4397//4526
f 4396//4525 4397//4526 4360//4486
f 4359//4488 4364//4491 4398//4527
f 4374//4503 4395//4511 4398//4527
f 4355//4484 4360//4486 4397//4526
f 1354//1403 4391//1408 4399//4528
f 4540//4529 4400//4530 4399//4528
f 4401//1402 4399//4528 4400//4530
f 4402//4531 4403//4533 1355//1400
f 4404//4532 4407//4537 4403//4533
f 4402//4531 4400//4530 4406//4534
f 4404//4532 4406//4534 4543//4535
f 4405//4536 4408//4538 4407//4537
f 1277//1321 4407//4537 4408//4538
f 1279//1323 4403//4533 4407//4537
f 4412//4539 4409//4540 4408//4538
f 1275//1320 4408//4538 4409//4540
f 4410//1319 4409//4540 4411//4541
f 4414//4543 4411//4541 4409//4540
f 4405//4536 4543//4535 4413//4544
f 4412//4539 4413//4544 4415//4545
f 4414//4543 4415//4545 4417//4546
f 4411//4541 4414//4543 4416//4547
f 4418//4549 4416//4547 4417//4546
f 4421//4551 4419//4548 4416//4547
f 4553//4542 4411//4541 4419//4548
f 4420//4552 4419//4548 4421//4551
f 4548//4554 4422//4555 4421//4551
f 4423//4553 4421//4551 4422//4555
f 4423//4553 4425//4557 4428//4558
f 4430//4559 4428//4558 4425//4557
f 4420//4552 4428//4558 4429//1315
f 4430//4559 4431//4562 1265//1309
f 4432//4563 4431//4562 4433//4564
f 4436//4566 4427//4561 4438//4569
f 4439//4570 1238//1276 1241//1281
f 4438//4569 4440//4571 4439//4570
f 4439//4570 4441//1272 1232//1271
f 4441//1272 4439//4570 4440//4571
f 4441//1272 4442//4572 4445//4573
f 4448//4578 1220//1261 1222//1260
f 4448//4578 4446//4576 4450//4580
f 4452//4581 4454//4582 4453//1258
f 1219//1259 4453//1258 4454//4582
f 4452//4581 4547//4663 4455//4584
f 4454//4582 4455//4584 4457//4585
f 4456//4583 4457//4585 4545//4586
f 4459//1252 1214//1253 1219//1259
f 1211//1250 4459//1252 4460//4588
f 4461//1249 4460//4588 4462//4589
f 4465//4591 4462//4589 4460//4588
f 4464//4590 4462//4589 4463//4592
f 4467//4594 4463//4592 4462//4589
f 4458//4587 4545//4586 4466//4595
f 4465//4591 4466//4595 4468//4596
f 4467//4594 4468//4596 4470//4597
f 4469//4598 4470//4597 4388//4520
f 4386//4517 4472//4516 4471//4599
f 4476//4593 4463//4592 4471//4599
f 4474//4601 4478//4604 4475//4602
f 4473//4600 4475//4602 4477//1242
f 4476//4593 4477//1242 1205//1244
f 4479//4603 4480//4606 4483//4607
f 4481//4605 4483//4607 4484//4608
f 4482//4609 1200//1238 1202//1240
f 4485//4610 4483//4607 4480//4606
f 4487//4612 4484//4608 4483//4607
f 4485//4610 4486//4614 4525//4613
f 4488//4611 4489//4617 4486//4614
f 4480//4606 4478//4604 4491//4615
f 4492//4618 4491//4615 4478//4604
f 4378//4508 4490//4616 4491//4615
f 4492//4618 4385//4515 4379//4509
f 4474//4601 4472//4516 4385//4515
f 4377//4506 4493//4619 4490//4616
f 4489//4617 4490//4616 4493//4619
f 4494//4620 4493//4619 4495//4621
f 4375//4504 4495//4621 4493//4619
f 4372//4501 4496//4623 4495//4621
f 4497//4622 4495//4621 4496//4623
f 4494//4620 4497//4622 4499//4625
f 4502//4627 4499//4625 4497//4622
f 4503//4628 4500//4629 4499//4625
f 4501//4626 4499//4625 4500//4629
f 4505//4631 4504//4632 4502//4627
f 4503//4628 4502//4627 4504//4632
f 4527//4634 4506//1934 4504//4632
f 4507//4633 4504//4632 4506//1934
f 4503//4628 4507//4633 4508//4635
f 1861//1933 1854//1925 4508//4635
f 4509//4636 4508//4635 1850//1921
f 4509//4636 4510//4637 4500//4629
f 1849//1920 4512//4639 4510//4637
f 4526//4630 4500//4629 4510//4637
f 4511//4638 4510//4637 4512//4639
f 1848//1918 4513//4641 4512//4639
f 4514//4640 4512//4639 4513//4641
f 4515//4642 4517//4646 4516//4643
f 4514//4640 4516//4643 4518//4644
f 4519//4645 4516//4643 4517//4646
f 4520//4647 4518//4644 4516//4643
f 1823//1892 1817//1886 4521//4648
f 4519//4645 4521//4648 4522//4649
f 4523//4650 4522//4649 4521//4648
f 4520//4647 4522//4649 4484//4608
f 4523//4650 4524//1237 1200//1238
f 1199//1233 4524//1237 1813//1883
f 4487//4612 4525//4613 4518//4644
f 4526//4630 4525//4613 4486//4614
f 1831//1899 1824//1893 4517//4646
f 4515//4642 4513//4641 1833//1903
f 1846//1904 1833//1903 4513//4641
f 4527//4634 4528//4652 1860//1935
f 4527//4634 4529//4653 4532//4651
f 4505//4631 4530//4654 4529//4653
f 4531//4500 4529//4653 4530//4654
f 4533//4655 4532//4651 4529//4653
f 4535//4656 4534//4657 4532//4651
f 4528//4652 4532//4651 4534//4657
f 3425//3556 4536//3558 4534//4657
f 4537//4658 4534//4657 4536//3558
f 4537//4658 4538//1946 1866//1947
f 1863//1936 1860//1935 4528//4652
f 4538//1946 4536//3558 3426//3555
f 4533//4655 4539//4457 4320//4452
f 4535//4656 4320//4452 4316//4450
f 4531//4500 4366//4495 4539//4457
f 4370//4499 4530//4654 4496//4623
f 4498//4624 4496//4623 4530//4654
f 4501//4626 4486//4614 4489//4617
f 4540//4529 4470//4597 4468//4596
f 4390//4521 4388//4520 4470//4597
f 4541//4659 4406//4534 4400//4530
f 4541//4659 4468//4596 4466//4595
f 4542//4660 4543//4535 4406//4534
f 4544//4661 4413//4544 4543//4535
f 4542//4660 4466//4595 4545//4586
f 4546//4662 4415//4545 4413//4544
f 4544//4661 4545//4586 4457//4585
f 4547//4663 4417//4546 4415//4545
f 4546//4662 4457//4585 4455//4584
f 4451//4550 4417//4546 4547//4663
f 4464//4590 1205//1244 1207//4664
f 4418//4549 4451//4550 4450//4580
f 4548//4554 4450//4580 4446//4576
f 4444//4575 4443//4574 4422//4555
f 1242//1282 1244//1283 4551//4666
f 1246//1284 6796//1287 1248//4668
f 4552//4667 1248//4668 1255//4669
f 4432//4563 4550//1299 1257//1300
f 4553//4542 4429//1315 1271//1314
f 1352//1325 1355//1400 4403//4533
f 4325//4462 4361//4490 4353//4483
f 1363//1413 1366//1415 4356//4485
f 1375//1423 4356//4485 1366//1415
f 4238//4379 4236//4367 4220//4363
f 4555//4670 4557//3710 3573//3712
f 4231//4375 1449//1509 1451//1511
f 4556//3706 3569//3705 4557//3710
f 4556//3706 4559//4671 4560//4674
f 4563//1535 1472//1534 3568//3703
f 4223//4365 4565//3766 3627//3765
f 4564//4675 4567//4357 4216//4358
f 3622//3758 4565//3766 4222//4366
f 4564//4675 3627//3765 3629//3769
f 4566//3774 4568//4676 4567//4357
f 4215//3795 4567//4357 4568//4676
f 3652//3793 4568//4676 3641//3781
f 3634//3773 3641//3781 4568//4676
f 3660//3802 4199//4342 4209//4677
f 4181//4297 4156//4296 4569//4315
f 4570//3621 3631//3767 3625//3763
f 4571//3762 4572//3624 3486//3622
f 3624//3760 4573//4678 4572//3624
f 3491//3625 4572//3624 4573//4678
f 3624//3760 3617//3753 3615//3754
f 4573//4678 3615//3754 3508//3642
f 3566//3702 3568//3703 1472//1534
f 3564//3698 4574//4680 3554//3689
f 4575//4679 4576//4681 4574//4680
f 1480//1543 4578//4684 4576//4681
f 4645//4682 4574//4680 4576//4681
f 4577//4683 4576//4681 4578//4684
f 4579//4685 4578//4684 4580//4686
f 4582//1567 4580//4686 4578//4684
f 4581//4687 4580//4686 4583//4688
f 1501//1566 4583//4688 4580//4686
f 1502//1568 4585//4690 4583//4688
f 1503//1569 4587//4692 4585//4690
f 4588//4691 4586//4693 4585//4690
f 4587//4692 4589//4694 4591//4695
f 4590//4696 4589//4694 1504//1570
f 4593//4697 4591//4695 4589//4694
f 4595//4699 4592//4698 4591//4695
f 4590//4696 6075//6148 4594//4700
f 4593//4697 4594//4700 4596//4701
f 4595//4699 4596//4701 4600//4702
f 4597//4703 4599//4705 4592//4698
f 4597//4703 4598//4706 4610//4704
f 4600//4702 4602//4708 4598//4706
f 4601//4707 4600//4702 4596//4701
f 4601//4707 4603//4710 4602//4708
f 4604//4709 4602//4708 4603//4710
f 4606//4712 4598//4706 4602//4708
f 4604//4709 4605//4714 4608//4713
f 4607//4711 1638//1697 4605//4714
f 4607//4711 4603//4710 6073//1590
f 1621//1681 1632//1694 1638//1697
f 4609//4715 4610//4704 4598//4706
f 4606//4712 4608//4713 4611//4716
f 4609//4715 4611//4716 4615//4718
f 4614//4720 4643//4751 4613//4719
f 4618//4723 4616//4721 1645//1701
f 1646//1705 1645//1701 4616//4721
f 4618//4723 4619//4725 4622//4724
f 1640//1700 4621//4727 4619//4725
f 4620//4726 4619//4725 4621//4727
f 4624//4729 4622//4724 4619//4725
f 4622//4724 4623//4745 4637//4730
f 4625//4731 4623//4745 4622//4724
f 4620//4726 6013//6105 4626//4733
f 4632//4734 4625//4731 4627//4732
f 6016//4736 4628//4737 4627//4732
f 4629//4735 4627//4732 4628//4737
f 4644//4739 4631//4741 4629//4735
f 4633//4740 4632//4734 4629//4735
f 4632//4734 4633//4740 4635//4742
f 4634//4743 4623//4745 4625//4731
f 4636//4744 4637//4730 4623//4745
f 4636//4744 4634//4743 4635//4742
f 4638//4747 4643//4751 4637//4730
f 4639//4746 4640//4748 4638//4747
f 4584//4689 4639//4746 4635//4742
f 4584//4689 4586//4693 4640//4748
f 4642//4749 4638//4747 4640//4748
f 4641//4750 4640//4748 4586//4693
f 4641//4750 4592//4698 4599//4705
f 4642//4749 4613//4719 4643//4751
f 4599//4705 4610//4704 4613//4719
f 4617//4722 4637//4730 4643//4751
f 4581//4687 4635//4742 4633//4740
f 4645//4682 4577//4683 4631//4741
f 4630//4738 4646//3687 3551//3688
f 4644//4739 3551//3688 3553//3690
f 3553//3690 3554//3689 4574//4680
f 4630//4738 4628//4737 4647//4752
f 4646//3687 4647//4752 4649//4753
f 4648//4754 4647//4752 4628//4737
f 4650//4755 4649//4753 4647//4752
f 4652//4756 4651//4757 4649//4753
f 3550//3685 4649//4753 4651//4757
f 3548//3683 4651//4757 4653//4758
f 4654//4759 4653//4758 4651//4757
f 3546//3681 4653//4758 4655//4760
f 4657//4761 4655//4760 4653//4758
f 4656//3680 4655//4760 4658//4762
f 4659//4764 4658//4762 4655//4760
f 4664//4765 4661//4766 4658//4762
f 4660//4763 4658//4762 4661//4766
f 4663//4767 4661//4766 4662//4768
f 4665//4770 4662//4768 4661//4766
f 4664//4765 4666//4772 4667//4771
f 4670//4773 4667//4771 4666//4772
f 4669//4774 4672//4778 4673//4776
f 4671//4777 4674//4781 4672//4778
f 4679//4779 4673//4776 4672//4778
f 4675//4780 4672//4778 4674//4781
f 6017//4785 4677//4784 4675//4780
f 4680//4786 4681//4789 4673//4776
f 4679//4779 4676//4783 4682//4787
f 4683//4788 4684//4792 4681//4789
f 4680//4786 4682//4787 4685//4790
f 4686//4791 4687//4795 4684//4792
f 4683//4788 4685//4790 4689//4793
f 4688//4794 4838//4882 4687//4795
f 4686//4791 4689//4793 4690//4796
f 4693//4797 4690//4796 4689//4793
f 4691//4798 4689//4793 4685//4790
f 4695//4800 4694//4803 4691//4798
f 4691//4798 4694//4803 4697//4801
f 4897//4802 4696//4804 4694//4803
f 4697//4801 4694//4803 4696//4804
f 4698//4805 4700//4809 4699//4806
f 4693//4797 4697//4801 4699//4806
f 4701//4808 4699//4806 4700//4809
f 4702//4807 4699//4806 4701//4808
f 4702//4807 4703//4948 4690//4796
f 4705//4812 4703//4948 4702//4807
f 4704//4811 4706//4815 4707//4813
f 4704//4811 4701//4808 4709//4814
f 4721//4816 4707//4813 4706//4815
f 4706//4815 4709//4814 4711//4818
f 4710//4819 4709//4814 4701//4808
f 4712//4820 4711//4818 4709//4814
f 4715//4821 4713//4822 4711//4818
f 4713//4822 4716//4828 4708//4817
f 4871//4823 4714//4825 4713//4822
f 4717//4824 4716//4828 4713//4822
f 4708//4817 4716//4828 4718//4826
f 4719//4827 4718//4826 4716//4828
f 4888//4829 4720//4830 4718//4826
f 4721//4816 4718//4826 4720//4830
f 4722//4831 4723//4833 4707//4813
f 4724//4832 4725//4836 4723//4833
f 4722//4831 4720//4830 4727//4834
f 4726//4835 4754//4866 4725//4836
f 4724//4832 4727//4834 4729//4837
f 4728//4838 4727//4834 4720//4830
f 4731//4839 4729//4837 4727//4834
f 4732//4840 4730//4841 4729//4837
f 4726//4835 4729//4837 4730//4841
f 4731//4839 4733//4844 4736//4843
f 4728//4838 4734//4846 4733//4844
f 4735//4845 4733//4844 4734//4846
f 4738//4848 4736//4843 4733//4844
f 4732//4840 4736//4843 4737//4849
f 4739//4851 4737//4849 4736//4843
f 4738//4848 2067//2165 2069//2167
f 4735//4845 4844//2164 2067//2165
f 4739//4851 2069//2167 2071//2170
f 4740//4852 4742//4855 4737//4849
f 4740//4852 2071//2170 4824//4853
f 4741//4854 4743//4857 4742//4855
f 4744//4856 4742//4855 4743//4857
f 4747//4850 4737//4849 4742//4855
f 4745//4859 4748//4860 4747//4850
f 4746//4858 4810//4922 4745//4859
f 4747//4850 4748//4860 4730//4841
f 4748//4860 4745//4859 4750//4861
f 4752//4842 4730//4841 4748//4860
f 4749//4862 4750//4861 4806//4863
f 4749//4862 4751//4864 4753//4865
f 4752//4842 4753//4865 4754//4866
f 4756//4867 4754//4866 4753//4865
f 4755//4868 4753//4865 4751//4864
f 4755//4868 4758//4871 4760//4870
f 4757//4869 4759//4873 4758//4871
f 4761//4872 4758//4871 4759//4873
f 4762//4875 4760//4870 4758//4871
f 4761//4872 4764//4878 4767//4876
f 4761//4872 4763//4874 4766//4877
f 4772//4879 4765//4880 4764//4878
f 4767//4876 4764//4878 4765//4880
f 4762//4875 4767//4876 4687//4795
f 4768//4881 4684//4792 4687//4795
f 4769//4883 4681//4789 4684//4792
f 4768//4881 4765//4880 4770//4884
f 4670//4773 4673//4776 4681//4789
f 4769//4883 4770//4884 4667//4771
f 4665//4770 4667//4771 4770//4884
f 4771//4885 4770//4884 4765//4880
f 4772//4879 4774//4888 4773//4886
f 4771//4885 4773//4886 4662//4768
f 4775//4887 4773//4886 4774//4888
f 4778//4769 4662//4768 4773//4886
f 4778//4769 4775//4887 4776//4890
f 4780//4891 4776//4890 4775//4887
f 4779//3670 3535//3669 4663//4767
f 4779//3670 4776//4890 4836//4892
f 4777//4889 4781//4895 4784//4893
f 4777//4889 4774//4888 4782//4894
f 4781//4895 4782//4894 4809//4896
f 4786//4898 4784//4893 4781//4895
f 4780//4891 4784//4893 4785//4899
f 4787//4901 4785//4899 4784//4893
f 4786//4898 4788//4903 4791//4902
f 4783//4897 4789//4905 4788//4903
f 4790//4904 4788//4903 4789//4905
f 4792//4907 4791//4902 4788//4903
f 4796//4908 4793//4909 4791//4902
f 4787//4901 4791//4902 4793//4909
f 4797//3471 4794//4911 4793//4909
f 4795//4910 4793//4909 4794//4911
f 4792//4907 4799//4913 4798//3465
f 4796//4908 4798//3465 3338//3467
f 3339//3461 4798//3465 4799//4913
f 4790//4904 4801//4915 4799//4913
f 4800//4914 4799//4913 4801//4915
f 4804//4906 4803//4917 4801//4915
f 4802//4916 4801//4915 4803//4917
f 4804//4906 4807//4919 4806//4863
f 4805//4918 4803//4917 4806//4863
f 4751//4864 4806//4863 4807//4919
f 4789//4905 4808//4920 4807//4919
f 4757//4869 4807//4919 4808//4920
f 4783//4897 4809//4896 4808//4920
f 4759//4873 4808//4920 4809//4896
f 4763//4874 4809//4896 4782//4894
f 4805//4918 4810//4922 4811//4921
f 4750//4861 4745//4859 4810//4922
f 4813//4923 4811//4921 4810//4922
f 4815//4924 4812//4925 4811//4921
f 4802//4916 4811//4921 4812//4925
f 4746//4858 4743//4857 4814//4926
f 4813//4923 4814//4926 4816//4927
f 3333//3455 3335//3460 4812//4925
f 4815//4924 4816//4927 3330//3454
f 4817//4928 4816//4927 4814//4926
f 3328//3452 3330//3454 4816//4927
f 4817//4928 4819//4930 4820//3446
f 4818//4929 4821//4932 4819//4930
f 3320//3445 4820//3446 4819//4930
f 4822//4931 3310//3435 3312//3438
f 4823//4933 3308//3433 3310//3435
f 4823//4933 4821//4932 4824//4853
f 2072//2169 2074//2171 3308//3433
f 4741//4854 4824//4853 4821//4932
f 4818//4929 4814//4926 4743//4857
f 4800//4914 4812//4925 3335//3460
f 4797//3471 3343//3470 4837//4934
f 4795//4910 4825//4935 4785//4899
f 4826//4912 4828//4937 4825//4935
f 4794//4911 4837//4934 4827//4936
f 4827//4936 4829//4939 4828//4937
f 4830//4938 4828//4937 4829//4939
f 4832//4941 4825//4935 4828//4937
f 4830//4938 4831//4943 4834//4942
f 4833//4940 3524//3658 4831//4943
f 3360//3485 3521//3489 3524//3658
f 4833//4940 4829//4939 3356//3483
f 4835//4900 4785//4899 4825//4935
f 4832//4941 4834//4942 4836//4892
f 4835//4900 4836//4892 4776//4890
f 3534//3667 4836//4892 4834//4942
f 3531//3664 4834//4942 4831//4943
f 3353//3479 3356//3483 4829//4939
f 4827//4936 4837//4934 3347//3475
f 4766//4877 4782//4894 4774//4888
f 4838//4882 4839//4944 4760//4870
f 4688//4794 4840//4946 4839//4944
f 4841//4945 4839//4944 4840//4946
f 4756//4867 4760//4870 4839//4944
f 4841//4945 4725//4836 4754//4866
f 4842//4947 4723//4833 4725//4836
f 4705//4812 4707//4813 4723//4833
f 4842//4947 4840//4946 4703//4948
f 4688//4794 4690//4796 4703//4948
f 4843//4847 4845//4949 4844//2164
f 2063//2158 4844//2164 4845//4949
f 4848//4950 4847//4951 4845//4949
f 4846//2157 4845//4949 4847//4951
f 4856//4953 4849//4954 4847//4951
f 4850//4952 4847//4951 4849//4954
f 4851//4955 2051//2146 2054//2149
f 4850//4952 2054//2149 2057//2152
f 4851//4955 4849//4954 4853//4956
f 4852//2138 2045//2137 2051//2146
f 4852//2138 4853//4956 4854//4957
f 4855//4958 4853//4956 4849//4954
f 4858//4959 4854//4957 4853//4956
f 4856//4953 4886//4984 4857//4960
f 4855//4958 4857//4960 4859//4961
f 4860//4962 4858//4959 4859//4961
f 4862//4964 4854//4957 4858//4959
f 4861//4963 4866//4969 4863//4965
f 4860//4962 4863//4965 4864//4966
f 4884//4967 4864//4966 4863//4965
f 4865//4968 4863//4965 4866//4969
f 4871//4823 4868//4971 4866//4969
f 4867//4970 4866//4969 4868//4971
f 4869//4972 4868//4971 4870//4973
f 4715//4821 4870//4973 4868//4971
f 4861//4963 4859//4961 4714//4825
f 4872//4974 4870//4973 4873//4975
f 4712//4820 4873//4975 4870//4973
f 1979//2062 4873//4975 4712//4820
f 4872//4974 1989//2074 4874//4976
f 1980//2061 1982//2063 1989//2074
f 4869//4972 4874//4976 4875//4977
f 4876//4978 4875//4977 4874//4976
f 4867//4970 4875//4977 4877//4979
f 4879//4980 4877//4979 4875//4977
f 4865//4968 4877//4979 4878//4981
f 4880//4982 4878//4981 4877//4979
f 4876//4978 4882//4983 4881//2095
f 4879//4980 4881//2095 2009//2096
f 2003//2088 4881//2095 4882//4983
f 1990//2073 1992//2075 4882//4983
f 4880//4982 2009//2096 2011//2099
f 2019//2106 4883//2107 4878//4981
f 4884//4967 4878//4981 4883//2107
f 4885//2134 2039//2133 4864//4966
f 4885//2134 4883//2107 2018//2108
f 4862//4964 4864//4966 2039//2133
f 2042//2132 2044//2136 4854//4957
f 4714//4825 4859//4961 4857//4960
f 4717//4824 4857//4960 4886//4984
f 4848//4950 4887//4985 4886//4984
f 4719//4827 4886//4984 4887//4985
f 4843//4847 4734//4846 4887//4985
f 4888//4829 4887//4985 4734//4846
f 1977//2060 1979//2062 4710//4819
f 4889//4810 4700//4809 4891//4986
f 1971//2053 4891//4986 4890//4987
f 4696//4804 4893//4988 4890//4987
f 4896//4990 4894//4989 4893//4988
f 4893//4988 4696//4804 4897//4802
f 4895//4991 4898//4993 4899//4992
f 4903//4994 4899//4992 4898//4993
f 4901//4995 4902//4999 5505//4998
f 4904//4997 4907//5003 4902//4999
f 4908//5002 4909//5006 4907//5003
f 4908//5002 4905//5001 4912//5004
f 4910//5005 4913//5009 4909//5006
f 4910//5005 4912//5004 5683//5007
f 4911//5008 4914//5011 4913//5009
f 4915//5010 4913//5009 4914//5011
f 4916//5013 4909//5006 4913//5009
f 4915//5010 4918//5015 4921//5014
f 4917//5012 4920//5017 4918//5015
f 4919//5016 4918//5015 4920//5017
f 4922//5019 4921//5014 4918//5015
f 4916//5013 4921//5014 4923//5020
f 4924//5022 4923//5020 4921//5014
f 4929//5023 4926//5024 4923//5020
f 4925//5021 4923//5020 4926//5024
f 4930//5027 4927//5026 4926//5024
f 4929//5023 4931//5029 4932//5028
f 4924//5022 4934//5032 4931//5029
f 5460//5030 4932//5028 4931//5029
f 4933//5031 4931//5029 4934//5032
f 4936//5033 4934//5032 4935//5034
f 4922//5019 4935//5034 4934//5032
f 4936//5033 4937//5035 4939//5036
f 4936//5033 4938//5037 4940//5038
f 4938//5037 4939//5036 4943//5039
f 4942//5041 4940//5038 4938//5037
f 4944//5042 4947//5046 4942//5041
f 4941//5040 4943//5039 4946//5043
f 4944//5042 4946//5043 6044//5044
f 4945//5045 4949//5048 4947//5046
f 4948//5047 4947//5046 4949//5048
f 5459//5050 4942//5041 4947//5046
f 4954//5052 4951//5051 4949//5048
f 4955//5055 4952//5054 4951//5051
f 4945//5045 6044//5044 4956//5057
f 4955//5055 4957//5056 4959//5058
f 4962//5060 4959//5058 4957//5056
f 4958//5061 4957//5056 4956//5057
f 5493//5063 4961//5059 4959//5058
f 4964//5065 4960//5064 4959//5058
f 4958//5061 6042//6130 4963//5066
f 4963//5066 4965//5068 4964//5065
f 4964//5065 4966//5069 4967//5067
f 4965//5068 4969//5072 4966//5069
f 5492//5070 4967//5067 4966//5069
f 6048//5073 4970//5075 4969//5072
f 4972//5076 4974//5080 4973//5077
f 4971//5074 4973//5077 4975//5078
f 4973//5077 4976//5079 4978//5081
f 4980//5083 4979//5084 4976//5079
f 4978//5081 4976//5079 4979//5084
f 5544//5086 4981//5087 4979//5084
f 4982//5085 4979//5084 4981//5087
f 4982//5085 4984//5090 4985//5089
f 4983//5088 4986//5093 4984//5090
f 4988//5091 4985//5089 4984//5090
f 4987//5092 4984//5090 4986//5093
f 4987//5092 4990//5096 4991//5095
f 4989//5094 4993//5099 4990//5096
f 5024//5097 4991//5095 4990//5096
f 4992//5098 4990//5096 4993//5099
f 4994//5100 4993//5099 4995//5101
f 4997//5103 4995//5101 4993//5099
f 4996//5102 4995//5101 4998//5104
f 4999//5106 4998//5104 4995//5101
f 5534//5107 5000//5108 4998//5104
f 5001//5105 4998//5104 5000//5108
f 5001//5105 5002//5111 5016//5110
f 5003//5109 5005//5113 5002//5111
f 5003//5109 5000//5108 5512//5112
f 5004//1984 1906//1983 5005//5113
f 5007//5114 5002//5111 5005//5113
f 5006//5115 5005//5113 1906//1983
f 1909//1985 1912//1987 5008//5116
f 5006//5115 5008//5116 5010//5117
f 5009//5118 5008//5116 1912//1987
f 5011//5119 5010//5117 5008//5116
f 5013//5120 5012//5121 5010//5117
f 5007//5114 5010//5117 5012//5121
f 5435//5123 5014//5124 5012//5121
f 5015//5122 5012//5121 5014//5124
f 5015//5122 5016//5110 5002//5111
f 5017//5125 5018//5127 5016//5110
f 5019//5126 5022//5132 5018//5127
f 5017//5125 5014//5124 5020//5128
f 5021//5129 5019//5126 5020//5128
f 5023//5131 5022//5132 5019//5126
f 4994//5100 5018//5127 5022//5132
f 4992//5098 5022//5132 5023//5131
f 5023//5131 5025//5134 5026//5133
f 5021//5129 5028//5137 5025//5134
f 5483//5135 5026//5133 5025//5134
f 5027//5136 5025//5134 5028//5137
f 5029//5138 5028//5137 5030//5139
f 5033//5130 5030//5139 5028//5137
f 5031//5140 5030//5139 5032//5141
f 5034//5143 5032//5141 5030//5139
f 5033//5130 5020//5128 5035//5144
f 5034//5143 5035//5144 5038//5145
f 5036//5146 5037//5148 5032//5141
f 5039//5147 5042//5152 5037//5148
f 5036//5146 5038//5145 5041//5149
f 5039//5147 5041//5149 5160//5150
f 5040//5151 5043//5153 5042//5152
f 5047//5155 5037//5148 5042//5152
f 5044//5154 5068//5179 5046//5157
f 5046//5157 5049//5160 5048//5158
f 5048//5158 5050//6808 5047//5155
f 5051//5159 5048//5158 5049//5160
f 5052//5162 5050//6808 5048//5158
f 5055//5161 5057//5165 5053//5164
f 5055//5161 5056//2008 1928//2007
f 5055//5161 5049//5160 5058//5166
f 5057//5165 1931//2011 5440//5167
f 5058//5166 5060//5169 1927//2006
f 5059//5168 5058//5166 5049//5160
f 5059//5168 5062//5171 5060//5169
f 1924//2003 1927//2006 5060//5169
f 5061//5170 5060//5169 5062//5171
f 5062//5171 5064//5174 5066//5173
f 5059//5168 5067//5176 5064//5174
f 5065//5175 5064//5174 5067//5176
f 5413//5178 5066//5173 5064//5174
f 5059//5168 5046//5157 5068//5179
f 5069//5180 5072//5184 5071//5181
f 5070//5177 5071//5181 5073//5182
f 5074//5183 5071//5181 5072//5184
f 5077//5186 5073//5182 5071//5181
f 5075//5187 5397//5511 5076//5188
f 5079//5185 5081//5192 5075//5187
f 5079//5185 5072//5184 5152//5190
f 5080//5191 5082//5194 5081//5192
f 5083//5193 5081//5192 5082//5194
f 5085//5196 5075//5187 5081//5192
f 5086//5195 5088//5201 5084//5197
f 5083//5193 5084//5197 5396//5198
f 5086//5195 5082//5194 5148//5199
f 5087//5200 5089//5203 5088//5201
f 5090//5202 5088//5201 5089//5203
f 5094//5205 5084//5197 5088//5201
f 5092//5206 5102//5215 5091//5207
f 5090//5202 5091//5207 5096//5208
f 5093//5204 5112//5225 5092//5206
f 5094//5205 5096//5208 5097//5209
f 5095//5210 5396//5198 5084//5197
f 5100//5211 5097//5209 5096//5208
f 5095//5210 5097//5209 5098//5212
f 5100//5211 5091//5207 5102//5215
f 5101//5216 5103//5219 5099//5214
f 5101//5216 5102//5215 5107//5217
f 5104//5218 5106//5221 5103//5219
f 5105//5220 5383//5496 5106//5221
f 5104//5218 5107//5217 5108//5222
f 5102//5215 5092//5206 5109//5223
f 5110//5224 5108//5222 5107//5217
f 5109//5223 5092//5206 5112//5225
f 5109//5223 5111//5226 5113//5227
f 5111//5226 5112//5225 5115//5228
f 5116//5230 5113//5227 5111//5226
f 5114//5229 5115//5228 5120//5231
f 5117//5232 5119//5234 5116//5230
f 5118//5233 5373//5433 5119//5234
f 5117//5232 5120//5231 5121//5235
f 5122//5236 5120//5231 5115//5228
f 5124//5238 5121//5235 5120//5231
f 5122//5236 5125//5239 5127//5240
f 5128//5242 5125//5239 5126//5241
f 5128//5242 5131//5245 5127//5240
f 5129//5243 5146//5259 5130//5244
f 5131//5245 5128//5242 5130//5244
f 5133//5247 5134//5250 5127//5240
f 5135//5249 5309//5423 5134//5250
f 5135//5249 5133//5247 5136//5248
f 5141//5252 5138//5253 5136//5248
f 5137//5251 5136//5248 5138//5253
f 5139//5254 5138//5253 5140//5255
f 5141//5252 5142//5258 5140//5255
f 5132//5246 5130//5244 5143//5257
f 5143//5257 5144//5261 5142//5258
f 5143//5257 5130//5244 5146//5259
f 5145//5260 5147//5262 5144//5261
f 5145//5260 5146//5259 5148//5199
f 5147//5262 5148//5199 5082//5194
f 5149//5263 5144//5261 5147//5262
f 5087//5200 5148//5199 5146//5259
f 5150//5264 5142//5258 5144//5261
f 5080//5191 5152//5190 5151//5265
f 5149//5263 5151//5265 5153//5266
f 5154//5267 5151//5265 5152//5190
f 5155//5269 5154//5267 5043//5153
f 5044//5154 5043//5153 5154//5267
f 5156//5268 5152//5190 5072//5184
f 5156//5268 5069//5180 5068//5179
f 5155//5269 5157//5271 5159//5270
f 5158//5272 5157//5271 5160//5150
f 5307//5274 5159//5270 5157//5271
f 5161//5273 5160//5150 5041//5149
f 5161//5273 5163//5279 5166//5276
f 5164//5277 5163//5279 5161//5273
f 5423//5278 5165//5280 5163//5279
f 5166//5276 5163//5279 5165//5280
f 5158//5272 5166//5276 5167//5282
f 5169//5283 5167//5282 5166//5276
f 5168//5281 5171//5287 5174//5284
f 5168//5281 5165//5280 5420//5285
f 5170//5286 5173//5289 5171//5287
f 5172//5288 5171//5287 5173//5289
f 5175//5291 5174//5284 5171//5287
f 5169//5283 5174//5284 5177//5293
f 5204//5295 5178//5296 5177//5293
f 5179//5294 5177//5293 5178//5296
f 5181//5298 5303//5419 5180//5299
f 5179//5294 5180//5299 5167//5282
f 5184//5300 5185//5302 5181//5298
f 5190//5307 5187//5304 5182//5301
f 5192//5308 5196//5313 5193//5310
f 5195//5312 5193//5310 5196//5313
f 5201//5316 5198//5315 5196//5313
f 5199//5317 5198//5315 5200//5318
f 5202//5320 5200//5318 5198//5315
f 5183//5297 5178//5296 5202//5320
f 5192//5308 5182//5301 5183//5297
f 5203//5321 5202//5320 5178//5296
f 5203//5321 5205//5323 5200//5318
f 5204//5295 5207//5518 5206//5322
f 5206//5322 5208//5399 5205//5323
f 5206//5322 5207//5518 5210//5324
f 5211//5326 5208//5399 5206//5322
f 5209//5325 5210//5324 5214//5327
f 5212//5329 5279//5397 5211//5326
f 5209//5325 5213//5328 5216//5330
f 5215//5331 5213//5328 5214//5327
f 5217//5333 5219//5334 5221//5335
f 5223//5339 5221//5335 5219//5334
f 5222//5338 5224//5405 5287//5341
f 5228//5342 5224//5405 5222//5338
f 5225//5340 5227//5344 5231//5345
f 5243//5346 5224//5405 5228//5342
f 5236//5213 5234//5351 5396//5198
f 5237//5354 5239//5356 5238//5353
f 5235//5352 5098//5212 5099//5214
f 5229//5347 5230//5348 5238//5353
f 5240//5355 5238//5353 5239//5356
f 5229//5347 5240//5355 5242//5358
f 5244//5359 5242//5358 5240//5355
f 5243//5346 5242//5358 5245//5360
f 5244//5359 5348//5461 5247//5363
f 5246//5362 5247//5363 5249//5364
f 5248//5365 5251//5368 5245//5360
f 5248//5365 5249//5364 5340//5366
f 5252//5370 5251//5368 5253//5369
f 5289//5361 5245//5360 5251//5368
f 5258//5374 5256//5373 5254//5372
f 5261//5377 5257//5376 5256//5373
f 5259//5375 5290//5407 5260//5378
f 5258//5374 5260//5378 5188//5305
f 5262//5379 5264//5382 5257//5376
f 5270//5386 5271//5389 5269//5387
f 5199//5317 5274//5392 5273//5390
f 5276//5391 5271//5389 5273//5390
f 5283//5319 5275//5393 5274//5392
f 5276//5391 5274//5392 5275//5393
f 5277//5394 5279//5397 5278//5395
f 5278//5395 5269//5387 5271//5389
f 5218//5336 5267//5385 5269//5387
f 5278//5395 5279//5397 5212//5329
f 5280//5396 5211//5326 5279//5397
f 5277//5394 5275//5393 5281//5398
f 5280//5396 5281//5398 5208//5399
f 5282//5400 5205//5323 5208//5399
f 5282//5400 5281//5398 5275//5393
f 5200//5318 5205//5323 5282//5400
f 5284//5401 5266//5384 5221//5335
f 5285//5402 5263//5381 5266//5384
f 5223//5339 5287//5341 5286//5403
f 5284//5401 5286//5403 5288//5404
f 5252//5370 5286//5403 5287//5341
f 5257//5376 5264//5382 5288//5404
f 5285//5402 5288//5404 5264//5382
f 5289//5361 5287//5341 5224//5405
f 5186//5303 5188//5305 5260//5378
f 5291//5406 5260//5378 5290//5407
f 5291//5406 5293//5410 5296//5409
f 5292//5408 5294//5412 5293//5410
f 5297//5413 5296//5409 5293//5410
f 5299//5414 5185//5302 5296//5409
f 5297//5413 5298//5415 5300//5416
f 5301//5417 5181//5298 5185//5302
f 5299//5414 5300//5416 5302//5418
f 5301//5417 5302//5418 5303//5419
f 5304//5256 5303//5419 5302//5418
f 5139//5254 5302//5418 5300//5416
f 5305//5420 5180//5299 5303//5419
f 5304//5256 5140//5255 5306//5421
f 5305//5420 5306//5421 5159//5270
f 5307//5274 5167//5282 5180//5299
f 5306//5421 5140//5255 5142//5258
f 5153//5266 5159//5270 5306//5421
f 5137//5251 5300//5416 5298//5415
f 5135//5249 5298//5415 5308//5422
f 5313//5424 5309//5423 5308//5422
f 5327//5427 5312//5435 5311//5425
f 5311//5425 5312//5435 5314//5428
f 5315//5429 5134//5250 5309//5423
f 5313//5424 5314//5428 5316//5430
f 5124//5238 5127//5240 5134//5250
f 5315//5429 5316//5430 5121//5235
f 5317//5431 5316//5430 5314//5428
f 5118//5233 5121//5235 5316//5430
f 5317//5431 5318//5434 5373//5433
f 5319//5432 5320//5437 5318//5434
f 5319//5432 5314//5428 5312//5435
f 5321//5436 5322//6809 5320//5437
f 5323//5438 5321//5436 5312//5435
f 5326//5439 5322//6809 5321//5436
f 5327//5427 5328//5442 5324//5440
f 5310//5426 5294//5412 5328//5442
f 5329//5443 5328//5442 5294//5412
f 5331//5444 5324//5440 5328//5442
f 5329//5443 5330//5446 5333//5445
f 5292//5408 5290//5407 5330//5446
f 5331//5444 5333//5445 5334//5448
f 5336//5449 5334//5448 5333//5445
f 5335//5450 5333//5445 5330//5446
f 5371//5452 5336//5449 5335//5450
f 5338//5451 5339//5454 5337//5453
f 5338//5451 5330//5446 5290//5407
f 5337//5453 5339//5454 5340//5366
f 5250//5367 5340//5366 5339//5454
f 5342//5457 5371//5452 5337//5453
f 5341//5455 5343//5456 5344//5458
f 5343//5456 5249//5364 5247//5363
f 5346//5460 5344//5458 5343//5456
f 5345//5459 5247//5363 5348//5461
f 5345//5459 5347//5462 5350//5463
f 5349//5464 5347//5462 5348//5461
f 5351//5466 5350//5463 5347//5462
f 5353//5467 5352//5469 5350//5463
f 5355//5468 5346//5460 5350//5463
f 5375//5470 5354//6810 5352//5469
f 5352//5469 5354//6810 5357//5471
f 5355//5468 5357//5471 5358//5472
f 5355//5468 5356//5473 5344//5458
f 5359//5474 5361//5476 5358//5472
f 5357//5471 5354//6810 5360//5475
f 5359//5474 5360//5475 5318//5434
f 5320//5437 5322//6809 5361//5476
f 5362//5477 5363//5479 5358//5472
f 5361//5476 5322//6809 5326//5439
f 5364//5478 5366//5482 5363//5479
f 5326//5439 5325//5441 5364//5478
f 5369//5483 5366//5482 5367//5481
f 5365//5480 5332//5447 5334//5448
f 5368//5484 5367//5481 5334//5448
f 5368//5484 5336//5449 5371//5452
f 5363//5479 5366//5482 5369//5483
f 5370//5485 5369//5483 5371//5452
f 5342//5457 5344//5458 5356//5473
f 5370//5485 5356//5473 5358//5472
f 5360//5475 5354//6810 5375//5470
f 5372//5486 5373//5433 5318//5434
f 5374//5487 5119//5234 5373//5433
f 5379//5490 5377//5489 5376//5488
f 5379//5490 5378//5491 5380//5492
f 5349//5464 5381//5494 5380//5492
f 5382//5493 5380//5492 5381//5494
f 5384//5495 5106//5221 5383//5496
f 5382//5493 5383//5496 5388//5497
f 5385//5498 5103//5219 5106//5221
f 5384//5495 5381//5494 5386//5499
f 5237//5354 5099//5214 5103//5219
f 5385//5498 5386//5499 5239//5356
f 5387//5465 5241//5357 5239//5356
f 5387//5465 5386//5499 5381//5494
f 5348//5461 5244//5359 5241//5357
f 5390//5500 5388//5497 5383//5496
f 5389//5501 5388//5497 5390//5500
f 5379//5490 5388//5497 5389//5501
f 5108//5222 5391//5502 5390//5500
f 5393//5503 5389//5501 5391//5502
f 5392//5504 5391//5502 5108//5222
f 5392//5504 5110//5224 5113//5227
f 5377//5489 5389//5501 5393//5503
f 5394//5505 5393//5503 5113//5227
f 5394//5505 5116//5230 5119//5234
f 5234//5351 5232//5349 5398//5506
f 5085//5196 5396//5198 5234//5351
f 5400//5508 5397//5511 5395//5507
f 5395//5507 5397//5511 5075//5187
f 5398//5506 5227//5344 5226//5343
f 5399//5509 5402//5512 5400//5508
f 5401//5510 5076//5188 5397//5511
f 5401//5510 5400//5508 5402//5512
f 5403//5513 5402//5512 5404//5332
f 5404//5332 5402//5512 5399//5509
f 5404//5332 5214//5327 5210//5324
f 5405//5514 5407//5517 5408//5516
f 5210//5324 5207//5518 5407//5517
f 5176//5292 5407//5517 5207//5518
f 5175//5291 5408//5516 5407//5517
f 5406//5515 5408//5516 5409//5519
f 5172//5288 5409//5519 5408//5516
f 5436//5290 5410//5522 5409//5519
f 5409//5519 5410//5522 5412//5521
f 5411//5520 5412//5521 5073//5182
f 5065//5175 5073//5182 5412//5521
f 5413//5178 5412//5521 5410//5522
f 5413//5178 5414//5523 5416//5524
f 5436//5290 5415//5525 5414//5523
f 5415//5525 5418//5528 5416//5524
f 5066//5173 5416//5524 5417//5526
f 5419//5527 5417//5526 5416//5524
f 5419//5527 5418//5528 5420//5285
f 5170//5286 5420//5285 5418//5528
f 5422//5530 5421//5529 5423//5278
f 5421//5529 5422//5530 5431//5532
f 5164//5277 5433//5539 5424//5533
f 5423//5278 5424//5533 5427//5534
f 5428//5535 5422//5530 5425//5531
f 5426//1996 5425//5531 5427//5534
f 1915//1990 1918//1994 5427//5534
f 5426//1996 1917//1995 1925//2004
f 5428//5535 1925//2004 5430//5536
f 5429//5537 5431//5532 5422//5530
f 5429//5537 5430//5536 5432//5538
f 5431//5532 5432//5538 5417//5526
f 5063//5172 5417//5526 5432//5538
f 5061//5170 5432//5538 5430//5536
f 5011//5119 5424//5533 5433//5539
f 5162//5275 5434//5540 5433//5539
f 5013//5120 5433//5539 5434//5540
f 5041//5149 5038//5145 5434//5540
f 5435//5123 5434//5540 5038//5145
f 5035//5144 5020//5128 5014//5124
f 5415//5525 5436//5290 5173//5289
f 5399//5509 5226//5343 5220//5337
f 5093//5204 5089//5203 5126//5241
f 5123//5237 5115//5228 5112//5225
f 5439//5542 5437//5541 5054//5163
f 5438//5543 5054//5163 5053//5164
f 5438//5543 5441//5545 5444//5544
f 5440//5167 5442//5547 5441//5545
f 5443//5546 5441//5545 5442//5547
f 5446//5549 5444//5544 5441//5545
f 5439//5542 5444//5544 5445//5550
f 5448//5552 5445//5550 5444//5544
f 5443//5546 5510//5606 5447//5553
f 5446//5549 5447//5553 5450//5554
f 5448//5552 5450//5554 5451//5555
f 5449//5556 5463//5566 5445//5550
f 5456//5560 5455//5561 5453//5557
f 5452//5558 5453//5557 5455//5561
f 5460//5030 5458//5563 5455//5561
f 5457//5562 5455//5561 5458//5563
f 5459//5050 5458//5563 4940//5038
f 4933//5031 4940//5038 5458//5563
f 5456//5560 5496//5594 4932//5028
f 5459//5050 4948//5047 5461//5564
f 5457//5562 5461//5564 5451//5555
f 5467//5570 5495//5593 5468//5571
f 5470//5573 5469//5572 5468//5571
f 5465//5569 5469//5572 5471//5575
f 5472//5576 5471//5575 5469//5572
f 5475//5577 5437//5541 5471//5575
f 5473//5551 5471//5575 5437//5541
f 5465//5569 5473//5551 5445//5550
f 5470//5573 5478//5580 5474//5578
f 5472//5576 5474//5578 5476//5579
f 5476//5579 5050//6808 5052//5162
f 5047//5155 5050//6808 5476//5579
f 5477//5142 5476//5579 5474//5578
f 5477//5142 5032//5141 5037//5148
f 5031//5140 5474//5578 5478//5580
f 5470//5573 5480//5574 5479//5581
f 5029//5138 5478//5580 5479//5581
f 5482//5582 5481//5583 5479//5581
f 5027//5136 5479//5581 5481//5583
f 5485//5584 5484//5585 5481//5583
f 5493//5063 5486//5587 5484//5585
f 5487//5586 5484//5585 5486//5587
f 5490//5589 5489//5590 5487//5586
f 5487//5586 5489//5590 5026//5133
f 5024//5097 5026//5133 5489//5590
f 4988//5091 4991//5095 5489//5590
f 5488//5588 5492//5070 5491//5591
f 5490//5589 5491//5591 4985//5089
f 4975//5078 5491//5591 5492//5070
f 4978//5081 4985//5089 5491//5591
f 5488//5588 5486//5587 4967//5067
f 4960//5064 4967//5067 5486//5587
f 5485//5584 5494//5592 4961//5059
f 5482//5582 5495//5593 5494//5592
f 4955//5055 4961//5059 5494//5592
f 5467//5570 4952//5054 5494//5592
f 5480//5574 5468//5571 5495//5593
f 5454//5559 5497//5596 5496//5594
f 5498//5595 5496//5594 5497//5596
f 4930//5027 4932//5028 5496//5594
f 5498//5595 5499//5597 4927//5026
f 1937//2016 5500//5600 5499//5597
f 5504//5598 4927//5026 5499//5597
f 5501//5599 5499//5597 5500//5600
f 5502//5601 5506//5603 5503//5602
f 5501//5599 5503//5602 5505//4998
f 5504//5598 5505//4998 4902//4999
f 4903//4994 5505//4998 5503//5602
f 5507//2041 5503//5602 5506//5603
f 5507//2041 1959//2040 4899//4992
f 5506//5603 5508//5605 5509//5604
f 5502//5601 5500//5600 5508//5605
f 1943//2022 5509//5604 5508//5605
f 1941//2020 5508//5605 5500//5600
f 1945//2023 1951//2030 5509//5604
f 5497//5596 5510//5606 1938//2018
f 5454//5559 5447//5553 5510//5606
f 5511//5548 5442//5547 1930//2010
f 1933//2013 1939//2015 1938//2018
f 1931//2011 1930//2010 5442//5547
f 4996//5102 5016//5110 5018//5127
f 5004//1984 5512//5112 5514//5607
f 5513//5608 5512//5112 5000//5108
f 5520//5612 5518//5613 5516//5610
f 1904//1979 5516//5610 5518//5613
f 5521//5614 5519//5615 5518//5613
f 1902//1976 5518//5613 5519//5615
f 5521//5614 5520//5612 5522//5616
f 5525//5618 5522//5616 5520//5612
f 5527//5619 5523//5620 5522//5616
f 5524//5617 5522//5616 5523//5620
f 5517//5611 5515//5609 5526//5622
f 5525//5618 5526//5622 5529//5623
f 5529//5623 5530//5627 5528//5624
f 5527//5619 5528//5624 5876//5625
f 5531//5626 5532//5628 5530//5627
f 4999//5106 5536//5631 5535//5630
f 5532//5628 5535//5630 5536//5631
f 5539//5633 5538//5635 5536//5631
f 5536//5631 5538//5635 5540//5634
f 5544//5086 5541//5636 5538//5635
f 5540//5634 5538//5635 5541//5636
f 4980//5083 5543//5638 5541//5636
f 5544//5086 5539//5633 6068//5639
f 4977//5082 5546//5641 5543//5638
f 4977//5082 4974//5080 5547//5642
f 5548//5643 5546//5641 5547//5642
f 5548//5643 5550//5644 5612//5645
f 5542//5637 5554//5650 5555//5651
f 5556//5652 5555//5651 5557//5653
f 5558//5654 5557//5653 5559//5655
f 5561//5657 5559//5655 5557//5653
f 5564//5658 5560//5656 5559//5655
f 5563//5660 5568//5664 5566//5661
f 5570//5663 5567//5665 5566//5661
f 5565//5662 5566//5661 5567//5665
f 5568//5664 5569//5668 5572//5667
f 5569//5668 5568//5664 5563//5660
f 5570//5663 5572//5667 5573//5671
f 5575//5672 5573//5671 5572//5667
f 5574//5673 5572//5667 5569//5668
f 5577//5675 5578//5678 5575//5672
f 5574//5673 5576//5674 5579//5676
f 5580//5677 5581//5680 5578//5678
f 5577//5675 5579//5676 5583//5679
f 5580//5677 5583//5679 5584//5682
f 5587//5683 5584//5682 5583//5679
f 5585//5684 5583//5679 5579//5676
f 5585//5684 5586//5685 5588//5686
f 5589//5687 5590//5690 5584//5682
f 5587//5683 5588//5686 5592//5688
f 5591//5689 5987//6088 5590//5690
f 5589//5687 5592//5688 5594//5691
f 5593//5692 5596//5696 5594//5691
f 5593//5692 5592//5688 5588//5686
f 5591//5689 5594//5691 5595//5694
f 5595//5694 5594//5691 5596//5696
f 5597//5697 5596//5696 5598//5698
f 5600//5700 5598//5698 5596//5696
f 5601//5699 5598//5698 5599//5701
f 6061//5703 5599//5701 5598//5698
f 5601//5699 5602//5705 5631//5704
f 5603//5702 5599//5701 5608//5708
f 5605//5707 5607//5712 5618//5710
f 5605//5707 5608//5708 5611//5711
f 5609//5713 5608//5708 5599//5701
f 5549//5646 5612//5645 5611//5711
f 5612//5645 5613//5716 5607//5712
f 5612//5645 5550//5644 5614//5715
f 5617//5717 5615//5718 5613//5716
f 5607//5712 5613//5716 5615//5718
f 6050//5719 5616//5720 5615//5718
f 5618//5710 5615//5718 5616//5720
f 5619//5721 5620//5723 5606//5709
f 5622//5722 5625//5728 5620//5723
f 5616//5720 6046//6132 5621//5724
f 5619//5721 5621//5724 5623//5725
f 5622//5722 5623//5725 6038//5726
f 5624//5727 5626//5730 5625//5728
f 5628//5729 5620//5723 5625//5728
f 5628//5729 5626//5730 5627//5731
f 6053//5733 5627//5731 5626//5730
f 5604//5706 5606//5709 5620//5723
f 5630//5734 5631//5704 5602//5705
f 5629//5732 5627//5731 5632//5735
f 5630//5734 5633//5737 5636//5736
f 5635//5739 5633//5737 5634//5738
f 5637//5741 5636//5736 5633//5737
f 5631//5704 5636//5736 5595//5694
f 5638//5695 5595//5694 5636//5736
f 5637//5741 5639//5743 5641//5742
f 5635//5739 5640//5745 5639//5743
f 5642//5744 5639//5743 5640//5745
f 5644//5747 5641//5742 5639//5743
f 5643//5746 5647//5752 5645//5748
f 5642//5744 5645//5748 5646//5749
f 5650//5750 5646//5749 5645//5748
f 5648//5751 5645//5748 5647//5752
f 5989//5754 5650//5750 5648//5751
f 5661//5762 5659//5764 5656//5760
f 5658//5763 5656//5760 5659//5764
f 5662//5766 5660//5765 5659//5764
f 5661//5762 5663//5768 5666//5767
f 5657//5761 5664//5770 5663//5768
f 5665//5769 5663//5768 5664//5770
f 5667//5772 5666//5767 5663//5768
f 5666//5767 5668//5773 5671//5774
f 5673//5778 5721//5827 5671//5774
f 5672//5777 5674//5780 5675//5779
f 5669//5776 5677//5783 5674//5780
f 5689//5781 5675//5779 5674//5780
f 5679//5784 5677//5783 5680//5786
f 5681//5787 5680//5786 4914//5011
f 4917//5012 4914//5011 5680//5786
f 4911//5008 5683//5007 5682//5788
f 5681//5787 5682//5788 5685//5789
f 5684//5790 5682//5788 5683//5007
f 5686//5792 5685//5789 5682//5788
f 5687//5793 5685//5789 5686//5792
f 5679//5784 5685//5789 5687//5793
f 5690//5794 5691//5798 5688//5795
f 5690//5794 5686//5792 5693//5796
f 5692//5797 5694//5801 5691//5798
f 5692//5797 5693//5796 5696//5799
f 5695//5800 5696//5799 5698//5802
f 5700//5806 5703//5808 5699//5805
f 5701//5804 5702//5807 5700//5806
f 5701//5804 5698//5802 4674//4781
f 4671//4777 4668//4775 5702//5807
f 4654//4759 5700//5806 5702//5807
f 5705//5809 5706//5812 5708//5811
f 5707//5813 5706//5812 4648//4754
f 5709//5814 5708//5811 5706//5812
f 5710//5815 5708//5811 5709//5814
f 6012//5825 5718//5824 5713//5816
f 5720//5826 5721//5827 5712//5818
f 5714//5821 5722//6811 5720//5826
f 5662//5766 5671//5774 5721//5827
f 5720//5826 5722//6811 5660//5765
f 5660//5765 5722//6811 5723//5828
f 5723//5828 5722//6811 5714//5821
f 5715//5820 5716//5822 5724//5829
f 5723//5828 5724//5829 5725//5830
f 5726//5831 5724//5829 5716//5822
f 5727//5832 5725//5830 5724//5829
f 5717//5823 5730//5837 5728//5833
f 5726//5831 5728//5833 5729//5834
f 5728//5833 5730//5837 5731//5835
f 5735//5836 5732//5838 5730//5837
f 5731//5835 5730//5837 5732//5838
f 5734//5839 5732//5838 5733//5840
f 5736//5842 5733//5840 5732//5838
f 5739//5843 5737//5846 5736//5842
f 5736//5842 5737//5846 5738//5844
f 5742//5845 5738//5844 5737//5846
f 5741//5848 5746//5853 5743//5849
f 5739//5843 1640//1700 5741//5848
f 5740//5847 5743//5849 5745//5850
f 5991//5851 5745//5850 5743//5849
f 5744//5852 5743//5849 5746//5853
f 5769//5855 5747//5856 5746//5853
f 5748//5854 5746//5853 5747//5856
f 5748//5854 5749//6092 5994//5858
f 5752//5859 5749//6092 5748//5854
f 5750//5857 5747//5856 5767//5860
f 5750//5857 5751//5861 5753//5862
f 5754//5863 5752//5859 5753//5862
f 5756//5865 5749//6092 5752//5859
f 5757//5864 5758//5870 5755//5866
f 5754//5863 5755//5866 5998//5867
f 5759//5868 5757//5864 5753//5862
f 5759//5868 5760//5871 5758//5870
f 5761//5869 5762//5873 5760//5871
f 5761//5869 5753//5862 5751//5861
f 5763//5872 5765//5876 5762//5873
f 5751//5861 5767//5860 5766//5874
f 5764//5875 5771//5879 5765//5876
f 1643//1704 5766//5874 5767//5860
f 5768//5877 5767//5860 5747//5856
f 1640//1700 1644//1699 5769//5855
f 6006//5880 5762//5873 5765//5876
f 5773//5882 5772//5881 5771//5879
f 5770//5878 5772//5881 5774//5883
f 5776//5885 5774//5883 5772//5881
f 5775//5884 5774//5883 5777//5886
f 5779//5888 5777//5886 5774//5883
f 5782//5890 5780//5889 5777//5886
f 5781//5891 5780//5889 5783//5892
f 5786//5894 5783//5892 5780//5889
f 5784//5893 5783//5892 5785//5895
f 5786//5894 5787//5897 5785//5895
f 1657//1716 1659//1718 5787//5897
f 5786//5894 5782//5890 1655//1714
f 5790//1730 5785//5895 5787//5897
f 1667//1728 5787//5897 1659//1718
f 5789//5898 5792//5901 5795//5899
f 5791//5900 5794//5904 5792//5901
f 5799//5907 5801//5910 5797//5905
f 5799//5907 5794//5904 5971//5908
f 5805//5911 5797//5905 5801//5910
f 5806//5916 5809//5919 5807//5915
f 5990//5917 5804//5914 5807//5915
f 5813//5921 5811//5920 5809//5919
f 5816//5922 5812//5923 5811//5920
f 5734//5839 5811//5920 5812//5923
f 5806//5916 5802//5913 5814//5924
f 5822//5929 5818//5926 5819//5928
f 5820//5931 5819//5928 5815//5925
f 5824//5933 5821//5930 5819//5928
f 5821//5930 5823//5935 5839//5934
f 5824//5933 5825//5937 5823//5935
f 5824//5933 5826//5938 5829//5936
f 5820//5931 5827//5940 5826//5938
f 5828//5939 5826//5938 5827//5940
f 5830//5942 5829//5936 5826//5938
f 5834//5943 5825//5937 5829//5936
f 5831//5944 5829//5936 5830//5942
f 5949//5946 5833//6074 5831//5944
f 5831//5944 5833//6074 5835//5947
f 5837//5948 5823//5935 5825//5937
f 5837//5948 5836//5949 5841//5951
f 5838//5950 5581//5680 5984//5952
f 5841//5951 5843//5956 5842//5954
f 5575//5672 5578//5678 5842//5954
f 5844//5955 5842//5954 5843//5956
f 5844//5955 5846//5957 5848//5958
f 5845//5959 5573//5671 5575//5672
f 5849//5961 5848//5958 5846//5957
f 5845//5959 5848//5958 5850//5962
f 5852//5964 5850//5962 5848//5958
f 5851//5963 5850//5962 5853//5965
f 5855//5967 5853//5965 5850//5962
f 5854//5966 5853//5965 5856//5968
f 5858//5970 5856//5968 5853//5965
f 5857//5969 5856//5968 5859//5971
f 5861//1914 5859//5971 5856//5968
f 1841//1912 5860//5972 5859//5971
f 5858//5970 5890//5997 1842//1909
f 1841//1912 1840//1911 5862//5973
f 5860//5972 5862//5973 5864//5974
f 5863//1924 5862//5973 1840//1911
f 5866//5975 5864//5974 5862//5973
f 5857//5969 5864//5974 5865//5976
f 5868//5977 5865//5976 5864//5974
f 5867//1927 5866//5975 5863//1924
f 5867//1927 5870//5979 5868//5977
f 5869//5978 5889//5996 5865//5976
f 5869//5978 5868//5977 5870//5979
f 1856//1928 5872//5981 5870//5979
f 5871//5980 5870//5979 5872//5981
f 1858//1930 1865//1937 5872//5981
f 5872//5981 1865//1937 1870//1939
f 5873//5982 1870//1939 5878//5983
f 5873//5982 5875//5984 5876//5625
f 5874//5985 5879//5988 5871//5980
f 5523//5620 5876//5625 5875//5984
f 5877//5621 5875//5984 5878//5983
f 5877//5621 1869//1943 6069//5986
f 5874//5985 5876//5625 5528//5624
f 5880//5987 5883//5992 5884//5991
f 5880//5987 5528//5624 5530//5627
f 5556//5652 5884//5991 5883//5992
f 5558//5654 5560//5656 5884//5991
f 5564//5658 5565//5662 5885//5993
f 5886//5666 5881//5989 5885//5993
f 5887//5994 5879//5988 5881//5989
f 5886//5666 5567//5665 5888//5995
f 5887//5994 5888//5995 5889//5996
f 5869//5978 5871//5980 5879//5988
f 5851//5963 5889//5996 5888//5995
f 5855//5967 5891//5999 5890//5997
f 5892//5998 5890//5997 5891//5999
f 1838//1908 1842//1909 5890//5997
f 5893//6000 5895//6003 5894//6001
f 5892//5998 5894//6001 1836//1906
f 5896//6002 5894//6001 5895//6003
f 5898//1907 1836//1906 5894//6001
f 5897//6004 5900//6008 5899//6005
f 5896//6002 5899//6005 5902//6006
f 5901//6007 5899//6005 5900//6008
f 5903//6010 5902//6006 5899//6005
f 5898//1907 5902//6006 1828//1896
f 1826//1895 1828//1896 5902//6006
f 5903//6010 5904//6012 5907//6011
f 5901//6007 5905//6014 5904//6012
f 5906//6013 5904//6012 5905//6014
f 5908//6016 5907//6011 5904//6012
f 1819//1889 1821//1888 5907//6011
f 5908//6016 5909//6018 5911//6017
f 5906//6013 5910//6020 5909//6018
f 5912//6019 5909//6018 5910//6020
f 5914//6022 5911//6017 5909//6018
f 5913//6021 1781//1848 1783//1852
f 5912//6019 1783//1852 5915//6023
f 5914//6022 5915//6023 1809//1879
f 1811//1878 1814//1881 5911//6017
f 1790//1858 1809//1879 5915//6023
f 5916//6024 5913//6021 5910//6020
f 1779//1847 1781//1848 5913//6021
f 5916//6024 5917//6027 5929//6026
f 5918//6025 5919//6028 5917//6027
f 5920//6015 5921//6029 5919//6028
f 5920//6015 5918//6025 5910//6020
f 5905//6014 5922//6031 5921//6029
f 5923//6030 5932//6038 5925//6033
f 5924//6032 5925//6033 5927//6034
f 5926//6035 5917//6027 5919//6028
f 5926//6035 5927//6034 5930//6036
f 5928//6037 5929//6026 5917//6027
f 1773//1838 1774//1842 5929//6026
f 5928//6037 5930//6036 1769//1836
f 1768//1835 5931//1762 1697//1763
f 1692//1755 5927//6034 5925//6033
f 1690//1753 5925//6033 5932//6038
f 5923//6030 5937//6044 5934//6040
f 5932//6038 5934//6040 5935//6041
f 5935//6041 5934//6040 5936//6042
f 5936//6042 5934//6040 5937//6044
f 5938//6045 5937//6044 5922//6031
f 5941//6046 5943//6050 5939//6047
f 5938//6045 5939//6047 5960//6048
f 5940//6009 5900//6008 5941//6046
f 5941//6046 5900//6008 5897//6004
f 5942//6049 5944//6052 5943//6050
f 5945//6051 5943//6050 5944//6052
f 5947//6054 5939//6047 5943//6050
f 5946//6053 5949//5946 5948//6055
f 5945//6051 5948//6055 5951//6056
f 5950//6057 5955//6060 5953//6059
f 5955//6060 5961//6065 5954//6061
f 5954//6061 5957//6064 5956//6062
f 5947//6054 5951//6056 5956//6062
f 5958//6063 5956//6062 5957//6064
f 5959//6043 5936//6042 5960//6048
f 5958//6063 5960//6048 5939//6047
f 1679//1740 1683//1744 5935//6041
f 5964//1739 1676//1738 5957//6064
f 5961//6065 5955//6060 5830//5942
f 5832//5945 5830//5942 5955//6060
f 5954//6061 5961//6065 5962//6066
f 5965//5941 5962//6066 5961//6065
f 5964//1739 5962//6066 5963//6067
f 5966//6068 5963//6067 5962//6066
f 5965//5941 5827//5940 5967//6069
f 5966//6068 5967//6069 5969//6070
f 5968//6071 1673//1735 5963//6067
f 5968//6071 5969//6070 5971//5908
f 5970//6072 1670//1731 1673//1735
f 5791//5900 1668//1729 1670//1731
f 5800//5909 5971//5908 5969//6070
f 5972//6073 5969//6070 5967//6069
f 5973//5932 5815//5925 5814//5924
f 5973//5932 5967//6069 5827//5940
f 5946//6053 5974//6075 5833//6074
f 5944//6052 5975//6077 5974//6075
f 5835//5947 5833//6074 5974//6075
f 5976//6076 5974//6075 5975//6077
f 5978//6079 5836//5949 5835//5947
f 5977//6078 5979//6080 5978//6079
f 5847//5960 5841//5951 5836//5949
f 5847//5960 5978//6079 5979//6080
f 5849//5961 5979//6080 5980//6081
f 5981//6082 5980//6081 5979//6080
f 5852//5964 5980//6081 5891//5999
f 5893//6000 5891//5999 5980//6081
f 5977//6078 5975//6077 5982//6083
f 5981//6082 5982//6083 5895//6003
f 5942//6049 5982//6083 5975//6077
f 5897//6004 5895//6003 5982//6083
f 5940//6009 5922//6031 5905//6014
f 5933//6039 5935//6041 1683//1744
f 5571//5670 5573//5671 5845//5959
f 5822//5929 5839//5934 5985//6084
f 5986//6086 5985//6084 5646//5749
f 5986//6086 5817//5927 5818//5926
f 5650//5750 5989//5754 5817//5927
f 5988//6087 5983//6085 5984//5952
f 5983//6085 5987//6088 5641//5742
f 5988//6087 5590//5690 5987//6088
f 5582//5681 5584//5682 5590//5690
f 5638//5695 5641//5742 5987//6088
f 5812//5923 5817//5927 5989//5754
f 5989//5754 5649//5755 5729//5834
f 5810//5841 5733//5840 5738//5844
f 5808//5918 5738//5844 5742//5845
f 5991//5851 5992//6089 5804//5914
f 5990//5917 5742//5845 5745//5850
f 5744//5852 5994//5858 5992//6089
f 5993//6090 5992//6089 5994//5858
f 5805//5911 5804//5914 5992//6089
f 5995//6091 5994//5858 5749//6092
f 5756//5865 5998//5867 5996//6093
f 5995//6091 5996//6093 5798//5906
f 5793//5903 5798//5906 5996//6093
f 5997//6094 5996//6093 5998//5867
f 5998//5867 5755//5866 6001//6096
f 5997//6094 5999//6095 6000//6097
f 6002//6099 6000//6097 5999//6095
f 6001//6096 6003//6101 6005//6100
f 5755//5866 5758//5870 6003//6101
f 6004//6102 6003//6101 5758//5870
f 6006//5880 6005//6100 6003//6101
f 6002//6099 6005//6100 5775//5884
f 5778//5887 5781//5891 6000//6097
f 5993//6090 5798//5906 5797//5905
f 5779//5888 6008//1715 1655//1714
f 5776//5885 6009//6103 6008//1715
f 6008//1715 6009//6103 1651//1710
f 1641//1702 1651//1710 6009//6103
f 5773//5882 6010//6104 6009//6103
f 5764//5875 1642//1703 6010//6104
f 6011//4728 6012//5825 6013//6105
f 5707//5813 6013//6105 6012//5825
f 6016//4736 4626//4733 6013//6105
f 5658//5763 5725//5830 6014//6106
f 5711//5817 5712//5818 5721//5827
f 5673//5778 5675//5779 6015//6107
f 5689//5781 5688//5795 6015//6107
f 4674//4781 5698//5802 5696//5799
f 4678//4782 5696//5799 5693//5796
f 6018//5791 5683//5007 4912//5004
f 6020//6109 4682//4787 4676//4783
f 6020//6109 4905//5001 4906//5000
f 4692//4799 4685//4790 4682//4787
f 5678//5785 5670//5775 4920//5017
f 6021//5018 4920//5017 5670//5775
f 5665//5769 6022//6111 6021//5018
f 6021//5018 6022//6111 6024//6110
f 6058//5771 6023//6112 6022//6111
f 6024//6110 6022//6111 6023//6112
f 6025//6113 4937//5035 4935//5034
f 4919//5016 6024//6110 4935//5034
f 6026//6114 4939//5036 4937//5035
f 6025//6113 6023//6112 6027//6115
f 6028//6116 4943//5039 4939//5036
f 6026//6114 6027//6115 6030//6117
f 6029//6118 4946//5043 4943//5039
f 6028//6116 6030//6117 6032//6119
f 6031//6120 6030//6117 6027//6115
f 6034//6122 6032//6119 6030//6117
f 6036//6123 6033//6124 6032//6119
f 6029//6118 6032//6119 6033//6124
f 6031//6120 6052//6136 6035//6126
f 6034//6122 6035//6126 6038//5726
f 6036//6123 6038//5726 5623//5725
f 6037//6127 6040//6129 6033//6124
f 5624//5727 6038//5726 6035//6126
f 6037//6127 5623//5725 5621//5724
f 6039//6128 6042//6130 6040//6129
f 6041//5062 6040//6129 6042//6130
f 6043//6125 6033//6124 6040//6129
f 6045//6131 4963//5066 6042//6130
f 6041//5062 4956//5057 6044//5044
f 6043//6125 6044//5044 4946//5043
f 6039//6128 5621//5724 6046//6132
f 6048//5073 6047//6133 6049//6134
f 6050//5719 6047//6133 6046//6132
f 5617//5717 6049//6134 6047//6133
f 5614//5715 6051//6135 6049//6134
f 4970//5075 6049//6134 6051//6135
f 5614//5715 5550//5644 5547//5642
f 6051//6135 5547//5642 4974//5080
f 6053//5733 6035//6126 6052//6136
f 6054//6137 5632//5735 5627//5731
f 6054//6137 6055//6139 5634//5738
f 6054//6137 6052//6136 6056//6138
f 6055//6139 6056//6138 5664//5770
f 6059//5740 5634//5738 6055//6139
f 6058//5771 5664//5770 6056//6138
f 6057//6121 6056//6138 6052//6136
f 6057//6121 6027//6115 6023//6112
f 5657//5761 5655//5759 6060//6140
f 6059//5740 6060//6140 5640//5745
f 6060//6140 5655//5759 5643//5746
f 5609//5713 6062//6141 5553//5648
f 6061//5703 6063//6142 6062//6141
f 5552//5649 5553//5648 6062//6141
f 6061//5703 5600//5700 6064//6143
f 6063//6142 6064//6143 6065//5669
f 6067//6144 6065//5669 6064//6143
f 6066//5693 6064//6143 5600//5700
f 4997//5103 6068//5639 5539//5633
f 4989//5094 4986//5093 6068//5639
f 4981//5087 6068//5639 4986//5093
f 5524//5617 6069//5986 6070//6145
f 1876//1948 6070//6145 6069//5986
f 1876//1948 1879//1952 6071//6146
f 6070//6145 6071//6146 5519//5615
f 1894//1970 6071//6146 1879//1952
f 1898//1972 5519//5615 6071//6146
f 4928//5025 4902//4999 4907//5003
f 4925//5021 4907//5003 4909//5006
f 4692//4799 4906//5000 6072//6147
f 4896//4990 4899//4992 1959//2040
f 1962//2039 1965//2047 4894//4989
f 4894//4989 1965//2047 1967//2048
f 4660//4763 4663//4767 3535//3669
f 3537//3671 3539//3672 4656//3680
f 1647//1706 4611//4716 4608//4713
f 1648//1707 4608//4713 4605//4714
f 4603//4710 4601//4707 1523//1591
f 4601//4707 6074//1586 1518//1585
f 6074//1586 4596//4701 4594//4700
f 1519//1583 4594//4700 6075//6148
f 1505//1571 1506//1572 6075//6148
f 1515//1580 6075//6148 1506//1572
f 3462//3577 3413//3542 3440//3572
f 1872//1944 3426//3555 3423//3552
f 1874//1950 3423//3552 3420//3549
f 6078//2038 6077//6149 3399//3528
f 6079//6150 6077//6149 6078//2038
f 1891//1966 6077//6149 6079//6150
f 1895//1968 6079//6150 1949//2028
f 6078//2038 3397//3524 3394//3523
f 3392//2051 3384//3511 3382//3508
f 3349//3477 6080//3476 1984//2069
f 1987//2070 1984//2069 6080//3476
f 6080//3476 3345//3474 6081//6151
f 6082//2084 1994//2079 6081//6151
f 6082//2084 3336//3464 3332//3458
f 1999//2083 3332//3458 3326//3457
f 6083//3448 2013//2097 2007//2093
f 6083//3448 3318//3443 3316//3440
f 6084//3407 3280//2100 2013//2097
f 6084//3407 3316//3440 3288//3439
f 3304//3430 3306//2174 2077//2175
f 2082//2179 2085//2180 6085//6152
f 6087//3426 3300//3425 6085//6152
f 6086//6153 6085//6152 2085//2180
f 6086//6153 6089//6155 6092//6154
f 6088//2182 6091//6157 6089//6155
f 6090//6156 6089//6155 6091//6157
f 6094//6159 6092//6154 6089//6155
f 6087//3426 6092//6154 6093//6160
f 6096//6161 6093//6160 6092//6154
f 6090//6156 6097//6162 6095//3377
f 6094//6159 6095//3377 3250//3378
f 3259//3386 3295//3387 6093//6160
f 6096//6161 3250//3378 3252//3380
f 3249//3373 6095//3377 6097//6162
f 6110//6158 6098//6164 6097//6162
f 6099//6163 6097//6162 6098//6164
f 6099//6163 6100//6166 3246//3370
f 6101//6165 6103//6169 6100//6166
f 6101//6165 6098//6164 6105//6167
f 6102//6168 6104//2213 6103//6169
f 2109//2214 2137//2246 6103//6169
f 2139//2248 6100//6166 6103//6169
f 6102//6168 6106//6170 2108//2212
f 6105//6167 6107//2199 6106//6170
f 6108//2206 6106//6170 6107//2199
f 2101//2203 2108//2212 6106//6170
f 2092//2191 6107//2199 6105//6167
f 6109//2194 6105//6167 6098//6164
f 6110//6158 6091//6157 2093//2190
f 3243//2251 3246//3370 6100//6166
f 2086//2183 2093//2190 6091//6157
f 3292//3416 3271//3399 3283//3410
f 3263//3393 3267//3392 3271//3399
f 6111//3363 3266//3394 3264//3391
f 3228//3355 6112//3357 3266//3394
f 6112//3357 3229//3356 2685//2812
f 6113//6171 3244//3371 3233//3361
f 6113//6171 3264//3391 3256//3384
f 6113//6171 3254//3381 3247//3375
f 6114//3352 3231//3359 3210//3339
f 3212//3341 3213//3342 3220//3348
f 2687//2813 2685//2812 3229//3356
f 6116//2283 3197//3326 3201//3331
f 6115//2261 2149//2260 2171//2280
f 2920//3069 2918//3068 6118//6172
f 2812//2950 6119//6173 6120//6174
f 2878//3018 6120//6174 6119//6173
f 6121//3022 6119//6173 6118//6172
f 6122//6175 6123//6176 2877//3020
f 6124//3067 6125//6177 6123//6176
f 6122//6175 6118//6172 2918//3068
f 2914//3060 6127//3061 6125//6177
f 6131//6178 6123//6176 6125//6177
f 6126//6179 6125//6177 6127//3061
f 6128//6180 6130//3027 2883//3026
f 6128//6180 6129//3050 2905//6181
f 6130//3027 2905//6181 2900//3044
f 2880//3021 2877//3020 6123//6176
f 2875//3014 2819//2958 6120//6174
f 2871//3013 2821//2959 2819//2958
f 2824//2963 2821//2959 2871//3013
f 2776//2517 2389//2516 6132//6182
f 2397//2526 2767//2902 6132//6182
f 2751//2887 2750//2886 6133//6183
f 6134//6184 6135//6185 6137//6187
f 6140//6190 6141//6193 6137//6187
f 6140//6190 6139//6189 6145//6191
f 6142//6192 6143//6195 6141//6193
f 6144//6194 6218//6267 6143//6195
f 6142//6192 6145//6191 6146//6196
f 2697//2827 6145//6191 6139//6189
f 6148//2829 6146//6196 6145//6191
f 6144//6194 6146//6196 6147//6197
f 6149//6199 6147//6197 6146//6196
f 6148//2829 2698//2828 6150//6200
f 6151//6201 6154//6205 6147//6197
f 6149//6199 6150//6200 6153//6202
f 6151//6201 6153//6202 6170//6203
f 6152//6204 6156//6207 6154//6205
f 6155//6206 6154//6205 6156//6207
f 6220//6198 6147//6197 6154//6205
f 6158//6208 6156//6207 6159//6210
f 6160//6211 6159//6210 6161//6212
f 6164//6214 6161//6212 6159//6210
f 6165//6215 6162//6216 6161//6212
f 6163//6213 6161//6212 6162//6216
f 6164//6214 6166//6219 6167//6218
f 6157//6209 6168//6221 6166//6219
f 6169//6220 6167//6218 6166//6219
f 6152//6204 6170//6203 6168//6221
f 6169//6220 6168//6221 6170//6203
f 6171//6222 6170//6203 6153//6202
f 6171//6222 6172//6225 6263//6224
f 6173//6223 6174//6226 6172//6225
f 2700//2831 2701//2832 6174//6226
f 6173//6223 6153//6202 6150//6200
f 6174//6226 2701//2832 2705//2838
f 2711//2844 6178//6229 6176//6227
f 6263//6224 6172//6225 6176//6227
f 6177//6228 6176//6227 6178//6229
f 6179//6230 6178//6229 6180//6231
f 2713//2846 6180//6231 6178//6229
f 2715//2848 6182//6233 6180//6231
f 6181//6232 6180//6231 6182//6233
f 6183//6234 6182//6233 6184//6235
f 6185//2851 6184//6235 6182//6233
f 6189//6237 6187//6238 6184//6235
f 6186//6236 6184//6235 6187//6238
f 6188//6239 6187//6238 6190//6240
f 6191//6242 6190//6240 6187//6238
f 6195//6243 6193//6244 6190//6240
f 6192//6241 6190//6240 6193//6244
f 6194//6245 6193//6244 6196//6246
f 6196//6246 6193//6244 6195//6243
f 6197//6248 6202//6253 6199//6249
f 6196//6246 6199//6249 6200//6250
f 6236//6251 6200//6250 6199//6249
f 6201//6252 6199//6249 6202//6253
f 6203//6254 6202//6253 6204//6255
f 6205//6257 6204//6255 6202//6253
f 2737//2872 2740//2874 6204//6255
f 6206//6256 6204//6255 2740//2874
f 6206//6256 6207//6311 6265//6258
f 6209//6259 6207//6311 6206//6256
f 2739//6260 6211//6263 6209//6259
f 6217//6261 6207//6311 6209//6259
f 6210//6262 6209//6259 6211//6263
f 2742//2878 6212//6265 6211//6263
f 6213//6264 6211//6263 6212//6265
f 6213//6264 6143//6195 6218//6267
f 6214//6266 6141//6193 6143//6195
f 6214//6266 6212//6265 6216//6268
f 6134//6184 6215//6188 6216//6268
f 2745//2879 6216//6268 6212//6265
f 6210//6262 6218//6267 6219//6269
f 6220//6198 6219//6269 6218//6267
f 6217//6261 6219//6269 6221//6270
f 6155//6206 6221//6270 6219//6269
f 6222//6271 6221//6270 6223//6272
f 6158//6208 6223//6272 6221//6270
f 6224//6273 6223//6272 6225//6274
f 6160//6211 6225//6274 6223//6272
f 6163//6213 6226//6276 6225//6274
f 6227//6275 6225//6274 6226//6276
f 6227//6275 6228//6279 6264//6278
f 6229//6277 6231//6280 6228//6279
f 6230//6217 6229//6277 6226//6276
f 6230//6217 6232//6282 6231//6280
f 6233//6281 6231//6280 6232//6282
f 6236//6251 6228//6279 6231//6280
f 6234//6283 6238//6287 6235//6284
f 6233//6281 6235//6284 6200//6250
f 6201//6252 6264//6278 6228//6279
f 6200//6250 6235//6284 6237//6285
f 6240//6286 6237//6285 6235//6284
f 6238//6287 6239//6289 6242//6288
f 6234//6283 6259//6307 6239//6289
f 6240//6286 6242//6288 6244//6291
f 6246//6293 6244//6291 6242//6288
f 6241//6290 6244//6291 6245//6294
f 6245//6294 6244//6291 6246//6293
f 6243//6292 6249//6298 6248//6297
f 6248//6297 6250//6300 6247//6296
f 6183//6234 6248//6297 6249//6298
f 6186//6236 6250//6300 6248//6297
f 6247//6296 6250//6300 6251//6299
f 6188//6239 6251//6299 6250//6300
f 6251//6299 6252//6301 6253//6295
f 6192//6241 6252//6301 6251//6299
f 6194//6245 6254//6302 6252//6301
f 6253//6295 6252//6301 6254//6302
f 6198//6247 6237//6285 6254//6302
f 6257//6303 6255//6304 6249//6298
f 6181//6232 6249//6298 6255//6304
f 6179//6230 6255//6304 6256//6305
f 6258//6306 6256//6305 6255//6304
f 6232//6282 6260//6308 6259//6307
f 6258//6306 6259//6307 6260//6308
f 6230//6217 6162//6216 6260//6308
f 6261//6309 6260//6308 6162//6216
f 6165//6215 6167//6218 6262//6310
f 6261//6309 6262//6310 6256//6305
f 6263//6224 6262//6310 6167//6218
f 6177//6228 6256//6305 6262//6310
f 6203//6254 6265//6258 6264//6278
f 6224//6273 6264//6278 6265//6258
f 6222//6271 6265//6258 6207//6311
f 6197//6248 6195//6243 6266//6312
f 6205//6257 6266//6312 2735//2873
f 6267//6313 6266//6312 6195//6243
f 6268//2862 2735//2873 6266//6312
f 6189//6237 6269//6314 6267//6313
f 6268//2862 6267//6313 6269//6314
f 2725//2860 6269//6314 2716//2850
f 6185//2851 2716//2850 6269//6314
f 2402//2533 2403//2532 6270//6315
f 6271//2543 6270//6315 2403//2532
f 6272//2767 2639//2768 6270//6315
f 6274//2696 2560//2697 6275//6317
f 6273//6316 2411//2542 2413//2545
f 6273//6316 6275//6317 2638//2766
f 2566//2702 6277//6319 6276//6318
f 2624//2705 2626//2755 6277//6319
f 2413//2545 2415//2548 2559//2695
f 2631//2217 2106//2208 2103//2209
f 2552//2687 2559//2695 2415//2548
f 2527//2663 2431//2566 2434//2568
f 2367//2494 2364//2493 2343//2475
f 2349//2476 2343//2475 2364//2493
f 2332//2463 2191//2307 2192//2308
f 6278//2620 2192//2308 6330//2296
f 2322//2454 6279//2326 2203//2322
f 2320//2453 6280//6320 6279//2326
f 2207//2327 6279//2326 6280//6320
f 6325//2452 6281//6322 6280//6320
f 6282//6321 6280//6320 6281//6322
f 6282//6321 6284//6323 6285//6324
f 6282//6321 6283//6325 2209//2330
f 6287//6326 6285//6324 6284//6323
f 6286//6327 6284//6323 6281//6322
f 6288//6328 6322//6360 6289//6330
f 6294//6334 6312//6350 6292//6331
f 6293//6333 6295//6336 6296//6335
f 6299//6338 6300//6341 6302//6340
f 6301//6342 6303//6345 6302//6340
f 6300//6341 6298//6339 6316//6343
f 6304//6344 6302//6340 6303//6345
f 6297//6337 6302//6340 6304//6344
f 2285//2411 6306//6347 6304//6344
f 6305//6346 6304//6344 6306//6347
f 2236//2356 2231//2353 6306//6347
f 6305//6346 6307//6348 6296//6335
f 2230//2352 2228//2351 6307//6348
f 6294//6334 6296//6335 6307//6348
f 6308//6349 6307//6348 2228//2351
f 6308//6349 6309//6351 6312//6350
f 6310//2350 6311//6352 6309//6351
f 2227//2348 2212//2333 6311//6352
f 6313//6353 6309//6351 6311//6352
f 6283//6325 6285//6324 6314//6354
f 2211//2331 2209//2330 6283//6325
f 6315//6355 6292//6331 6312//6350
f 2296//2422 2288//2416 6303//6345
f 6301//6342 6316//6343 2299//2427
f 6318//2428 2299//2427 6316//6343
f 6317//6356 6316//6343 6298//6339
f 6317//6356 6319//6358 6321//6357
f 6289//6330 6322//6360 6319//6358
f 6320//6359 6326//6364 6321//6357
f 6322//6360 6323//6361 6320//6359
f 6323//6361 6322//6360 6288//6328
f 6324//6362 6288//6328 6281//6322
f 6318//2428 6321//6357 6327//6363
f 6329//2436 2301//2429 6327//6363
f 6328//6365 6326//6364 2315//2447
f 2317//2448 2315//2447 6326//6364
f 6330//2296 2178//2290 2165//2274
f 2171//2280 2149//2260 2151//2262
f 2168//2276 2151//2262 2153//2264
f 1786//1853 1736//1804 6331//1873
f 1786//1853 6332//1813 1739//1805
f 6333//6366 1695//1758 6336//1760
f 6334//6367 6336//1760 6337//6368
f 6336//1760 1694//1759 6338//6370
f 6337//6368 6338//6370 20//22
f 17//17 15//16 6335//6369
f 23//23 20//22 6338//6370
f 6339//6371 6338//6370 1694//1759
f 6339//6371 6340//6372 26//27
f 1688//1751 6341//1750 6340//6372
f 6343//29 26//27 6340//6372
f 6342//6373 6340//6372 6341//1750
f 6345//6374 53//54 6344//6376
f 6343//29 6346//6375 31//34
f 34//36 31//34 6346//6375
f 6347//6377 6346//6375 6344//6376
f 6347//6377 40//41 37//40
f 52//52 43//43 40//41
f 6348//6378 54//55 53//54
f 6345//6374 6341//1750 1687//1748
f 6349//6379 57//57 54//55
f 6348//6378 1687//1748 1682//1745
f 6350//1724 58//59 57//57
f 6350//1724 1681//1742 1678//1741
f 1664//1723 1678//1741 1672//1733
f 6353//6382 6352//6380 1510//1573
f 6356//6384 6354//6383 6352//6380
f 6380//6386 6355//6409 6354//6383
f 6354//6383 6355//6409 6358//6387
f 6362//6390 6360//6388 6357//6385
f 6363//6391 6360//6388 6361//6392
f 6366//6393 6367//6396 6368//459
f 6361//6392 6369//6397 6367//6396
f 440//460 6368//459 6367//6396
f 448//468 6367//6396 6369//6397
f 6362//6390 6371//6400 6369//6397
f 6372//6399 6370//6398 6369//6397
f 6359//6389 6373//6401 6371//6400
f 6372//6399 6371//6400 6373//6401
f 6358//6387 6375//6403 6373//6401
f 6358//6387 6355//6409 6377//6405
f 6375//6403 6377//6405 6378//6406
f 6382//6407 6378//6406 6377//6405
f 6379//6408 6377//6405 6355//6409
f 6380//6386 6481//6507 6381//6410
f 6379//6408 6381//6410 6383//6411
f 6382//6407 6383//6411 6387//6412
f 6384//6414 6560//6543 6378//6406
f 1310//1355 1307//1354 6385//6415
f 6388//6416 6387//6412 6383//6411
f 6391//6418 1314//1361 6387//6412
f 6389//6417 6486//6514 6390//6419
f 6388//6416 6390//6419 6392//6420
f 6391//6418 6392//6420 6394//6421
f 6448//6424 6396//6426 6395//6423
f 6399//6427 6394//6421 6395//6423
f 6398//6428 6401//6432 6400//6429
f 6397//6425 6400//6429 6402//6430
f 6403//6431 6400//6429 6401//6432
f 6406//6434 6402//6430 6400//6429
f 6405//6433 6415//6442 6404//6435
f 6403//6431 6404//6435 6407//6436
f 6406//6434 6407//6436 6409//1378
f 6408//6437 6409//1378 1331//1374
f 1332//1379 6409//1378 6407//6436
f 6410//6438 6407//6436 6404//6435
f 6410//6438 6411//6456 1334//1382
f 6413//6440 6411//6456 6410//6438
f 6414//6441 6417//6445 6413//6440
f 6412//6439 6404//6435 6415//6442
f 6414//6441 6415//6442 6430//6443
f 6416//6444 6419//6449 6417//6445
f 6413//6440 6417//6445 6418//6446
f 6420//6448 6418//6446 6417//6445
f 6419//6449 1390//1443 1391//1440
f 6416//6444 6431//6458 1390//1443
f 6421//6450 6423//6452 6418//6446
f 6421//6450 1388//1437 1381//1430
f 6425//6451 6423//6452 6421//6450
f 6423//6452 6424//6454 6428//6447
f 6426//1392 6424//6454 6423//6452
f 6422//1432 1380//1431 6427//6453
f 6425//6451 6427//6453 1344//1391
f 1371//1420 6427//6453 1380//1431
f 1346//1393 1344//1391 6427//6453
f 6426//1392 1339//1386 1337//1385
f 6428//6447 6429//6455 6411//6456
f 1334//1382 6411//6456 6429//6455
f 6416//6444 6430//6443 6433//6457
f 1392//1444 1390//1443 6431//6458
f 6432//6459 6431//6458 6433//6457
f 6433//6457 6435//6462 6437//6461
f 6435//6462 6433//6457 6430//6443
f 6438//6463 6440//6468 6439//6465
f 6444//6466 6436//6464 6439//6465
f 6441//6467 6439//6465 6440//6468
f 6445//6469 6440//6468 6401//6432
f 6398//6428 6396//6426 6446//6472
f 6450//6474 6442//6470 6446//6472
f 6448//6424 6452//6479 6451//6475
f 6456//6477 6449//6476 6451//6475
f 6453//6478 6454//6482 6489//6480
f 6453//6478 6455//6481 6457//6483
f 6456//6477 6457//6483 6461//6484
f 6458//6485 6460//6487 6449//6476
f 6459//6486 6507//6532 6460//6487
f 6458//6485 6461//6484 6462//6488
f 6466//6489 6462//6488 6461//6484
f 6463//6490 6461//6484 6457//6483
f 6464//6491 6501//6527 6465//6492
f 6463//6490 6465//6492 6468//6493
f 1495//1559 6462//6488 6466//6489
f 6467//1560 6466//6489 6468//6493
f 6470//6494 6468//6493 6469//6495
f 6502//6497 6469//6495 6468//6493
f 6467//1560 6470//6494 6471//6498
f 6476//6499 6471//6498 6470//6494
f 6472//6496 6469//6495 6498//6500
f 6473//6501 6504//6529 6474//6502
f 1500//1564 1498//1562 6471//6498
f 6476//6499 6475//6503 6351//6381
f 6353//6382 6351//6381 6475//6503
f 6477//6504 6475//6503 6474//6502
f 6353//6382 6477//6504 6479//6506
f 6478//6505 6480//6508 6479//6506
f 6356//6384 6479//6506 6481//6507
f 6481//6507 6479//6506 6480//6508
f 6482//6509 6484//6511 6381//6410
f 6483//6510 6485//6513 6484//6511
f 6482//6509 6480//6508 6505//6512
f 6389//6417 6383//6411 6381//6410
f 6389//6417 6484//6511 6485//6513
f 6488//6516 6486//6514 6485//6513
f 6490//6517 6492//6519 6489//6480
f 6483//6510 6505//6512 6491//6518
f 6491//6518 6494//6521 6492//6519
f 6455//6481 6489//6480 6492//6519
f 6493//6520 6492//6519 6494//6521
f 6496//6522 6494//6521 6497//6524
f 6473//6501 6498//6500 6497//6524
f 6499//6525 6500//6526 6501//6527
f 6502//6497 6465//6492 6501//6527
f 6500//6526 6498//6500 6469//6495
f 6496//6522 6501//6527 6464//6491
f 6495//6523 6491//6518 6505//6512
f 6478//6505 6474//6502 6504//6529
f 6503//6528 6505//6512 6480//6508
f 6457//6483 6455//6481 6493//6520
f 6488//6516 6506//6530 6390//6419
f 6459//6486 6462//6488 1495//1559
f 6508//6531 6460//6487 6507//6532
f 6450//6474 6449//6476 6460//6487
f 6508//6531 6443//6471 6442//6470
f 6509//6533 6507//6532 1490//1554
f 1488//1551 1485//1550 6510//6534
f 6444//6466 6443//6471 6510//6534
f 6511//6535 6513//6536 6436//6464
f 6514//1524 6513//6536 6515//6537
f 6437//6461 6436//6464 6513//6536
f 1463//1525 6515//6537 1477//1539
f 1486//1549 1477//1539 6515//6537
f 1492//1555 1490//1554 6507//6532
f 6405//6433 6401//6432 6440//6468
f 6438//6463 6430//6443 6415//6442
f 6434//6460 1464//1521 1460//1519
f 6432//6459 1460//1519 1457//1518
f 1313//1360 6394//6421 6399//6427
f 6518//6539 6516//6538 6517//6540
f 1305//1349 1301//1348 6517//6540
f 6520//6541 6521//6544 6519//6542
f 6518//6539 6519//6542 6560//6543
f 6521//6544 6520//6541 6522//6545
f 6520//6541 6517//6540 6525//6547
f 6522//6545 446//470 447//469
f 6524//6548 6538//474 446//470
f 6525//6547 6526//6549 6524//6548
f 1302//1350 6527//6552 6526//6549
f 1302//1350 6525//6547 6517//6540
f 6529//6550 6524//6548 6526//6549
f 6528//6551 6526//6549 6527//6552
f 6529//6550 6528//6551 6531//6554
f 6530//6553 6532//6556 6531//6554
f 6533//6555 6531//6554 6532//6556
f 6534//6557 6536//6560 6535//6558
f 6533//6555 6535//6558 6537//6559
f 457//481 6535//6558 6536//6560
f 456//480 6537//6559 6535//6558
f 450//473 6538//474 6537//6559
f 6524//6548 6529//6550 6537//6559
f 6542//6561 6540//6562 6536//6560
f 6539//483 6536//6560 6540//6562
f 665//695 6541//694 6540//6562
f 6543//703 671//701 6540//6562
f 6542//6561 6544//6564 6545//6563
f 6547//6565 6545//6563 6544//6564
f 6546//6566 6544//6564 6532//6556
f 6546//6566 6548//6568 6549//6567
f 6530//6553 6527//6552 6548//6568
f 1303//1345 6548//6568 6527//6552
f 1298//1344 6549//6567 6548//6568
f 1296//1339 6550//6569 6549//6567
f 6547//6565 6549//6567 6550//6569
f 1292//1338 6551//6571 6550//6569
f 6552//6570 6550//6569 6551//6571
f 6552//6570 6553//6573 6545//6563
f 685//718 682//717 6555//6574
f 6554//6572 6551//6571 6556//6575
f 672//702 6553//6573 6555//6574
f 674//704 6555//6574 682//717
f 6557//6576 6556//6575 6551//6571
f 688//720 684//719 6556//6575
f 1292//1338 1290//1332 6558//6577
f 688//720 6557//6576 6558//6577
f 1264//1306 1262//1305 6558//6577
f 6559//722 6558//6577 1262//1305
f 1260//1302 6798//1301 687//6578
f 6523//6546 447//469 6370//6398
f 6374//6402 6521//6544 6523//6546
f 6521//6544 6374//6402 6376//6404
f 6364//6394 6368//459 435//455
f 432//449 429//448 6365//6395
f 1420//1475 1416//1474 6561//1447
f 1282//1328 1283//1329 1328//1373
f 1224//741 1217//1255 1182//1218
f 6562//1213 1178//1210 6563//6579
f 1174//1209 6564//6581 6563//6579
f 768//807 766//806 6563//6579
f 6562//1213 6565//6580 6566//6582
f 1172//1203 6567//6583 6564//6581
f 768//807 6564//6581 6567//6583
f 1169//1204 6570//1206 6567//6583
f 6572//6586 780//821 6573//814
f 6571//6585 1170//1205 1162//1197
f 6572//6586 1162//1197 1163//1194
f 6574//6587 782//819 780//821
f 6575//6588 6577//822 782//819
f 6575//6588 1159//1192 1156//1188
f 6576//6589 1144//1180 6577//822
f 783//823 6577//822 1144//1180
f 6576//6589 1156//1188 1149//1184
f 6569//6584 774//812 769//809
f 845//887 849//891 836//880
f 751//787 777//815 792//831
f 748//784 792//831 791//833
f 746//776 733//771 757//794
f 6580//770 730//769 6578//6590
f 6579//6591 6581//6594 6583//6592
f 6585//6593 6583//6592 6581//6594
f 6580//770 6583//6592 6586//6596
f 6749//6598 724//762 6586//6596
f 6592//6601 6587//6599 6588//6600
f 6590//6602 6588//6600 6589//6603
f 6591//6604 6596//6609 6593//6605
f 6590//6602 6593//6605 6594//6606
f 6637//6607 6594//6606 6593//6605
f 6595//6608 6593//6605 6596//6609
f 6597//6610 6598//6613 6599//6611
f 6601//6612 6599//6611 6598//6613
f 6600//6614 6602//6617 6603//6615
f 6605//6616 6603//6615 6602//6617
f 6604//6618 608//637 610//6619
f 6606//6620 6608//6623 6603//6615
f 6605//6616 610//6619 613//638
f 613//638 616//642 6607//6621
f 6606//6620 6607//6621 6609//6622
f 6601//6612 6603//6615 6608//6623
f 6608//6623 6609//6622 6613//6625
f 6610//6624 6611//6627 6599//6611
f 6612//6626 6631//6644 6611//6627
f 6610//6624 6613//6625 6614//6628
f 6616//6630 6613//6625 6609//6622
f 6624//6634 6615//6629 6619//6632
f 6622//6636 6621//6635 6619//6632
f 6620//6637 6619//6632 6617//6633
f 6697//6639 6623//6718 6621//6635
f 6621//6635 6623//6718 6625//6640
f 6612//6626 6614//6628 6626//6641
f 6628//6642 6630//6646 6631//6644
f 6629//6645 6632//6649 6630//6646
f 6636//6647 6631//6644 6630//6646
f 6633//6648 6630//6646 6632//6649
f 6634//6650 6643//6656 6635//6651
f 6633//6648 6635//6651 6638//6652
f 6637//6607 6611//6627 6631//6644
f 6636//6647 6638//6652 6594//6606
f 6639//6653 6638//6652 6635//6651
f 6592//6601 6594//6606 6638//6652
f 6641//6654 6642//6657 6640//6655
f 6644//6658 6643//6656 6655//6660
f 6648//6663 6649//6665 719//755
f 6651//6664 6648//6663 6647//6662
f 6649//6665 6648//6663 6650//6666
f 6652//6668 6650//6666 6648//6663
f 6651//6664 6653//6670 6654//6669
f 6658//6671 6654//6669 6653//6670
f 6656//6672 6657//6673 6667//6675
f 6659//6674 6655//6660 6643//6656
f 6663//6677 6657//6673 6660//6676
f 6661//6678 6662//6680 6664//6679
f 6629//6645 6627//6643 6662//6680
f 6663//6677 6664//6679 6666//6681
f 6665//6682 6667//6675 6657//6673
f 6665//6682 6666//6681 6680//6683
f 6801//6684 6799//6685 6667//6675
f 6658//6671 6667//6675 6799//6685
f 6800//6686 6668//6687 6654//6669
f 6652//6668 6654//6669 6668//6687
f 6672//6667 6670//6691 6671//6689
f 6650//6666 6669//6812 6670//6691
f 6673//6690 6671//6689 6803//6693
f 719//755 6649//6665 6675//6692
f 6677//746 6675//6692 6676//6695
f 709//744 6676//6695 6678//6696
f 6679//6697 6678//6696 6676//6695
f 693//724 696//729 6678//6696
f 6679//6697 6804//6699 690//6698
f 6674//6694 6803//6693 6804//6699
f 6681//6700 6680//6683 6666//6681
f 6682//6701 6684//6704 6683//6702
f 6805//6703 6683//6702 6684//6704
f 6685//6705 6688//6708 6686//6706
f 6687//6707 6686//6706 6688//6708
f 6693//6710 6690//6711 6688//6708
f 6746//6712 6691//6714 6690//6711
f 6695//6715 6692//6713 6690//6711
f 6685//6705 6684//6704 6694//6716
f 6693//6710 6694//6716 6696//6717
f 6695//6715 6696//6717 6623//6718
f 6697//6639 6698//6719 6692//6713
f 6622//6636 6700//6721 6698//6719
f 6692//6713 6698//6719 6699//6720
f 6699//6720 6698//6719 6700//6721
f 6620//6637 6702//6723 6700//6721
f 6700//6721 6702//6723 6703//674
f 6705//6638 6704//6724 6702//6723
f 6703//674 6702//6723 6704//6724
f 6707//669 641//668 6704//6724
f 6705//6638 6706//6727 6708//6725
f 6705//6638 6617//6633 6719//6726
f 6707//669 6708//6725 6709//6728
f 6710//6729 6709//6728 6708//6725
f 6714//6734 6716//6733 6717//644
f 6618//6631 6609//6622 6607//6621
f 6706//6727 6719//6726 6713//6732
f 6715//6735 6714//6734 6720//6737
f 625//652 627//655 631//658
f 6701//6722 6703//674 647//676
f 6721//6738 6722//6740 6699//6720
f 6723//6739 654//683 6726//6741
f 6724//6742 6726//6741 6729//6745
f 6727//6744 6729//6745 6734//6747
f 6731//6749 6730//6746 6728//6748
f 6689//6709 6731//6749 6811//6751
f 6810//6752 6811//6751 6731//6749
f 6732//6750 6733//6754 6808//6753
f 6728//6748 6734//6747 6733//6754
f 6735//6755 6733//6754 6734//6747
f 6806//6757 6808//6753 6733//6754
f 6736//6758 6807//6765 6806//6757
f 6735//6755 6738//6760 6740//6759
f 6737//6756 6739//6762 6738//6760
f 6741//6761 6738//6760 6739//6762
f 667//696 6740//6759 6738//6760
f 6741//6761 6742//6763 660//688
f 6744//689 660//688 6742//6763
f 6743//6764 6742//6763 6739//6762
f 6737//6756 6734//6747 6729//6745
f 6743//6764 6729//6745 6726//6741
f 6744//689 6726//6741 654//683
f 669//698 676//705 6740//6759
f 6736//6758 6740//6759 676//705
f 679//707 6745//711 6807//6765
f 6746//6712 6699//6720 6722//6740
f 6625//6640 6623//6718 6696//6717
f 6747//6766 6696//6717 6694//6716
f 6747//6766 6662//6680 6627//6643
f 6748//6767 6664//6679 6662//6680
f 6682//6701 6666//6681 6664//6679
f 6748//6767 6694//6716 6684//6704
f 6802//6688 6669//6812 6650//6666
f 6595//6608 6599//6611 6611//6627
f 1138//1175 103//106 102//105
f 1138//1175 102//105 104//104
f 1136//1172 1137//1173 1138//1175
f 1041//1087 1135//1088 1136//1172
f 1046//1090 1043//1089 1041//1087
f 1049//1095 1048//1096 1047//1092
f 1046//1090 1041//1087 1136//1172
f 1053//1099 1049//1095 1047//1092
f 1046//1090 1136//1172 1138//1175
f 1053//1099 1047//1092 1046//1090
f 1055//1101 1054//1100 1053//1099
f 1118//1160 1055//1101 1053//1099
f 1053//1099 1046//1090 1138//1175
f 1138//1175 104//104 105//107
f 105//107 106//108 107//6801
f 107//6801 6791//6799 6790//127
f 6790//127 125//128 127//130
f 127//130 131//132 132//135
f 132//135 133//138 134//140
f 184//189 185//190 186//192
f 132//135 134//140 184//189
f 6790//127 127//130 132//135
f 105//107 107//6801 6790//127
f 1053//1099 1138//1175 105//107
f 1118//1160 1053//1099 105//107
f 105//107 6790//127 132//135
f 132//135 184//189 186//192
f 186//192 187//194 192//198
f 186//192 192//198 6787//200
f 105//107 132//135 186//192
f 1116//1158 1118//1160 105//107
f 1117//1159 1115//1156 1116//1158
f 234//245 235//246 1117//1159
f 231//242 232//244 234//245
f 226//236 230//238 231//242
f 6785//233 224//234 226//236
f 186//192 6787//200 6786//6797
f 6785//233 226//236 231//242
f 186//192 6786//6797 6785//233
f 1116//1158 105//107 186//192
f 234//245 1117//1159 1116//1158
f 6785//233 231//242 234//245
f 1116//1158 186//192 6785//233
f 6792//713 6793//715 6794//721
f 6794//721 686//723 687//6578
f 687//6578 6798//1301 1253//1297
f 1253//1297 1254//1295 1255//4669
f 1253//1297 1255//4669 1248//4668
f 6794//721 687//6578 1253//1297
f 6812//6803 6792//713 6794//721
f 6745//711 6809//712 6812//6803
f 6808//6753 6806//6757 6807//6765
f 6807//6765 6745//711 6812//6803
f 6812//6803 6794//721 1253//1297
f 6812//6803 1253//1297 1248//4668
f 6808//6753 6807//6765 6812//6803
f 6811//6751 6810//6752 6808//6753
f 6686//6706 6687//6707 6811//6751
f 6683//6702 6805//6703 6686//6706
f 6801//6684 6680//6683 6681//6700
f 6681//6700 6683//6702 6686//6706
f 6686//6706 6811//6751 6808//6753
f 6808//6753 6812//6803 1248//4668
f 6808//6753 1248//4668 6796//1287
f 6681//6700 6686//6706 6808//6753
f 6799//6685 6801//6684 6681//6700
f 6668//6687 6800//6686 6799//6685
f 6669//6812 6802//6688 6668//6687
f 6671//6689 6670//6691 6669//6812
f 6671//6689 6669//6812 6668//6687
f 6668//6687 6799//6685 6681//6700
f 6681//6700 6808//6753 6796//1287
f 6681//6700 6796//1287 6795//1288
f 6671//6689 6668//6687 6681//6700
f 6803//6693 6671//6689 6681//6700
f 6681//6700 6795//1288 6797//1293
f 1249//1290 1250//1292 691//727
f 6681//6700 6797//1293 1249//1290
f 6804//6699 6803//6693 6681//6700
f 689//725 690//6698 6804//6699
f 1249//1290 691//727 689//725
f 6804//6699 6681//6700 1249//1290
f 267//284 270//285 271//288
f 271//288 272//289 273//290
f 273//290 6762//6781 6756//6779
f 6756//6779 6755//6771 6753//6769
f 6753//6769 6752//629 603//630
f 603//630 606//632 607//635
f 607//635 608//637 6604//6618
f 6602//6617 6600//6614 6598//6613
f 603//630 607//635 6604//6618
f 6604//6618 6602//6617 6598//6613
f 6598//6613 6597//6610 6596//6609
f 6596//6609 6591//6604 6589//6603
f 6582//6595 6581//6594 6579//6591
f 6596//6609 6589//6603 6582//6595
f 6604//6618 6598//6613 6596//6609
f 6753//6769 603//630 6604//6618
f 273//290 6756//6779 6753//6769
f 267//284 271//288 273//290
f 1096//1140 1095//1141 267//284
f 815//855 816//859 1096//1140
f 811//852 813//854 815//855
f 808//849 809//851 811//852
f 802//842 807//845 808//849
f 796//837 800//839 802//842
f 740//778 741//780 799//840
f 796//837 802//842 808//849
f 739//777 740//778 799//840
f 796//837 808//849 811//852
f 739//777 799//840 796//837
f 735//773 738//774 739//777
f 6578//6590 735//773 739//777
f 796//837 811//852 815//855
f 6578//6590 739//777 796//837
f 6596//6609 6582//6595 6579//6591
f 6579//6591 6578//6590 796//837
f 796//837 815//855 1096//1140
f 1096//1140 267//284 273//290
f 273//290 6753//6769 6604//6618
f 6604//6618 6596//6609 6579//6591
f 6579//6591 796//837 1096//1140
f 1096//1140 273//290 6604//6618
f 344//357 345//358 347//360
f 347//360 348//361 356//368
f 357//369 358//373 360//374
f 347//360 356//368 357//369
f 342//355 344//357 347//360
f 562//587 564//590 343//589
f 342//355 347//360 357//369
f 563//588 562//587 343//589
f 343//589 342//355 357//369
f 357//369 360//374 361//378
f 361//378 396//416 395//415
f 395//415 397//417 398//419
f 398//419 399//421 406//424
f 406//424 407//425 408//427
f 409//428 410//6802 412//430
f 398//419 406//424 408//427
f 409//428 412//430 413//432
f 395//415 398//419 408//427
f 408//427 409//428 413//432
f 413//432 510//535 508//534
f 508//534 506//531 505//530
f 508//534 505//530 504//526
f 408//427 413//432 508//534
f 361//378 395//415 408//427
f 343//589 357//369 361//378
f 565//591 563//588 343//589
f 569//594 567//592 565//591
f 527//551 570//557 569//594
f 525//547 526//549 527//551
f 489//512 490//513 522//544
f 522//544 525//547 527//551
f 527//551 569//594 565//591
f 565//591 343//589 361//378
f 361//378 408//427 508//534
f 508//534 504//526 496//525
f 495//517 493//518 492//515
f 361//378 508//534 496//525
f 495//517 492//515 491//514
f 361//378 496//525 495//517
f 527//551 565//591 361//378
f 491//514 489//512 522//544
f 522//544 527//551 361//378
f 361//378 495//517 491//514
f 4//2 1//6800 3//4
f 3//4 900//945 899//944
f 901//946 875//924 874//917
f 3//4 899//944 901//946
f 6//8 4//2 3//4
f 10//12 8//9 6//8
f 15//16 14//14 12//13
f 12//13 10//12 6//8
f 6//8 3//4 901//946
f 901//946 874//917 872//915
f 870//6804 868//913 866//912
f 6//8 901//946 872//915
f 870//6804 866//912 865//909
f 6//8 872//915 870//6804
f 6335//6369 15//16 12//13
f 12//13 6//8 870//6804
f 870//6804 865//909 864//908
f 864//908 860//903 857//902
f 857//902 1142//901 1146//1177
f 1147//1181 1148//1182 1150//1183
f 864//908 857//902 1146//1177
f 1147//1181 1150//1183 1151//1786
f 864//908 1146//1177 1147//1181
f 12//13 870//6804 864//908
f 6334//6367 6335//6369 12//13
f 1699//1764 6333//6366 6334//6367
f 1703//1769 1702//1765 1699//1764
f 1706//1772 1704//1770 1703//1769
f 1706//1772 1703//1769 1699//1764
f 1699//1764 6334//6367 12//13
f 12//13 864//908 1147//1181
f 1147//1181 1151//1786 1718//1784
f 1718//1784 1716//1782 1714//1780
f 1718//1784 1714//1780 1712//1778
f 1699//1764 12//13 1147//1181
f 1706//1772 1699//1764 1147//1181
f 1147//1181 1718//1784 1712//1778
f 1147//1181 1712//1778 1710//1776
f 1708//1774 1706//1772 1147//1181
f 459//482 664//691 658//686
f 621//649 6750//6768 596//624
f 614//641 611//640 6750//6768
f 6751//633 6750//6768 611//640
f 600//625 596//624 6750//6768
f 6753//6769 6754//6772 602//6770
f 6755//6771 6757//6774 6754//6772
f 6755//6771 6756//6779 6759//6773
f 6772//6775 6754//6772 6757//6774
f 6760//6777 6758//6776 6757//6774
f 6759//6773 6761//6780 6763//6778
f 6756//6779 6762//6781 6761//6780
f 275//292 6761//6780 6762//6781
f 277//294 6763//6778 6761//6780
f 6766//296 6764//6782 6763//6778
f 6760//6777 6763//6778 6764//6782
f 6783//6784 6765//6785 6764//6782
f 6767//6783 6764//6782 6765//6785
f 6767//6783 6769//6787 6758//6776
f 6768//6786 6770//6789 6769//6787
f 6772//6775 6758//6776 6769//6787
f 6771//6788 6769//6787 6770//6789
f 6771//6788 6774//626 599//628
f 6773//6790 6775//6791 6774//626
f 598//619 6774//626 6775//6791
f 6776//608 583//607 6775//6791
f 592//617 6775//6791 583//607
f 6773//6790 6770//6789 6777//6792
f 6776//608 6777//6792 6779//6793
f 6778//6794 6777//6792 6770//6789
f 6780//315 6779//6793 6777//6792
f 298//316 578//602 6779//6793
f 6778//6794 6781//6795 297//314
f 6768//6786 6765//6785 6781//6795
f 291//308 297//314 6781//6795
f 6782//309 6781//6795 6765//6785
f 6783//6784 285//298 287//303
f 6766//296 278//295 285//298
f 599//628 602//6770 6754//6772
f 300//318 576//601 578//602
f 6784//6796 301//319 312//328
f 442//463 444//464 453//476
f 361//378 363//377 394//384
f 6786//6797 6788//6798 223//231
f 6787//200 193//199 6788//6798
f 217//225 223//231 6788//6798
f 6789//224 6788//6798 193//199
f 142//147 149//152 168//173
f 160//165 168//173 149//152
f 116//117 119//120 6790//127
f 6791//6799 107//6801 109//110
