# Blender 4.2.1 LTS
# www.blender.org
mtllib DragonAlaIzq.mtl
o Ala_Izquierda
v 1.035003 0.380217 0.627689
v 0.966903 0.456017 0.666689
v 1.227903 0.539017 0.645189
v 1.086803 0.343717 0.510789
v 0.841403 0.250117 0.596289
v 0.788403 0.303017 0.656789
v 0.677603 0.134017 0.570989
v 0.898303 0.204917 0.484889
v 1.062403 0.380017 0.313389
v 0.849103 0.280717 0.297589
v 0.730303 0.096717 0.455689
v 0.670403 0.186217 0.282289
v 0.598603 0.019117 0.430889
v 0.561703 0.032917 0.555789
v 0.535903 0.121617 0.265589
v 0.488103 -0.044283 0.410989
v 0.474503 -0.063383 0.544289
v 0.425703 0.059117 0.249389
v 0.191550 -0.174757 0.194993
v 0.197703 -0.225083 -0.186811
v 0.120485 -0.286495 -0.292780
v 0.181203 -0.288583 -0.321111
v 0.175803 -0.347283 -0.409411
v 0.173803 -0.392383 -0.471011
v 0.172703 -0.429283 -0.520011
v 0.093485 -0.469895 -0.531280
v 0.171703 -0.465883 -0.568811
v 0.169003 -0.505183 -0.625111
v 0.265703 -0.426983 -0.593911
v 0.264903 -0.465683 -0.653311
v 0.366903 -0.384683 -0.614111
v 0.264303 -0.390883 -0.541211
v 0.363903 -0.345783 -0.557911
v 0.262603 -0.353683 -0.488411
v 0.262903 -0.308183 -0.422611
v 0.360703 -0.305583 -0.501211
v 0.360303 -0.257083 -0.431211
v 0.460503 -0.258383 -0.512211
v 0.465403 -0.302083 -0.572211
v 0.590803 -0.197583 -0.530611
v 0.458303 -0.206183 -0.438911
v 0.586503 -0.143183 -0.454211
v 0.466003 -0.145383 -0.334511
v 0.590803 -0.076483 -0.347211
v 0.488403 -0.074083 -0.179911
v 0.368003 -0.198483 -0.331711
v 0.269003 -0.249483 -0.329211
v 0.389603 -0.131483 -0.182711
v 0.420003 -0.036083 0.028489
v 0.288003 -0.183883 -0.187211
v 0.315603 -0.097283 0.015589
v 0.520803 0.028617 0.039389
v 0.643403 0.108817 0.044689
v 0.811603 0.221017 0.039289
v 0.610403 0.002517 -0.187111
v 0.782703 0.109917 -0.212011
v 0.771903 0.018417 -0.377711
v 0.983203 0.229217 -0.241311
v 1.189703 0.343117 -0.262311
v 0.976503 0.130417 -0.417011
v 1.009203 0.346617 0.030689
v 1.218203 0.469317 0.025689
v 1.281903 0.492317 0.326889
v 1.417603 0.594817 0.013189
v 1.605703 0.657117 -0.000311
v 1.387503 0.449917 -0.284511
v 1.472403 0.621117 0.327189
v 1.488803 0.601817 0.549789
v 1.631303 0.711817 0.316689
v 1.641203 0.701117 0.542989
v 1.773203 0.720417 0.321489
v 1.774403 0.617117 0.013889
v 1.879303 0.620817 0.021189
v 1.748703 0.507317 -0.307011
v 1.571303 0.539517 -0.315511
v 1.869103 0.498817 -0.290911
v 1.685203 0.427417 -0.545911
v 1.521303 0.435117 -0.535611
v 1.630003 0.344917 -0.705411
v 1.822003 0.397017 -0.522311
v 1.927603 0.431517 -0.517211
v 1.779703 0.303317 -0.681911
v 1.932503 0.301917 -0.665411
v 1.941503 0.213817 -0.777711
v 2.050303 0.398117 -0.695611
v 1.986603 0.516217 -0.534511
v 2.089803 0.311717 -0.822611
v 2.062603 0.526717 -0.745111
v 2.079803 0.586417 -0.762211
v 2.000703 0.610817 -0.559911
v 2.086903 0.461117 -0.881311
v 2.062603 0.418917 -0.992011
v 2.091803 0.524517 -0.898211
v 2.062703 0.486117 -1.005511
v 2.146803 0.605117 -0.907311
v 2.141603 0.661517 -0.770711
v 2.357803 0.696617 -0.897411
v 2.129703 0.563917 -1.010511
v 2.353703 0.655217 -1.002711
v 2.107203 0.523117 -1.111011
v 2.345303 0.615917 -1.106711
v 2.090203 0.480017 -1.205311
v 2.019103 0.455017 -1.105711
v 2.001903 0.394017 -1.090411
v 1.987103 0.419417 -1.198311
v 1.950703 0.370617 -1.180911
v 1.975103 0.383717 -1.281111
v 1.930503 0.343717 -1.266711
v 2.089103 0.432917 -1.286911
v 1.975003 0.331717 -1.381411
v 1.928303 0.301917 -1.370611
v 2.089803 0.380917 -1.392311
v 1.960103 0.272217 -1.537311
v 2.072403 0.336717 -1.561911
v 1.923003 0.235917 -1.521711
v 1.933803 0.214517 -1.720911
v 1.917803 0.143317 -1.897411
v 2.056703 0.273217 -1.753911
v 1.893403 0.173417 -1.699011
v 1.879503 0.104917 -1.664011
v 1.876203 0.103217 -1.872811
v 1.854503 0.037917 -1.835311
v 1.863003 0.049117 -2.021011
v 1.906603 0.087117 -2.046211
v 1.855903 0.027217 -2.120711
v 1.832303 -0.011983 -1.979911
v 1.811403 -0.024683 -2.068411
v 1.785103 -0.070883 -1.933211
v 1.807303 -0.017283 -1.793611
v 1.760103 -0.083583 -2.013511
v 1.710103 -0.103283 -1.892811
v 1.588903 -0.083883 -1.848111
v 1.736003 -0.046083 -1.754711
v 1.677003 -0.118483 -1.980611
v 1.654303 -0.112283 -2.048811
v 1.554603 -0.105083 -1.942011
v 1.524103 -0.112483 -2.030011
v 1.401703 -0.143883 -1.856511
v 1.365703 -0.149383 -1.920411
v 1.433003 -0.126983 -1.761611
v 1.240003 -0.235283 -1.753611
v 1.269403 -0.222483 -1.660611
v 1.206503 -0.221283 -1.816611
v 1.076003 -0.340083 -1.650411
v 1.114903 -0.343183 -1.570111
v 0.892003 -0.442083 -1.542611
v 1.039403 -0.322783 -1.704211
v 0.851103 -0.416083 -1.586911
v 1.006103 -0.300283 -1.740311
v 0.973103 -0.273483 -1.761211
v 0.816103 -0.392383 -1.614711
v 1.174403 -0.200383 -1.854511
v 1.141903 -0.175983 -1.874011
v 1.319803 -0.134183 -1.951411
v 1.431103 -0.098183 -2.053711
v 1.273403 -0.111083 -1.964111
v 1.228003 -0.071283 -1.968211
v 1.369203 -0.064183 -2.063211
v 1.361803 0.023117 -2.201911
v 1.402403 -0.058983 -2.220411
v 1.311203 -0.019683 -2.069611
v 1.293003 0.047817 -2.036311
v 1.227803 -0.021883 -1.919711
v 1.309903 0.112317 -1.967411
v 1.348903 0.096517 -2.150711
v 1.369503 0.140717 -2.251711
v 1.352003 0.170817 -2.074211
v 1.376203 0.244617 -1.949611
v 1.388203 0.210917 -2.156711
v 1.406003 0.288617 -2.022511
v 1.418303 0.251217 -2.203411
v 1.455703 0.286017 -2.230611
v 1.399403 0.186117 -2.304811
v 1.432303 0.332317 -2.072111
v 1.456503 0.424617 -1.872711
v 1.464303 0.373217 -2.107411
v 1.480003 0.478317 -1.915411
v 1.518603 0.398317 -2.131411
v 1.528303 0.523017 -1.948411
v 1.610403 0.545917 -1.956011
v 1.544303 0.637617 -1.721911
v 1.482903 0.599117 -1.693611
v 1.551703 0.727417 -1.486011
v 1.625003 0.629217 -1.715711
v 1.623103 0.704117 -1.473311
v 1.686503 0.570017 -1.673011
v 1.689203 0.518517 -1.915511
v 1.756203 0.433917 -2.074111
v 1.762903 0.500817 -1.882211
v 1.675903 0.428017 -2.105611
v 1.591303 0.416417 -2.135211
v 1.675203 0.333217 -2.217111
v 1.685803 0.259117 -2.285711
v 1.588503 0.319117 -2.251411
v 1.761503 0.349517 -2.185011
v 1.777803 0.280017 -2.247311
v 1.834303 0.360317 -2.184611
v 1.819503 0.442517 -2.075311
v 1.981103 0.391817 -2.234111
v 1.858103 0.295417 -2.245711
v 2.010403 0.324317 -2.287411
v 1.883203 0.248017 -2.280911
v 2.029103 0.277317 -2.325811
v 1.901003 0.197617 -2.296011
v 1.804003 0.226017 -2.276911
v 1.704403 0.195017 -2.324211
v 1.829003 0.178117 -2.287111
v 1.728403 0.138417 -2.333311
v 1.844303 0.106917 -2.272911
v 1.764303 0.068317 -2.313311
v 1.783003 -0.003383 -2.260911
v 1.843803 0.031717 -2.208811
v 1.905303 0.129117 -2.269511
v 1.903603 0.074217 -2.215411
v 2.042503 0.160117 -2.308111
v 2.041503 0.118017 -2.246511
v 2.354203 0.216617 -2.406011
v 2.038103 0.224817 -2.342411
v 2.346503 0.286117 -2.436711
v 2.333503 0.344617 -2.427411
v 2.745003 0.369517 -2.583811
v 2.742703 0.425817 -2.540911
v 3.183103 0.528117 -2.670811
v 2.738403 0.457417 -2.487711
v 2.320103 0.389617 -2.380811
v 2.731603 0.472417 -2.432311
v 3.192903 0.556117 -2.622011
v 3.592503 0.688917 -2.854111
v 3.596003 0.745117 -2.823011
v 3.184703 0.568717 -2.586311
v 3.157103 0.603917 -2.488611
v 3.588503 0.767717 -2.777911
v 3.932703 1.007017 -2.948311
v 3.561403 0.792517 -2.666111
v 3.907503 1.030617 -2.822011
v 3.494503 0.863517 -2.450611
v 3.404703 0.960817 -2.182811
v 3.842303 1.095417 -2.580211
v 3.105903 0.677317 -2.284111
v 3.053503 0.753817 -2.016811
v 2.690203 0.560617 -2.123911
v 2.278903 0.533117 -2.006111
v 2.717203 0.496617 -2.327211
v 2.660503 0.637617 -1.868411
v 2.608603 0.770517 -1.640311
v 2.274003 0.598617 -1.762411
v 1.985203 0.548017 -1.674811
v 2.257803 0.706517 -1.534711
v 1.961803 0.544517 -1.928611
v 1.957503 0.484817 -2.128011
v 1.826703 0.499917 -1.880411
v 1.839103 0.538517 -1.643311
v 1.764703 0.544817 -1.646411
v 1.846103 0.615617 -1.413711
v 1.859603 0.722317 -1.206711
v 1.990003 0.646817 -1.449811
v 1.755503 0.605317 -1.409111
v 1.765203 0.717117 -1.202611
v 1.682403 0.656217 -1.441311
v 1.698003 0.773417 -1.236611
v 1.731503 0.906417 -1.072611
v 1.632003 0.816417 -1.263111
v 1.658003 0.955317 -1.100411
v 1.552503 0.834217 -1.274111
v 1.469303 0.817117 -1.260111
v 1.556703 0.987117 -1.120611
v 1.449403 0.951717 -1.100011
v 1.569103 1.094417 -0.971211
v 1.459703 1.050117 -0.950811
v 1.680703 1.069217 -0.958911
v 1.584903 1.135917 -0.835411
v 1.600503 1.148517 -0.719511
v 1.489103 1.089717 -0.818711
v 1.689003 1.120417 -0.829911
v 1.692103 1.143217 -0.716511
v 1.766203 1.079317 -0.810811
v 1.761303 1.109717 -0.699811
v 1.758603 1.017017 -0.932111
v 1.831203 1.029317 -0.787311
v 1.820203 1.057717 -0.676711
v 1.824803 0.958317 -0.899211
v 1.922303 0.996817 -0.772011
v 1.920803 0.933717 -0.883511
v 1.908803 1.043817 -0.671911
v 2.055203 1.049617 -0.791611
v 2.270203 1.119217 -0.800911
v 2.037003 1.092517 -0.688811
v 2.058703 0.982017 -0.904411
v 2.034503 0.873617 -1.053811
v 2.280603 1.048617 -0.925711
v 2.264303 0.949317 -1.107011
v 2.534903 1.170417 -0.973811
v 2.538103 1.067117 -1.189011
v 2.799003 1.304917 -1.029611
v 2.517503 1.239717 -0.830111
v 2.769003 1.378717 -0.872111
v 2.491403 1.294517 -0.722811
v 2.738903 1.432217 -0.759111
v 2.461303 1.355517 -0.617411
v 2.245503 1.174017 -0.700111
v 2.221103 1.222417 -0.587011
v 2.015603 1.132617 -0.571911
v 2.190103 1.286617 -0.443411
v 2.422603 1.428917 -0.477911
v 1.983603 1.203517 -0.435111
v 2.136203 1.402517 -0.262411
v 2.089003 1.521817 -0.061111
v 2.355203 1.547117 -0.287211
v 1.949503 1.299217 -0.250111
v 1.840603 1.262517 -0.253711
v 1.917103 1.420917 -0.063911
v 1.897903 1.552517 0.084789
v 1.818603 1.386117 -0.076011
v 1.819203 1.516117 0.068489
v 1.758303 1.376717 -0.078911
v 1.765603 1.501417 0.072689
v 1.688303 1.376217 -0.073511
v 1.775903 1.256217 -0.259711
v 1.712903 1.254017 -0.262811
v 1.801403 1.171817 -0.441311
v 1.739003 1.162117 -0.445811
v 1.866303 1.179917 -0.438911
v 1.811103 1.090617 -0.564411
v 1.752003 1.123117 -0.585211
v 1.890503 1.102217 -0.567011
v 1.693203 1.158317 -0.604611
v 1.612003 1.164117 -0.608011
v 1.683303 1.188717 -0.465111
v 1.656003 1.282717 -0.281811
v 1.611103 1.204717 -0.473911
v 1.590503 1.294217 -0.294211
v 1.536603 1.192817 -0.467811
v 1.523703 1.282817 -0.295911
v 1.486303 1.142317 -0.443111
v 1.533503 1.138917 -0.596611
v 1.514703 1.112117 -0.706411
v 1.486303 1.079917 -0.570511
v 1.462203 1.045917 -0.682011
v 1.446203 1.018817 -0.541111
v 1.441903 0.966617 -0.650311
v 1.448803 1.082517 -0.413411
v 1.392203 0.980217 -0.519711
v 1.399503 0.914917 -0.620411
v 1.321703 0.860317 -0.585011
v 1.404803 0.850717 -0.721211
v 1.322703 0.797017 -0.680511
v 1.387003 0.792717 -0.830811
v 1.407703 0.927317 -0.761911
v 1.432403 1.012217 -0.793111
v 1.397303 0.862517 -0.874111
v 1.408603 0.767717 -0.988911
v 1.404103 0.959017 -0.915111
v 1.406103 0.860017 -1.046511
v 1.424503 0.745317 -1.204311
v 1.424303 0.661917 -1.137311
v 1.441103 0.639417 -1.412011
v 1.436803 0.560417 -1.348111
v 1.453303 0.534717 -1.643611
v 1.480703 0.705317 -1.466311
v 1.440303 0.463417 -1.587311
v 1.414603 0.402317 -1.538511
v 1.438803 0.367517 -1.821111
v 1.408203 0.315117 -1.761811
v 1.356503 0.240817 -1.686211
v 1.371503 0.314917 -1.474811
v 1.249603 0.130317 -1.589011
v 1.330403 0.179917 -1.856311
v 1.234903 0.088617 -1.750111
v 1.104103 -0.031283 -1.631011
v 1.234803 0.028217 -1.853711
v 1.109703 -0.071583 -1.737911
v 0.924903 -0.175883 -1.622411
v 1.117003 -0.110383 -1.805211
v 1.120803 -0.139683 -1.855211
v 0.936503 -0.206283 -1.696511
v 0.713203 -0.279183 -1.611111
v 0.948703 -0.232183 -1.742111
v 0.743103 -0.328383 -1.646111
v 0.782703 -0.369183 -1.633811
v 0.536803 -0.410883 -1.570311
v 0.528303 -0.383083 -1.515311
v 0.570903 -0.457783 -1.557111
v 0.354203 -0.474683 -1.514511
v 0.383203 -0.527283 -1.501411
v 0.350103 -0.443083 -1.456011
v 0.225803 -0.518583 -1.471211
v 0.259103 -0.576083 -1.455911
v 0.216703 -0.478483 -1.415011
v 0.127003 -0.555683 -1.425111
v 0.168303 -0.610983 -1.408211
v 0.106503 -0.506983 -1.380611
v 0.030403 -0.590783 -1.374011
v -0.053997 -0.624483 -1.335211
v 0.078003 -0.642683 -1.357011
v -0.003997 -0.539083 -1.344711
v -0.098297 -0.574283 -1.318911
v -0.020797 -0.522383 -1.296211
v 0.092503 -0.493683 -1.323011
v -0.046597 -0.515183 -1.215511
v -0.119097 -0.559683 -1.274911
v -0.143897 -0.556583 -1.195711
v -0.179825 -0.594463 -1.267299
v -0.002797 -0.673383 -1.310911
v -0.033620 -0.761504 -1.217417
v 0.039903 -0.711283 -1.276611
v 0.076703 -0.749483 -1.225711
v 0.110603 -0.750183 -1.154211
v 0.117503 -0.729783 -1.078111
v 0.127903 -0.699083 -0.994611
v 0.138303 -0.663183 -0.912511
v 0.207203 -0.663883 -1.022311
v 0.222603 -0.626783 -0.939211
v 0.301403 -0.631283 -1.052411
v 0.192603 -0.695483 -1.110611
v 0.285403 -0.662183 -1.146111
v 0.180203 -0.716183 -1.197611
v 0.269003 -0.680383 -1.239311
v 0.155603 -0.708683 -1.273311
v 0.242803 -0.671783 -1.319811
v 0.119503 -0.678883 -1.323511
v 0.207303 -0.644183 -1.372611
v 0.294203 -0.607483 -1.419111
v 0.329003 -0.635383 -1.365711
v 0.414703 -0.556683 -1.468911
v 0.449503 -0.586883 -1.421111
v 0.603803 -0.485383 -1.532711
v 0.639803 -0.513183 -1.496011
v 0.680103 -0.542883 -1.435511
v 0.719703 -0.554283 -1.348311
v 0.484703 -0.611483 -1.340811
v 0.358903 -0.650083 -1.281011
v 0.512903 -0.606083 -1.239011
v 0.534603 -0.578283 -1.134311
v 0.379603 -0.635583 -1.180611
v 0.397103 -0.605283 -1.080911
v 0.415203 -0.568283 -0.991111
v 0.436303 -0.531083 -0.922911
v 0.318103 -0.594383 -0.966311
v 0.555003 -0.540383 -1.038711
v 0.577403 -0.500483 -0.965211
v 0.776603 -0.494983 -1.137611
v 0.797403 -0.448583 -1.048211
v 1.007803 -0.408483 -1.252011
v 0.751603 -0.534483 -1.242611
v 0.980003 -0.449583 -1.365911
v 1.156803 -0.328083 -1.456711
v 0.937803 -0.460283 -1.471211
v 1.184203 -0.286883 -1.335111
v 1.300903 -0.192283 -1.537811
v 1.330403 -0.154083 -1.407211
v 1.460803 -0.086683 -1.632511
v 1.615403 -0.033183 -1.713911
v 1.484603 -0.035883 -1.490911
v 1.497203 0.021517 -1.364411
v 1.648003 0.007617 -1.554411
v 1.675003 0.053217 -1.399211
v 1.762103 0.018217 -1.591811
v 1.795703 0.066617 -1.426911
v 1.831003 0.051717 -1.626411
v 1.865203 0.111317 -1.460411
v 1.887903 0.163317 -1.315611
v 1.907003 0.172417 -1.494011
v 1.920503 0.232417 -1.345611
v 1.934703 0.259317 -1.237711
v 1.964903 0.266317 -1.148811
v 1.904703 0.179417 -1.204311
v 1.823303 0.141317 -1.176511
v 1.924503 0.168117 -1.107111
v 1.939503 0.159517 -0.998311
v 1.823203 0.145817 -1.080111
v 2.021603 0.266117 -1.051411
v 2.076303 0.272917 -0.939611
v 1.947003 0.168317 -0.882111
v 1.792103 0.184517 -0.879411
v 1.775703 0.232617 -0.790811
v 1.810403 0.155317 -0.979111
v 1.647303 0.244217 -0.891811
v 1.671703 0.208517 -0.974411
v 1.489203 0.255117 -0.870511
v 1.625003 0.290717 -0.813111
v 1.477803 0.291717 -0.789711
v 1.483103 0.347617 -0.685611
v 1.345603 0.213717 -0.722311
v 1.350303 0.169817 -0.794111
v 1.344303 0.274017 -0.630811
v 1.186203 0.106017 -0.660111
v 1.177103 0.166817 -0.577111
v 0.996903 -0.011183 -0.605611
v 1.195803 0.058217 -0.726511
v 1.202303 0.013617 -0.795811
v 1.010903 -0.059283 -0.670011
v 1.023203 -0.105783 -0.736511
v 0.795803 -0.162283 -0.625111
v 0.784503 -0.115183 -0.561111
v 0.598403 -0.244283 -0.593011
v 0.806103 -0.208683 -0.690511
v 0.605503 -0.290783 -0.655611
v 0.813503 -0.261183 -0.766011
v 0.816003 -0.326483 -0.861211
v 1.031703 -0.158083 -0.818211
v 0.609303 -0.341083 -0.725711
v 0.607103 -0.399283 -0.810011
v 0.471403 -0.389983 -0.698811
v 0.467103 -0.441583 -0.778311
v 0.367503 -0.425883 -0.677111
v 0.469903 -0.344783 -0.632211
v 0.362903 -0.473483 -0.753811
v 0.352603 -0.519583 -0.831811
v 0.259503 -0.509983 -0.727011
v 0.162903 -0.550083 -0.696711
v 0.250003 -0.553683 -0.803311
v 0.154603 -0.593183 -0.772811
v 0.237203 -0.590983 -0.870211
v 0.146603 -0.629083 -0.841711
v 0.336303 -0.558083 -0.897911
v 0.082285 -0.562795 -0.658980
v 0.455603 -0.490783 -0.857811
v 0.597003 -0.455383 -0.894611
v 0.811903 -0.393683 -0.960011
v 1.034003 -0.296683 -1.042511
v 1.201703 -0.175183 -1.120311
v 1.024703 -0.356683 -1.147911
v 1.035103 -0.225183 -0.926911
v 1.202503 -0.101883 -0.998911
v 1.204403 -0.036183 -0.882311
v 1.348503 0.023217 -1.070111
v 1.344703 -0.044283 -1.190011
v 1.512803 0.132917 -1.132711
v 1.352703 0.084117 -0.955611
v 1.353103 0.129617 -0.867611
v 1.513803 0.180117 -1.031811
v 1.688203 0.183817 -1.064611
v 1.503903 0.219917 -0.946611
v 1.689903 0.158217 -1.159011
v 1.684503 0.116217 -1.266411
v 1.505803 0.079117 -1.245311
v 1.815503 0.115417 -1.285811
v 1.339203 -0.100583 -1.297811
v 1.196003 -0.234383 -1.228011
v 0.775203 -0.057683 -0.484111
v 0.984203 0.048917 -0.527311
v 1.174603 0.248517 -0.455011
v 1.357903 0.353717 -0.493011
v -0.195197 -0.549383 -1.046511
v -0.255597 -0.477583 -0.875711
v -0.282197 -0.342383 -0.714611
v -0.285497 -0.181183 -0.576611
v -0.270197 -0.062483 -0.438611
v -0.256497 0.058317 -0.353011
v -0.155297 0.068017 -0.359511
v -0.025697 0.161017 -0.293611
v -0.038697 0.094017 -0.373411
v -0.009797 0.206217 -0.220911
v 0.090303 0.187917 -0.309011
v 0.224903 0.228617 -0.332911
v 0.107803 0.231217 -0.233811
v 0.075603 0.124217 -0.391011
v 0.208003 0.169317 -0.418211
v 0.059903 0.033217 -0.493711
v 0.051403 -0.086483 -0.621511
v -0.052297 -0.004983 -0.472311
v 0.192603 0.081017 -0.520011
v 0.188903 -0.041583 -0.643711
v 0.367403 0.151217 -0.559411
v 0.375003 0.246117 -0.465111
v 0.373103 0.020517 -0.674611
v 0.572303 0.237117 -0.609411
v 0.575203 0.332417 -0.516611
v 0.796203 0.333117 -0.667711
v 0.585003 0.105217 -0.724011
v 0.812403 0.206617 -0.791011
v 0.616403 -0.063083 -0.884111
v 0.847103 0.047117 -0.968311
v 0.654103 -0.206283 -1.070411
v 0.395603 -0.143883 -0.830911
v 0.202203 -0.196983 -0.801811
v 0.427003 -0.282383 -1.012111
v 0.228303 -0.329383 -0.979411
v 0.472303 -0.355483 -1.176311
v 0.273103 -0.399883 -1.141811
v 0.511603 -0.384083 -1.319811
v 0.695903 -0.275183 -1.241911
v 0.726603 -0.297283 -1.391011
v 0.923503 -0.163283 -1.346211
v 0.893603 -0.100483 -1.162011
v 0.928703 -0.167483 -1.503311
v 1.113503 -0.017283 -1.471611
v 1.113603 0.027917 -1.269911
v 1.079003 0.155917 -1.051811
v 1.271603 0.179617 -1.380611
v 1.258203 0.286917 -1.149211
v 1.213003 0.429117 -0.954511
v 1.366603 0.413617 -1.240811
v 1.414703 0.496917 -1.300111
v 1.333603 0.535317 -1.037711
v 1.390703 0.605617 -1.092411
v 1.318103 0.643617 -0.895111
v 1.374703 0.710717 -0.948211
v 1.189103 0.548817 -0.821111
v 1.317903 0.731017 -0.783811
v 1.184103 0.641117 -0.717711
v 0.997903 0.541617 -0.649011
v 1.182703 0.714317 -0.624611
v 1.185503 0.774717 -0.534411
v 0.993303 0.621617 -0.566511
v 0.785203 0.516917 -0.503911
v 0.996503 0.684717 -0.483411
v 0.785103 0.586817 -0.430311
v 1.007203 0.737017 -0.393211
v 0.798703 0.638417 -0.344211
v 1.192103 0.830017 -0.439911
v 1.017103 0.794517 -0.279811
v 1.016303 0.875817 -0.127211
v 0.812603 0.692217 -0.234911
v 1.198503 0.889917 -0.322811
v 1.328403 0.980917 -0.365411
v 1.194803 0.972717 -0.168511
v 1.321403 1.065917 -0.211511
v 1.177503 1.067217 -0.004811
v 1.315503 1.150617 -0.036511
v 1.141003 1.166417 0.136889
v 0.996703 0.974117 0.028489
v 0.794303 0.867517 0.059989
v 0.956503 1.073417 0.154889
v 0.877803 1.183117 0.253789
v 0.748603 0.973117 0.171089
v 0.540103 0.868817 0.191189
v 0.687103 1.065017 0.286789
v 0.500603 0.937417 0.322089
v 0.667103 1.058117 0.464689
v 0.846403 1.190817 0.429289
v 0.708703 0.966217 0.621989
v 0.497503 0.921217 0.499089
v 0.563103 0.813717 0.639689
v 0.353803 0.810517 0.532289
v 0.445803 0.700517 0.658389
v 0.243903 0.717717 0.555689
v 0.334903 0.818817 0.356989
v 0.352403 0.766017 0.216589
v 0.193903 0.720917 0.387489
v 0.086903 0.650617 0.411289
v 0.195403 0.675217 0.241589
v 0.231203 0.578617 0.127089
v 0.083003 0.600317 0.264389
v -0.009697 0.536717 0.283789
v 0.109703 0.515317 0.142289
v 0.137403 0.405917 0.039189
v 0.008303 0.464217 0.154689
v 0.027603 0.366417 0.046289
v -0.093697 0.414317 0.167089
v -0.179897 0.369017 0.176789
v -0.103797 0.475217 0.301789
v -0.082897 0.332217 0.052789
v -0.080197 0.245817 -0.039911
v -0.177397 0.304817 0.055789
v -0.181997 0.228917 -0.037711
v -0.202597 0.208917 -0.132511
v -0.105897 0.223317 -0.136611
v 0.011803 0.242917 -0.145711
v 0.031503 0.282317 -0.054111
v 0.128003 0.271017 -0.157311
v 0.141903 0.322517 -0.067911
v 0.260403 0.318717 -0.179211
v 0.268203 0.381317 -0.091311
v 0.420103 0.407717 -0.225011
v 0.243403 0.271817 -0.255511
v 0.405503 0.356317 -0.301811
v 0.591203 0.461517 -0.360111
v 0.388503 0.309417 -0.380511
v 0.581803 0.403517 -0.435811
v 0.603603 0.515917 -0.281311
v 0.610603 0.580617 -0.184511
v 0.611503 0.658017 -0.046511
v 0.426403 0.473017 -0.134211
v 0.423503 0.554317 -0.009211
v 0.395003 0.662017 0.108889
v 0.264003 0.463117 0.024189
v 0.588403 0.758617 0.087989
v 0.814403 0.769517 -0.087311
v -0.171397 0.468017 0.485089
v -0.060497 0.486917 0.642989
v -0.020550 0.449134 0.804739
v 0.041703 0.483017 0.776289
v 0.121503 0.489017 0.885689
v 0.107503 0.527017 0.750189
v 0.177503 0.566817 0.728189
v 0.008803 0.536017 0.611689
v 0.182403 0.529817 0.870489
v 0.219303 0.522517 0.949889
v 0.244703 0.568517 0.854889
v 0.307003 0.606217 0.841789
v 0.286203 0.557017 0.939489
v 0.352703 0.591317 0.931389
v 0.317003 0.513917 0.962289
v 0.336903 0.468017 0.958689
v 0.244703 0.481417 0.977689
v 0.388903 0.546217 0.948889
v 0.411303 0.504517 0.935489
v 0.463003 0.585917 0.937789
v 0.488803 0.543817 0.913489
v 0.542303 0.640517 0.930689
v 0.420903 0.635717 0.923289
v 0.497003 0.697117 0.907389
v 0.377303 0.647817 0.825889
v 0.465903 0.706517 0.802289
v 0.345203 0.629217 0.682589
v 0.250903 0.605817 0.708189
v 0.160403 0.647317 0.571289
v 0.082403 0.590617 0.590289
v -0.003197 0.591817 0.432289
v -0.078897 0.524217 0.455289
v 0.582503 0.793817 0.779089
v 0.732703 0.922517 0.766189
v 0.601803 0.778317 0.885289
v 0.742303 0.901917 0.883689
v 0.642203 0.720517 0.930489
v 0.687303 0.660517 0.889289
v 0.782203 0.841917 0.947889
v 0.932403 0.976717 0.974689
v 0.844303 0.782517 0.905189
v 1.011103 0.920217 0.940389
v 0.910903 0.751817 0.873689
v 0.735103 0.624917 0.853389
v 0.779603 0.546917 0.848089
v 0.984003 0.724017 0.844689
v 1.093903 0.904217 0.894789
v 1.179703 0.882517 0.863089
v 1.249703 1.036617 0.936789
v 1.152103 1.045317 0.973789
v 1.345203 1.028217 0.891289
v 1.365303 1.132017 1.000989
v 1.266403 1.149917 1.029089
v 1.499803 1.148517 0.966389
v 1.416103 1.205917 1.039089
v 1.355703 1.244717 1.062289
v 1.491803 1.243717 1.042789
v 1.440403 1.318717 1.073189
v 1.568303 1.293117 1.047789
v 1.510203 1.375017 1.079789
v 1.622903 1.221517 0.978789
v 1.642903 1.351317 1.055689
v 1.706803 1.285017 0.983289
v 1.571603 1.426917 1.087089
v 1.711603 1.416617 1.061089
v 1.631103 1.486817 1.092989
v 1.778403 1.356117 0.977589
v 1.759403 1.484617 1.060889
v 1.777403 1.548117 1.066389
v 1.684603 1.549717 1.093389
v 1.842503 1.448317 0.984689
v 1.896603 1.344617 0.897789
v 1.823803 1.569017 1.046889
v 1.906403 1.519117 0.985989
v 1.953203 1.414517 0.918389
v 1.960403 1.603317 1.004289
v 1.869503 1.626817 1.039189
v 1.834703 1.728017 1.071389
v 1.924203 1.709017 1.046789
v 1.893803 1.807817 1.075789
v 1.993803 1.805317 1.065389
v 2.028803 1.701417 1.029689
v 2.079303 1.923117 1.090189
v 1.965503 1.904517 1.090389
v 2.050503 2.019517 1.107489
v 1.931803 1.996217 1.080489
v 2.015503 2.109817 1.093989
v 1.858403 1.897317 1.070389
v 1.890203 2.073917 1.015889
v 1.799403 1.967117 1.002889
v 1.855003 2.121617 0.861889
v 1.973303 2.187417 1.032989
v 2.061603 2.310117 1.051589
v 1.940503 2.236817 0.891989
v 1.915703 2.253017 0.687689
v 2.032003 2.359717 0.923489
v 2.143903 2.513217 0.963789
v 2.004503 2.389917 0.725089
v 2.113503 2.293617 0.471089
v 2.116003 2.558617 0.772889
v 2.254103 2.454317 0.533189
v 2.258503 2.778917 0.833089
v 2.443803 3.022217 0.958189
v 2.402803 2.678017 0.609089
v 2.254203 2.738417 1.030389
v 2.377403 2.942817 1.110989
v 2.325203 2.643017 1.118889
v 2.484903 2.859317 1.199289
v 2.369303 2.563817 1.155689
v 2.170503 2.458417 1.080689
v 2.219103 2.384717 1.132289
v 2.266603 2.308617 1.142889
v 2.107303 2.236117 1.109289
v 2.148903 2.153717 1.124489
v 2.183303 2.070917 1.109589
v 2.224303 1.985717 1.099089
v 2.306103 2.236717 1.137089
v 2.350503 2.164817 1.139789
v 2.445103 2.410917 1.183689
v 2.595603 2.582617 1.240389
v 2.489803 2.341917 1.188989
v 2.408603 2.486417 1.170889
v 2.561903 2.663317 1.222889
v 2.522103 2.741217 1.208189
v 2.712203 2.815217 1.309189
v 2.742203 2.737517 1.334489
v 2.864403 2.970017 1.415289
v 2.656603 2.876117 1.287989
v 2.752403 2.995917 1.345089
v 2.608103 2.954517 1.286489
v 2.683403 3.023317 1.329089
v 2.588503 3.078617 1.345589
v 2.511503 3.058817 1.295189
v 2.678603 3.121317 1.364289
v 2.594903 3.218517 1.420189
v 2.524403 3.215217 1.389389
v 2.675403 3.245117 1.411589
v 2.622503 3.343817 1.465689
v 2.581603 3.479617 1.497889
v 2.652203 3.458417 1.493089
v 2.558303 3.358117 1.445689
v 2.697603 3.346417 1.445789
v 2.733203 3.447817 1.476789
v 2.790503 3.399417 1.497089
v 2.769103 3.338317 1.436989
v 2.831103 3.243617 1.399489
v 2.838403 3.320017 1.453889
v 2.753503 3.252017 1.395189
v 2.768103 3.129617 1.364489
v 2.858803 3.125917 1.369689
v 2.941003 3.144017 1.411589
v 2.953503 3.064517 1.472189
v 2.896203 2.960817 1.536789
v 3.017103 3.124117 1.529089
v 2.925203 3.022917 1.563889
v 2.964203 3.084917 1.623489
v 2.934303 2.979317 1.641089
v 2.968903 3.025217 1.704289
v 2.996303 2.941117 1.673389
v 2.918403 2.949617 1.597189
v 2.955003 2.911417 1.608089
v 2.906903 2.890117 1.539889
v 2.855903 2.850417 1.442489
v 2.970203 2.843917 1.544389
v 2.899203 2.789017 1.452889
v 2.982903 2.769517 1.457589
v 2.782203 2.670717 1.343489
v 2.636203 2.512617 1.252089
v 2.851803 2.644017 1.338289
v 2.925803 2.634517 1.319589
v 2.699303 2.467117 1.247389
v 2.765903 2.444517 1.216889
v 2.555203 2.282317 1.185389
v 2.623603 2.241917 1.146889
v 2.419303 2.091317 1.138489
v 2.493303 2.031517 1.095389
v 2.290703 1.897917 1.090389
v 2.175903 1.726917 1.036589
v 2.368503 1.817617 1.048889
v 2.244003 1.637017 0.981189
v 2.431403 1.759917 0.955889
v 2.544703 1.995917 1.010489
v 2.298503 1.564017 0.879389
v 2.469003 1.726917 0.840889
v 2.583803 1.974417 0.914489
v 2.322903 1.518817 0.751989
v 2.483603 1.713017 0.731389
v 2.322903 1.494717 0.629189
v 2.511603 1.666017 0.545489
v 2.615703 1.965617 0.819289
v 2.680203 1.908917 0.641889
v 2.735903 2.210117 0.901689
v 2.812103 2.154417 0.718289
v 2.706403 2.215917 0.994189
v 2.882003 2.421017 0.989689
v 2.951203 2.371617 0.791589
v 2.860603 2.428517 1.087189
v 3.044203 2.613217 1.065189
v 3.110703 2.558517 0.855889
v 3.038403 2.614217 1.180089
v 3.161403 2.767417 1.107889
v 3.236603 2.701617 0.902089
v 3.211303 2.782817 1.248789
v 3.216003 2.828417 1.112389
v 3.287303 2.788917 0.928189
v 3.324803 2.830717 0.969289
v 3.251403 2.849517 1.170189
v 3.301703 2.877617 1.302689
v 3.390003 2.830117 1.012589
v 3.315803 2.883617 1.207989
v 3.390603 2.900717 1.226089
v 3.458703 2.827017 1.042689
v 3.643703 2.728717 0.648589
v 3.519203 2.832217 1.056389
v 3.705803 2.737917 0.668489
v 3.587903 2.852017 1.081389
v 3.440303 2.899917 1.217689
v 3.473603 2.921517 1.251089
v 3.540203 2.961817 1.274789
v 3.401703 2.930717 1.320789
v 3.481803 2.973417 1.358689
v 3.356203 2.915617 1.396089
v 3.275003 2.846417 1.387989
v 3.332203 2.898317 1.442889
v 3.437003 2.969917 1.421689
v 3.384703 2.940417 1.472289
v 3.505903 3.029817 1.444789
v 3.565403 3.092417 1.451289
v 3.453203 3.007817 1.503989
v 3.549203 3.026817 1.374389
v 3.590403 3.031717 1.274289
v 3.585603 3.102017 1.367289
v 3.637903 3.169417 1.348189
v 3.599603 3.108217 1.262689
v 3.643703 3.093917 1.044789
v 3.631503 3.154817 1.251789
v 3.674803 3.140117 1.049389
v 3.672203 3.176117 1.226589
v 3.700003 3.187817 1.252989
v 3.733803 3.176417 1.054289
v 3.786003 3.212117 1.067689
v 3.928303 3.108917 0.698189
v 3.856503 3.058517 0.669689
v 4.194703 2.996417 0.295989
v 4.007803 3.164717 0.731189
v 4.294703 3.094417 0.352589
v 4.082703 3.222117 0.768289
v 4.143603 3.275117 0.799889
v 3.890803 3.260117 1.099789
v 3.836303 3.244517 1.080789
v 4.393103 3.200017 0.411489
v 4.474403 3.285417 0.462489
v 4.697803 3.203517 0.092189
v 4.805903 3.325917 0.152889
v 4.570503 3.045717 0.026189
v 4.956203 3.203717 -0.150111
v 4.805203 3.000917 -0.215611
v 5.087303 3.357317 -0.086111
v 5.111503 3.197117 -0.292411
v 4.946603 2.975117 -0.363611
v 5.213703 3.188217 -0.385411
v 5.252903 3.367417 -0.224611
v 5.363903 3.360317 -0.307511
v 5.323003 3.431317 -0.166111
v 5.431203 3.441917 -0.256211
v 5.150703 3.417517 -0.032211
v 5.374103 3.440017 -0.098011
v 5.492303 3.444417 -0.183411
v 5.467803 3.449617 0.012889
v 5.196603 3.426717 0.029489
v 5.267203 3.467417 0.112989
v 4.966403 3.415817 0.316489
v 5.313303 3.564017 0.173789
v 5.010103 3.495017 0.372389
v 5.332403 3.640117 0.210789
v 5.529303 3.551717 0.097189
v 5.659303 3.563317 0.022489
v 5.539603 3.652017 0.132089
v 5.346003 3.707417 0.246289
v 5.667503 3.665317 0.063989
v 5.534603 3.732117 0.149389
v 5.658203 3.744117 0.085589
v 5.540903 3.802017 0.172089
v 5.365903 3.765417 0.283389
v 5.069603 3.706317 0.477189
v 5.410903 3.836817 0.354689
v 5.100703 3.777817 0.531289
v 5.586503 3.879317 0.247489
v 5.497603 3.950017 0.490889
v 5.160403 3.867917 0.630489
v 5.582403 4.086317 0.626389
v 5.683703 3.994917 0.400289
v 5.803103 4.003717 0.345089
v 5.778503 4.140617 0.550189
v 5.840503 4.258617 0.644189
v 5.898403 4.153417 0.497089
v 6.012603 4.177017 0.435389
v 5.962603 4.286417 0.593189
v 6.002703 4.407717 0.670189
v 6.078703 4.323517 0.532989
v 6.220903 4.356217 0.481189
v 6.122403 4.457817 0.611389
v 6.265603 4.503317 0.565889
v 6.145403 4.586516 0.700689
v 6.166503 4.702717 0.802189
v 6.291803 4.641017 0.656689
v 6.018503 4.535617 0.755289
v 5.892903 4.483017 0.811789
v 6.034103 4.649917 0.850889
v 5.897703 4.602117 0.896589
v 6.087003 4.703517 0.968189
v 6.139003 4.755816 1.095789
v 6.221503 4.778316 0.927589
v 5.936203 4.659117 0.993089
v 5.980103 4.696917 1.105289
v 5.696003 4.561417 1.035889
v 5.279203 4.353817 1.117189
v 5.681903 4.490617 0.966289
v 5.724203 4.606017 1.120589
v 5.298003 4.396017 1.190089
v 5.734403 4.689016 1.233589
v 5.327003 4.456617 1.300789
v 5.715903 4.823317 1.311189
v 5.975303 4.809717 1.210689
v 5.941703 4.965317 1.266589
v 6.127603 4.889116 1.193689
v 6.090503 5.045617 1.246189
v 6.260603 4.993017 1.145189
v 6.277103 4.853017 1.059289
v 6.223103 5.138917 1.189489
v 6.388803 5.096117 1.064289
v 6.547503 5.168716 0.967789
v 6.507303 5.074117 0.854389
v 6.358403 5.228817 1.106889
v 6.381903 4.976417 0.972489
v 6.337503 4.886117 0.855989
v 6.478903 4.988417 0.765089
v 6.310303 4.770817 0.751489
v 6.465003 4.878217 0.686689
v 6.695003 5.002916 0.619889
v 6.450203 4.734117 0.600089
v 6.670803 4.851817 0.522989
v 6.422703 4.579217 0.501889
v 6.640703 4.670617 0.409789
v 6.387203 4.418717 0.408089
v 6.326103 4.245317 0.285589
v 6.610303 4.491017 0.297889
v 6.556003 4.291517 0.153989
v 6.903403 4.576917 0.110189
v 7.233103 4.652516 -0.096311
v 6.840403 4.346917 -0.069611
v 6.938403 4.792617 0.244489
v 6.973303 5.012217 0.380789
v 7.259403 4.930317 0.035789
v 7.614803 5.005217 -0.109011
v 7.313503 5.187117 0.207389
v 7.362803 5.382317 0.362389
v 7.653103 5.341617 0.043089
v 7.906403 5.483017 -0.112411
v 7.704702 5.587517 0.207889
v 7.731803 5.676817 0.320989
v 7.984403 5.745517 0.086589
v 8.007003 5.848617 0.210689
v 8.120403 5.837017 0.017489
v 8.046803 5.560317 -0.190911
v 8.074802 5.602817 -0.241211
v 8.203503 5.917817 -0.011111
v 8.144603 5.937417 0.153389
v 8.140903 5.961117 0.256889
v 8.229003 5.986016 0.129689
v 8.328003 6.056517 0.108189
v 8.311103 6.048516 0.005089
v 8.223503 6.012016 0.231089
v 8.200203 6.078517 0.329589
v 8.331303 6.081817 0.208189
v 8.437003 6.164717 0.171389
v 8.313403 6.152017 0.291189
v 8.428802 6.229816 0.239789
v 8.279303 6.249917 0.336289
v 8.151603 6.179717 0.380189
v 8.411603 6.317417 0.279789
v 8.238903 6.356417 0.337789
v 8.194603 6.453317 0.288589
v 8.100603 6.284417 0.389589
v 8.384703 6.419117 0.275689
v 8.354003 6.510917 0.225589
v 8.503803 6.446016 0.223189
v 8.521203 6.356717 0.224189
v 8.580003 6.447817 0.156789
v 8.482003 6.527516 0.177489
v 8.549903 6.511217 0.138089
v 8.466002 6.579017 0.096589
v 8.565803 6.536317 0.071789
v 8.445903 6.593917 -0.002211
v 8.330003 6.567717 0.138389
v 8.155903 6.516617 0.190589
v 8.303303 6.581616 0.035289
v 8.119603 6.529616 0.076089
v 8.263203 6.540517 -0.060011
v 8.070903 6.501817 -0.027011
v 8.410403 6.552217 -0.089911
v 8.225603 6.470517 -0.128411
v 8.034102 6.433317 -0.111811
v 8.205603 6.395717 -0.161311
v 8.372203 6.487617 -0.148011
v 8.485403 6.464316 -0.149111
v 8.339303 6.420116 -0.171311
v 8.327703 6.357516 -0.167911
v 8.438503 6.413217 -0.165111
v 8.493803 6.383317 -0.141011
v 8.411003 6.369017 -0.164411
v 8.456003 6.340117 -0.141911
v 8.354403 6.304117 -0.145011
v 8.527503 6.296817 -0.092811
v 8.584803 6.299417 -0.014611
v 8.539702 6.392117 -0.114511
v 8.478103 6.208617 -0.038511
v 8.391003 6.253417 -0.114811
v 8.407002 6.205517 -0.082611
v 8.258403 6.204617 -0.116411
v 8.150903 6.130816 -0.162911
v 8.321703 6.152317 -0.079611
v 8.222302 6.259717 -0.139511
v 8.206503 6.321417 -0.157811
v 8.096203 6.186417 -0.169211
v 8.064203 6.251217 -0.156711
v 7.976603 6.113816 -0.159111
v 7.937703 6.171317 -0.113211
v 8.037903 6.338117 -0.146111
v 7.889803 6.264017 -0.101211
v 7.797503 6.216017 -0.060511
v 7.867702 6.366517 -0.064911
v 7.893503 6.447217 0.011989
v 7.773003 6.317616 -0.019111
v 7.646303 6.254416 0.046289
v 7.793902 6.400217 0.050389
v 7.667502 6.334517 0.114289
v 7.846602 6.426017 0.149389
v 7.898003 6.396017 0.269489
v 7.944902 6.476617 0.116289
v 7.718503 6.355317 0.210289
v 7.766403 6.327717 0.329489
v 7.443103 6.269917 0.340589
v 7.108703 6.128817 0.497989
v 7.493603 6.245317 0.480989
v 7.395403 6.239217 0.227489
v 7.055503 6.108617 0.369789
v 7.369603 6.152817 0.142589
v 7.034603 6.004217 0.278189
v 7.378803 6.031217 0.095289
v 7.045703 5.859217 0.253489
v 7.667803 6.149217 0.010689
v 7.406403 5.913716 0.089089
v 7.040603 5.736517 0.217889
v 7.707903 6.047617 0.002289
v 7.410003 5.844617 0.062389
v 7.029503 5.664617 0.185989
v 7.402403 5.720117 -0.000111
v 7.726403 5.980717 -0.024511
v 7.732802 5.841416 -0.086911
v 7.879703 6.061017 -0.112711
v 7.848103 6.120417 -0.072611
v 7.897003 5.927217 -0.190111
v 7.873302 5.633117 -0.376211
v 8.032103 6.009517 -0.241211
v 8.091303 5.635016 -0.338711
v 8.166003 5.932517 -0.169611
v 8.003703 5.676017 -0.442911
v 8.075303 5.281716 -0.595811
v 7.944403 5.308917 -0.646811
v 7.810802 5.282817 -0.604011
v 7.828103 4.976517 -0.806011
v 7.653803 4.628616 -1.012111
v 7.722503 4.955317 -0.771511
v 7.940903 4.945717 -0.763411
v 7.783203 4.636416 -1.016111
v 7.617203 4.322317 -1.492411
v 7.798903 4.570917 -0.914511
v 7.642903 4.245917 -1.409911
v 7.951103 4.890017 -0.646211
v 7.598103 4.244717 -1.354811
v 7.774603 4.529317 -0.842811
v 7.685503 4.467417 -0.724711
v 7.914103 4.834217 -0.555511
v 7.792403 4.771117 -0.441811
v 8.004403 5.175517 -0.380311
v 7.858103 5.107217 -0.279211
v 8.082703 5.224017 -0.466611
v 7.575103 4.684216 -0.254311
v 7.484903 4.387717 -0.516511
v 7.313203 4.150117 -0.976711
v 7.161003 4.382017 -0.312011
v 7.015303 4.123617 -0.674111
v 6.889503 3.900217 -1.004411
v 6.702003 4.117417 -0.361611
v 6.573203 3.918917 -0.632911
v 6.441203 4.070517 -0.067711
v 6.304803 3.921317 -0.303211
v 6.217003 4.063817 0.098189
v 6.054203 4.034317 0.210189
v 6.103303 3.923717 -0.092411
v 5.954303 3.910917 0.043389
v 6.043803 3.837617 -0.210711
v 6.008803 3.780217 -0.286911
v 5.892403 3.847117 -0.067311
v 6.252903 3.809817 -0.426511
v 6.529903 3.790617 -0.762811
v 6.229203 3.735717 -0.493611
v 6.212403 3.641917 -0.525911
v 6.516203 3.708917 -0.821611
v 6.833503 3.695517 -1.217311
v 6.503303 3.600217 -0.855011
v 6.448203 3.507717 -0.917911
v 6.811903 3.590717 -1.271511
v 7.145903 3.561917 -1.688211
v 7.187303 3.652917 -1.598011
v 6.770103 3.470717 -1.334611
v 6.676903 3.421017 -1.439511
v 7.085703 3.454217 -1.785611
v 6.985203 3.422217 -1.903211
v 7.307603 3.500917 -2.175811
v 7.219303 3.448717 -2.295411
v 7.400503 3.547517 -2.378311
v 7.365003 3.595717 -2.062611
v 7.403603 3.685517 -1.957111
v 7.447803 3.641517 -2.261811
v 7.489303 3.727217 -2.148911
v 7.478903 3.678617 -2.372911
v 7.444103 3.582017 -2.480211
v 7.514003 3.723617 -2.500811
v 7.507803 3.822217 -2.462511
v 7.503803 3.793217 -2.274211
v 7.496503 3.986717 -2.352211
v 7.544703 3.861717 -2.144211
v 7.528503 4.018317 -2.250811
v 7.582203 4.122417 -2.013311
v 7.666703 3.981017 -1.922511
v 7.528503 3.794117 -2.044211
v 7.422003 3.763617 -1.864611
v 7.554603 3.940117 -1.822411
v 7.434203 3.935517 -1.673511
v 7.203403 3.901117 -1.369911
v 7.509703 4.229917 -1.239211
v 7.193003 3.732417 -1.527211
v 6.846703 3.773417 -1.154711
v 7.407003 4.164817 -2.010111
v 7.395503 4.143117 -2.289111
v 7.354203 4.156417 -1.975611
v 7.497603 4.330217 -1.500111
v 7.474403 4.331617 -1.490111
v 7.366203 4.347417 -1.415711
v 7.612103 4.617317 -1.006611
v 7.484203 4.606417 -0.947811
v 7.223103 4.568617 -0.810511
v 7.560603 4.912416 -0.690911
v 7.629903 5.218217 -0.500411
v 7.282503 4.843516 -0.549111
v 7.329803 5.132317 -0.358111
v 6.951303 4.786217 -0.389111
v 6.673603 4.716017 -0.194111
v 6.979503 5.043517 -0.203211
v 6.906403 4.548117 -0.638611
v 6.634403 4.514117 -0.424811
v 6.849603 4.308717 -0.997711
v 6.761103 4.170217 -1.357211
v 6.586603 4.294717 -0.744911
v 7.118103 4.357717 -1.245711
v 7.021203 4.203317 -1.653811
v 7.259603 4.155217 -1.867211
v 6.962003 4.123917 -1.870711
v 7.186003 4.127317 -2.116111
v 6.888203 4.096517 -1.988111
v 6.681503 4.127117 -1.559011
v 6.593303 4.096217 -1.665711
v 6.426203 4.070817 -1.220411
v 6.204403 4.026817 -0.913311
v 6.325203 4.038517 -1.308811
v 6.516003 4.128117 -1.050411
v 6.298703 4.082617 -0.770011
v 6.376103 4.235317 -0.492411
v 6.123003 4.042517 -0.552311
v 6.182003 4.193917 -0.308911
v 5.946403 4.050217 -0.400111
v 6.050703 3.989317 -0.679411
v 5.959603 3.964917 -0.748811
v 5.904803 4.004417 -0.514911
v 5.833903 3.981217 -0.584911
v 5.743803 4.023617 -0.393311
v 5.774603 4.065917 -0.283511
v 5.682503 4.009317 -0.467411
v 5.572303 4.061617 -0.299211
v 5.604503 4.089517 -0.186211
v 5.516003 4.062517 -0.378611
v 5.397703 4.091717 -0.203411
v 5.185303 4.050017 -0.019911
v 5.431103 4.126117 -0.094911
v 5.344703 4.098017 -0.283711
v 5.140303 4.018917 -0.090211
v 4.822403 3.968917 0.233589
v 5.046103 4.030417 -0.197111
v 4.731803 3.981417 0.135289
v 4.981403 3.921917 -0.267411
v 5.229103 4.094917 -0.401511
v 5.379503 4.077417 -0.510111
v 5.130303 3.957917 -0.489611
v 5.096503 3.791817 -0.524211
v 5.248003 3.951317 -0.607811
v 5.189703 3.781417 -0.647911
v 5.380103 3.926417 -0.703111
v 5.300903 3.763017 -0.749311
v 5.521303 3.894317 -0.800411
v 5.533503 4.032017 -0.600511
v 5.680003 3.976817 -0.698711
v 5.810703 3.956717 -0.849911
v 5.677503 3.863617 -0.929111
v 5.958403 3.976817 -1.076711
v 5.876703 3.836917 -1.117011
v 5.834003 3.725017 -1.121411
v 6.112203 3.860117 -1.422211
v 6.083203 3.756117 -1.419511
v 6.355203 3.922317 -1.795311
v 6.185703 4.000517 -1.391611
v 6.445203 4.063017 -1.758811
v 6.750603 4.064817 -2.091411
v 6.634603 3.961417 -2.155011
v 6.856003 4.000017 -2.451411
v 6.615703 3.839417 -2.153711
v 6.830503 3.859117 -2.461911
v 6.585303 3.735017 -2.156611
v 6.335503 3.807317 -1.790011
v 6.294703 3.716117 -1.796411
v 6.036303 3.663617 -1.422411
v 6.204403 3.619717 -1.824611
v 6.497303 3.628117 -2.193011
v 6.352603 3.443117 -2.260611
v 6.129703 3.383717 -1.833611
v 5.973703 3.548717 -1.419611
v 5.884203 3.343717 -1.431111
v 5.734403 3.509117 -1.105411
v 5.539903 3.504417 -0.932911
v 5.636703 3.349217 -1.118311
v 5.798903 3.614317 -1.110611
v 5.590603 3.595017 -0.931111
v 5.431203 3.591017 -0.814911
v 5.621603 3.722317 -0.941111
v 5.438603 3.742417 -0.842711
v 5.395503 3.511417 -0.825711
v 5.308603 3.603317 -0.713211
v 5.284103 3.523717 -0.716711
v 5.203403 3.624517 -0.617711
v 5.181803 3.544217 -0.614611
v 5.110203 3.643117 -0.506711
v 5.084203 3.563117 -0.506211
v 4.931603 3.670717 -0.320811
v 4.963003 3.788817 -0.292411
v 4.585003 3.716217 0.014989
v 4.895103 3.599317 -0.333611
v 4.553903 3.650017 0.000089
v 4.837103 3.517617 -0.333211
v 4.511203 3.578117 -0.011411
v 4.708403 3.387317 -0.358311
v 5.024803 3.471517 -0.499811
v 5.128103 3.449717 -0.608211
v 4.885003 3.322117 -0.521111
v 4.685003 3.174517 -0.581111
v 4.990803 3.288617 -0.630111
v 4.787203 3.131817 -0.696411
v 5.093203 3.260017 -0.745211
v 4.888703 3.090817 -0.813911
v 5.198603 3.220217 -0.862911
v 5.230003 3.429317 -0.718611
v 5.338103 3.406517 -0.829711
v 5.459403 3.379517 -0.943911
v 5.305103 3.167117 -0.998011
v 5.463403 3.094217 -1.193311
v 5.088903 2.939617 -1.096211
v 5.217503 2.833617 -1.327711
v 4.990903 3.029217 -0.939911
v 4.840703 2.754817 -1.223311
v 4.932603 2.639917 -1.499511
v 4.761803 2.868217 -1.033311
v 4.621003 2.640517 -1.346911
v 4.688503 2.527817 -1.654711
v 4.497703 2.596517 -1.420811
v 4.561103 2.756617 -1.124411
v 4.478603 2.841617 -0.970411
v 4.443303 2.704617 -1.187211
v 4.354503 2.677817 -1.234811
v 4.371303 2.789017 -1.023011
v 4.286503 2.792817 -1.080211
v 4.216503 2.826317 -0.929811
v 4.160903 2.787017 -1.141611
v 4.234203 2.707417 -1.309211
v 4.019203 2.731117 -1.175511
v 4.096003 2.823417 -0.995111
v 3.957003 2.769617 -1.036311
v 4.037503 2.830617 -0.841711
v 3.943003 2.876817 -0.621311
v 3.893803 2.806917 -0.900111
v 4.148103 2.847217 -0.779611
v 4.041203 2.900917 -0.562611
v 4.293503 2.837817 -0.882911
v 4.213703 2.885617 -0.745511
v 4.097503 2.956217 -0.537311
v 4.303203 2.935317 -0.705411
v 4.476503 3.037917 -0.645711
v 4.179903 3.008917 -0.503111
v 4.390803 2.889817 -0.838111
v 4.572803 2.990617 -0.768711
v 4.668003 2.946117 -0.894211
v 4.338603 3.116317 -0.458211
v 4.003303 3.101817 -0.137911
v 4.145003 3.203117 -0.105611
v 3.921303 3.048417 -0.170511
v 3.767703 3.247717 0.238489
v 3.519603 3.374217 0.537489
v 3.687103 3.213417 0.202289
v 3.897103 3.323517 0.267289
v 3.629903 3.440317 0.552589
v 4.023003 3.430717 0.289889
v 4.104003 3.534617 0.322889
v 4.297703 3.337817 -0.077011
v 3.741703 3.511417 0.575489
v 3.512203 3.560317 0.794489
v 3.804203 3.586417 0.600989
v 3.838903 3.655017 0.626489
v 3.561203 3.618517 0.812589
v 3.406803 3.704917 0.955889
v 3.401303 3.639817 0.969489
v 3.585603 3.677117 0.819989
v 3.593903 3.730117 0.805089
v 3.605203 3.780817 0.798889
v 3.855603 3.713217 0.633789
v 3.418303 3.753217 0.943989
v 3.289403 3.782817 1.043389
v 3.430703 3.797317 0.932489
v 3.318003 3.817917 1.043089
v 3.347803 3.850817 1.034389
v 3.224603 3.853017 1.118489
v 3.277903 3.889617 1.109089
v 3.155703 3.898717 1.213389
v 3.183903 3.814717 1.116189
v 3.161203 3.780917 1.091489
v 3.091203 3.859517 1.176189
v 3.003703 3.916517 1.247789
v 3.045703 3.808717 1.145289
v 2.936203 3.761017 1.174289
v 3.109803 3.743317 1.053689
v 2.950803 3.863417 1.241689
v 2.877603 3.913317 1.315989
v 2.870903 3.821317 1.236189
v 2.814903 3.880617 1.295389
v 2.792303 3.805417 1.207589
v 2.724303 3.852117 1.261689
v 2.709103 3.754417 1.204089
v 2.838203 3.741517 1.160889
v 2.755303 3.769017 1.188989
v 2.777603 3.714317 1.148789
v 2.814603 3.660117 1.081789
v 2.724903 3.679017 1.154689
v 2.662303 3.610117 1.180489
v 2.754103 3.616117 1.084689
v 2.692503 3.553617 1.106389
v 2.810703 3.553017 0.983589
v 2.744903 3.494117 0.993189
v 2.951503 3.440617 0.905689
v 2.884803 3.587317 1.001689
v 2.884003 3.385617 0.890689
v 3.062703 3.261317 0.724589
v 2.686003 3.395317 0.986289
v 2.835103 3.316717 0.860789
v 2.784703 3.230517 0.831389
v 3.051003 3.168217 0.752589
v 2.869303 3.238117 0.845489
v 3.035503 3.088917 0.754689
v 3.197903 2.948117 0.485989
v 2.971003 3.022017 0.731289
v 2.877603 2.886417 0.659489
v 3.137603 2.869417 0.460989
v 3.035903 2.733117 0.398389
v 3.283903 2.740517 0.102889
v 3.183803 2.596017 0.075189
v 3.339103 2.819417 0.112089
v 3.477903 2.565417 -0.256211
v 3.539503 2.642817 -0.254711
v 3.618803 2.437417 -0.588911
v 3.364203 2.426617 -0.259111
v 3.493303 2.304517 -0.573311
v 3.198903 2.251317 -0.274411
v 3.328503 2.121917 -0.548711
v 3.044303 2.407217 0.032389
v 3.003203 2.050617 -0.296611
v 3.120203 1.921217 -0.539111
v 2.792803 1.850517 -0.308511
v 2.868603 2.199017 -0.024811
v 2.674803 1.996917 -0.071611
v 2.749603 2.328917 0.227989
v 2.617303 2.464217 0.460789
v 2.902903 2.548317 0.315089
v 2.581103 2.113317 0.157489
v 2.406603 1.936317 0.128189
v 2.464503 2.242117 0.373989
v 2.305803 2.069217 0.324289
v 2.145203 1.929217 0.290889
v 2.226703 1.787317 0.116089
v 1.984803 2.164517 0.425489
v 1.990603 1.799817 0.258889
v 2.048903 1.646217 0.105789
v 1.861703 2.045817 0.385289
v 1.866603 1.706517 0.228289
v 1.805803 1.662917 0.211789
v 1.759703 1.951817 0.352989
v 1.725103 2.047617 0.610589
v 1.702903 1.900917 0.333389
v 1.758603 1.662517 0.200389
v 1.660403 1.984417 0.577789
v 1.674103 1.882917 0.329689
v 1.608003 1.936317 0.555689
v 1.672603 1.691917 0.192289
v 1.598603 1.860417 0.343189
v 1.546303 1.877117 0.551089
v 1.569903 1.685917 0.202989
v 1.503803 1.817517 0.362789
v 1.482303 1.656217 0.196689
v 1.416703 1.761617 0.366989
v 1.482703 1.812117 0.552689
v 1.416203 1.740517 0.551089
v 1.504903 1.766617 0.665089
v 1.440203 1.704717 0.658089
v 1.513903 1.739717 0.761489
v 1.564603 1.822817 0.676889
v 1.570903 1.790517 0.775689
v 1.627403 1.878217 0.705189
v 1.632103 1.844817 0.811889
v 1.701103 1.939017 0.760889
v 1.705403 1.908317 0.885989
v 1.776103 2.019217 0.821489
v 1.699703 1.877417 0.955189
v 1.637303 1.832017 0.924789
v 1.748103 1.870117 1.025189
v 1.679903 1.807917 1.024289
v 1.793703 1.814817 1.065889
v 1.733103 1.745917 1.071989
v 1.782503 1.663317 1.077589
v 1.677003 1.684817 1.081889
v 1.622603 1.625717 1.085889
v 1.730203 1.611317 1.087789
v 1.620003 1.753017 1.029189
v 1.563903 1.699717 1.032689
v 1.574503 1.789517 0.912689
v 1.513003 1.745417 0.908689
v 1.453103 1.695117 0.902489
v 1.452503 1.686817 0.753789
v 1.505603 1.645117 1.028689
v 1.393303 1.637217 0.895889
v 1.380703 1.634417 0.753189
v 1.332403 1.572217 0.890489
v 1.447003 1.589917 1.020489
v 1.389003 1.533617 1.010989
v 1.509403 1.510417 1.073889
v 1.450803 1.460017 1.068689
v 1.566403 1.566617 1.082389
v 1.378003 1.400517 1.068889
v 1.282403 1.313217 1.063089
v 1.319303 1.466417 1.002189
v 1.266203 1.498217 0.889389
v 1.228403 1.376217 0.992989
v 1.195203 1.409417 0.893889
v 1.129703 1.270917 0.977489
v 1.132803 1.304817 0.896089
v 1.024403 1.166017 0.960089
v 1.177603 1.206717 1.038789
v 1.065503 1.095717 0.998889
v 0.905603 1.062317 0.901489
v 1.032403 1.201217 0.840889
v 0.889403 1.070317 0.752889
v 0.870403 1.119417 0.600189
v 1.024603 1.215717 0.726589
v 1.011203 1.261117 0.577589
v 1.128003 1.339317 0.696389
v 1.113103 1.380917 0.558489
v 1.190203 1.422217 0.672789
v 1.131203 1.316917 0.806789
v 1.198503 1.407517 0.777789
v 1.253203 1.485417 0.758389
v 1.239803 1.487517 0.657389
v 1.307703 1.569917 0.754589
v 1.302603 1.562017 0.652889
v 1.372303 1.636617 0.654489
v 1.274503 1.589017 0.541989
v 1.213803 1.516417 0.540589
v 1.255003 1.631417 0.352989
v 1.345303 1.664917 0.546889
v 1.329003 1.698617 0.360889
v 1.400003 1.617117 0.179489
v 1.464103 1.491517 0.047689
v 1.324903 1.569617 0.163689
v 1.260503 1.513017 0.157189
v 1.405103 1.450517 0.039089
v 1.358203 1.398417 0.043389
v 1.445803 1.349617 -0.109611
v 1.410403 1.291617 -0.090511
v 1.499303 1.387617 -0.112111
v 1.471603 1.240217 -0.280111
v 1.450703 1.171717 -0.246911
v 1.399203 1.217517 -0.053411
v 1.394703 1.128617 -0.235611
v 1.394003 1.044717 -0.396111
v 1.327803 1.339017 0.065689
v 1.214703 1.461517 0.165389
v 1.261503 1.266417 0.094389
v 1.157603 1.393917 0.188889
v 1.048403 1.287317 0.224989
v 1.103703 1.428417 0.372989
v 1.002603 1.312517 0.398489
v 1.155403 1.502017 0.356189
v 1.169403 1.457017 0.546089
v 1.196003 1.559717 0.349889
v 1.559303 1.406917 -0.103711
v 1.623403 1.406817 -0.091211
v 1.526903 1.520517 0.061589
v 1.598903 1.534817 0.070489
v 1.684103 1.514017 0.076989
v 1.053603 1.217717 0.905489
v 1.815103 2.140917 0.647589
v 2.285403 1.672417 -0.074411
v 2.478803 1.828117 -0.085011
v 2.566603 1.700717 -0.314311
v 2.656103 1.570517 -0.508811
v 2.707003 1.488917 -0.648011
v 2.893603 1.723617 -0.525911
v 2.955803 1.641117 -0.672811
v 2.996403 1.583817 -0.786611
v 3.196303 1.837817 -0.693511
v 3.412303 2.042917 -0.715911
v 3.248503 1.780717 -0.807211
v 3.471303 1.990917 -0.831711
v 3.300303 1.723917 -0.922111
v 3.035103 1.529017 -0.902311
v 3.527303 1.941517 -0.951011
v 3.358003 1.650317 -1.094211
v 3.079803 1.451517 -1.069411
v 3.415403 1.555117 -1.384111
v 3.591303 1.879117 -1.126911
v 3.657503 1.802317 -1.421011
v 3.772203 2.081317 -1.167311
v 3.853903 2.012717 -1.461811
v 3.701603 2.137317 -0.990711
v 3.881903 2.250617 -1.211911
v 3.998703 2.173117 -1.493011
v 3.938703 2.353817 -1.234911
v 3.807903 2.299017 -1.034211
v 3.750503 2.335917 -0.910711
v 3.852603 2.398817 -1.060811
v 3.793703 2.428217 -0.934111
v 3.866403 2.487617 -1.095611
v 3.965803 2.440617 -1.264211
v 3.805003 2.513717 -0.964611
v 3.882203 2.632617 -1.168911
v 3.989503 2.568217 -1.330011
v 3.820303 2.662917 -1.030311
v 3.772503 2.685517 -0.889611
v 3.724303 2.729317 -0.668211
v 3.781703 2.530617 -0.818311
v 3.734403 2.580917 -0.598511
v 3.746303 2.456517 -0.802411
v 3.696003 2.372917 -0.786111
v 3.682303 2.512617 -0.593611
v 3.576303 2.232317 -0.756111
v 3.642803 2.181917 -0.870011
v 3.590603 2.711617 -0.257011
v 3.608103 2.846717 -0.303711
v 3.389003 2.882917 0.114789
v 3.223803 3.027317 0.472789
v 3.378603 3.024417 0.058089
v 3.205703 3.151017 0.414289
v 3.465603 3.135217 0.067189
v 3.254903 3.262317 0.403289
v 3.571403 3.138517 0.136989
v 3.678603 2.965417 -0.313611
v 3.782403 2.974917 -0.252111
v 3.822703 2.847017 -0.676811
v 3.860003 3.007017 -0.204311
v 3.632503 3.173417 0.173589
v 3.399803 3.326717 0.485989
v 3.452403 3.336817 0.519389
v 3.198303 3.449217 0.730889
v 3.338703 3.305417 0.447389
v 3.088703 3.352417 0.699289
v 3.141603 3.412617 0.711189
v 2.995503 3.499117 0.894389
v 3.059203 3.553717 0.887789
v 2.966403 3.624917 1.002289
v 3.145603 3.577317 0.887089
v 3.255003 3.455217 0.752489
v 3.241703 3.547217 0.908189
v 3.078903 3.661317 0.982089
v 3.223303 3.643417 0.996589
v 3.004803 3.719917 1.073689
v 2.897903 3.670717 1.107589
v 3.379203 3.568417 0.958189
v 3.170503 3.744917 1.051789
v 3.271603 3.682717 1.039889
v 3.273703 3.738017 1.044189
v 3.337303 3.520617 0.914989
v 3.429403 3.493417 0.780389
v 3.329803 3.445517 0.779489
v 4.157703 2.452317 -1.557611
v 4.102703 2.661317 -1.343011
v 4.228403 2.529817 -1.568711
v 4.344103 2.426817 -1.890411
v 4.320803 2.572917 -1.533111
v 4.420903 2.460117 -1.841811
v 4.417503 2.575817 -1.469111
v 4.494503 2.480217 -1.782111
v 4.603103 2.384817 -2.173311
v 4.563003 2.486317 -1.733511
v 4.664303 2.403617 -2.134511
v 4.787603 2.461917 -2.061311
v 4.828403 2.287317 -2.554611
v 4.963503 2.347617 -2.475911
v 4.763603 2.263617 -2.592011
v 5.037303 2.285817 -2.987111
v 5.196903 2.298917 -2.879911
v 5.401703 2.294917 -3.200611
v 5.508603 2.388317 -2.693411
v 5.882603 2.609617 -2.479311
v 5.723403 2.368717 -3.009311
v 5.225503 2.531417 -2.326111
v 5.585003 2.721617 -2.113311
v 5.047003 2.591117 -1.898811
v 5.372003 2.781117 -1.700011
v 5.678003 3.049017 -1.527811
v 5.946403 3.001517 -1.910011
v 6.170703 3.034017 -2.336211
v 6.401003 3.016617 -2.647511
v 6.629803 3.397817 -2.530811
v 6.505303 3.022917 -2.814311
v 6.097203 2.599517 -2.804411
v 6.195203 2.609217 -2.967011
v 6.245003 2.603317 -3.022011
v 5.823203 2.366617 -3.161611
v 5.506903 2.268417 -3.353211
v 5.870703 2.355017 -3.216311
v 5.933003 2.313617 -3.251711
v 5.563203 2.242917 -3.425711
v 5.636103 2.181117 -3.481511
v 5.412303 2.170017 -3.541811
v 5.319503 2.100017 -3.626511
v 5.500603 2.105117 -3.588811
v 5.435603 2.032617 -3.629211
v 5.351703 2.200117 -3.469111
v 5.237803 2.267417 -3.322311
v 5.255404 2.147617 -3.531911
v 5.110404 2.102017 -3.570511
v 5.143603 2.218517 -3.383211
v 5.022503 2.141217 -3.404311
v 4.952803 2.262817 -3.040011
v 4.682703 2.257917 -2.643811
v 4.853103 2.206217 -3.073311
v 4.758903 2.119017 -3.073411
v 4.891003 2.052717 -3.395311
v 4.604103 2.208217 -2.671211
v 4.692903 2.009017 -3.029411
v 4.655103 1.905017 -2.964911
v 4.797303 1.930317 -3.342211
v 4.554903 2.115117 -2.643811
v 4.421803 2.231217 -2.254511
v 4.527303 2.020917 -2.596411
v 4.471603 1.963517 -2.580011
v 4.374103 2.152217 -2.232611
v 4.247403 2.261017 -1.862911
v 4.316203 2.095417 -2.231011
v 4.229503 2.002617 -2.213811
v 4.199203 2.189417 -1.857011
v 4.116003 2.090017 -1.844711
v 4.071303 2.276217 -1.508311
v 4.119703 2.352917 -1.519011
v 3.958203 1.925917 -1.809311
v 3.749803 1.702317 -1.759011
v 4.069503 1.832817 -2.161311
v 3.858903 1.598817 -2.086711
v 4.214403 1.708617 -2.485111
v 4.346903 1.583117 -2.795011
v 4.004303 1.468117 -2.386411
v 4.377403 1.879517 -2.553811
v 4.506503 1.757017 -2.874211
v 4.594103 1.666317 -3.128711
v 4.590503 1.848817 -2.928011
v 4.689203 1.752017 -3.196211
v 4.734103 1.706417 -3.336211
v 4.764603 1.809217 -3.252811
v 4.820503 1.759917 -3.397111
v 4.861003 1.715917 -3.493311
v 4.869703 1.878717 -3.491511
v 4.932303 1.839217 -3.571911
v 4.971903 2.003917 -3.550111
v 5.031404 1.952717 -3.624911
v 5.104603 1.874217 -3.705911
v 5.158903 2.045117 -3.649911
v 5.197703 1.946617 -3.723211
v 5.298303 1.967017 -3.709311
v 5.233003 1.847617 -3.789211
v 5.283303 1.767717 -3.818011
v 5.293203 1.884017 -3.762311
v 5.166903 1.792117 -3.781611
v 5.113503 1.730517 -3.750111
v 5.212603 1.716317 -3.816111
v 5.155603 1.664017 -3.774411
v 5.255503 1.640817 -3.804611
v 5.189103 1.597017 -3.754311
v 5.336203 1.690217 -3.801511
v 5.301103 1.568317 -3.746411
v 5.239503 1.536617 -3.712511
v 5.321003 1.521617 -3.635511
v 5.370803 1.608517 -3.738211
v 5.437403 1.648617 -3.685811
v 5.380903 1.543817 -3.630511
v 5.422204 1.582017 -3.606611
v 5.359403 1.522217 -3.479811
v 5.417203 1.577617 -3.497211
v 5.355003 1.492317 -3.329311
v 5.304403 1.490217 -3.488011
v 5.278103 1.455417 -3.337811
v 5.232503 1.472717 -3.489311
v 5.180103 1.449417 -3.345211
v 5.159703 1.482717 -3.501911
v 5.265903 1.507417 -3.621711
v 5.205303 1.504817 -3.589511
v 5.177303 1.522017 -3.642111
v 5.100703 1.519517 -3.545611
v 5.129303 1.574617 -3.673511
v 5.103203 1.636317 -3.692811
v 5.055703 1.576817 -3.586311
v 5.017803 1.636217 -3.598511
v 4.964303 1.562117 -3.514311
v 4.905203 1.626717 -3.523011
v 5.009203 1.486217 -3.457211
v 4.884903 1.530917 -3.453211
v 4.773304 1.470117 -3.363611
v 4.938803 1.449017 -3.387111
v 4.813503 1.601117 -3.464811
v 4.710503 1.531417 -3.378611
v 4.759503 1.671017 -3.410511
v 4.660403 1.594617 -3.327611
v 4.481103 1.437117 -3.249511
v 4.635803 1.624617 -3.259811
v 4.455204 1.469417 -3.188411
v 4.406003 1.516917 -3.063411
v 4.217703 1.255417 -3.090811
v 4.181803 1.290617 -2.960111
v 4.240603 1.222417 -3.145711
v 3.945403 0.978017 -3.000311
v 4.261003 1.161217 -3.192511
v 3.960003 0.916017 -3.016611
v 4.301603 1.092217 -3.171711
v 4.517004 1.374717 -3.304311
v 4.572703 1.309617 -3.280211
v 4.612803 1.265417 -3.214311
v 4.615103 1.274817 -3.118011
v 4.338903 1.039717 -3.121011
v 4.826503 1.403917 -3.305311
v 4.835104 1.418217 -3.192211
v 4.965303 1.457617 -3.266511
v 4.817703 1.443417 -3.115711
v 4.954504 1.485417 -3.178611
v 4.796503 1.467117 -2.967111
v 4.613503 1.277217 -3.046511
v 4.909303 1.539417 -3.027911
v 4.991803 1.563117 -3.068111
v 4.838803 1.611217 -2.714111
v 4.729003 1.547417 -2.680611
v 4.900103 1.642217 -2.732311
v 4.715103 1.751217 -2.341811
v 4.578603 1.875017 -1.954111
v 4.774703 1.786517 -2.333811
v 4.614603 1.667317 -2.324511
v 4.410503 1.488517 -2.279411
v 4.490803 1.773517 -1.939311
v 4.292303 1.595017 -1.910511
v 4.332003 1.888417 -1.612111
v 4.170303 1.689917 -1.585911
v 4.436803 1.973617 -1.613311
v 4.225703 1.920517 -1.357511
v 4.155003 1.925517 -1.161411
v 4.086603 1.731117 -1.349111
v 4.307303 2.017717 -1.371811
v 4.376203 2.056517 -1.370811
v 4.277703 2.067317 -1.194811
v 4.225203 2.012717 -1.178311
v 4.176503 2.022617 -1.010811
v 4.227303 2.052117 -1.020511
v 4.177303 2.093617 -0.868811
v 4.315703 2.053917 -0.988011
v 4.428903 2.060217 -0.931811
v 4.369803 2.071217 -1.166411
v 4.260503 2.109117 -0.832111
v 4.365003 2.131017 -0.776211
v 4.202803 2.190917 -0.695511
v 4.118903 2.167117 -0.735511
v 4.124103 2.272417 -0.500411
v 4.301603 2.207217 -0.634711
v 4.040503 2.270917 -0.554011
v 3.987303 2.224917 -0.563311
v 3.946903 2.360117 -0.232511
v 3.782503 2.522517 0.148389
v 3.911503 2.317317 -0.247811
v 4.000903 2.393317 -0.201011
v 4.075903 2.403917 -0.152211
v 3.820203 2.573217 0.167089
v 3.584603 2.730917 0.615889
v 3.529803 2.713917 0.579189
v 3.871603 2.589217 0.196689
v 3.945103 2.589717 0.229589
v 4.006603 2.642817 0.238989
v 4.169603 2.434117 -0.110111
v 4.321903 2.338717 -0.391211
v 4.225803 2.528817 -0.113011
v 4.235003 2.635317 -0.140511
v 4.366803 2.457917 -0.403711
v 4.388803 2.551217 -0.428811
v 4.471903 2.388217 -0.580911
v 4.563603 2.310617 -0.701211
v 4.498903 2.486817 -0.603411
v 4.413403 2.266217 -0.579211
v 4.485103 2.191817 -0.719211
v 4.554603 2.112617 -0.872811
v 4.564703 2.121117 -1.071311
v 4.637503 2.233417 -0.844311
v 4.669203 2.369717 -0.846311
v 4.640303 2.211217 -1.035111
v 4.648403 2.172117 -1.228511
v 4.693203 2.329517 -1.013811
v 4.696003 2.279217 -1.202011
v 4.752403 2.424017 -0.987211
v 4.777403 2.355017 -1.162311
v 4.827303 2.256417 -1.406911
v 4.836003 2.391717 -1.128111
v 4.932203 2.452717 -1.063811
v 4.799003 2.473517 -0.956211
v 4.889003 2.289917 -1.378311
v 5.003003 2.175117 -1.744411
v 5.006303 2.339617 -1.307611
v 5.132303 2.234017 -1.679611
v 5.243503 2.488917 -1.156311
v 5.401503 2.398617 -1.527111
v 5.511503 2.739817 -0.996311
v 5.128603 2.601117 -0.932411
v 5.350703 2.841017 -0.799311
v 5.046203 2.682817 -0.784111
v 4.878603 2.541317 -0.898411
v 5.246003 2.896817 -0.663811
v 4.951703 2.741717 -0.676411
v 4.798803 2.605717 -0.780711
v 4.863303 2.767717 -0.571911
v 5.137403 2.941017 -0.564411
v 5.039503 2.961617 -0.467011
v 5.321003 3.171417 -0.470811
v 5.465103 3.365817 -0.399011
v 5.428803 3.153717 -0.572611
v 5.543003 3.126317 -0.702211
v 5.562903 3.379117 -0.512211
v 5.639303 3.482017 -0.462911
v 5.681703 3.372417 -0.642911
v 5.868103 3.329617 -0.827611
v 5.753003 3.497517 -0.613011
v 5.941203 3.454817 -0.812311
v 5.831103 3.504217 -0.548911
v 5.710303 3.496217 -0.393611
v 6.008503 3.476417 -0.772411
v 5.914603 3.529017 -0.449311
v 6.093903 3.486617 -0.673711
v 5.970003 3.618817 -0.368011
v 5.795703 3.536517 -0.295211
v 5.698003 3.501017 -0.170911
v 5.843303 3.638517 -0.217611
v 5.756603 3.602817 -0.084311
v 5.852903 3.723817 -0.176211
v 5.763403 3.696217 -0.039311
v 5.992503 3.704217 -0.327011
v 5.857403 3.797317 -0.138811
v 5.756803 3.770417 -0.009311
v 5.769803 3.837017 0.033989
v 5.821903 3.908117 0.124989
v 5.661903 3.814217 0.111889
v 5.706303 3.891717 0.188989
v 5.918103 4.022217 0.282889
v 5.595503 3.454417 -0.066811
v 5.600903 3.471217 -0.277511
v 5.532703 3.463917 -0.350611
v 6.167503 3.556617 -0.578411
v 6.361203 3.455817 -1.020111
v 6.267103 3.457517 -1.114111
v 6.571203 3.433217 -1.531411
v 6.202203 3.413317 -1.135811
v 6.117803 3.283117 -1.148411
v 6.500503 3.375817 -1.543211
v 6.377203 3.258617 -1.572911
v 6.760803 3.398217 -2.021111
v 7.038303 3.330117 -2.375111
v 6.611403 3.263117 -2.050511
v 6.865503 3.442217 -1.999111
v 7.123903 3.404417 -2.375711
v 7.218803 3.434817 -2.580211
v 7.242803 3.463217 -2.710011
v 7.322303 3.476317 -2.498511
v 7.137503 3.345817 -2.582311
v 6.963303 3.198917 -2.597211
v 7.140403 3.377617 -2.693311
v 6.926103 3.292617 -2.788611
v 6.977803 3.223617 -2.691111
v 7.047303 3.453017 -2.766811
v 7.110503 3.520317 -2.775611
v 6.928903 3.536617 -2.743111
v 6.861103 3.583317 -2.649511
v 6.818303 3.360017 -2.742711
v 6.989403 3.633217 -2.754011
v 7.086103 3.674017 -2.805311
v 7.014403 3.815017 -2.703311
v 6.909103 3.699917 -2.644311
v 6.945203 3.841817 -2.624711
v 6.797603 3.737417 -2.470811
v 6.737103 3.615617 -2.490211
v 6.975503 4.009717 -2.604311
v 7.048203 3.997517 -2.682711
v 7.102103 4.126117 -2.509011
v 7.179603 4.118617 -2.589611
v 7.234903 4.148417 -2.377711
v 6.976403 4.112517 -2.368511
v 7.116803 4.123217 -2.243911
v 7.341403 4.117717 -2.438811
v 7.296703 4.155617 -2.246211
v 7.492103 3.957617 -2.477111
v 7.405003 4.066617 -2.553611
v 7.257203 4.095317 -2.678311
v 7.461103 4.024317 -2.656911
v 7.326403 4.057517 -2.762811
v 7.530003 3.941717 -2.610511
v 7.508603 3.983517 -2.775011
v 7.395103 4.001917 -2.850411
v 7.518503 3.949517 -2.858011
v 7.563703 3.920117 -2.738211
v 7.598003 3.855017 -2.730311
v 7.560803 3.894917 -2.855711
v 7.586503 3.842117 -2.845811
v 7.479103 3.866817 -2.949911
v 7.449603 3.927717 -2.918011
v 7.502103 3.816117 -2.957311
v 7.353803 3.834517 -2.942011
v 7.256303 3.818417 -2.884311
v 7.361503 3.891617 -2.925011
v 7.361103 3.777817 -2.952711
v 7.408303 3.725517 -2.963411
v 7.258903 3.742717 -2.900911
v 7.166903 3.708317 -2.850311
v 7.318203 3.671417 -2.929411
v 7.420803 3.622517 -2.919411
v 7.242103 3.614517 -2.876111
v 7.367003 3.556417 -2.858111
v 7.176503 3.571517 -2.817211
v 7.308103 3.518617 -2.786411
v 7.372503 3.498917 -2.601711
v 7.435003 3.528517 -2.690311
v 7.506203 3.618817 -2.576511
v 7.494603 3.569217 -2.770011
v 7.532703 3.627417 -2.849311
v 7.566003 3.658217 -2.671411
v 7.592703 3.700217 -2.767711
v 7.574403 3.756517 -2.622511
v 7.606203 3.779117 -2.735211
v 7.565803 3.848617 -2.603811
v 7.593703 3.786317 -2.839811
v 7.526803 3.769817 -2.943511
v 7.587903 3.731217 -2.839111
v 7.540903 3.703417 -2.909111
v 7.458403 3.677617 -2.948711
v 7.167503 3.813517 -2.822011
v 7.087403 3.809217 -2.765911
v 7.206103 3.941317 -2.818211
v 7.294203 3.908417 -2.883411
v 7.124203 3.974217 -2.754511
v 6.572503 3.008117 -2.882811
v 6.763203 3.372717 -2.665111
v 6.678503 2.941417 -2.912811
v 6.331503 2.563017 -3.074811
v 6.446003 2.453917 -3.057411
v 5.966703 2.266217 -3.212811
v 5.645103 2.113017 -3.403911
v 5.971003 2.246717 -3.131511
v 6.400303 2.445217 -2.897411
v 5.648503 2.096317 -3.326711
v 5.943703 2.187817 -2.900211
v 5.524303 1.995117 -2.635911
v 6.330403 2.444817 -2.662011
v 5.792103 2.229317 -2.476411
v 5.634903 2.027417 -3.100011
v 5.530303 1.936517 -3.179911
v 5.539804 1.984317 -3.421411
v 5.487103 1.880617 -3.175511
v 5.421603 1.914717 -2.699411
v 5.368303 1.886117 -2.703811
v 5.201703 2.012317 -2.174511
v 5.140403 1.981117 -2.188611
v 5.324503 2.089817 -2.119811
v 5.585003 2.321017 -1.987311
v 5.887103 2.648517 -1.828511
v 5.705103 2.669617 -1.357711
v 6.155903 2.994617 -1.683811
v 6.137003 2.532617 -2.277611
v 6.415503 2.921917 -2.130211
v 6.631203 2.852117 -2.499011
v 6.699903 2.861317 -2.713511
v 6.876903 3.187117 -2.395911
v 6.735903 2.865417 -2.826311
v 5.957603 2.994417 -1.219811
v 5.731603 3.051517 -0.880811
v 4.945303 2.129717 -1.760711
v 5.096503 1.879417 -2.183711
v 5.251903 1.808017 -2.691611
v 5.405503 1.757917 -3.112611
v 5.191403 1.692317 -2.655811
v 5.313403 1.632617 -3.048911
v 5.124303 1.652917 -2.661411
v 5.043503 1.776417 -2.183211
v 4.849803 1.940717 -1.792811
v 4.977303 1.731317 -2.203111
v 4.806903 1.903117 -1.819411
v 4.915103 1.746417 -2.241511
v 4.764903 1.902517 -1.853911
v 4.851203 1.788917 -2.294711
v 5.064503 1.653317 -2.685011
v 5.178703 1.579817 -3.056811
v 5.090603 1.582117 -3.073211
v 4.986903 1.683117 -2.722711
v 5.145504 1.486217 -3.237611
v 5.245003 1.484217 -3.226311
v 5.043003 1.490517 -3.227511
v 5.066203 1.475017 -3.347611
v 5.324303 1.509717 -3.214911
v 5.237403 1.591717 -3.043811
v 5.405203 1.585617 -3.235111
v 5.430703 1.754217 -3.335511
v 5.424503 1.574917 -3.352911
v 5.447803 1.739617 -3.447211
v 5.465903 1.697117 -3.573211
v 5.437203 1.834817 -3.653711
v 5.486104 1.931717 -3.553911
v 5.379603 1.924817 -3.689511
v 5.540203 2.018317 -3.524511
v 5.490203 1.907417 -3.417511
v 5.344003 1.831317 -3.773011
v 5.408803 1.750517 -3.752511
v 4.710603 1.928317 -1.902111
v 4.640703 1.919717 -1.940311
v 4.572803 2.013517 -1.567711
v 4.506303 2.002317 -1.598011
v 4.628803 2.017817 -1.530911
v 4.457303 2.065017 -1.342111
v 4.531203 2.076617 -1.304211
v 4.469903 2.074917 -1.119011
v 4.593303 2.107717 -1.264611
v 4.671103 2.033817 -1.495711
v 4.714903 2.078017 -1.462111
v 4.764503 2.170617 -1.435311
v 4.903703 2.025817 -1.769211
v 4.778003 2.790617 -0.464611
v 4.720103 2.632917 -0.668311
v 4.643403 2.659417 -0.554611
v 4.651203 2.565817 -0.713811
v 4.617703 2.514517 -0.726211
v 4.724203 2.538317 -0.833811
v 4.581103 2.591817 -0.591211
v 4.462803 2.657417 -0.428011
v 4.543403 2.552817 -0.603611
v 4.424603 2.617917 -0.437111
v 4.257603 2.714517 -0.149611
v 4.014403 2.847017 0.200989
v 4.289703 2.753017 -0.140611
v 4.340703 2.805417 -0.113911
v 4.061703 2.886917 0.221689
v 4.110503 2.923917 0.248589
v 3.809603 3.020017 0.647689
v 3.793303 2.960817 0.645989
v 3.650003 3.026217 1.055789
v 3.797903 2.858317 0.670389
v 3.650603 2.924417 1.083689
v 3.765103 2.771217 0.679389
v 4.004203 2.749217 0.213089
v 4.524803 2.717317 -0.393211
v 4.443503 2.907017 -0.049711
v 4.649803 2.834717 -0.309611
v 4.688003 2.478817 -0.851811
v 4.589403 2.428717 -0.718611
v 4.221803 2.272817 -0.432711
v 3.493003 2.659417 0.550589
v 3.752003 2.467917 0.130789
v 3.434703 2.568217 0.520089
v 3.688103 2.378617 0.107289
v 3.312703 2.417217 0.483689
v 3.151403 2.221417 0.433889
v 3.562803 2.224017 0.076689
v 3.389003 2.024017 0.029889
v 3.725903 2.067917 -0.289611
v 3.552403 1.855617 -0.332411
v 3.847403 2.231117 -0.263511
v 3.811903 1.964417 -0.590011
v 3.650503 1.735817 -0.625311
v 3.923603 2.139117 -0.569911
v 3.881703 1.888617 -0.768411
v 3.992903 2.063317 -0.750411
v 3.927303 1.841217 -0.897911
v 3.720003 1.657717 -0.800911
v 3.760303 1.615217 -0.929411
v 3.508703 1.408517 -0.843711
v 3.445903 1.482717 -0.673011
v 3.245003 1.179817 -0.883311
v 3.542903 1.370217 -0.963611
v 3.585303 1.322017 -1.076911
v 3.270503 1.146317 -0.995411
v 3.302903 1.102417 -1.100711
v 2.956503 0.966617 -1.006911
v 2.976503 0.927917 -1.112711
v 2.644603 0.799517 -1.001311
v 2.938303 1.000617 -0.898111
v 2.896903 1.066417 -0.743411
v 2.635103 0.837817 -0.894011
v 2.606903 0.900717 -0.746111
v 2.547703 1.004117 -0.514611
v 2.345503 0.751817 -0.753711
v 2.297203 0.845417 -0.541211
v 2.251603 0.953717 -0.261011
v 2.103103 0.736717 -0.567411
v 2.025403 0.668017 -0.570511
v 2.074603 0.826317 -0.302911
v 1.978803 0.878617 -0.020811
v 1.990103 0.756717 -0.317211
v 2.044003 0.985717 -0.010611
v 2.064603 1.095017 0.275389
v 2.194703 1.130517 0.046089
v 2.180503 1.250217 0.344089
v 2.379703 1.322317 0.120989
v 2.336203 1.440717 0.442889
v 2.583803 1.540517 0.198689
v 2.477103 1.133617 -0.211811
v 2.717503 1.333817 -0.162611
v 2.961203 1.549717 -0.103511
v 2.822603 1.175317 -0.486811
v 3.099203 1.369717 -0.445611
v 3.193503 1.247217 -0.719011
v 3.343803 1.609117 -0.388711
v 3.186203 1.790117 -0.035211
v 2.979803 2.000017 0.363689
v 2.790803 1.769217 0.280989
v 2.186903 1.295717 0.535989
v 2.196503 1.324317 0.672389
v 2.105703 1.126217 0.471689
v 2.119303 1.161717 0.619789
v 2.068503 1.026117 0.449889
v 2.022303 0.975717 0.258989
v 2.081203 1.079017 0.597289
v 2.040503 0.960617 0.457789
v 1.993703 0.897917 0.480289
v 1.985903 0.979517 0.614789
v 2.047803 1.030917 0.599089
v 2.004103 0.893917 0.268389
v 1.974203 0.826517 0.286789
v 1.972403 0.801517 -0.011411
v 1.965203 0.730317 0.001289
v 1.973003 0.697917 -0.310711
v 1.972103 0.621017 -0.298611
v 1.942803 0.546417 -0.289111
v 1.939203 0.666417 0.014789
v 1.924403 0.778317 0.304789
v 1.863703 0.742317 0.317489
v 1.928003 0.849617 0.502489
v 1.858003 0.806217 0.520889
v 1.906603 0.934717 0.629789
v 1.825303 0.894017 0.640589
v 1.859403 1.040017 0.721989
v 1.777803 1.000717 0.719489
v 1.805503 1.141217 0.802089
v 1.942903 1.078417 0.725589
v 1.882603 1.186517 0.809589
v 2.013703 1.122217 0.729289
v 1.952103 1.237417 0.822089
v 2.058803 1.173317 0.739589
v 2.103003 1.257517 0.761989
v 2.006203 1.300317 0.842189
v 2.062903 1.383617 0.873189
v 2.140803 1.495817 0.918489
v 2.010703 1.497717 0.948189
v 2.083103 1.598817 0.985789
v 2.183803 1.394417 0.809489
v 1.828403 1.283117 0.888289
v 1.754203 1.223817 0.887789
v 1.675503 1.162717 0.888589
v 1.728103 1.094317 0.797289
v 1.567603 1.093817 0.870489
v 1.626503 1.030017 0.790889
v 1.419903 0.986617 0.842589
v 1.245003 0.847317 0.818889
v 1.478303 0.928817 0.783389
v 1.300103 0.800917 0.769189
v 1.529903 0.861217 0.721589
v 1.354403 0.747917 0.716389
v 1.675903 0.945117 0.720389
v 1.586703 0.777217 0.656489
v 1.417703 0.679817 0.656289
v 1.726103 0.844117 0.650389
v 1.767203 0.762917 0.532689
v 1.164003 0.605117 0.696889
v 1.108703 0.655617 0.743089
v 0.918003 0.501217 0.716489
v 1.046003 0.698417 0.789189
v 0.857903 0.535317 0.771989
v 0.716603 0.364517 0.773089
v 0.752303 0.337917 0.714689
v 0.607203 0.222417 0.773589
v 0.701903 0.362517 0.853489
v 0.629803 0.373417 0.865189
v 0.619403 0.231817 0.828789
v 0.568103 0.141417 0.826689
v 0.601203 0.253417 0.871189
v 0.554803 0.269217 0.871689
v 0.558203 0.176317 0.863489
v 0.532503 0.207317 0.875389
v 0.512103 0.216617 0.875189
v 0.495703 0.158817 0.875889
v 0.458903 0.108217 0.878389
v 0.515503 0.118517 0.861389
v 0.482203 0.186117 0.879889
v 0.446703 0.148117 0.886589
v 0.467503 0.223717 0.880389
v 0.512703 0.256417 0.872489
v 0.430003 0.280717 0.879889
v 0.421403 0.188317 0.891389
v 0.367003 0.235617 0.897589
v 0.306403 0.294117 0.910589
v 0.385303 0.348117 0.887989
v 0.275103 0.365017 0.945689
v 0.215503 0.351717 0.984289
v 0.196703 0.419717 1.002389
v 0.179003 0.458617 0.990189
v 0.156803 0.493917 0.959189
v 0.261503 0.431817 0.981089
v 0.354603 0.413217 0.919689
v 0.432903 0.460817 0.895289
v 0.463603 0.400717 0.869689
v 0.517103 0.507017 0.875289
v 0.546503 0.448417 0.855889
v 0.611103 0.552317 0.857989
v 0.638303 0.487517 0.847389
v 0.574503 0.588517 0.894289
v 0.557903 0.359417 0.856689
v 0.493703 0.324717 0.865689
v 0.473003 0.062217 0.857689
v 0.444003 -0.027783 0.777089
v 0.479603 0.012417 0.824789
v 0.423803 -0.080583 0.717989
v 0.406103 -0.138883 0.639389
v 0.465603 -0.034583 0.641689
v 0.473703 0.010217 0.716189
v 0.539603 0.059317 0.645689
v 0.641803 0.164617 0.651789
v 0.533903 0.092617 0.717089
v 0.537903 0.125317 0.775189
v 0.619203 0.195017 0.716989
v 0.489403 0.051017 0.775189
v 0.521603 0.077617 0.824889
v 2.648803 0.767717 -1.110411
v 2.661403 0.719517 -1.210511
v 2.678703 0.666517 -1.305511
v 2.337803 0.579917 -1.207011
v 3.004703 0.872517 -1.212511
v 3.335403 1.056117 -1.210911
v 3.030003 0.820617 -1.319511
v 3.362703 1.014717 -1.335711
v 3.057003 0.763617 -1.471011
v 3.402103 0.953117 -1.504511
v 3.100403 0.673217 -1.694911
v 2.686503 0.632017 -1.447011
v 2.697603 0.582817 -1.661011
v 2.335703 0.515517 -1.425611
v 2.331103 0.469717 -1.614311
v 2.340803 0.539417 -1.297811
v 2.333503 0.395017 -1.826311
v 2.725603 0.485217 -1.893011
v 2.339303 0.306017 -2.028211
v 2.758303 0.365917 -2.108911
v 2.343203 0.238817 -2.193611
v 2.040703 0.209717 -1.942611
v 2.032503 0.155317 -2.095711
v 2.036603 0.118917 -2.184811
v 1.903703 0.061417 -2.145411
v 2.351203 0.196117 -2.283511
v 2.358103 0.176617 -2.342111
v 2.786603 0.219617 -2.408011
v 3.242603 0.315117 -2.551111
v 2.778203 0.209017 -2.500111
v 2.780303 0.271517 -2.290011
v 3.231603 0.368417 -2.413811
v 3.200003 0.451817 -2.200611
v 3.651303 0.554917 -2.560111
v 3.676103 0.496517 -2.703411
v 3.601003 0.640317 -2.325111
v 4.036103 0.779517 -2.688211
v 4.349503 1.044017 -2.806611
v 4.052803 0.747217 -2.842211
v 3.960403 0.871917 -2.436711
v 4.260503 1.135517 -2.542711
v 3.873903 0.974717 -2.121411
v 3.537803 0.741617 -2.037711
v 3.764803 1.105617 -1.814911
v 4.158003 1.238417 -2.204811
v 4.034103 1.362117 -1.867711
v 3.952903 1.441117 -1.555711
v 3.700203 1.186117 -1.530011
v 3.889203 1.495117 -1.347111
v 3.854803 1.520717 -1.187311
v 3.649903 1.246817 -1.343211
v 3.621703 1.280117 -1.201311
v 4.032303 1.748817 -1.169111
v 3.812703 1.561017 -1.049811
v 3.982003 1.786917 -1.022411
v 4.104003 1.953717 -1.003711
v 4.045003 2.009517 -0.878011
v 4.121603 2.072717 -0.872711
v 4.062403 2.137717 -0.744811
v 3.457603 0.866517 -1.758011
v 3.151203 0.564217 -1.950211
v 4.515703 1.383717 -2.629511
v 4.602703 1.291717 -2.898211
v 4.364403 1.022817 -2.958011
v 4.037403 0.751217 -2.934011
v 3.999903 0.804117 -2.977411
v 3.659303 0.494317 -2.806411
v 4.360103 1.020417 -3.040911
v 3.621403 0.557617 -2.846311
v 3.192203 0.376917 -2.729811
v 3.224803 0.314517 -2.657911
v 3.165203 0.466117 -2.752211
v 2.759403 0.282717 -2.564611
v 3.596503 0.617217 -2.864711
v 3.976403 0.854317 -2.999611
v 4.139903 1.339417 -2.685211
v 4.996103 1.701717 -3.622111
v 5.032303 1.787617 -3.664311
v 5.073903 1.687017 -3.689211
v 3.728203 1.206917 -2.295111
v 3.617203 1.312017 -2.003711
v 3.326503 1.043317 -1.901811
v 3.504803 1.430517 -1.706411
v 3.218103 1.180517 -1.636711
v 3.129703 1.337217 -1.343811
v 2.889703 1.028317 -1.536911
v 2.554203 0.932717 -1.427811
v 2.827703 1.192117 -1.277611
v 2.981503 0.864417 -1.766311
v 2.246703 0.833917 -1.320011
v 2.002503 0.757317 -1.239511
v 4.280303 2.352917 -1.891011
v 4.457403 2.326617 -2.273911
v 4.530903 2.377517 -2.233811
v 2.759003 2.691217 0.565389
v 2.547103 2.909417 0.691389
v 2.684503 3.098817 0.786089
v 2.575303 3.232617 0.975589
v 2.546203 3.335017 1.131189
v 2.531303 3.428717 1.237389
v 2.628703 3.460817 1.131489
v 2.478203 3.206517 1.149589
v 2.462203 3.108817 1.218589
v 2.498703 3.334617 1.277789
v 2.509303 3.391317 1.411189
v 2.492603 3.444917 1.358489
v 2.493103 3.260617 1.331389
v 2.495303 3.540417 1.412089
v 2.515003 3.513917 1.305589
v 2.500003 3.591117 1.352689
v 2.566703 3.593817 1.262089
v 2.587403 3.527317 1.203989
v 2.635303 3.685717 1.226189
v 2.543903 3.659817 1.302689
v 2.510703 3.718117 1.336989
v 2.613303 3.750917 1.263789
v 2.635603 3.873617 1.289889
v 2.576503 3.791817 1.307389
v 2.510903 3.833217 1.321189
v 2.432103 3.882517 1.312489
v 2.397703 3.826817 1.361989
v 2.462503 3.773317 1.358389
v 2.562603 3.899517 1.309089
v 2.475003 3.952717 1.301989
v 2.602603 3.963917 1.344989
v 2.508403 4.015017 1.340389
v 2.615603 3.979117 1.435489
v 2.667003 3.927817 1.349189
v 2.674903 3.940417 1.438989
v 2.722303 3.911617 1.355689
v 2.717203 3.929017 1.442789
v 2.774003 3.919017 1.373189
v 2.810803 3.944717 1.398289
v 2.748903 3.930617 1.454289
v 2.775103 3.934917 1.487989
v 2.748403 3.907017 1.516289
v 2.775003 3.900817 1.558289
v 2.724503 3.900017 1.527789
v 2.749403 3.859817 1.605889
v 2.678103 3.911217 1.536289
v 2.610203 3.949917 1.538889
v 2.679603 3.864617 1.619389
v 2.672903 3.789717 1.650889
v 2.586903 3.784117 1.628789
v 2.575703 3.889217 1.641189
v 2.432403 3.867117 1.575089
v 2.474003 3.979317 1.601089
v 2.406503 4.034417 1.566789
v 2.378203 3.946917 1.568889
v 2.515703 4.013117 1.523289
v 2.409603 4.073317 1.501989
v 2.521003 4.037217 1.423889
v 2.407903 4.079317 1.410589
v 2.403903 4.043017 1.341989
v 2.302103 4.094417 1.484689
v 2.313903 4.069517 1.398689
v 2.327203 4.014417 1.345489
v 2.264103 4.030317 1.394189
v 2.221303 4.033417 1.459789
v 2.279203 3.964817 1.371689
v 2.236303 3.934817 1.435089
v 2.333103 3.886617 1.362289
v 2.365203 3.942417 1.316489
v 2.411603 3.982517 1.306589
v 2.304203 3.861817 1.422889
v 2.283903 3.937117 1.509789
v 2.379203 3.802517 1.423789
v 2.328103 3.861317 1.498989
v 2.391303 3.787917 1.494189
v 2.445803 3.707417 1.485789
v 2.470703 3.779517 1.579989
v 2.498903 3.689817 1.562589
v 2.519903 3.603217 1.517689
v 2.608402 3.691817 1.594789
v 2.695203 3.691417 1.580889
v 2.676903 3.645217 1.566089
v 2.678203 3.728017 1.610689
v 2.593303 3.586517 1.547389
v 2.665803 3.561617 1.535889
v 2.726503 3.550317 1.519989
v 2.765203 3.501017 1.535889
v 2.768103 3.570117 1.545989
v 2.733803 3.634317 1.550789
v 2.738103 3.695017 1.581589
v 2.769103 3.639217 1.587389
v 2.776503 3.642117 1.652989
v 2.764003 3.704417 1.623489
v 2.772603 3.711417 1.687689
v 2.761403 3.766517 1.650189
v 2.730903 3.745217 1.612389
v 2.779603 3.785617 1.705989
v 2.765103 3.825217 1.667989
v 2.731403 3.803317 1.633889
v 2.774603 3.850517 1.726489
v 2.771203 3.882217 1.660289
v 2.776403 3.936017 1.612289
v 2.751503 3.979517 1.667189
v 2.761703 3.920417 1.732789
v 2.727403 3.982017 1.772989
v 2.785603 3.926017 1.819489
v 2.762902 3.971517 1.840989
v 2.804303 3.864817 1.796689
v 2.847003 3.973417 1.867289
v 2.812903 4.017517 1.881389
v 2.865103 4.084517 1.866889
v 2.916603 3.987717 1.884589
v 2.870703 3.883817 1.847489
v 2.887103 3.801717 1.828989
v 2.958503 3.909117 1.875989
v 2.992803 3.831517 1.852389
v 3.038702 3.952417 1.867289
v 2.983402 4.011217 1.874589
v 3.016103 4.031417 1.914389
v 3.076102 3.991017 1.905589
v 3.135703 3.892217 1.835389
v 3.094403 3.759517 1.780789
v 3.249202 4.002417 1.836389
v 3.248203 3.883617 1.764989
v 3.234203 3.770717 1.741589
v 3.149403 3.978617 1.898689
v 3.147803 4.024017 1.945289
v 3.222103 4.033117 1.878889
v 3.225403 4.123817 1.844289
v 3.192903 4.075717 1.925589
v 3.196103 4.148017 1.902989
v 3.173903 4.097217 1.979789
v 3.157303 4.103817 2.035489
v 3.175003 4.162417 1.959089
v 3.133103 4.049817 1.996689
v 3.115903 4.055217 2.052889
v 3.084303 4.017417 1.958989
v 3.075303 4.030517 2.012589
v 3.009403 4.040217 2.021589
v 3.056303 4.035917 2.068289
v 3.035903 4.041017 2.128489
v 2.992503 4.045917 2.078489
v 2.976703 4.052517 2.145789
v 2.935003 4.080917 2.079489
v 2.924303 4.088317 2.155689
v 2.909603 4.142417 2.072789
v 2.945203 4.071417 2.021089
v 2.919603 4.136117 2.012189
v 2.953303 4.068917 1.970289
v 2.925003 4.134317 1.960989
v 3.019603 4.036617 1.968889
v 2.950003 4.074217 1.923489
v 2.926203 4.144917 1.908689
v 2.940003 4.081417 1.878489
v 2.925703 4.155917 1.858989
v 2.902903 4.078717 1.855589
v 2.907903 4.153917 1.815589
v 2.909903 4.221117 1.787589
v 2.866403 4.163017 1.813189
v 2.827103 4.177717 1.834989
v 2.867702 4.223817 1.771489
v 2.878603 4.253717 1.698189
v 2.815303 4.238517 1.794989
v 2.784203 4.268417 1.739289
v 2.752703 4.248217 1.843089
v 2.690303 4.256017 1.914389
v 2.710803 4.278117 1.797689
v 2.778903 4.193317 1.878589
v 2.798803 4.122717 1.911189
v 2.727503 4.211517 1.950789
v 2.742903 4.142517 1.975189
v 2.679203 4.227417 2.036789
v 2.685503 4.157617 2.053389
v 2.646203 4.282017 2.001589
v 2.632802 4.234217 2.122489
v 2.603603 4.297117 2.086589
v 2.576903 4.232517 2.195189
v 2.630303 4.166917 2.126289
v 2.612803 4.108617 2.118189
v 2.577203 4.165517 2.181789
v 2.514503 4.140517 2.225189
v 2.494503 4.221017 2.227489
v 2.581003 4.116217 2.164089
v 2.537203 4.072617 2.177289
v 2.573703 4.040717 2.106889
v 2.472503 4.077717 2.131289
v 2.511403 4.059617 2.058689
v 2.409803 4.093517 2.091389
v 2.397103 4.163717 2.129389
v 2.434602 4.132317 2.197889
v 2.439403 4.200017 2.198489
v 2.415403 4.235017 2.147589
v 2.472903 4.276317 2.161889
v 2.413103 4.259817 2.059889
v 2.388403 4.190617 2.053489
v 2.440103 4.256417 1.974889
v 2.467803 4.299517 2.078489
v 2.488603 4.303117 1.997789
v 2.518603 4.316017 2.090789
v 2.547803 4.313017 2.035989
v 2.546103 4.295617 2.149789
v 2.590903 4.297417 1.956989
v 2.644003 4.277417 1.874689
v 2.530403 4.295517 1.914889
v 2.591103 4.269117 1.834689
v 2.482103 4.245617 1.889489
v 2.543103 4.230417 1.803789
v 2.458603 4.177017 1.885189
v 2.416603 4.189517 1.972189
v 2.465303 4.106917 1.902089
v 2.514903 4.163817 1.792889
v 2.613203 4.088517 1.742289
v 2.580003 4.149117 1.699889
v 2.529703 4.095017 1.815689
v 2.571303 4.057617 1.854889
v 2.616503 4.034217 1.894889
v 2.646903 4.052617 1.780989
v 2.676403 4.014017 1.821489
v 2.504403 4.061117 1.937889
v 2.557303 4.046017 1.978889
v 2.456403 4.073817 2.021289
v 2.421303 4.122117 1.988689
v 2.399302 4.133317 2.044589
v 2.620103 4.022417 2.030089
v 2.676403 4.005117 1.951589
v 2.661203 4.093417 2.046189
v 2.718203 4.077817 1.967589
v 2.778803 4.048917 1.911489
v 2.726503 3.990517 1.885089
v 2.709303 4.022017 1.720889
v 2.689003 4.071317 1.676189
v 2.642303 4.134417 1.610889
v 2.754703 4.038517 1.583189
v 2.844803 4.050917 1.447089
v 2.735203 4.127917 1.529389
v 2.794603 3.969217 1.536689
v 2.834303 3.988217 1.428289
v 2.917703 3.968417 1.329189
v 3.049203 3.974417 1.275089
v 2.946003 4.037917 1.338489
v 2.860303 4.125917 1.447089
v 2.981303 4.115717 1.355989
v 3.096903 4.048417 1.322289
v 3.254803 4.082717 1.352389
v 3.143103 4.138117 1.372289
v 3.187403 4.019817 1.262189
v 3.270203 4.001717 1.227089
v 3.249103 3.945317 1.169189
v 3.354603 3.950917 1.145289
v 3.362503 3.908917 1.081789
v 3.486903 3.939517 1.084889
v 3.468403 3.960117 1.156489
v 3.362603 3.983817 1.195389
v 3.453303 3.979317 1.218889
v 3.388603 4.004717 1.238589
v 3.430003 4.003017 1.282189
v 3.323803 4.034917 1.282189
v 3.390503 4.030117 1.323689
v 3.360603 4.056217 1.381889
v 3.494403 4.018517 1.352889
v 3.478203 4.032817 1.397589
v 3.640303 4.092617 1.328689
v 3.518103 4.001817 1.311589
v 3.628103 4.129017 1.363789
v 3.842003 4.264717 1.296689
v 3.636703 4.163217 1.415989
v 3.654303 4.178417 1.479389
v 3.481103 4.053017 1.450589
v 3.862503 4.300317 1.354389
v 3.886603 4.313617 1.421689
v 4.173403 4.452817 1.255989
v 4.194803 4.466017 1.324889
v 4.542303 4.643817 1.132389
v 4.153003 4.419217 1.196589
v 4.525903 4.590917 1.075989
v 4.543103 4.525917 1.049689
v 4.161903 4.366717 1.156789
v 3.846103 4.219717 1.254989
v 4.208403 4.330317 1.113189
v 3.897303 4.172517 1.206289
v 4.576103 4.465017 1.024589
v 4.313203 4.325517 1.051189
v 4.616503 4.407917 0.975689
v 4.228203 4.256217 1.050489
v 4.217603 4.193017 1.009289
v 4.605303 4.337317 0.926289
v 4.614603 4.272317 0.860289
v 4.991403 4.441117 0.785589
v 5.325203 4.537917 0.656389
v 4.998603 4.365917 0.696089
v 4.983503 4.524317 0.870289
v 5.322503 4.641517 0.760689
v 4.971003 4.607616 0.934289
v 5.315203 4.739317 0.840289
v 4.949403 4.680017 0.954589
v 5.304903 4.810717 0.872989
v 4.937403 4.761017 0.959389
v 5.307603 4.897717 0.879089
v 4.961103 4.865617 0.997689
v 5.336603 5.050417 0.886689
v 5.008003 4.944716 1.077589
v 4.566003 4.675517 1.205289
v 5.385203 5.202217 0.949289
v 5.041403 4.979217 1.187289
v 5.430503 5.296017 1.080489
v 4.575803 4.674717 1.301389
v 5.086503 4.965517 1.302189
v 4.603303 4.645617 1.405889
v 5.166003 4.902717 1.394089
v 5.502503 5.294316 1.224489
v 5.586603 5.227317 1.326289
v 5.723003 5.489616 1.158089
v 5.816003 5.424817 1.303889
v 5.649303 5.456717 0.990389
v 5.866003 5.592216 1.087889
v 6.030303 5.613317 1.003589
v 5.966103 5.526517 1.257589
v 5.790203 5.537117 0.911589
v 5.735203 5.403017 0.776689
v 5.950203 5.583016 0.842189
v 6.121103 5.597816 0.790489
v 5.888703 5.458016 0.710789
v 6.070903 5.481216 0.693689
v 5.859403 5.273917 0.678189
v 5.707903 5.213417 0.746789
v 5.844503 5.121517 0.675089
v 6.030403 5.328917 0.647189
v 6.211203 5.392817 0.622789
v 6.015003 5.185117 0.645089
v 6.025903 5.104317 0.641689
v 6.182203 5.257717 0.605189
v 6.177903 5.177116 0.592989
v 6.399903 5.363216 0.539689
v 6.427903 5.498317 0.551289
v 6.714803 5.528517 0.418989
v 6.384103 5.280117 0.524289
v 6.696903 5.447017 0.390789
v 6.394903 5.181717 0.477289
v 6.690703 5.344216 0.327489
v 6.428603 5.011917 0.344889
v 6.192903 5.088517 0.548889
v 6.042903 5.022517 0.598389
v 6.225803 4.927317 0.443189
v 6.058503 4.870317 0.509189
v 6.247203 4.742817 0.294089
v 6.243603 4.569417 0.140989
v 6.453403 4.817217 0.168889
v 6.065303 4.689816 0.385789
v 5.889703 4.652417 0.454489
v 6.056903 4.522317 0.243089
v 6.036503 4.351317 0.065689
v 5.881403 4.498717 0.322289
v 5.863003 4.339417 0.158489
v 5.712903 4.486717 0.390389
v 5.696903 4.340117 0.240989
v 5.714403 4.628716 0.504889
v 5.544803 4.476617 0.457489
v 5.545503 4.596617 0.566389
v 5.530503 4.346517 0.319389
v 5.324103 4.443917 0.551089
v 5.311003 4.337717 0.424889
v 5.271503 4.207017 0.248589
v 4.992703 4.280517 0.596489
v 4.615903 4.206717 0.785589
v 4.957103 4.172517 0.474389
v 4.910503 4.073617 0.362389
v 4.582503 4.131217 0.713189
v 4.202403 4.079117 0.903789
v 4.533303 4.062317 0.651789
v 4.485903 4.017117 0.608389
v 4.158703 4.029417 0.866489
v 3.942603 3.992517 0.977289
v 4.107603 3.988617 0.836289
v 3.819503 3.962717 0.993589
v 4.045103 3.974717 0.790189
v 4.430903 3.977617 0.560489
v 4.346203 3.976317 0.473389
v 4.265403 3.934017 0.394789
v 3.975303 3.972017 0.715289
v 3.923603 3.909917 0.658289
v 3.675303 3.936517 0.892089
v 3.645503 3.890717 0.840589
v 3.691403 3.948817 0.981289
v 3.484203 3.916417 1.013389
v 3.469703 3.879017 0.960489
v 3.389303 3.879117 1.026789
v 3.450003 3.839917 0.935789
v 3.624403 3.835717 0.813089
v 3.889403 3.839817 0.636789
v 4.223903 3.840517 0.380289
v 3.863603 3.772017 0.627889
v 4.201403 3.751717 0.387789
v 4.175503 3.691917 0.371389
v 4.151103 3.626017 0.353889
v 4.625903 3.813317 0.039789
v 4.660303 3.917217 0.062189
v 3.589703 3.929817 1.127589
v 3.709703 3.962117 1.103089
v 3.551003 3.947717 1.214489
v 3.688103 3.990417 1.176289
v 3.535303 3.977117 1.271889
v 3.459203 3.989517 1.259689
v 3.673203 4.021617 1.240089
v 3.659003 4.057017 1.292389
v 3.888703 4.100617 1.151989
v 3.899503 4.054517 1.092089
v 3.893203 4.010717 1.044289
v 4.226503 4.134817 0.950989
v 4.870003 4.016417 0.291989
v 5.216503 4.114717 0.071989
v 5.486703 4.210017 0.112089
v 5.654903 4.188917 0.024489
v 5.824003 4.172317 -0.066111
v 5.997103 4.174817 -0.175211
v 5.544203 4.720716 0.677289
v 5.712603 4.774016 0.616089
v 5.537803 4.831817 0.760889
v 5.704803 4.898717 0.698989
v 5.530203 4.902017 0.799189
v 5.695003 4.969916 0.741089
v 5.533003 4.989117 0.807289
v 5.687303 5.055616 0.739789
v 5.560403 5.151717 0.811889
v 5.604603 5.326917 0.861589
v 5.864403 5.034917 0.693889
v 5.877003 4.960517 0.647089
v 5.887303 4.819716 0.566089
v 6.220003 4.392017 -0.048911
v 6.420203 4.445917 -0.203111
v 6.448003 4.634417 0.001489
v 6.689703 4.929317 -0.013811
v 6.692503 5.154716 0.176689
v 6.999203 5.325316 -0.021711
v 7.019703 5.553217 0.126589
v 7.376703 5.448916 -0.152211
v 7.699003 5.551416 -0.264511
v 6.734703 5.658517 0.441089
v 6.738303 5.801617 0.451589
v 6.454803 5.641316 0.573689
v 6.761703 5.895417 0.527689
v 6.808303 5.906317 0.633589
v 6.484103 5.740117 0.652089
v 6.282503 5.649517 0.732489
v 6.533403 5.750617 0.759589
v 6.573203 5.704217 0.858989
v 6.342603 5.656617 0.848489
v 6.385403 5.601517 0.942989
v 6.191303 5.608417 0.921089
v 6.243003 5.554517 1.030089
v 6.285303 5.455116 1.101489
v 6.110003 5.550817 1.147089
v 6.170303 5.408017 1.217789
v 6.196203 5.271317 1.212889
v 6.046503 5.349916 1.316589
v 6.073303 5.191816 1.291989
v 5.898003 5.270317 1.350089
v 5.660003 5.107917 1.360589
v 5.926903 5.115017 1.316389
v 5.694203 4.970417 1.346789
v 5.298003 4.685616 1.420589
v 4.853203 4.377017 1.507589
v 5.250303 4.799617 1.437089
v 5.326603 4.564017 1.386889
v 4.883503 4.286517 1.471589
v 4.877103 4.192017 1.396989
v 4.513503 4.073517 1.569289
v 4.241403 3.908517 1.680489
v 4.509903 3.976017 1.505889
v 4.484203 4.157517 1.607889
v 4.199703 4.003317 1.710689
v 4.416103 4.245817 1.616889
v 4.309403 4.343017 1.583589
v 4.792803 4.468217 1.527789
v 4.121203 4.094917 1.699889
v 3.908403 3.970917 1.748689
v 4.010003 4.193517 1.670389
v 3.915902 4.264017 1.588389
v 3.792903 4.063617 1.703989
v 3.694503 4.140217 1.630289
v 3.648803 3.962417 1.720989
v 3.478003 3.948017 1.709689
v 3.519903 4.039817 1.644489
v 3.565803 3.881417 1.734089
v 3.759503 3.876717 1.777989
v 3.654503 3.808817 1.782189
v 3.734303 3.725217 1.787689
v 3.855403 3.798917 1.815889
v 3.928602 3.723917 1.795789
v 3.998102 3.887517 1.769689
v 4.060903 3.801117 1.757289
v 4.079803 3.715217 1.690989
v 4.071803 3.645017 1.612489
v 3.967703 3.664117 1.734089
v 4.245803 3.807817 1.616389
v 4.219803 3.735317 1.527689
v 4.040403 3.613317 1.538589
v 4.468003 3.920717 1.410589
v 4.447503 3.889617 1.336389
v 4.175003 3.729217 1.441689
v 4.172303 3.721417 1.330289
v 4.011103 3.605517 1.472689
v 4.134703 3.660017 1.276189
v 4.476403 3.772917 1.093789
v 4.489003 3.874517 1.242789
v 4.839903 4.064917 1.154989
v 4.629703 3.878817 1.096789
v 4.891303 4.032617 1.056089
v 4.884303 3.932517 0.938689
v 4.812703 3.850117 0.882689
v 5.010503 4.030217 0.958789
v 5.270803 4.059617 0.811989
v 5.638003 4.193617 0.712789
v 5.222703 3.969517 0.734089
v 5.297503 4.141917 0.884889
v 5.670003 4.287917 0.786689
v 5.294203 4.222017 0.972089
v 5.281303 4.294317 1.055289
v 5.678603 4.394117 0.877289
v 5.878403 4.363717 0.722089
v 4.764103 3.780817 0.817289
v 4.731503 3.716017 0.755789
v 4.415903 3.701517 1.065489
v 4.400203 3.648817 1.028789
v 4.123103 3.603117 1.259689
v 3.995003 3.547717 1.429689
v 4.395403 3.589917 1.014789
v 4.129103 3.545617 1.267789
v 4.118603 3.492417 1.262989
v 3.978603 3.495617 1.434789
v 3.929603 3.513117 1.556889
v 3.887903 3.449817 1.542089
v 3.962703 3.442817 1.427189
v 3.865903 3.396617 1.526489
v 3.947403 3.387617 1.412189
v 4.103503 3.426817 1.249789
v 3.927503 3.334817 1.389289
v 3.850703 3.350717 1.508089
v 3.772002 3.326717 1.582389
v 3.835903 3.310817 1.485689
v 3.755003 3.294317 1.560189
v 3.817203 3.273517 1.459989
v 3.734803 3.265917 1.535989
v 3.792603 3.246017 1.430589
v 3.901603 3.284817 1.360689
v 3.865103 3.249717 1.328189
v 4.039103 3.306717 1.189489
v 3.992203 3.270417 1.151889
v 4.076203 3.362817 1.223789
v 4.237403 3.312217 0.856289
v 4.299003 3.318717 0.908889
v 4.347103 3.372017 0.957389
v 4.627303 3.341817 0.593989
v 4.565503 3.327217 0.532289
v 4.675503 3.404617 0.650089
v 4.907403 3.374917 0.249189
v 4.862603 3.372917 0.198789
v 4.520903 3.325917 0.494389
v 4.188703 3.307817 0.823789
v 3.942803 3.260217 1.122789
v 3.823003 3.230117 1.300289
v 3.766903 3.224617 1.401989
v 3.780603 3.213517 1.279689
v 3.729503 3.206017 1.387289
v 3.738103 3.200517 1.267389
v 3.688903 3.190417 1.371989
v 3.646803 3.188717 1.467089
v 3.605703 3.154917 1.451389
v 3.584103 3.175817 1.560389
v 3.682803 3.210317 1.479089
v 3.631103 3.221117 1.576089
v 3.719003 3.225717 1.472289
v 3.720203 3.242617 1.507789
v 3.644903 3.249317 1.616689
v 3.529103 3.153617 1.707689
v 3.554803 3.191517 1.738289
v 3.422903 3.107417 1.812489
v 3.495003 3.106517 1.669689
v 3.383203 3.045017 1.763589
v 3.458203 3.050817 1.631889
v 3.339103 2.979517 1.710489
v 3.418403 2.996517 1.601489
v 3.550903 3.128817 1.536989
v 3.508903 3.070917 1.522389
v 3.292703 2.936817 1.658789
v 3.366803 2.941617 1.566589
v 3.244503 2.893317 1.607189
v 3.298603 2.884817 1.517989
v 3.182603 2.847517 1.545189
v 3.256703 2.844417 1.460089
v 3.107203 2.780317 1.455889
v 3.161603 2.755617 1.358889
v 2.992103 2.622317 1.267989
v 2.820503 2.433917 1.163489
v 2.670803 2.224817 1.076489
v 3.066803 2.831717 1.550989
v 3.125003 2.872517 1.619889
v 3.175703 2.912717 1.683889
v 3.024703 2.881817 1.613589
v 3.075103 2.918917 1.684089
v 3.127603 2.964417 1.758689
v 3.224603 2.963317 1.746989
v 3.039303 2.983517 1.743789
v 3.187603 3.030017 1.842489
v 3.243303 3.100517 1.914789
v 3.280403 3.027517 1.818889
v 3.094903 3.048117 1.829189
v 3.022603 3.086117 1.785189
v 3.153702 3.121517 1.903789
v 3.083903 3.155917 1.860489
v 3.197403 3.183517 1.953689
v 3.132403 3.221717 1.910089
v 3.282202 3.156117 1.962389
v 3.233203 3.238817 1.988989
v 3.172503 3.283617 1.945789
v 3.311903 3.205117 1.994089
v 3.269803 3.294317 2.019389
v 3.309103 3.359017 2.054389
v 3.340403 3.255817 2.020589
v 3.213003 3.345017 1.977989
v 3.186603 3.402417 1.889289
v 3.250403 3.414217 2.017789
v 3.222903 3.477517 1.912189
v 3.284303 3.498817 2.073589
v 3.252003 3.561317 1.947889
v 3.325903 3.587317 2.118789
v 3.347703 3.438817 2.114489
v 3.390303 3.524617 2.169389
v 3.408003 3.393317 2.099389
v 3.451003 3.473417 2.144189
v 3.371103 3.316917 2.050589
v 3.465603 3.357717 2.051689
v 3.537503 3.340317 1.968889
v 3.496003 3.432217 2.083789
v 3.438603 3.286517 2.017089
v 3.412803 3.233517 1.984989
v 3.518403 3.279717 1.940889
v 3.619303 3.301817 1.818589
v 3.497003 3.231117 1.911889
v 3.598903 3.259817 1.791889
v 3.475703 3.190017 1.882589
v 3.576903 3.225017 1.765189
v 3.452803 3.151617 1.851289
v 3.388903 3.188717 1.955789
v 3.364902 3.143317 1.925989
v 3.330903 3.092617 1.882689
v 3.665703 3.278017 1.638989
v 3.684602 3.309217 1.660389
v 3.698803 3.348517 1.679789
v 3.711003 3.396617 1.699689
v 3.789003 3.365917 1.603389
v 3.809602 3.415317 1.624389
v 3.829403 3.466617 1.651289
v 3.715203 3.451017 1.720889
v 3.842503 3.516017 1.691289
v 3.855202 3.564517 1.732689
v 3.943903 3.559217 1.616189
v 3.703603 3.506817 1.741789
v 3.697103 3.577717 1.759889
v 3.625602 3.479817 1.883189
v 3.610303 3.543717 1.908589
v 3.555303 3.476617 2.010789
v 3.643603 3.414517 1.868289
v 3.548403 3.409817 1.990889
v 3.637803 3.353317 1.845489
v 3.576903 3.527117 2.002989
v 3.524903 3.504117 2.097389
v 3.565703 3.569117 2.065889
v 3.499902 3.551617 2.153989
v 3.446603 3.609317 2.178989
v 3.548703 3.631917 2.107089
v 3.491302 3.687117 2.120689
v 3.584603 3.719217 1.985489
v 3.611303 3.626617 1.949889
v 3.502503 3.762917 1.995889
v 3.482603 3.746617 1.835089
v 3.567502 3.756717 1.812789
v 3.639803 3.664817 1.811589
v 3.508303 3.826717 1.747589
v 3.444303 3.801017 1.758189
v 3.462803 3.882417 1.726489
v 3.407202 3.878217 1.731389
v 3.355703 3.995017 1.747789
v 3.405703 3.983417 1.718889
v 3.332803 3.877317 1.740089
v 3.289903 3.778617 1.744289
v 3.368603 3.783217 1.756489
v 3.296503 3.994617 1.784789
v 3.298703 4.096617 1.731289
v 3.227503 4.187717 1.697089
v 3.263403 4.102917 1.788789
v 3.321603 4.083117 1.659889
v 3.401203 4.038717 1.637189
v 3.242303 4.186417 1.636989
v 3.259203 4.171317 1.597189
v 3.303903 4.087317 1.589089
v 3.287203 4.107217 1.532489
v 3.386403 4.049717 1.576789
v 3.505403 4.066617 1.562389
v 3.371503 4.055617 1.523289
v 3.357803 4.057417 1.455089
v 3.493803 4.066917 1.508789
v 3.272903 4.118817 1.450489
v 3.223103 4.196517 1.545589
v 3.184303 4.183717 1.461989
v 3.073103 4.215417 1.502689
v 3.030703 4.170517 1.419389
v 2.949303 4.221017 1.561389
v 3.128703 4.243717 1.599189
v 3.132403 4.259417 1.688489
v 2.990903 4.253117 1.639789
v 2.948303 4.252217 1.741489
v 3.026903 4.269417 1.707489
v 2.981003 4.254717 1.792389
v 3.050103 4.285217 1.770189
v 3.053802 4.294817 1.835789
v 3.138003 4.263417 1.761089
v 3.133003 4.267817 1.827889
v 3.209403 4.188617 1.765489
v 3.188703 4.200117 1.829689
v 3.168503 4.214217 1.890889
v 3.119503 4.269217 1.889589
v 3.149903 4.223617 1.947189
v 3.133703 4.227917 2.007689
v 3.103203 4.272717 1.945489
v 3.085503 4.271717 2.008189
v 3.033203 4.291417 1.954789
v 3.045603 4.294217 1.898889
v 3.020103 4.287317 2.019089
v 2.969002 4.257817 1.972789
v 2.960003 4.256917 2.036989
v 2.930603 4.202017 1.994289
v 2.978403 4.258417 1.917789
v 2.932803 4.204017 1.940889
v 2.985403 4.260417 1.854989
v 2.938102 4.212017 1.883089
v 2.933703 4.220017 1.829189
v 2.918703 4.206517 2.056389
v 2.892803 4.216817 2.145989
v 2.889302 4.144917 2.156189
v 2.941103 4.273317 2.129689
v 2.884703 4.203617 2.255689
v 2.878303 4.126717 2.250389
v 2.910503 4.135817 2.353089
v 2.941703 4.258717 2.242789
v 2.964503 4.185317 2.341989
v 3.010903 4.271817 2.217189
v 3.025203 4.199317 2.311289
v 3.073503 4.253217 2.189189
v 3.010003 4.287917 2.110289
v 3.072203 4.269017 2.092389
v 3.120203 4.226317 2.082289
v 3.117803 4.206417 2.164189
v 3.145503 4.167517 2.081989
v 3.157903 4.167917 2.016389
v 3.143603 4.100717 2.094389
v 3.142703 4.146417 2.150189
v 3.138503 4.089317 2.215289
v 3.128003 4.079017 2.150889
v 3.100003 4.039217 2.217489
v 3.098703 4.049617 2.109989
v 3.071002 4.045017 2.170589
v 3.057403 4.003217 2.238589
v 3.020203 4.034417 2.196389
v 3.010803 3.978517 2.257789
v 2.966603 4.039317 2.217889
v 2.962603 3.983717 2.285389
v 2.919303 4.073917 2.238089
v 2.915603 4.013817 2.312489
v 2.913103 3.995117 2.412689
v 2.913803 3.939417 2.375589
v 2.884903 4.068317 2.340589
v 2.937103 3.882917 2.422989
v 2.960703 3.913717 2.337889
v 3.007303 3.913917 2.307789
v 2.972903 3.863417 2.377589
v 3.013103 3.864317 2.343989
v 2.991903 3.840817 2.400589
v 2.981703 3.834117 2.450189
v 3.027803 3.837317 2.379989
v 3.058403 3.860717 2.355489
v 3.051702 3.831517 2.423689
v 3.087803 3.867917 2.368189
v 3.074803 3.865117 2.460389
v 3.078902 3.919717 2.466289
v 2.993503 3.881117 2.487289
v 3.115003 3.901317 2.390389
v 3.132503 3.953317 2.332789
v 3.122503 3.947017 2.415589
v 3.103603 3.986517 2.425689
v 3.132403 4.002917 2.364089
v 3.129703 4.072417 2.309689
v 3.098803 4.034517 2.395789
v 3.059203 4.036317 2.427489
v 3.090603 4.106317 2.346789
v 3.042003 4.109717 2.380289
v 3.081403 4.187817 2.277189
v 3.125103 4.148217 2.242989
v 2.992303 4.089817 2.407189
v 2.944403 4.050417 2.422889
v 3.016503 4.016117 2.452989
v 3.035903 3.974717 2.470289
v 2.973103 3.981917 2.474789
v 3.017903 3.932417 2.492089
v 2.936903 3.930417 2.467289
v 3.074303 3.975817 2.457189
v 3.140203 4.017817 2.276289
v 3.100603 3.971017 2.271089
v 3.054603 3.936517 2.286389
v 3.100103 3.912817 2.318889
v 3.056003 3.886917 2.326689
v 2.906703 4.180717 1.492089
v 2.831003 4.233517 1.620689
v 2.734403 4.256217 1.678089
v 2.783303 4.197117 1.561689
v 2.684103 4.211217 1.631289
v 2.606903 4.222217 1.710989
v 2.655003 4.271517 1.746589
v 3.663503 4.168217 1.547389
v 3.890303 4.300517 1.500289
v 4.196203 4.452417 1.409189
v 4.218403 4.415917 1.501589
v 3.354903 3.703517 1.826589
v 3.415503 3.738117 1.846089
v 3.424503 3.753917 1.997689
v 3.350003 3.708817 1.994689
v 3.432503 3.715017 2.093689
v 3.384703 3.664917 2.126789
v 3.281303 3.647017 1.984789
v 3.305803 3.671317 1.806689
v 3.272003 3.611617 1.787989
v 3.194903 3.705217 1.736489
v 3.242403 3.534917 1.778389
v 3.172503 3.616817 1.723289
v 3.228303 3.447217 1.759089
v 3.161203 3.529417 1.698489
v 3.158103 3.448017 1.667089
v 3.192303 3.365317 1.753789
v 3.146903 3.372717 1.636389
v 3.141503 3.297317 1.746289
v 3.147403 3.333417 1.870089
v 3.102602 3.267717 1.847189
v 3.056703 3.201417 1.799389
v 3.096603 3.237117 1.709089
v 3.007603 3.141217 1.712989
v 3.052303 3.184417 1.626289
v 3.071003 3.246517 1.534789
v 3.119703 3.305317 1.595589
v 3.008303 3.300817 1.474889
v 3.005603 3.187417 1.467089
v 2.985403 3.247217 1.434789
v 2.913503 3.237917 1.418389
v 2.915203 3.306217 1.473989
v 2.931603 3.369517 1.537189
v 2.852003 3.371817 1.526089
v 3.030803 3.372517 1.535889
v 2.942903 3.428517 1.605789
v 3.042703 3.440317 1.598489
v 2.860803 3.426317 1.590889
v 2.953503 3.493517 1.668589
v 2.963003 3.558317 1.734489
v 2.868703 3.487517 1.650789
v 3.052003 3.508417 1.653489
v 3.057903 3.578817 1.705889
v 3.071803 3.662117 1.746189
v 2.976403 3.643817 1.776389
v 2.992403 3.739017 1.819989
v 2.885903 3.630417 1.752989
v 2.823303 3.638617 1.702489
v 2.890103 3.714617 1.797789
v 2.877803 3.554917 1.704789
v 2.817603 3.572317 1.658389
v 2.809803 3.513017 1.607889
v 2.774103 3.580217 1.611489
v 2.779003 3.530917 1.584389
v 2.803103 3.457317 1.552189
v 2.822703 3.714317 1.740289
v 2.816603 3.792317 1.771189
v 3.809502 3.652617 1.790889
v 3.875503 3.614917 1.762089
v 3.964903 3.605017 1.673289
v 4.694303 3.491217 0.678089
v 4.707703 3.572917 0.701889
v 5.031603 3.570717 0.406689
v 4.378203 3.445617 0.990989
v 4.390803 3.524617 1.007089
v 5.051003 3.642317 0.442889
v 4.713803 3.647517 0.719389
v 4.017003 3.599817 1.410589
v 4.826103 4.095617 1.228189
v 4.838003 4.138517 1.296289
v 4.692403 4.567417 1.488189
v 6.320703 5.345517 1.115789
v 6.480003 5.414516 1.031289
v 6.694603 5.514717 0.971589
v 6.534103 5.299817 1.030989
v 6.426303 5.515017 1.010789
v 6.621503 5.618517 0.934789
v 6.898903 5.772616 0.827889
v 6.850703 5.856517 0.738889
v 6.968603 5.670217 0.886789
v 7.222503 5.986016 0.749589
v 7.162003 6.085116 0.636689
v 7.290603 5.859317 0.806089
v 7.554303 6.164617 0.607789
v 7.619603 6.037416 0.658489
v 7.818103 6.261316 0.438489
v 7.873403 6.162717 0.484789
v 7.951103 6.332417 0.380089
v 8.008503 6.234616 0.423589
v 8.045403 6.384517 0.347189
v 7.992903 6.454017 0.240689
v 8.062703 6.131017 0.413989
v 8.116503 6.028117 0.360989
v 7.931602 6.055317 0.484289
v 7.980903 5.949217 0.417789
v 7.677303 5.902817 0.636689
v 7.716603 5.786716 0.538089
v 7.351503 5.716817 0.783089
v 7.029803 5.540617 0.868189
v 7.399003 5.575517 0.688889
v 7.384703 5.512317 0.534389
v 7.063103 5.394417 0.786489
v 7.023303 5.328716 0.635489
v 6.771403 5.246117 0.880389
v 6.725703 5.160216 0.751889
v 6.758003 5.388817 0.958889
v 6.708003 5.091416 0.683189
v 7.014003 5.273817 0.564789
v 7.002603 5.187016 0.497589
v 7.383403 5.465917 0.453489
v 7.723903 5.720417 0.406589
v 8.001503 5.880716 0.307889
v 6.247503 5.537017 0.652689
v 2.839003 4.100717 1.879989
v 2.476003 3.625517 1.457189
v 2.523103 3.505117 1.465989
v 2.476503 3.663617 1.391689
v 2.436703 3.732917 1.416489
v 2.271003 3.993017 1.516989
v 2.326803 4.021217 1.552289
v 4.525703 3.256417 -0.412711
v 4.424203 3.465917 -0.039611
v 6.100103 3.997117 -0.986411
v 6.151903 4.199617 0.371689
v 8.244703 6.074516 -0.102111
v 8.396003 6.128917 -0.010711
v 8.429403 6.133717 0.081489
v 8.524803 6.207917 0.036789
v 8.536303 6.231116 0.120389
v 8.534102 6.282217 0.185989
v 8.606303 6.311517 0.059889
v 8.599603 6.345917 0.125889
v 8.622203 6.431417 0.004989
v 8.552703 6.537717 -0.016911
v 8.618103 6.444616 0.083489
v 8.592402 6.410717 -0.065311
v 8.525702 6.510217 -0.096611
v 8.574503 6.381017 0.173789
v 2.115903 1.824217 1.064589
v 1.326003 0.917017 -0.484811
v 0.790503 0.433117 -0.578311
v 1.006703 0.442817 -0.742711
v 1.029903 0.316817 -0.869411
v 0.720603 -0.282783 -1.516911
v 0.525703 -0.387983 -1.435711
v 0.341503 -0.441483 -1.382311
v 0.318003 -0.431783 -1.278711
v 0.204703 -0.470283 -1.348811
v 0.177703 -0.457683 -1.254911
v 0.065603 -0.482783 -1.236411
v 0.128803 -0.429683 -1.118511
v 0.080303 -0.360283 -0.955911
v 0.012903 -0.459483 -1.097211
v -0.038697 -0.395183 -0.929311
v -0.100297 -0.501283 -1.070811
v -0.156297 -0.437783 -0.898411
v -0.179297 -0.311183 -0.730811
v -0.059997 -0.271883 -0.756311
v -0.180197 -0.163583 -0.580211
v -0.061397 -0.128483 -0.598311
v -0.168497 -0.040183 -0.452211
v -0.033932 -0.118257 -0.603960
v 0.057303 -0.233583 -0.781011
v 1.891903 0.838817 -1.031111
v 1.795203 0.844317 -1.033711
v 2.284903 0.485017 -2.209611
v 2.304003 0.426317 -2.317011
v 1.795003 -0.034683 -2.131511
v 1.762503 -0.054783 -2.201911
v 1.739703 -0.084583 -2.072611
v 1.717603 -0.090983 -2.156711
v 1.689803 -0.106483 -2.265611
v 1.655503 -0.116883 -2.135211
v 1.644603 -0.135483 -2.241911
v 1.578403 -0.128983 -2.142611
v 1.584103 -0.149183 -2.229811
v 1.484203 -0.123683 -2.188411
v 1.518403 -0.139983 -2.308511
v 1.424703 -0.047483 -2.363811
v 1.572103 -0.112583 -2.372311
v 1.479203 -0.003483 -2.427811
v 1.621003 -0.077583 -2.398611
v 1.528803 0.030217 -2.455011
v 1.664203 -0.037583 -2.410611
v 1.721203 -0.068483 -2.290211
v 1.583003 0.063817 -2.456711
v 1.704803 0.015817 -2.378411
v 1.739103 -0.024383 -2.311711
v 1.647703 0.098717 -2.418811
v 1.612603 0.175117 -2.394311
v 1.595803 0.246717 -2.333011
v 1.534203 0.160117 -2.423711
v 1.469503 0.136917 -2.417811
v 1.514503 0.239017 -2.343511
v 1.448103 0.220717 -2.327211
v 1.513203 0.307417 -2.252411
v 1.417903 0.100317 -2.395411
v 1.372203 0.055617 -2.334011
v 1.293503 0.481917 0.533989
vn 0.3575 -0.6493 0.6713
vn 0.3566 -0.5919 0.7229
vn 0.2143 -0.4331 0.8755
vn 0.2375 -0.4532 0.8592
vn 0.5700 -0.8083 0.1473
vn 0.3742 -0.5488 0.7475
vn 0.5253 -0.8457 0.0947
vn 0.4686 -0.5422 0.6975
vn 0.5308 -0.7080 0.4658
vn 0.5296 -0.8482 -0.0091
vn 0.4496 -0.8784 -0.1618
vn 0.4641 -0.8634 -0.1978
vn 0.4543 -0.8645 -0.2152
vn 0.5385 -0.8289 -0.1517
vn 0.4646 -0.8659 -0.1854
vn 0.6391 -0.7333 -0.2321
vn 0.6376 -0.7304 0.2449
vn 0.7476 -0.6342 -0.1974
vn 0.7494 -0.6583 0.0708
vn 0.3716 -0.8021 0.4674
vn 0.5518 -0.8221 0.1404
vn 0.6811 0.5985 -0.4218
vn 0.7676 0.4954 -0.4067
vn 0.4336 0.5641 -0.7027
vn 0.4538 -0.8589 0.2374
vn -0.0330 -0.9994 0.0103
vn -0.4616 -0.6263 0.6283
vn 0.3037 -0.8369 0.4553
vn 0.3676 -0.7636 0.5308
vn -0.1791 -0.5169 0.8371
vn 0.3772 -0.7497 0.5438
vn 0.3753 -0.7466 0.5494
vn 0.3790 -0.7594 0.5289
vn 0.3908 -0.7785 0.4912
vn 0.4290 -0.7745 0.4649
vn 0.4219 -0.7496 0.5100
vn 0.4213 -0.7407 0.5233
vn 0.3914 -0.7797 0.4888
vn 0.3990 -0.7540 0.5218
vn 0.4069 -0.7377 0.5387
vn 0.4228 -0.7401 0.5230
vn 0.4257 -0.7586 0.4932
vn 0.4158 -0.7370 0.5329
vn 0.4308 -0.7637 0.4808
vn 0.4116 -0.7286 0.5474
vn 0.4297 -0.7645 0.4805
vn 0.3986 -0.7296 0.5557
vn 0.3947 -0.7121 0.5806
vn 0.4031 -0.7219 0.5625
vn 0.4228 -0.7602 0.4933
vn 0.4560 -0.8101 0.3686
vn 0.4363 -0.8187 0.3733
vn 0.4921 -0.8130 0.3111
vn 0.4675 -0.7846 0.4072
vn 0.5205 -0.7912 0.3210
vn 0.4468 -0.8406 0.3063
vn 0.4178 -0.8161 0.3992
vn 0.4086 -0.8561 0.3164
vn 0.4754 -0.8160 0.3289
vn 0.4994 -0.8168 0.2887
vn 0.5327 -0.7991 0.2786
vn 0.5227 -0.7775 0.3495
vn 0.5345 -0.8209 0.2009
vn 0.4904 -0.7411 0.4586
vn 0.5058 -0.7884 0.3501
vn 0.5198 -0.7103 0.4747
vn 0.4848 -0.8173 0.3114
vn 0.4986 -0.8465 0.1867
vn 0.5271 -0.7442 0.4103
vn 0.5083 -0.8485 0.1473
vn 0.5262 -0.8478 -0.0655
vn 0.4213 -0.8949 0.1472
vn 0.5227 -0.8522 -0.0229
vn 0.4810 -0.8136 0.3267
vn 0.1401 -0.9199 0.3663
vn 0.0472 -0.9647 0.2593
vn 0.2717 -0.9576 0.0959
vn 0.5095 -0.8194 0.2626
vn 0.4494 -0.8285 0.3342
vn 0.4895 -0.8125 0.3166
vn 0.1932 -0.9457 0.2613
vn -0.1237 -0.9455 0.3011
vn 0.2296 -0.8959 0.3803
vn -0.1801 -0.9162 0.3579
vn 0.3332 -0.8833 0.3298
vn 0.3855 -0.8559 0.3448
vn -0.1775 -0.8762 0.4481
vn -0.0600 -0.8722 0.4854
vn -0.1323 -0.8651 0.4839
vn 0.2481 -0.8876 0.3882
vn 0.3314 -0.8316 0.4457
vn -0.2009 -0.8093 0.5520
vn 0.5251 -0.7051 0.4766
vn 0.7796 -0.5679 0.2639
vn 0.2939 -0.7460 0.5976
vn 0.8976 -0.3507 0.2671
vn 0.8565 -0.2580 0.4470
vn 0.2377 -0.8375 0.4920
vn 0.9605 -0.0907 0.2630
vn 0.9124 -0.2622 0.3144
vn 1.0000 -0.0034 -0.0067
vn 0.9369 -0.3381 0.0892
vn 0.8621 -0.3827 0.3323
vn 0.9536 -0.2043 0.2211
vn 0.8887 -0.4296 -0.1603
vn 0.9361 -0.0466 -0.3488
vn 0.8974 -0.4181 -0.1407
vn 0.5863 -0.7837 0.2051
vn 0.6020 -0.7516 0.2695
vn 0.5406 -0.7569 0.3673
vn 0.3887 -0.8577 0.3367
vn 0.3949 -0.8303 0.3933
vn 0.3880 -0.8681 0.3096
vn 0.3732 -0.8825 0.2861
vn 0.5070 -0.8303 0.2315
vn 0.3890 -0.8605 0.3290
vn 0.4620 -0.8039 0.3745
vn 0.7997 -0.5939 -0.0878
vn 0.6863 -0.7207 0.0980
vn 0.8774 -0.2082 -0.4322
vn 0.9110 -0.3437 -0.2278
vn 0.5689 -0.7718 0.2840
vn 0.4192 -0.8127 0.4047
vn 0.4840 -0.8297 0.2780
vn 0.9151 -0.3997 0.0521
vn 0.8377 -0.5156 0.1801
vn 0.4398 -0.8536 0.2790
vn 0.6418 -0.7337 0.2231
vn 0.5017 -0.8384 0.2132
vn 0.4883 -0.8402 0.2361
vn 0.6057 -0.7687 0.2054
vn 0.8870 -0.4570 0.0672
vn 0.8604 -0.5002 0.0981
vn 0.8805 -0.4727 0.0362
vn 0.6320 -0.7420 0.2236
vn 0.4761 -0.8423 0.2527
vn 0.8907 -0.4527 0.0411
vn 0.8988 -0.4372 0.0335
vn 0.8374 -0.5447 -0.0447
vn 0.7956 -0.6003 0.0817
vn 0.6667 -0.7453 -0.0098
vn 0.6282 -0.7519 0.2001
vn 0.7302 -0.6820 -0.0419
vn 0.6314 -0.7730 0.0612
vn 0.6480 -0.7353 0.1985
vn 0.5350 -0.8381 -0.1061
vn 0.2117 -0.9537 0.2136
vn 0.1146 -0.9929 -0.0306
vn 0.1527 -0.9558 0.2514
vn 0.1266 -0.9865 0.1037
vn 0.2824 -0.8990 0.3348
vn 0.2301 -0.9389 0.2561
vn 0.1356 -0.9908 0.0034
vn 0.4751 -0.8763 -0.0797
vn 0.0107 -0.9991 0.0402
vn 0.1516 -0.9606 -0.2329
vn 0.3234 -0.9458 -0.0292
vn 0.1916 -0.8764 -0.4418
vn 0.4017 -0.8940 -0.1985
vn 0.4460 -0.8889 0.1047
vn 0.5503 -0.8347 0.0223
vn 0.3379 -0.8846 -0.3215
vn 0.1675 -0.8576 -0.4862
vn 0.1963 -0.8187 -0.5396
vn 0.4942 -0.8520 -0.1729
vn 0.3615 -0.8858 -0.2909
vn 0.0487 -0.7742 -0.6311
vn -0.0144 -0.7590 -0.6510
vn -0.0089 -0.7826 -0.6225
vn -0.4079 -0.4048 -0.8184
vn -0.3733 -0.3647 -0.8530
vn -0.0356 -0.7360 -0.6761
vn -0.1218 -0.5609 -0.8189
vn -0.2900 -0.6492 -0.7031
vn -0.1003 -0.8256 -0.5552
vn -0.2748 -0.9293 -0.2466
vn -0.4692 -0.7657 -0.4400
vn -0.7209 -0.3578 -0.5935
vn -0.7282 -0.0888 -0.6796
vn -0.9503 -0.2158 -0.2242
vn -0.7702 -0.6207 -0.1464
vn -0.8997 0.2443 -0.3619
vn -0.9558 0.1439 -0.2564
vn -0.8327 0.4423 -0.3330
vn -0.8774 0.4632 -0.1249
vn -0.8930 0.3977 -0.2106
vn -0.9478 0.2862 -0.1405
vn -0.8918 0.4149 -0.1804
vn -0.8728 0.4826 -0.0724
vn -0.8340 0.5376 -0.1246
vn -0.8905 0.4438 -0.0999
vn -0.8726 0.4593 -0.1660
vn -0.8135 0.5314 -0.2362
vn -0.7891 0.4977 -0.3601
vn -0.5218 0.6529 -0.5490
vn -0.6363 0.6457 -0.4221
vn -0.7067 0.6190 -0.3428
vn -0.9562 0.2873 -0.0555
vn -0.8641 0.4723 -0.1739
vn -0.5383 0.7477 -0.3889
vn -0.3756 0.7609 -0.5292
vn -0.0695 0.7946 -0.6031
vn 0.0932 0.8810 -0.4639
vn -0.2922 0.8806 -0.3731
vn -0.7847 0.5599 -0.2660
vn -0.0197 0.9212 -0.3886
vn 0.4519 0.8518 -0.2649
vn 0.5678 0.7623 -0.3106
vn 0.5684 0.7965 -0.2062
vn 0.4033 0.8597 -0.3136
vn 0.0125 0.8749 -0.4841
vn 0.1501 0.8095 -0.5676
vn 0.1705 0.9547 -0.2439
vn 0.2608 0.9343 -0.2430
vn 0.0136 0.7335 -0.6796
vn 0.1541 0.7143 -0.6827
vn 0.0114 0.7501 -0.6613
vn 0.2191 0.6168 -0.7560
vn 0.1445 0.7040 -0.6954
vn 0.0543 0.5899 -0.8056
vn -0.2524 0.6918 -0.6766
vn -0.2354 0.5446 -0.8050
vn -0.2687 0.8339 -0.4822
vn -0.2714 0.8479 -0.4554
vn -0.2625 0.6476 -0.7154
vn -0.3101 0.5055 -0.8052
vn 0.0891 0.3954 -0.9142
vn -0.2544 0.3575 -0.8986
vn -0.2098 -0.0715 -0.9751
vn -0.3657 0.3635 -0.8568
vn -0.3042 -0.1281 -0.9440
vn 0.1578 0.0560 -0.9859
vn 0.5037 0.2146 -0.8368
vn 0.6366 -0.1289 -0.7603
vn 0.0532 -0.5219 -0.8513
vn 0.4245 -0.3775 -0.8230
vn 0.7123 -0.4887 -0.5037
vn 0.6432 -0.6717 -0.3676
vn 0.3638 -0.7982 -0.4802
vn 0.1354 -0.9561 -0.2601
vn -0.1033 -0.6832 -0.7229
vn 0.0803 -0.9942 -0.0709
vn -0.1777 -0.6598 -0.7302
vn -0.3185 0.3590 -0.8773
vn -0.3059 -0.1661 -0.9374
vn -0.3484 0.6959 -0.6280
vn -0.2153 -0.4539 -0.8647
vn -0.3648 0.1966 -0.9101
vn -0.4264 0.8097 -0.4032
vn -0.2882 0.8819 -0.3732
vn -0.4018 0.7931 -0.4577
vn -0.3035 0.7159 -0.6288
vn -0.2539 0.9337 -0.2526
vn -0.4261 0.7962 -0.4296
vn -0.4931 0.2659 -0.8284
vn -0.5983 0.5449 -0.5874
vn -0.5979 0.7120 -0.3682
vn -0.4640 0.7970 -0.3866
vn -0.2461 0.9247 -0.2903
vn -0.5734 0.7351 -0.3617
vn -0.6906 0.6259 -0.3623
vn -0.6365 0.3457 -0.6895
vn -0.6597 0.6889 -0.3003
vn -0.6339 0.6322 -0.4455
vn -0.5826 0.6840 -0.4390
vn -0.6093 0.6827 -0.4033
vn -0.4605 0.8058 -0.3723
vn -0.4888 0.7889 -0.3724
vn -0.6615 0.5722 -0.4848
vn -0.2502 0.9183 -0.3067
vn -0.2790 0.8617 -0.4238
vn -0.1155 0.9195 -0.3757
vn -0.1067 0.9590 -0.2627
vn -0.2002 0.9247 -0.3238
vn -0.4508 0.6991 -0.5550
vn -0.3468 0.7340 -0.5840
vn -0.2157 0.9613 -0.1716
vn -0.1908 0.9512 -0.2427
vn -0.3196 0.8249 -0.4663
vn -0.1299 0.9752 -0.1793
vn -0.0107 0.9754 -0.2201
vn -0.2176 0.9119 -0.3479
vn 0.2466 0.8988 -0.3624
vn -0.2935 0.8727 -0.3903
vn 0.3469 0.7732 -0.5309
vn -0.3529 0.8326 -0.4270
vn -0.1760 0.8473 -0.5011
vn 0.6333 0.5955 -0.4943
vn 0.6498 0.6892 -0.3206
vn 0.4382 0.7242 -0.5325
vn 0.4761 0.6386 -0.6046
vn 0.6630 0.5223 -0.5363
vn 0.4250 0.6661 -0.6129
vn -0.0077 0.7775 -0.6288
vn -0.0196 0.8106 -0.5853
vn -0.6912 0.6394 -0.3368
vn -0.6227 0.6231 -0.4732
vn -0.6902 0.5631 -0.4544
vn -0.0844 0.8954 -0.4372
vn 0.4185 0.7710 -0.4801
vn -0.6437 0.7163 -0.2694
vn -0.6331 0.7712 -0.0670
vn -0.1387 0.9694 -0.2024
vn 0.3262 0.8987 -0.2931
vn -0.1499 0.9807 -0.1256
vn 0.2520 0.9490 -0.1896
vn -0.6170 0.7858 -0.0432
vn 0.5618 0.7608 -0.3250
vn 0.6494 0.6163 -0.4454
vn 0.4824 0.8004 -0.3559
vn 0.5633 0.8185 -0.1130
vn 0.3850 0.9019 -0.1959
vn 0.4944 0.6915 -0.5267
vn -0.0639 0.9059 -0.4187
vn -0.0049 0.8546 -0.5193
vn -0.3526 0.8001 -0.4854
vn -0.0538 0.8889 -0.4549
vn -0.3565 0.8154 -0.4562
vn -0.3616 0.8594 -0.3615
vn -0.3886 0.7863 -0.4804
vn -0.3697 0.8166 -0.4432
vn -0.3471 0.8090 -0.4744
vn -0.4081 0.8174 -0.4067
vn -0.4591 0.7897 -0.4069
vn -0.4727 0.7834 -0.4036
vn -0.4555 0.7622 -0.4599
vn -0.3678 0.7950 -0.4823
vn -0.4728 0.7700 -0.4283
vn -0.4850 0.7466 -0.4554
vn -0.4754 0.7328 -0.4869
vn -0.4328 0.7290 -0.5304
vn -0.4674 0.6993 -0.5408
vn -0.4695 0.7063 -0.5299
vn -0.4172 0.8016 -0.4282
vn -0.4254 0.7387 -0.5228
vn -0.3334 0.8276 -0.4516
vn -0.2674 0.8223 -0.5023
vn -0.4897 0.6834 -0.5415
vn -0.5275 0.6446 -0.5533
vn -0.4500 0.7081 -0.5442
vn -0.4576 0.6763 -0.5773
vn -0.5352 0.6303 -0.5624
vn -0.3014 0.7364 -0.6058
vn -0.3478 0.7605 -0.5484
vn -0.1471 0.8475 -0.5101
vn -0.1087 0.8710 -0.4791
vn -0.1461 0.7825 -0.6053
vn -0.2077 0.6860 -0.6974
vn -0.2584 0.6835 -0.6827
vn -0.0916 0.7107 -0.6976
vn -0.0773 0.8069 -0.5856
vn 0.0017 0.8679 -0.4968
vn 0.2202 0.7981 -0.5609
vn 0.2825 0.8436 -0.4566
vn 0.2272 0.8978 -0.3773
vn -0.1005 0.8663 -0.4893
vn 0.1378 0.9189 -0.3698
vn 0.5471 0.8267 -0.1315
vn -0.1243 0.8711 -0.4752
vn 0.3401 0.9296 -0.1420
vn 0.3753 0.8823 -0.2839
vn 0.0111 0.9189 -0.3944
vn -0.1336 0.9745 -0.1803
vn 0.3791 0.8145 -0.4392
vn -0.4749 0.7748 -0.4173
vn 0.0431 0.8676 -0.4955
vn -0.5963 0.7876 -0.1554
vn -0.8469 0.3827 -0.3692
vn -0.3936 0.7739 -0.4961
vn -0.8254 0.5537 -0.1099
vn -0.7907 0.5609 -0.2454
vn -0.8774 0.4784 0.0361
vn -0.7335 0.5971 -0.3248
vn -0.9281 0.3673 -0.0620
vn -0.7075 0.5818 -0.4012
vn -0.6679 0.6600 -0.3439
vn -0.6759 0.6392 -0.3669
vn -0.6286 0.6586 -0.4136
vn -0.6835 0.6560 -0.3200
vn -0.5878 0.6807 -0.4371
vn -0.8756 0.4571 -0.1561
vn -0.6703 0.6289 -0.3939
vn -0.9008 0.4073 -0.1506
vn -0.9664 0.2170 0.1379
vn -0.9967 0.0585 -0.0554
vn -0.8758 0.4774 0.0717
vn -0.9515 0.2984 -0.0751
vn -0.9808 0.1124 -0.1593
vn -0.9807 0.0928 -0.1724
vn -0.9729 0.1493 -0.1766
vn -0.9721 0.1481 -0.1818
vn -0.9697 0.1944 -0.1480
vn -0.9917 0.1065 -0.0719
vn -0.9726 0.2124 -0.0941
vn -0.9671 0.2239 -0.1205
vn -0.9377 0.3411 -0.0657
vn -0.9355 0.3387 -0.1004
vn -0.8805 0.4619 -0.1066
vn -0.8153 0.5632 -0.1344
vn -0.8854 0.4502 -0.1158
vn -0.7645 0.6390 -0.0848
vn -0.8112 0.5657 -0.1480
vn -0.7783 0.5882 -0.2199
vn -0.8010 0.5266 -0.2847
vn -0.6862 0.7134 -0.1418
vn -0.6963 0.6208 -0.3602
vn -0.6953 0.5913 -0.4086
vn -0.5441 0.8096 -0.2204
vn -0.5639 0.6776 -0.4720
vn -0.7303 0.3327 -0.5966
vn -0.6057 0.3293 -0.7244
vn -0.5195 0.7265 -0.4498
vn -0.3346 -0.0491 -0.9411
vn -0.0723 -0.5298 -0.8450
vn -0.4235 0.2034 -0.8828
vn -0.4672 0.8617 -0.1979
vn -0.3990 0.2998 -0.8665
vn -0.3640 0.8958 -0.2550
vn -0.0765 -0.5449 -0.8350
vn -0.1261 -0.5776 -0.8065
vn -0.4103 0.2048 -0.8887
vn -0.3572 0.8408 -0.4067
vn -0.1755 -0.6141 -0.7695
vn -0.4202 0.0288 -0.9070
vn -0.1924 -0.6131 -0.7662
vn -0.3979 0.7316 -0.5537
vn -0.3933 -0.1377 -0.9090
vn -0.4120 0.5800 -0.7027
vn -0.3724 -0.3904 -0.8420
vn -0.4693 0.3567 -0.8078
vn -0.2596 -0.6611 -0.7040
vn -0.3499 0.8806 -0.3195
vn -0.2829 0.9244 -0.2560
vn -0.2811 0.9283 -0.2434
vn -0.3602 0.9064 -0.2206
vn -0.4510 0.8321 -0.3229
vn -0.4597 0.8645 -0.2034
vn -0.8318 -0.4739 -0.2891
vn -0.3292 -0.7297 0.5993
vn -0.0287 -0.7659 -0.6424
vn 0.1514 -0.9231 -0.3536
vn 0.2380 -0.9667 0.0942
vn 0.1791 -0.9406 0.2886
vn 0.1304 -0.9205 0.3683
vn 0.2041 -0.9109 0.3585
vn 0.4320 -0.8572 0.2803
vn 0.4227 -0.8470 0.3225
vn 0.3614 -0.8890 0.2811
vn 0.3549 -0.8735 0.3333
vn 0.4435 -0.8745 0.1964
vn 0.3617 -0.9142 0.1830
vn 0.3885 -0.9207 -0.0377
vn 0.3205 -0.9464 -0.0409
vn 0.1784 -0.9039 -0.3889
vn 0.1751 -0.9153 -0.3627
vn -0.0131 -0.8006 -0.5991
vn 0.0197 -0.8210 -0.5705
vn 0.1675 -0.9003 -0.4017
vn 0.0722 -0.7733 -0.6299
vn 0.1268 -0.8627 -0.4896
vn 0.0538 -0.8119 -0.5813
vn 0.0286 -0.7130 -0.7005
vn 0.1061 -0.7952 -0.5970
vn 0.1981 -0.8954 -0.3987
vn 0.2240 -0.9580 -0.1790
vn 0.2956 -0.9523 -0.0755
vn 0.2753 -0.9549 0.1113
vn 0.2519 -0.9640 -0.0855
vn 0.2905 -0.9225 0.2543
vn 0.2915 -0.9437 0.1566
vn 0.3571 -0.9182 0.1717
vn 0.3121 -0.9096 0.2744
vn 0.3120 -0.8875 0.3391
vn 0.3111 -0.8846 0.3473
vn 0.3196 -0.8591 0.3998
vn 0.3555 -0.8536 0.3808
vn 0.4200 -0.8229 0.3828
vn 0.3340 -0.8519 0.4034
vn 0.3925 -0.8702 0.2977
vn 0.5621 -0.7580 0.3308
vn 0.5366 -0.8108 0.2338
vn 0.4896 -0.8714 0.0313
vn 0.6218 -0.7828 -0.0246
vn 0.6639 -0.7240 0.1871
vn 0.6900 -0.7052 0.1630
vn 0.6368 -0.7700 0.0402
vn 0.4876 -0.8546 0.1785
vn 0.4786 -0.8383 0.2613
vn 0.3023 -0.9301 0.2084
vn 0.4475 -0.8136 0.3712
vn 0.6928 -0.6559 0.2996
vn 0.2043 -0.9231 0.3259
vn 0.4125 -0.8901 0.1938
vn 0.3415 -0.9081 0.2423
vn 0.7388 -0.6632 0.1197
vn 0.6445 -0.7404 0.1909
vn 0.9184 -0.3906 0.0629
vn 0.8030 -0.5936 0.0525
vn 0.9641 -0.2653 0.0085
vn 0.9535 -0.2261 -0.1994
vn 0.7233 -0.6809 -0.1149
vn 0.8833 -0.2523 -0.3950
vn 0.5740 -0.7923 -0.2066
vn 0.3509 -0.9062 0.2361
vn 0.1778 -0.9778 0.1109
vn -0.0073 -0.9991 0.0408
vn 0.8402 -0.3517 -0.4128
vn 0.4303 -0.8994 -0.0770
vn 0.3152 -0.9208 0.2297
vn -0.1740 -0.9739 0.1456
vn -0.2625 -0.9101 0.3207
vn -0.2093 -0.8898 0.4056
vn -0.2447 -0.8482 0.4697
vn -0.1643 -0.8816 0.4424
vn -0.1825 -0.9392 0.2907
vn 0.3080 -0.8352 0.4556
vn 0.3518 -0.8233 0.4455
vn 0.3951 -0.8119 0.4297
vn 0.6502 -0.6480 0.3967
vn 0.5991 -0.6638 0.4477
vn 0.5498 -0.7112 0.4381
vn 0.6007 -0.6232 0.5008
vn 0.5545 -0.6577 0.5099
vn 0.4952 -0.6611 0.5637
vn 0.5793 -0.6306 0.5165
vn 0.4917 -0.6493 0.5802
vn 0.5108 -0.6379 0.5764
vn 0.6287 -0.6508 0.4257
vn 0.6541 -0.6689 0.3531
vn 0.5160 -0.6738 0.5289
vn 0.4217 -0.7136 0.5594
vn 0.4235 -0.6987 0.5766
vn 0.4248 -0.6979 0.5766
vn 0.3961 -0.7234 0.5656
vn 0.4298 -0.7279 0.5343
vn 0.5527 -0.6904 0.4668
vn 0.3899 -0.7488 0.5360
vn 0.4392 -0.7381 0.5122
vn 0.5695 -0.6907 0.4456
vn 0.3742 -0.7755 0.5085
vn 0.3717 -0.7805 0.5027
vn 0.3856 -0.7495 0.5381
vn 0.3563 -0.8050 0.4744
vn 0.3788 -0.8078 0.4517
vn 0.3347 -0.8344 0.4379
vn 0.3626 -0.8330 0.4179
vn 0.4228 -0.7970 0.4313
vn 0.4199 -0.8175 0.3941
vn 0.4043 -0.8052 0.4338
vn 0.3824 -0.8338 0.3982
vn 0.4196 -0.8326 0.3615
vn 0.3449 -0.8586 0.3794
vn -0.1287 -0.7172 0.6849
vn 0.3502 -0.8176 0.4570
vn 0.4308 -0.7765 0.4598
vn 0.5748 -0.7171 0.3941
vn 0.6902 -0.6337 0.3494
vn 0.6727 -0.6432 0.3658
vn 0.6830 -0.6677 0.2961
vn 0.6461 -0.6663 0.3723
vn 0.6799 -0.6530 0.3337
vn 0.6503 -0.6785 0.3417
vn 0.4360 -0.8216 0.3672
vn 0.6635 -0.6693 0.3344
vn 0.3240 -0.8437 0.4280
vn -0.1003 -0.9630 0.2503
vn 0.3957 -0.8401 0.3710
vn 0.0138 -0.9572 0.2893
vn 0.1224 -0.9122 0.3911
vn 0.4452 -0.7089 0.5470
vn 0.4998 -0.7918 0.3512
vn -0.9656 0.1040 -0.2385
vn -0.9892 -0.0850 -0.1195
vn -0.9970 -0.0281 -0.0721
vn -0.9576 0.2514 -0.1407
vn -0.9898 0.1066 0.0949
vn -0.9472 0.2804 -0.1553
vn -0.9058 0.4232 -0.0215
vn -0.1924 0.7431 -0.6409
vn -0.2530 0.8053 -0.5362
vn -0.2125 0.8795 -0.4258
vn -0.2659 0.7400 -0.6179
vn -0.3217 0.7526 -0.5746
vn -0.2947 0.8205 -0.4898
vn -0.3947 0.7511 -0.5292
vn -0.4015 0.8173 -0.4133
vn -0.2925 0.8707 -0.3955
vn -0.4202 0.8265 -0.3746
vn -0.3734 0.6915 -0.6184
vn -0.3530 0.6986 -0.6223
vn -0.3354 0.6726 -0.6596
vn -0.3806 0.6846 -0.6216
vn -0.3391 0.6928 -0.6365
vn -0.3265 0.6693 -0.6674
vn -0.3813 0.6118 -0.6930
vn -0.4298 0.6312 -0.6457
vn -0.4321 0.6087 -0.6654
vn -0.4605 0.6965 -0.5503
vn -0.4564 0.6680 -0.5878
vn -0.4311 0.5667 -0.7022
vn -0.4807 0.5785 -0.6590
vn -0.4924 0.5802 -0.6488
vn -0.4426 0.6264 -0.6417
vn -0.3458 0.6762 -0.6505
vn -0.4525 0.7190 -0.5275
vn -0.5060 0.6110 -0.6088
vn -0.5358 0.6918 -0.4840
vn -0.3311 0.7727 -0.5416
vn -0.2815 0.7240 -0.6298
vn -0.2656 0.8065 -0.5283
vn -0.3309 0.8665 -0.3737
vn -0.2495 0.8940 -0.3722
vn -0.2533 0.9399 -0.2290
vn -0.3452 0.9187 -0.1918
vn -0.4572 0.8298 -0.3200
vn -0.4789 0.8772 -0.0349
vn -0.5910 0.7860 -0.1814
vn -0.5738 0.8186 -0.0249
vn -0.6766 0.6717 -0.3017
vn -0.6815 0.7290 -0.0643
vn -0.7568 0.5131 -0.4049
vn -0.6029 0.5652 -0.5631
vn -0.8708 0.4112 -0.2694
vn -0.6687 0.4952 -0.5546
vn -0.5442 0.5453 -0.6375
vn -0.7956 0.4342 -0.4226
vn -0.9342 0.3191 -0.1596
vn -0.8674 0.3525 -0.3513
vn -0.8622 0.3979 -0.3134
vn -0.7727 0.4774 -0.4184
vn -0.5921 0.6085 -0.5283
vn -0.5415 0.6946 -0.4735
vn -0.5376 0.5705 -0.6209
vn -0.6312 0.5431 -0.5538
vn -0.5473 0.5331 -0.6452
vn -0.4967 0.6594 -0.5643
vn -0.5340 0.7312 -0.4244
vn -0.4679 0.7593 -0.4521
vn -0.5392 0.5525 -0.6356
vn -0.5409 0.6821 -0.4921
vn -0.5032 0.7897 -0.3510
vn -0.4781 0.7924 -0.3788
vn -0.4842 0.7994 -0.3557
vn -0.4895 0.7811 -0.3877
vn -0.5426 0.7505 -0.3773
vn -0.4807 0.7386 -0.4726
vn -0.4899 0.7370 -0.4657
vn -0.5542 0.7388 -0.3835
vn -0.6871 0.6315 -0.3593
vn -0.5656 0.7017 -0.4332
vn -0.6622 0.6555 -0.3630
vn -0.5166 0.6636 -0.5411
vn -0.5684 0.3294 -0.7539
vn -0.5598 0.6125 -0.5581
vn -0.4588 0.6849 -0.5661
vn -0.4806 0.4858 -0.7301
vn -0.4285 0.6655 -0.6111
vn -0.3814 0.5345 -0.7542
vn -0.5684 0.5346 -0.6254
vn -0.5089 0.6918 -0.5123
vn -0.3631 0.6077 -0.7063
vn -0.5459 0.7506 -0.3722
vn -0.4056 0.6193 -0.6723
vn -0.5920 0.7780 -0.2104
vn -0.3937 0.6241 -0.6749
vn -0.5643 0.7880 0.2463
vn -0.5888 0.7999 0.1162
vn -0.6052 0.7041 0.3714
vn -0.5923 0.6552 0.4690
vn -0.5397 0.7552 0.3719
vn -0.5733 0.6483 0.5011
vn -0.5774 0.8088 -0.1115
vn -0.5119 0.7375 0.4404
vn -0.5185 0.7259 0.4520
vn -0.5128 0.7324 0.4478
vn -0.3284 0.8745 0.3570
vn -0.5777 0.8161 -0.0171
vn -0.4817 0.6725 -0.5619
vn -0.5463 0.6873 -0.4787
vn -0.5198 0.7745 0.3606
vn -0.5432 0.8395 -0.0169
vn -0.3976 0.6071 -0.6880
vn -0.4208 0.5960 -0.6839
vn -0.5674 0.7155 -0.4075
vn -0.5846 0.7290 -0.3561
vn -0.4259 0.6410 -0.6385
vn -0.4202 0.7045 -0.5719
vn -0.6178 0.7859 0.0280
vn -0.4502 0.6349 -0.6279
vn -0.3657 0.6826 -0.6327
vn -0.2820 0.7369 -0.6143
vn -0.5716 0.7728 -0.2758
vn -0.4261 0.7609 -0.4893
vn -0.9141 0.3129 -0.2578
vn -0.2955 0.7558 -0.5844
vn -0.9126 0.3349 -0.2344
vn -0.2368 0.8615 -0.4492
vn -0.9469 0.3217 -0.0008
vn -0.3431 0.8028 -0.4877
vn -0.1443 0.9557 -0.2565
vn -0.2292 0.9126 -0.3386
vn -0.3119 0.8673 -0.3879
vn -0.4674 0.7716 -0.4315
vn -0.3626 0.7684 -0.5274
vn -0.4911 0.7033 -0.5140
vn -0.5439 0.7166 -0.4366
vn -0.5180 0.7669 -0.3788
vn -0.4834 0.7718 -0.4132
vn -0.5691 0.6912 -0.4455
vn -0.5743 0.6957 -0.4315
vn -0.5109 0.6914 -0.5108
vn -0.5268 0.5624 -0.6374
vn -0.5383 0.7281 -0.4244
vn -0.5250 0.7048 -0.4771
vn -0.4821 0.7127 -0.5095
vn -0.4866 0.6520 -0.5814
vn -0.9440 0.2171 0.2483
vn -0.8414 0.2962 0.4520
vn -0.3928 0.8706 0.2964
vn -0.7016 -0.1732 0.6912
vn -0.6609 0.5575 0.5024
vn -0.4996 0.8092 0.3093
vn -0.4241 0.8521 0.3068
vn -0.3861 0.8716 0.3020
vn -0.4535 0.8583 0.2402
vn -0.4628 0.8472 0.2608
vn -0.4852 0.7989 0.3555
vn -0.2600 0.7563 0.6004
vn -0.2662 0.7069 0.6553
vn -0.7017 0.4182 0.5768
vn -0.4325 0.8720 0.2294
vn -0.2764 0.8928 0.3555
vn 0.0740 0.2059 0.9758
vn -0.2715 0.6455 0.7139
vn 0.0941 0.3398 0.9358
vn 0.3351 -0.2304 0.9136
vn 0.1258 0.0952 0.9875
vn 0.3772 -0.0789 0.9228
vn -0.2901 0.6129 0.7350
vn 0.1673 -0.0160 0.9858
vn 0.3886 -0.3281 0.8610
vn 0.4153 -0.4032 0.8154
vn 0.0908 -0.0678 0.9936
vn -0.4259 0.6178 0.6610
vn -0.5512 0.8248 0.1261
vn -0.4821 0.8583 0.1761
vn -0.5809 0.8131 0.0379
vn -0.6104 0.7735 0.1707
vn -0.4920 0.6597 0.5681
vn -0.6130 0.6298 0.4770
vn -0.6590 0.7167 0.2283
vn -0.1418 0.0299 0.9894
vn -0.0017 0.0005 1.0000
vn 0.2899 -0.4368 0.8516
vn 0.1936 -0.4180 0.8876
vn -0.2228 0.0452 0.9738
vn -0.6593 0.6116 0.4374
vn 0.2353 -0.4537 0.8595
vn 0.1942 -0.3675 0.9095
vn 0.2683 -0.4864 0.8315
vn 0.1390 -0.2519 0.9577
vn 0.3190 -0.2978 0.8997
vn 0.3336 -0.4659 0.8196
vn 0.2376 -0.4830 0.8428
vn 0.2579 -0.6045 0.7537
vn 0.1496 -0.4772 0.8660
vn 0.0159 -0.4392 0.8982
vn 0.1835 -0.6172 0.7651
vn 0.2609 -0.5980 0.7578
vn 0.2983 -0.6531 0.6961
vn -0.0162 -0.2543 0.9670
vn 0.1662 -0.4923 0.8544
vn 0.0121 -0.1764 0.9842
vn 0.1995 -0.4445 0.8733
vn 0.2221 -0.4084 0.8853
vn 0.0107 -0.1294 0.9915
vn 0.3440 -0.6060 0.7172
vn 0.2420 -0.3936 0.8869
vn 0.0026 -0.1123 0.9937
vn 0.4531 -0.5323 0.7151
vn 0.3664 -0.3252 0.8718
vn 0.0439 -0.0872 0.9952
vn 0.4160 -0.2631 0.8705
vn 0.1070 -0.0556 0.9927
vn 0.5281 -0.4456 0.7228
vn 0.4261 -0.1963 0.8831
vn 0.4660 -0.3879 0.7952
vn 0.4319 -0.1387 0.8912
vn 0.1677 0.0047 0.9858
vn 0.3270 -0.4881 0.8092
vn 0.2648 -0.4715 0.8412
vn 0.3312 -0.3625 0.8711
vn 0.1972 -0.4526 0.8696
vn 0.1977 -0.3463 0.9170
vn 0.3136 -0.2275 0.9219
vn 0.2042 -0.0472 0.9778
vn 0.1202 -0.0823 0.9893
vn 0.1801 -0.2682 0.9464
vn 0.0040 -0.1164 0.9932
vn 0.0827 -0.3216 0.9433
vn 0.0739 -0.2573 0.9635
vn -0.0723 -0.1002 0.9923
vn 0.0138 -0.2536 0.9672
vn 0.0348 -0.2022 0.9787
vn -0.0976 -0.0535 0.9938
vn -0.3247 0.1738 0.9297
vn -0.3966 0.1930 0.8975
vn -0.6744 0.4707 0.5688
vn -0.4046 0.1861 0.8954
vn -0.6894 0.4157 0.5933
vn -0.6570 0.5147 0.5509
vn -0.8089 0.5384 0.2363
vn -0.8033 0.5546 0.2172
vn -0.8143 0.5190 0.2598
vn -0.4029 0.1835 0.8966
vn -0.6851 0.4065 0.6045
vn -0.8007 0.5233 0.2917
vn -0.7955 0.5678 -0.2116
vn -0.7685 0.6205 -0.1560
vn -0.6556 0.3922 0.6452
vn -0.7844 0.5897 -0.1923
vn -0.8199 0.4581 0.3432
vn -0.3759 0.6203 -0.6884
vn -0.3722 0.6414 -0.6709
vn -0.3684 0.5583 -0.7434
vn -0.3687 0.4930 -0.7880
vn -0.7707 0.5782 -0.2676
vn -0.3439 0.5633 -0.7513
vn -0.7319 0.5983 -0.3260
vn -0.8542 0.3397 0.3935
vn -0.5834 0.1740 0.7933
vn -0.5095 -0.0912 0.8557
vn -0.8492 0.2887 0.4421
vn -0.4077 -0.0380 0.9123
vn -0.3990 0.1035 0.9111
vn -0.3648 0.1426 0.9201
vn -0.3093 0.0197 0.9507
vn -0.1491 -0.0688 0.9864
vn -0.1111 -0.0511 0.9925
vn -0.0118 -0.1551 0.9878
vn -0.1253 -0.1064 0.9864
vn -0.0723 -0.1634 0.9839
vn -0.1635 -0.1227 0.9789
vn -0.1813 -0.1440 0.9728
vn -0.2599 -0.0399 0.9648
vn -0.4140 -0.0262 0.9099
vn -0.4231 -0.0053 0.9061
vn -0.2740 -0.2011 0.9405
vn -0.5480 -0.1062 0.8297
vn -0.5381 -0.0269 0.8425
vn -0.7565 -0.0836 0.6486
vn -0.7446 0.2491 0.6193
vn -0.3837 -0.0541 0.9219
vn -0.4368 -0.1538 0.8863
vn -0.3394 -0.3420 0.8763
vn -0.1778 -0.2755 0.9447
vn -0.6780 -0.3037 0.6694
vn -0.2159 -0.4696 0.8561
vn -0.6899 -0.2437 0.6816
vn -0.0945 -0.3621 0.9273
vn 0.0652 -0.3543 0.9328
vn 0.2813 -0.3409 0.8970
vn -0.5473 -0.2396 0.8019
vn -0.0303 -0.2953 0.9549
vn 0.0645 -0.3239 0.9439
vn -0.3424 -0.3078 0.8877
vn 0.1093 -0.3918 0.9135
vn -0.2883 -0.3482 0.8920
vn 0.0527 -0.3435 0.9377
vn -0.4554 -0.5104 0.7295
vn -0.1278 -0.5494 0.8257
vn -0.1472 -0.3913 0.9084
vn -0.3538 -0.6236 0.6971
vn -0.0740 -0.2068 0.9756
vn -0.3461 -0.0175 0.9380
vn -0.2354 -0.4032 0.8843
vn -0.7522 0.4853 0.4457
vn -0.5613 0.1748 0.8090
vn -0.9272 0.2111 0.3094
vn -0.8920 0.4399 0.1040
vn -0.7750 0.2000 0.5995
vn -0.8346 0.5235 0.1714
vn -0.8668 0.4983 0.0187
vn -0.8741 -0.1182 0.4711
vn -0.8437 -0.0698 0.5323
vn -0.8712 -0.1812 0.4564
vn -0.4697 -0.6158 0.6326
vn -0.4579 -0.5753 0.6778
vn -0.5253 -0.6022 0.6012
vn -0.7427 -0.3769 0.5535
vn -0.3105 -0.7109 0.6311
vn -0.2180 -0.7815 0.5846
vn -0.4149 -0.5130 0.7514
vn -0.0610 -0.7481 0.6607
vn 0.0011 -0.5751 0.8181
vn -0.3073 -0.3178 0.8970
vn 0.0319 -0.4185 0.9077
vn 0.1986 -0.7064 0.6794
vn 0.2439 -0.8462 0.4738
vn 0.3480 -0.5760 0.7397
vn 0.4395 -0.5280 0.7266
vn 0.0539 -0.3146 0.9477
vn 0.0525 -0.2634 0.9633
vn 0.4450 -0.4580 0.7696
vn 0.0324 -0.2505 0.9676
vn 0.3504 -0.4295 0.8323
vn 0.0601 -0.3716 0.9264
vn 0.3067 -0.5394 0.7842
vn 0.6953 -0.5006 0.5157
vn 0.6312 -0.5447 0.5522
vn 0.7746 -0.5112 0.3723
vn 0.7749 -0.5616 0.2900
vn 0.5702 -0.6228 0.5356
vn 0.7465 -0.6208 0.2395
vn 0.7694 -0.4975 0.4007
vn 0.7760 -0.5866 0.2318
vn 0.6882 -0.6455 0.3313
vn 0.7660 -0.6197 0.1709
vn 0.6878 -0.6664 0.2878
vn 0.6770 -0.5764 0.4576
vn 0.6446 -0.5557 0.5251
vn 0.7462 -0.5594 0.3610
vn 0.7481 -0.5798 0.3228
vn 0.6128 -0.6244 0.4844
vn 0.6965 -0.6514 0.3009
vn 0.6770 -0.6760 0.2910
vn 0.6024 -0.6668 0.4388
vn 0.7154 -0.6643 0.2167
vn 0.6665 -0.7271 0.1645
vn 0.6410 -0.5987 0.4802
vn 0.7355 -0.6639 0.1353
vn 0.7018 -0.7093 -0.0656
vn 0.5615 -0.6977 0.4449
vn 0.5765 -0.8071 0.1276
vn 0.1511 -0.9565 0.2495
vn 0.5214 -0.8528 0.0297
vn 0.5957 -0.8032 -0.0087
vn -0.1106 -0.9808 0.1607
vn 0.2744 -0.9474 0.1647
vn 0.1824 -0.9343 0.3063
vn -0.0552 -0.9608 0.2717
vn -0.0298 -0.9669 0.2534
vn -0.0170 -0.9580 0.2863
vn 0.0597 -0.9397 0.3367
vn 0.0652 -0.8648 0.4978
vn 0.4092 -0.8017 0.4357
vn 0.2116 -0.9118 0.3518
vn 0.2387 -0.8735 0.4242
vn 0.3689 -0.9007 0.2294
vn 0.5609 -0.6969 0.4469
vn 0.4207 -0.8310 0.3640
vn 0.5377 -0.8139 0.2201
vn 0.5899 -0.8064 0.0426
vn 0.6413 -0.7655 0.0525
vn 0.6252 -0.7758 0.0849
vn 0.6086 -0.7847 0.1173
vn 0.6095 -0.7168 0.3387
vn 0.7115 -0.6090 0.3504
vn 0.6619 -0.7161 0.2217
vn 0.7074 -0.6447 0.2897
vn 0.7751 -0.5570 0.2983
vn 0.8887 -0.3247 0.3236
vn 0.8662 -0.4675 0.1765
vn 0.7130 -0.6718 0.2010
vn 0.5951 -0.7967 0.1056
vn 0.9279 -0.3368 0.1598
vn 0.6962 -0.7099 0.1063
vn 0.9228 -0.2134 0.3208
vn 0.6401 -0.7007 0.3150
vn 0.9486 0.1010 0.3000
vn 0.4428 -0.8966 0.0093
vn 0.2961 -0.9551 0.0025
vn 0.4980 -0.8225 0.2747
vn 0.5009 -0.8235 0.2663
vn 0.4310 -0.7939 0.4288
vn 0.3828 -0.8083 0.4474
vn 0.3773 -0.8293 0.4121
vn 0.4246 -0.7609 0.4907
vn 0.3577 -0.8070 0.4700
vn 0.3880 -0.9055 0.1717
vn 0.4612 -0.7404 0.4890
vn 0.4471 -0.8036 0.3928
vn 0.4427 -0.8251 0.3510
vn 0.1672 -0.9857 0.0230
vn 0.4920 -0.7290 0.4759
vn 0.4750 -0.7679 0.4297
vn 0.4792 -0.6904 0.5420
vn 0.5222 -0.6733 0.5234
vn 0.4604 -0.7767 0.4299
vn 0.5281 -0.6272 0.5724
vn 0.4761 -0.7344 0.4837
vn 0.4830 -0.6591 0.5765
vn 0.5102 -0.6476 0.5660
vn 0.5089 -0.6268 0.5901
vn 0.3985 -0.7484 0.5302
vn 0.4957 -0.6527 0.5730
vn 0.4669 -0.6084 0.6418
vn 0.4552 -0.6965 0.5547
vn 0.3051 -0.9225 0.2364
vn 0.2637 -0.9267 0.2676
vn 0.0798 -0.9945 0.0676
vn 0.3319 -0.9131 0.2368
vn 0.0742 -0.9967 -0.0328
vn 0.2217 -0.9656 0.1355
vn 0.1739 -0.9064 0.3851
vn 0.3492 -0.8183 0.4566
vn 0.4607 -0.8006 0.3832
vn 0.2326 -0.9688 0.0856
vn 0.5701 -0.5652 0.5962
vn 0.4049 -0.5661 0.7180
vn 0.3610 -0.5492 0.7537
vn 0.5684 -0.5034 0.6508
vn 0.4434 -0.4782 0.7581
vn 0.6134 -0.2465 0.7504
vn 0.6013 -0.5351 0.5933
vn 0.3746 -0.8929 0.2499
vn 0.4553 -0.2696 0.8485
vn 0.4832 -0.2471 0.8399
vn 0.4728 -0.5215 0.7103
vn 0.5620 -0.2487 0.7888
vn 0.5025 -0.5442 0.6718
vn 0.4770 -0.5485 0.6867
vn 0.4613 -0.6766 0.5740
vn 0.5238 -0.5730 0.6303
vn 0.5543 -0.5073 0.6598
vn 0.4503 -0.7232 0.5236
vn 0.4217 -0.7920 0.4415
vn 0.3919 -0.7908 0.4702
vn 0.3992 -0.7799 0.4821
vn 0.4069 -0.7903 0.4581
vn 0.4069 -0.7389 0.5371
vn 0.4135 -0.7259 0.5496
vn 0.3504 -0.8041 0.4803
vn 0.3682 -0.7347 0.5698
vn 0.3261 -0.8154 0.4783
vn 0.3925 -0.7195 0.5730
vn 0.3550 -0.8116 0.4641
vn 0.4202 -0.6648 0.6176
vn 0.4140 -0.6607 0.6261
vn 0.4245 -0.6949 0.5804
vn 0.4686 -0.6165 0.6327
vn 0.3549 -0.8059 0.4739
vn 0.4500 -0.5987 0.6626
vn 0.5246 -0.5374 0.6603
vn 0.4578 -0.5990 0.6570
vn 0.4676 -0.5489 0.6929
vn 0.4232 -0.6994 0.5760
vn 0.4439 -0.5865 0.6775
vn 0.4671 -0.5444 0.6967
vn 0.5153 -0.5421 0.6637
vn 0.4681 -0.5982 0.6504
vn 0.4895 -0.7432 0.4561
vn 0.4900 -0.5534 0.6735
vn 0.5918 -0.5988 0.5397
vn 0.4358 -0.7872 0.4364
vn 0.4606 -0.6912 0.5568
vn 0.5051 -0.5503 0.6649
vn 0.3926 -0.8965 0.2052
vn 0.3520 -0.9020 0.2501
vn 0.3493 -0.8304 0.4340
vn 0.4655 -0.7413 0.4835
vn 0.6088 -0.7605 0.2261
vn 0.7212 -0.5274 0.4492
vn 0.4665 -0.7727 0.4304
vn 0.4148 -0.8202 0.3941
vn 0.5056 -0.8026 0.3164
vn 0.4751 -0.6286 0.6157
vn 0.5156 -0.7122 0.4764
vn 0.4450 -0.6119 0.6538
vn 0.4846 -0.7179 0.4998
vn 0.3942 -0.6059 0.6911
vn 0.4019 -0.3738 0.8359
vn 0.3317 -0.2738 0.9028
vn 0.3489 -0.4663 0.8129
vn 0.2901 -0.2480 0.9243
vn 0.4182 -0.3508 0.8379
vn 0.3720 -0.2349 0.8980
vn 0.6099 -0.2330 0.7575
vn 0.5344 -0.1095 0.8381
vn 0.7675 -0.5010 0.3999
vn 0.6568 -0.3163 0.6845
vn 0.5227 -0.0513 0.8510
vn 0.6261 -0.6393 0.4464
vn 0.5293 -0.5492 0.6467
vn 0.3791 -0.1385 0.9149
vn 0.6228 -0.5822 0.5227
vn 0.7238 -0.6141 0.3147
vn 0.5630 -0.5027 0.6559
vn 0.5395 -0.4972 0.6796
vn 0.5313 -0.5317 0.6596
vn 0.5367 -0.5076 0.6740
vn 0.5192 -0.5179 0.6798
vn 0.5394 -0.5103 0.6698
vn 0.5336 -0.5429 0.6485
vn 0.5028 -0.5617 0.6571
vn 0.4630 -0.6918 0.5541
vn 0.4892 -0.6680 0.5607
vn 0.5347 -0.5685 0.6252
vn 0.5807 -0.4829 0.6554
vn 0.4743 -0.5243 0.7072
vn 0.5042 -0.4877 0.7127
vn 0.5103 -0.6955 0.5059
vn 0.4017 -0.7270 0.5569
vn 0.5738 -0.5051 0.6447
vn 0.5540 -0.4214 0.7180
vn 0.5530 -0.5582 0.6186
vn 0.5472 -0.5168 0.6584
vn 0.5459 -0.5430 0.6380
vn 0.5507 -0.6412 0.5345
vn 0.6167 -0.4816 0.6227
vn 0.5972 -0.6277 0.4993
vn 0.6399 -0.4262 0.6395
vn 0.6191 -0.4769 0.6239
vn 0.6166 -0.6198 0.4854
vn 0.5509 -0.7130 0.4338
vn 0.5728 -0.7119 0.4064
vn 0.6876 -0.5875 0.4266
vn 0.6028 -0.7171 0.3497
vn 0.7873 -0.4126 0.4581
vn 0.9454 -0.2585 0.1983
vn 0.8316 -0.5542 0.0371
vn 0.6024 -0.7528 0.2655
vn 0.5780 -0.7221 0.3801
vn 0.5667 -0.7069 0.4232
vn 0.5571 -0.7282 0.3993
vn 0.5842 -0.7768 0.2352
vn 0.7003 -0.6624 -0.2660
vn 0.6218 -0.7814 0.0519
vn 0.6010 -0.6840 0.4134
vn 0.5364 -0.4253 0.7290
vn 0.5418 -0.3957 0.7415
vn 0.6209 -0.6706 0.4059
vn 0.6042 -0.7968 -0.0004
vn 0.4014 -0.0708 0.9132
vn 0.5757 -0.3961 0.7153
vn 0.4465 -0.0652 0.8924
vn 0.3829 -0.0845 0.9199
vn 0.2027 0.2521 0.9462
vn 0.2236 0.3095 0.9242
vn -0.0511 0.6355 0.7704
vn 0.0107 0.6835 0.7299
vn 0.2866 0.3364 0.8971
vn 0.0952 0.7054 0.7024
vn 0.5804 -0.0833 0.8101
vn 0.4539 0.3330 0.8265
vn 0.3100 0.7086 0.6339
vn 0.7825 -0.0178 0.6224
vn 0.6054 0.6179 0.5016
vn 0.7630 0.2814 0.5819
vn -0.0634 0.9316 0.3580
vn 0.2360 0.9324 0.2737
vn 0.6518 0.7113 -0.2630
vn 0.6801 0.7219 0.1274
vn -0.1999 0.9775 -0.0673
vn 0.1512 0.9736 -0.1710
vn -0.1979 0.9048 0.3771
vn -0.2639 0.9641 0.0277
vn -0.2351 0.8508 -0.4700
vn 0.0014 0.8024 -0.5968
vn -0.1818 0.6126 -0.7692
vn -0.2481 0.8987 -0.3617
vn -0.0546 0.5250 -0.8494
vn -0.1208 0.1961 -0.9731
vn -0.2872 0.5858 -0.7579
vn -0.0381 0.1759 -0.9837
vn 0.1798 0.0302 -0.9832
vn 0.3744 0.3143 -0.8724
vn 0.5595 0.5703 -0.6014
vn 0.0174 -0.1907 -0.9815
vn -0.0216 -0.1440 -0.9893
vn 0.1694 -0.2421 -0.9554
vn 0.4527 -0.2344 -0.8603
vn 0.2992 -0.3698 -0.8796
vn 0.1231 -0.3858 -0.9143
vn 0.2476 -0.4653 -0.8498
vn 0.5572 -0.4634 -0.6890
vn 0.8221 -0.4443 -0.3561
vn 0.5173 -0.6818 -0.5173
vn 0.8149 0.0468 -0.5777
vn 0.3090 -0.2294 -0.9230
vn 0.4230 -0.5209 -0.7414
vn 0.3937 -0.4646 -0.7932
vn 0.1652 -0.1786 -0.9700
vn 0.3248 0.0674 -0.9434
vn 0.6683 -0.2716 -0.6925
vn 0.0188 0.0666 -0.9976
vn -0.1395 0.1179 -0.9832
vn -0.3932 0.3331 -0.8570
vn -0.4390 0.1204 -0.8904
vn -0.4038 0.0786 -0.9115
vn -0.2369 0.1799 -0.9547
vn -0.5087 0.4426 -0.7384
vn -0.4822 0.0791 -0.8725
vn -0.5678 0.4146 -0.7111
vn -0.4414 0.8388 -0.3187
vn -0.5333 0.7973 -0.2827
vn -0.5234 0.4192 -0.7418
vn -0.4662 0.0504 -0.8832
vn -0.4154 0.0590 -0.9077
vn -0.4830 0.8201 -0.3069
vn -0.3072 0.9369 0.1670
vn -0.4108 0.8964 0.1664
vn -0.3324 0.9384 0.0942
vn -0.2947 0.8269 0.4789
vn -0.2649 0.8482 0.4586
vn -0.3342 0.9380 0.0918
vn -0.1612 0.8912 0.4240
vn -0.4040 0.8889 0.2158
vn -0.4435 0.8325 -0.3320
vn -0.5536 0.7928 -0.2547
vn -0.1618 0.8985 0.4081
vn -0.4535 0.5379 -0.7106
vn -0.5830 0.3598 -0.7285
vn -0.4127 0.1218 -0.9027
vn -0.5141 0.1527 -0.8440
vn -0.3820 0.1487 -0.9121
vn -0.4067 0.0644 -0.9113
vn -0.5421 0.3483 -0.7648
vn -0.4114 0.3638 -0.8357
vn -0.5600 0.4294 -0.7085
vn -0.4904 0.2663 -0.8298
vn -0.4254 0.4560 -0.7817
vn -0.5556 0.4562 -0.6951
vn -0.5167 0.4094 -0.7519
vn -0.5780 0.4085 -0.7065
vn -0.5699 0.3004 -0.7649
vn -0.5791 0.4759 -0.6620
vn -0.5138 0.5205 -0.6820
vn 0.1534 0.5376 -0.8291
vn 0.0027 0.4010 -0.9161
vn 0.8176 -0.0525 -0.5734
vn 0.9691 0.0729 -0.2357
vn 0.8182 0.1139 -0.5636
vn 0.0522 0.4638 -0.8844
vn 0.0226 0.5003 -0.8655
vn -0.4541 0.5124 -0.7289
vn 0.8037 0.0206 -0.5947
vn 0.6546 0.3217 -0.6841
vn -0.1873 0.7298 -0.6575
vn -0.4300 0.5706 -0.6997
vn 0.6576 0.6380 -0.4007
vn 0.0477 0.9019 -0.4292
vn 0.8864 -0.4483 0.1151
vn 0.9218 -0.3714 -0.1115
vn 0.9330 -0.3596 -0.0127
vn 0.5288 -0.7631 0.3717
vn 0.8110 -0.5801 0.0757
vn 0.6854 -0.6755 0.2719
vn 0.8263 -0.4675 0.3140
vn 0.6878 -0.5040 0.5224
vn 0.5808 -0.7694 0.2658
vn 0.7158 -0.4340 0.5471
vn 0.9451 -0.2830 0.1637
vn 0.4968 -0.7545 0.4290
vn 0.5255 -0.8099 0.2606
vn 0.4136 -0.8247 0.3857
vn 0.4564 -0.8099 0.3683
vn 0.4905 -0.7428 0.4557
vn 0.4794 -0.7781 0.4059
vn 0.4464 -0.8063 0.3880
vn 0.4383 -0.8091 0.3915
vn 0.3994 -0.7946 0.4572
vn 0.3724 -0.8496 0.3736
vn 0.3620 -0.8562 0.3686
vn 0.3936 -0.7944 0.4627
vn 0.4306 -0.8313 0.3513
vn 0.3628 -0.8151 0.4516
vn 0.4844 -0.7017 0.5225
vn 0.4771 -0.6814 0.5551
vn 0.5813 -0.5080 0.6357
vn 0.6212 -0.6077 0.4948
vn 0.5976 -0.5840 0.5493
vn 0.5862 -0.4694 0.6603
vn 0.5808 -0.4894 0.6505
vn 0.6615 -0.3940 0.6381
vn 0.5785 -0.6464 0.4975
vn 0.6378 -0.5164 0.5714
vn 0.6537 -0.4905 0.5763
vn 0.6613 -0.4756 0.5801
vn 0.4042 -0.8340 0.3756
vn 0.4936 -0.7457 0.4474
vn 0.4193 -0.7576 0.5002
vn 0.6139 -0.6864 0.3898
vn 0.6537 -0.5782 0.4882
vn 0.0851 -0.9903 0.1095
vn 0.4646 -0.8626 0.2002
vn 0.0932 -0.9852 0.1442
vn 0.7113 -0.6624 0.2350
vn 0.5644 -0.8126 0.1455
vn 0.0632 -0.9978 0.0207
vn 0.3665 -0.9220 0.1251
vn 0.7057 -0.6982 0.1204
vn 0.8462 -0.5210 0.1119
vn 0.7126 -0.6303 0.3079
vn 0.8554 -0.5178 0.0087
vn 0.9200 -0.3735 0.1189
vn 0.7695 -0.6177 0.1621
vn 0.9752 -0.2100 -0.0699
vn 0.9292 -0.2136 0.3015
vn 0.9811 -0.0063 0.1936
vn 0.9013 0.3553 -0.2479
vn 0.8826 0.3520 -0.3116
vn 0.9478 -0.2273 -0.2235
vn 0.6409 0.6423 -0.4203
vn 0.9737 -0.2204 -0.0578
vn 0.8219 -0.5639 0.0808
vn 0.7172 -0.5852 0.3784
vn 0.6146 -0.6699 0.4166
vn 0.6160 -0.6388 0.4610
vn 0.6571 -0.5105 0.5546
vn 0.6123 -0.6617 0.4327
vn 0.0321 0.9812 -0.1903
vn 0.4681 0.8592 -0.2065
vn -0.0481 0.9988 -0.0053
vn -0.2642 0.9586 -0.1061
vn -0.3037 0.7717 -0.5588
vn -0.1807 0.9598 -0.2147
vn -0.1538 0.8617 -0.4836
vn -0.1774 0.9157 -0.3606
vn -0.3325 0.7788 -0.5319
vn -0.4666 0.5861 -0.6624
vn -0.3875 0.7682 -0.5096
vn -0.3334 0.8939 -0.2998
vn -0.5049 0.5357 -0.6769
vn -0.4720 0.5244 -0.7087
vn -0.5363 0.5151 -0.6687
vn -0.4434 0.6095 -0.6572
vn -0.4862 0.6190 -0.6169
vn -0.4302 0.7187 -0.5463
vn -0.5691 0.6872 -0.4515
vn -0.6128 0.5837 -0.5327
vn -0.6311 0.5321 -0.5644
vn -0.5095 0.7716 -0.3809
vn -0.4111 0.8477 -0.3352
vn -0.3260 0.9326 -0.1552
vn -0.2207 0.9224 -0.3169
vn -0.4153 0.8831 -0.2183
vn -0.1643 0.9608 -0.2232
vn -0.2465 0.9641 -0.0985
vn -0.1653 0.9833 -0.0767
vn -0.1829 0.9830 -0.0179
vn -0.1076 0.9916 0.0715
vn -0.1927 0.9771 -0.0900
vn -0.3025 0.9489 -0.0902
vn -0.2628 0.9646 -0.0233
vn -0.3077 0.9491 -0.0674
vn -0.4671 0.8615 -0.1991
vn -0.1970 0.9801 -0.0223
vn -0.3861 0.8705 -0.3052
vn -0.5698 0.7416 -0.3540
vn -0.2576 0.9551 -0.1464
vn -0.2403 0.8936 -0.3790
vn -0.4711 0.7669 -0.4359
vn -0.1537 0.9500 -0.2718
vn -0.1103 0.9925 -0.0528
vn -0.0346 0.9885 -0.1473
vn -0.0354 0.9501 -0.3100
vn -0.1171 0.9179 -0.3792
vn 0.0880 0.9785 -0.1864
vn -0.0297 0.9442 -0.3280
vn 0.1335 0.9764 -0.1696
vn 0.2189 0.9717 -0.0888
vn -0.0698 0.9924 -0.1010
vn -0.1702 0.9328 -0.3176
vn -0.3749 0.8844 -0.2779
vn -0.1926 0.9802 0.0463
vn -0.0071 0.9981 0.0606
vn -0.1981 0.9697 -0.1427
vn -0.2054 0.9657 -0.1591
vn -0.4025 0.9061 -0.1304
vn -0.7318 0.4353 -0.5243
vn -0.6940 0.4765 -0.5398
vn -0.0362 0.9259 -0.3761
vn -0.5096 0.5803 -0.6352
vn -0.3066 0.9251 -0.2238
vn -0.7748 0.2785 -0.5676
vn -0.7950 0.1293 -0.5926
vn -0.6057 0.1239 -0.7860
vn -0.7203 0.1386 -0.6796
vn -0.3374 0.6358 -0.6942
vn -0.4814 0.1719 -0.8595
vn -0.2954 0.6713 -0.6798
vn 0.0622 0.9424 -0.3286
vn -0.0014 0.9528 -0.3036
vn -0.2547 0.9389 -0.2317
vn -0.5013 0.5978 -0.6256
vn -0.6784 0.4644 -0.5692
vn -0.4632 0.8503 -0.2500
vn -0.7156 0.2342 -0.6580
vn -0.7733 0.3317 -0.5403
vn -0.7916 0.3529 -0.4989
vn -0.7955 0.2468 -0.5534
vn -0.7834 0.3419 -0.5190
vn -0.5242 0.8020 -0.2865
vn -0.4566 0.8477 -0.2698
vn -0.3648 0.9047 -0.2202
vn -0.7174 0.4708 -0.5135
vn -0.7948 0.2144 -0.5678
vn -0.6986 0.5330 -0.4774
vn -0.3300 0.9302 -0.1610
vn -0.7867 0.1813 -0.5901
vn -0.7754 0.3163 -0.5466
vn -0.7176 0.4507 -0.5310
vn -0.6895 0.5521 -0.4687
vn -0.7560 0.4186 -0.5032
vn -0.7470 0.5154 -0.4199
vn -0.5642 0.6510 -0.5079
vn -0.6504 0.5471 -0.5270
vn -0.8421 0.3567 -0.4044
vn -0.7931 0.3805 -0.4757
vn -0.6670 0.4133 -0.6200
vn -0.7258 0.4841 -0.4887
vn -0.6086 0.5229 -0.5968
vn -0.7218 0.2688 -0.6378
vn -0.5722 0.3910 -0.7209
vn -0.5948 0.1967 -0.7794
vn -0.5525 0.2001 -0.8091
vn -0.5993 0.1133 -0.7925
vn -0.5832 0.3612 -0.7276
vn -0.6689 0.0437 -0.7421
vn -0.7316 -0.0192 -0.6814
vn -0.6362 0.2948 -0.7130
vn -0.6966 0.2440 -0.6747
vn -0.7487 0.0065 -0.6628
vn -0.6620 0.3398 -0.6681
vn -0.6475 0.2913 -0.7042
vn -0.5641 0.4339 -0.7025
vn -0.5958 0.4284 -0.6793
vn -0.6015 0.4097 -0.6858
vn -0.5216 0.5028 -0.6893
vn -0.5891 0.4421 -0.6764
vn -0.5670 0.4525 -0.6883
vn -0.3913 0.6672 -0.6338
vn -0.5554 0.5163 -0.6519
vn -0.4140 0.6401 -0.6472
vn -0.4630 0.6453 -0.6076
vn -0.6207 0.4431 -0.6469
vn -0.3078 0.7332 -0.6063
vn -0.3615 0.7390 -0.5685
vn -0.3426 0.7447 -0.5728
vn -0.3255 0.7394 -0.5894
vn -0.4767 0.6310 -0.6121
vn -0.3435 0.7093 -0.6155
vn -0.4949 0.6131 -0.6157
vn -0.5955 0.4520 -0.6641
vn -0.5875 0.4439 -0.6766
vn -0.5519 0.4872 -0.6768
vn -0.4811 0.6083 -0.6313
vn -0.5538 0.6293 -0.5453
vn -0.3697 0.7147 -0.5937
vn -0.4237 0.7902 -0.4428
vn -0.2479 0.8239 -0.5097
vn -0.2432 0.7705 -0.5892
vn -0.1312 0.8947 -0.4269
vn -0.3114 0.8915 -0.3291
vn -0.1823 0.9450 -0.2715
vn -0.1628 0.8404 -0.5169
vn -0.0590 0.9220 -0.3827
vn -0.0370 0.8743 -0.4839
vn -0.2179 0.8322 -0.5099
vn 0.0066 0.9264 -0.3765
vn 0.1857 0.8943 -0.4072
vn 0.1741 0.9331 -0.3147
vn 0.1025 0.9285 -0.3568
vn -0.1204 0.9754 -0.1845
vn 0.0198 0.9840 -0.1772
vn -0.0319 0.9277 -0.3721
vn 0.1259 0.9026 -0.4116
vn -0.3738 0.7298 -0.5724
vn -0.3917 0.7922 -0.4680
vn -0.3757 0.8427 -0.3857
vn -0.0770 0.9797 -0.1853
vn -0.1362 0.9507 -0.2785
vn -0.3679 0.8702 -0.3277
vn -0.0823 0.9540 -0.2884
vn -0.3118 0.8536 -0.4173
vn -0.4437 0.8269 -0.3455
vn -0.2704 0.8662 -0.4201
vn -0.1619 0.9202 -0.3565
vn -0.2955 0.8263 -0.4795
vn -0.3748 0.7805 -0.5003
vn -0.3902 0.8001 -0.4556
vn -0.2721 0.8374 -0.4740
vn -0.4070 0.7647 -0.4996
vn -0.3085 0.7813 -0.5426
vn -0.2920 0.7996 -0.5248
vn -0.2699 0.7905 -0.5498
vn -0.4972 0.7190 -0.4857
vn -0.3226 0.8261 -0.4621
vn -0.3977 0.8015 -0.4465
vn -0.3933 0.7199 -0.5719
vn -0.2022 0.8419 -0.5003
vn -0.1991 0.8413 -0.5026
vn -0.3475 0.7456 -0.5687
vn -0.3510 0.7852 -0.5102
vn -0.3967 0.6842 -0.6120
vn -0.5137 0.6202 -0.5928
vn -0.5617 0.5468 -0.6209
vn -0.5181 0.6912 -0.5039
vn -0.4846 0.5741 -0.6600
vn -0.5150 0.6422 -0.5677
vn -0.4411 0.7482 -0.4956
vn -0.5651 0.4404 -0.6976
vn -0.5478 0.3836 -0.7435
vn -0.5847 0.4547 -0.6719
vn -0.6203 0.0966 -0.7784
vn -0.5922 0.0983 -0.7998
vn -0.6084 -0.0648 -0.7910
vn -0.5986 -0.0360 -0.8002
vn -0.6436 -0.0367 -0.7645
vn -0.6439 0.1411 -0.7520
vn -0.5456 0.2252 -0.8072
vn -0.5910 0.1172 -0.7981
vn -0.4631 0.3047 -0.8323
vn -0.5666 0.3491 -0.7464
vn -0.3337 0.2077 -0.9195
vn -0.5783 0.4781 -0.6611
vn -0.3674 0.5794 -0.7275
vn -0.4590 0.4961 -0.7370
vn -0.3428 0.6110 -0.7135
vn -0.3115 0.5810 -0.7519
vn -0.2973 0.6409 -0.7078
vn -0.1422 0.6858 -0.7137
vn -0.1354 0.6892 -0.7118
vn -0.3191 0.6429 -0.6964
vn -0.3022 0.5690 -0.7648
vn -0.2980 0.6525 -0.6967
vn -0.3796 0.5481 -0.7453
vn -0.3858 0.6665 -0.6379
vn -0.1097 0.6677 -0.7363
vn -0.3677 0.6205 -0.6927
vn -0.0786 0.6936 -0.7160
vn -0.0575 0.7789 -0.6245
vn -0.5037 0.4584 -0.7322
vn -0.0352 0.6437 -0.7644
vn -0.1648 0.6760 -0.7182
vn -0.0216 0.6416 -0.7667
vn -0.4450 0.4694 -0.7627
vn -0.3147 0.5861 -0.7466
vn -0.2950 0.5769 -0.7617
vn -0.5376 0.4205 -0.7309
vn -0.1901 0.6835 -0.7047
vn -0.5708 0.5193 -0.6360
vn -0.6117 0.2033 -0.7646
vn -0.6506 0.3487 -0.6746
vn -0.5624 0.4052 -0.7208
vn -0.3007 0.5250 -0.7963
vn -0.3015 0.5040 -0.8094
vn -0.4558 0.4064 -0.7919
vn -0.1628 0.6506 -0.7418
vn -0.3198 0.4229 -0.8479
vn -0.7941 0.0358 -0.6067
vn -0.5953 0.4462 -0.6682
vn -0.1416 0.2264 -0.9637
vn -0.1903 0.4641 -0.8651
vn -0.6954 -0.0060 -0.7186
vn -0.2528 0.5631 -0.7867
vn -0.5027 0.3345 -0.7971
vn -0.8936 -0.0473 -0.4464
vn -0.7150 0.4250 -0.5551
vn -0.5370 0.6373 -0.5527
vn -0.3160 0.5436 -0.7776
vn -0.2471 0.5666 -0.7861
vn -0.6550 0.5393 -0.5293
vn -0.5112 0.6343 -0.5800
vn -0.6641 0.5316 -0.5257
vn -0.6473 0.5354 -0.5425
vn -0.6176 0.5551 -0.5571
vn -0.6715 0.5051 -0.5422
vn -0.6884 0.5562 -0.4655
vn -0.6595 0.5659 -0.4948
vn -0.6702 0.5405 -0.5086
vn -0.6202 0.5593 -0.5500
vn -0.6104 0.5591 -0.5611
vn -0.5452 0.6114 -0.5735
vn -0.5680 0.5866 -0.5773
vn -0.5429 0.5993 -0.5883
vn -0.5320 0.6233 -0.5731
vn -0.4991 0.6213 -0.6041
vn -0.5534 0.5888 -0.5891
vn -0.5183 0.6273 -0.5813
vn -0.5278 0.6242 -0.5761
vn -0.5238 0.6137 -0.5908
vn -0.5198 0.6066 -0.6015
vn -0.5228 0.6155 -0.5897
vn -0.3419 0.5498 -0.7621
vn -0.3010 0.5437 -0.7834
vn -0.3473 0.5488 -0.7604
vn -0.4981 0.6339 -0.5917
vn -0.3253 0.5350 -0.7797
vn -0.2853 0.5232 -0.8030
vn -0.4686 0.6275 -0.6218
vn -0.2389 0.5132 -0.8243
vn -0.3702 0.6302 -0.6825
vn -0.1846 0.5365 -0.8235
vn -0.3936 0.6382 -0.6617
vn -0.3508 0.6373 -0.6861
vn -0.0222 0.5943 -0.8039
vn -0.3022 0.6626 -0.6853
vn -0.6790 0.7339 -0.0168
vn -0.6989 0.7148 -0.0229
vn 0.1971 0.5772 -0.7925
vn -0.2849 0.7129 -0.6408
vn -0.6627 0.7488 -0.0018
vn 0.1012 0.5903 -0.8008
vn -0.3841 0.7693 -0.5106
vn -0.6723 0.7314 0.1140
vn -0.4886 0.7881 -0.3745
vn -0.1799 0.6498 -0.7385
vn -0.2300 0.7158 -0.6594
vn -0.5518 0.7776 -0.3014
vn -0.6985 0.6882 0.1962
vn -0.7012 0.6635 0.2609
vn -0.6807 0.6614 0.3149
vn -0.6867 0.6539 0.3178
vn -0.6134 0.7781 0.1353
vn -0.6709 0.7321 0.1179
vn -0.7190 0.6325 0.2880
vn -0.6742 0.7275 0.1275
vn -0.7094 0.6912 0.1382
vn -0.7700 0.5962 0.2274
vn -0.7249 0.6559 0.2104
vn -0.7252 0.6844 -0.0755
vn -0.6179 0.7326 0.2853
vn -0.6840 0.6245 0.3769
vn -0.5138 0.4541 0.7279
vn -0.4908 0.5438 0.6808
vn -0.2187 0.1699 0.9609
vn -0.1450 0.2483 0.9578
vn -0.1446 0.2492 0.9576
vn -0.4807 0.5573 0.6770
vn -0.2041 0.1911 0.9601
vn -0.4949 0.5177 0.6979
vn -0.5684 0.7780 0.2677
vn -0.6019 0.7574 0.2532
vn -0.6749 0.7005 0.2321
vn -0.5194 0.4774 0.7088
vn -0.7001 0.6591 0.2748
vn -0.6207 0.7762 0.1108
vn -0.5330 0.4461 0.7190
vn -0.6930 0.6557 0.2998
vn -0.5385 0.4810 0.6918
vn -0.2711 0.1718 0.9471
vn -0.2582 0.1510 0.9542
vn -0.2130 0.1977 0.9568
vn -0.2440 0.2178 0.9450
vn -0.5767 0.5085 0.6393
vn -0.3054 0.1521 0.9400
vn -0.6360 0.4981 0.5894
vn -0.7458 0.6155 0.2550
vn -0.7716 0.6038 0.2001
vn -0.6388 0.5779 0.5080
vn -0.7756 0.6159 0.1385
vn -0.6750 0.4495 0.5851
vn -0.3044 0.0228 0.9523
vn -0.2585 -0.0498 0.9647
vn -0.7349 0.6677 0.1188
vn -0.6743 0.7092 0.2057
vn -0.7062 0.6770 0.2071
vn -0.6701 0.6913 0.2704
vn -0.7395 0.6399 0.2090
vn -0.7367 0.6308 0.2437
vn -0.7735 0.6245 0.1081
vn -0.7556 0.6213 0.2075
vn -0.7614 0.5987 0.2486
vn -0.7963 0.6020 0.0594
vn -0.7803 0.5905 0.2061
vn -0.8258 0.5609 0.0591
vn -0.7551 0.6329 0.1714
vn -0.7461 0.6374 0.1922
vn -0.7493 0.6609 0.0425
vn -0.7160 0.6702 0.1954
vn -0.7033 0.6439 0.3013
vn -0.7518 0.6047 0.2632
vn -0.7331 0.6278 0.2616
vn -0.7950 0.5970 -0.1074
vn -0.7199 0.6849 -0.1127
vn -0.6282 0.7558 -0.1848
vn -0.6802 0.6801 0.2736
vn -0.2612 0.7726 -0.5787
vn -0.1179 0.7369 -0.6657
vn -0.2658 0.7025 -0.6602
vn -0.3873 0.6682 -0.6352
vn -0.5491 0.5880 -0.5939
vn -0.4506 0.5721 -0.6853
vn -0.6789 0.2878 -0.6755
vn -0.6724 0.5374 -0.5091
vn -0.3366 0.7639 -0.5506
vn -0.8935 0.1619 -0.4190
vn -0.8508 0.4159 -0.3212
vn -0.8179 0.5048 -0.2760
vn -0.8070 0.3552 -0.4717
vn -0.6359 0.6909 -0.3441
vn -0.6984 0.1444 -0.7010
vn -0.6650 0.4090 -0.6249
vn -0.6639 0.4060 -0.6281
vn -0.7920 0.6081 -0.0550
vn -0.8303 0.5523 -0.0749
vn -0.6730 0.7396 0.0060
vn -0.0409 0.8482 -0.5280
vn 0.2771 0.8046 -0.5252
vn 0.0333 0.7017 -0.7117
vn 0.1711 0.6724 -0.7201
vn -0.5221 0.6520 -0.5498
vn -0.4819 0.6598 -0.5766
vn -0.4511 0.6629 -0.5975
vn -0.5145 0.6597 -0.5477
vn -0.5204 0.6861 -0.5085
vn -0.5643 0.5984 -0.5688
vn -0.5592 0.6051 -0.5667
vn -0.6408 0.5240 -0.5611
vn -0.6458 0.5314 -0.5482
vn -0.5713 0.6312 -0.5246
vn -0.5093 0.7100 -0.4863
vn -0.5097 0.7342 -0.4485
vn -0.6111 0.6698 -0.4219
vn -0.6695 0.5540 -0.4948
vn -0.7045 0.5950 -0.3869
vn -0.5092 0.7157 -0.4780
vn -0.6466 0.6503 -0.3988
vn -0.7785 0.5048 -0.3730
vn -0.7115 0.6059 -0.3558
vn -0.7428 0.4637 -0.4831
vn -0.8208 0.3905 -0.4169
vn -0.7311 0.5689 -0.3767
vn -0.8347 0.3240 -0.4454
vn -0.8425 0.2261 -0.4889
vn -0.7452 0.5067 -0.4335
vn -0.8959 0.1080 -0.4310
vn -0.8130 0.3722 -0.4477
vn -0.6967 0.4564 -0.5534
vn -0.9134 0.1834 -0.3635
vn -0.9012 -0.0731 -0.4273
vn -0.8649 0.0073 -0.5019
vn -0.9511 -0.0370 -0.3066
vn -0.7832 0.3290 -0.5277
vn -0.7408 0.2822 -0.6095
vn -0.8381 0.3342 -0.4311
vn -0.9117 0.2959 -0.2850
vn -0.9325 0.2225 -0.2845
vn -0.9592 0.0639 -0.2754
vn -0.9129 0.2042 -0.3534
vn -0.8661 0.3528 -0.3540
vn -0.7733 0.4456 -0.4510
vn -0.6756 0.4904 -0.5505
vn -0.8605 0.1630 -0.4827
vn -0.8448 0.2000 -0.4964
vn -0.8502 0.1602 -0.5015
vn -0.8770 0.0270 -0.4797
vn -0.2512 0.8507 -0.4617
vn -0.8383 0.1719 -0.5174
vn -0.3966 0.7992 -0.4517
vn -0.4996 0.6563 -0.5654
vn -0.0387 0.8982 -0.4379
vn -0.0108 0.9423 -0.3347
vn -0.2194 0.8675 -0.4465
vn -0.2468 0.7953 -0.5538
vn -0.1172 0.8722 -0.4750
vn 0.0264 0.9130 -0.4070
vn -0.1219 0.8959 -0.4272
vn 0.1743 0.8765 -0.4488
vn -0.0960 0.8102 -0.5783
vn -0.7093 0.3698 -0.6002
vn -0.3812 0.6715 -0.6355
vn -0.5773 0.4173 -0.7019
vn -0.3819 0.6071 -0.6968
vn -0.3527 0.6517 -0.6715
vn 0.0886 0.7541 -0.6507
vn -0.1295 0.7008 -0.7015
vn 0.3144 0.7333 -0.6028
vn -0.0260 0.8949 -0.4456
vn 0.1852 0.6617 -0.7265
vn -0.1782 0.7018 -0.6897
vn -0.3462 0.5695 -0.7455
vn -0.1315 0.3696 -0.9198
vn 0.0027 0.6120 -0.7908
vn -0.0065 0.8050 -0.5933
vn -0.7639 0.3536 -0.5399
vn -0.8176 0.2705 -0.5083
vn -0.0244 0.8981 -0.4392
vn -0.4616 0.7348 -0.4969
vn -0.8137 0.4040 -0.4180
vn -0.4561 0.8045 -0.3803
vn -0.1152 0.9457 -0.3039
vn 0.0316 0.9621 -0.2708
vn -0.0859 0.9700 -0.2275
vn -0.0169 0.9663 -0.2568
vn -0.1999 0.9303 -0.3075
vn -0.2902 0.9165 -0.2751
vn -0.2224 0.9394 -0.2608
vn -0.1062 0.9751 -0.1945
vn -0.2783 0.8976 -0.3418
vn -0.1294 0.9858 -0.1074
vn -0.1040 0.9926 -0.0624
vn -0.2668 0.9413 -0.2068
vn -0.2314 0.9204 -0.3152
vn -0.0888 0.9798 -0.1791
vn -0.2622 0.9378 -0.2276
vn -0.4755 0.7782 -0.4103
vn -0.5567 0.7596 -0.3363
vn -0.3214 0.8582 -0.4003
vn -0.2733 0.8724 -0.4052
vn -0.3535 0.9051 -0.2361
vn -0.4240 0.8514 -0.3089
vn -0.6376 0.6420 -0.4258
vn -0.5689 0.6711 -0.4754
vn -0.7452 0.5131 -0.4259
vn -0.6576 0.5791 -0.4819
vn -0.5584 0.5322 -0.6364
vn -0.5753 0.6102 -0.5447
vn -0.5314 0.7572 -0.3799
vn -0.2776 0.9166 -0.2878
vn -0.3097 0.6994 -0.6441
vn -0.2552 0.5022 -0.8262
vn -0.0844 0.8216 -0.5639
vn -0.0684 0.9419 -0.3290
vn 0.0265 0.8471 -0.5308
vn 0.3891 0.2266 -0.8929
vn 0.5636 0.2402 -0.7904
vn 0.3994 0.2830 -0.8720
vn 0.0187 0.7747 -0.6321
vn -0.1088 0.8784 -0.4653
vn -0.1487 0.8389 -0.5235
vn 0.0069 0.6870 -0.7266
vn 0.5043 0.2132 -0.8368
vn -0.1403 0.9485 -0.2840
vn -0.3177 0.8609 -0.3974
vn -0.3436 0.7275 -0.5939
vn -0.2782 0.6040 -0.7469
vn -0.4822 0.7679 -0.4216
vn -0.5120 0.7871 -0.3439
vn -0.2354 0.9341 -0.2684
vn -0.7615 0.5252 -0.3798
vn -0.6546 0.5798 -0.4850
vn -0.8849 0.2116 -0.4150
vn -0.6663 0.6209 -0.4130
vn -0.8973 0.2240 -0.3803
vn -0.8987 0.2161 -0.3817
vn -0.8397 0.3386 -0.4246
vn -0.8458 0.3345 -0.4155
vn -0.8746 0.2906 -0.3880
vn -0.7104 0.5815 -0.3966
vn -0.8530 0.3101 -0.4197
vn -0.7605 0.4910 -0.4248
vn -0.6728 0.5640 -0.4789
vn -0.6999 0.5355 -0.4727
vn -0.8637 0.3284 -0.3823
vn -0.6751 0.6093 -0.4159
vn -0.7633 0.5179 -0.3861
vn -0.6736 0.5374 -0.5074
vn -0.7103 0.5506 -0.4386
vn -0.7193 0.5802 -0.3821
vn -0.7726 0.4383 -0.4593
vn -0.7142 0.5848 -0.3846
vn -0.7276 0.5226 -0.4444
vn -0.7211 0.5676 -0.3973
vn -0.7238 0.5127 -0.4619
vn -0.6929 0.4813 -0.5368
vn -0.7326 0.4613 -0.5004
vn -0.7744 0.5093 -0.3753
vn -0.7388 0.5564 -0.3803
vn -0.7529 0.5215 -0.4015
vn -0.7014 0.5657 -0.4336
vn -0.6986 0.5596 -0.4460
vn -0.7429 0.5155 -0.4271
vn -0.7208 0.5222 -0.4557
vn -0.7254 0.5344 -0.4339
vn -0.8329 0.3091 -0.4590
vn -0.7377 0.0811 -0.6703
vn -0.8143 0.2021 -0.5442
vn -0.6815 0.1044 -0.7243
vn -0.7005 0.3292 -0.6332
vn -0.6180 0.4817 -0.6214
vn -0.5547 0.3467 -0.7564
vn -0.6722 0.0499 -0.7387
vn -0.5508 0.2998 -0.7790
vn 0.1679 0.4874 -0.8569
vn 0.1989 0.4927 -0.8472
vn -0.2375 0.4912 -0.8381
vn -0.1312 0.3993 -0.9074
vn -0.4701 0.2418 -0.8488
vn 0.1326 0.1637 -0.9776
vn -0.2587 -0.0125 -0.9659
vn 0.4824 0.3733 -0.7924
vn -0.6918 -0.0389 -0.7210
vn -0.0095 -0.4106 -0.9118
vn -0.5875 -0.2957 -0.7533
vn 0.4119 -0.1944 -0.8903
vn 0.2545 -0.7103 -0.6562
vn -0.4122 -0.5924 -0.6922
vn 0.5688 -0.5101 -0.6452
vn 0.2721 -0.9144 -0.2998
vn -0.0899 -0.8404 -0.5345
vn 0.5410 -0.7897 -0.2892
vn 0.8678 -0.2797 -0.4108
vn 0.8297 -0.5498 -0.0971
vn 0.7605 0.1156 -0.6389
vn 0.8471 -0.5315 0.0002
vn 0.5976 -0.7941 -0.1112
vn 0.4184 -0.8916 -0.1731
vn 0.9240 -0.3760 0.0701
vn 0.5942 -0.8025 0.0540
vn 0.2420 -0.9685 0.0587
vn 0.0920 -0.9720 -0.2162
vn 0.0534 -0.9587 -0.2795
vn -0.1321 -0.9489 -0.2867
vn -0.0586 -0.9950 0.0804
vn 0.0150 -0.9999 0.0019
vn -0.1644 -0.9488 -0.2695
vn -0.3314 -0.8717 -0.3609
vn -0.3352 -0.8104 -0.4805
vn -0.5763 -0.6066 -0.5476
vn -0.5297 -0.6148 -0.5843
vn -0.6782 -0.4045 -0.6135
vn -0.3811 -0.5882 -0.7133
vn -0.5602 -0.4705 -0.6818
vn -0.1360 -0.8740 -0.4666
vn -0.3050 -0.5892 -0.7482
vn -0.5253 -0.3220 -0.7876
vn -0.1218 -0.5457 -0.8291
vn -0.5280 -0.2098 -0.8230
vn 0.0354 -0.9188 -0.3932
vn 0.2509 -0.8962 -0.3660
vn -0.4497 -0.1307 -0.8835
vn -0.6833 0.3553 -0.6378
vn -0.3622 -0.0573 -0.9303
vn -0.6442 0.4128 -0.6440
vn -0.6594 0.5607 -0.5009
vn -0.6983 0.5258 -0.4857
vn -0.7485 0.6008 -0.2809
vn -0.6505 0.4013 -0.6448
vn -0.4169 -0.0210 -0.9087
vn -0.3976 -0.1033 -0.9117
vn -0.0005 -0.4961 -0.8682
vn 0.1134 -0.6046 -0.7884
vn 0.4752 -0.8367 -0.2722
vn 0.3555 -0.7310 -0.5825
vn 0.6409 -0.7653 0.0600
vn 0.4810 -0.8415 0.2460
vn 0.3110 -0.9371 0.1583
vn 0.3539 -0.8420 0.4072
vn 0.5541 -0.7677 0.3219
vn 0.6950 -0.7142 0.0825
vn 0.4964 -0.8059 0.3227
vn 0.6582 -0.7049 0.2643
vn 0.3151 -0.8646 0.3914
vn 0.1556 -0.9318 0.3280
vn 0.4229 -0.8111 0.4040
vn 0.5320 -0.7606 0.3720
vn 0.5757 -0.7049 0.4143
vn 0.4960 -0.7551 0.4288
vn 0.6395 -0.6511 0.4088
vn 0.1883 -0.9238 0.3333
vn 0.6366 -0.6542 0.4083
vn 0.6801 -0.5880 0.4378
vn 0.6551 -0.6251 0.4244
vn 0.6848 -0.6083 0.4013
vn 0.6383 -0.6442 0.4215
vn 0.6486 -0.6315 0.4249
vn 0.3644 -0.8263 0.4296
vn 0.7633 -0.5457 0.3457
vn 0.7270 -0.5579 0.4002
vn 0.6344 -0.6889 0.3506
vn 0.7641 -0.5659 0.3098
vn 0.7499 -0.5759 0.3257
vn 0.7560 -0.6088 0.2404
vn 0.2408 -0.9299 0.2782
vn 0.1316 -0.9411 0.3115
vn 0.4181 -0.8972 0.1424
vn 0.6168 -0.7073 0.3453
vn 0.6548 -0.6167 0.4370
vn 0.3078 -0.9369 0.1661
vn 0.1196 -0.8953 0.4291
vn -0.0118 -0.9963 0.0846
vn -0.0189 -0.8986 0.4384
vn 0.0499 -0.9986 -0.0166
vn 0.1490 -0.9724 0.1796
vn 0.0642 -0.8695 0.4897
vn 0.2311 -0.9728 0.0134
vn -0.0416 -0.8855 0.4627
vn 0.1587 -0.8392 0.5202
vn 0.2281 -0.8777 0.4215
vn -0.1614 -0.9491 0.2706
vn 0.0457 -0.8990 0.4356
vn 0.0608 -0.9196 0.3881
vn 0.6191 -0.6289 0.4704
vn 0.6438 -0.6318 0.4316
vn 0.4248 -0.7854 0.4502
vn 0.5942 -0.5589 0.5783
vn 0.0676 -0.9014 0.4278
vn 0.6331 -0.5297 0.5644
vn 0.2983 -0.7973 0.5247
vn 0.0205 -0.9077 0.4190
vn -0.0780 -0.9272 0.3662
vn 0.3490 -0.8023 0.4843
vn 0.1968 -0.8738 0.4446
vn 0.6668 -0.6021 0.4391
vn 0.7830 -0.2798 0.5556
vn 0.4435 -0.7195 0.5345
vn 0.6147 -0.5646 0.5508
vn 0.8353 -0.1864 0.5172
vn 0.8533 -0.1223 0.5069
vn 0.8638 -0.0652 0.4997
vn 0.8780 0.0457 0.4765
vn 0.7581 -0.1940 0.6226
vn 0.8202 -0.2043 0.5344
vn 0.7325 -0.2863 0.6177
vn 0.4978 -0.6474 0.5771
vn 0.4159 -0.7115 0.5664
vn 0.7858 -0.1291 0.6048
vn 0.8326 -0.4200 0.3610
vn 0.5358 -0.7935 0.2886
vn 0.5834 -0.8092 0.0689
vn 0.8393 -0.5396 0.0669
vn 0.8773 -0.1696 0.4489
vn 0.8414 -0.5032 0.1969
vn 0.7286 -0.6163 0.2989
vn 0.7519 -0.5846 0.3049
vn 0.4393 -0.8277 0.3491
vn 0.6528 -0.6278 0.4239
vn 0.2136 -0.9116 0.3512
vn 0.4724 -0.7690 0.4307
vn 0.7042 -0.5394 0.4618
vn 0.2724 -0.8527 0.4457
vn 0.3848 -0.7545 0.5316
vn 0.2544 -0.8347 0.4884
vn 0.2705 -0.7838 0.5591
vn 0.2321 -0.8986 0.3725
vn 0.3796 -0.8170 0.4341
vn 0.2854 -0.8909 0.3533
vn 0.4335 -0.8430 0.3184
vn 0.3579 -0.8192 0.4482
vn 0.5841 -0.7399 0.3337
vn 0.4833 -0.6826 0.5482
vn 0.3097 -0.7562 0.5764
vn 0.3047 -0.7275 0.6147
vn 0.4476 -0.6257 0.6389
vn 0.4168 -0.6376 0.6479
vn 0.3336 -0.7821 0.5264
vn 0.3459 -0.7304 0.5889
vn 0.4289 -0.7698 0.4727
vn 0.4304 -0.7358 0.5229
vn 0.4095 -0.6370 0.6531
vn 0.4344 -0.6175 0.6557
vn 0.6078 -0.6149 0.5024
vn 0.5408 -0.5714 0.6173
vn 0.6065 -0.6005 0.5211
vn 0.5234 -0.5243 0.6717
vn 0.6040 -0.5126 0.6102
vn 0.4218 -0.8809 0.2146
vn 0.3888 -0.8820 0.2665
vn 0.5759 -0.5081 0.6404
vn 0.6383 -0.4504 0.6243
vn 0.3935 -0.8459 0.3600
vn 0.0835 -0.9916 0.0989
vn 0.4278 -0.7881 0.4426
vn 0.1122 -0.9766 0.1834
vn 0.2177 -0.9694 0.1136
vn 0.2944 -0.8887 0.3516
vn 0.4695 -0.8183 0.3315
vn 0.1608 -0.9543 0.2520
vn 0.5398 -0.6127 0.5773
vn 0.6978 -0.4955 0.5172
vn 0.2389 -0.9698 -0.0486
vn 0.5525 -0.8136 0.1810
vn 0.7406 -0.3518 0.5726
vn 0.7658 -0.4819 0.4258
vn 0.7847 -0.2500 0.5673
vn 0.6967 -0.3824 0.6069
vn 0.5002 -0.6768 0.5402
vn 0.3361 -0.8236 0.4569
vn 0.1921 -0.9531 0.2338
vn 0.2513 -0.9548 0.1589
vn 0.5630 -0.6889 0.4566
vn 0.5594 -0.7416 0.3703
vn 0.6692 -0.6691 0.3231
vn 0.6959 -0.4586 0.5526
vn 0.6005 -0.6449 0.4727
vn 0.4503 -0.8143 0.3663
vn 0.1415 -0.9809 0.1331
vn 0.5794 -0.7248 0.3728
vn 0.6318 -0.6606 0.4055
vn 0.4753 -0.8453 0.2439
vn 0.7131 -0.7008 0.0189
vn 0.5444 -0.8387 -0.0167
vn 0.4669 -0.8803 0.0836
vn 0.5829 -0.6114 -0.5352
vn 0.3078 -0.8360 -0.4542
vn 0.4821 -0.8760 0.0145
vn 0.6898 -0.7165 0.1041
vn 0.7135 -0.6080 -0.3483
vn -0.0238 -0.3354 -0.9418
vn 0.2739 -0.0220 -0.9615
vn 0.1500 -0.1330 -0.9797
vn -0.4165 0.2313 -0.8792
vn -0.5074 0.1529 -0.8480
vn -0.6989 0.3665 -0.6142
vn -0.4736 0.4025 -0.7834
vn -0.6357 0.5181 -0.5723
vn -0.7336 0.2853 -0.6168
vn -0.4702 -0.0002 -0.8826
vn -0.6567 0.2342 -0.7169
vn -0.7381 0.2329 -0.6332
vn -0.7044 0.4134 -0.5770
vn -0.5308 0.5285 -0.6626
vn -0.6240 0.5539 -0.5512
vn -0.2645 0.9225 -0.2811
vn -0.1386 0.9365 -0.3221
vn 0.0080 0.9957 -0.0920
vn 0.4397 0.8640 -0.2454
vn 0.5343 0.8435 -0.0543
vn 0.8945 0.4438 0.0535
vn 0.5733 0.8190 -0.0255
vn 0.0124 0.9331 -0.3595
vn 0.8432 0.5161 0.1504
vn 0.5904 0.7924 -0.1533
vn 0.0157 0.8945 -0.4467
vn 0.8346 0.5505 0.0184
vn 0.0065 0.8141 -0.5807
vn 0.5803 0.6823 -0.4446
vn 0.9034 0.2044 -0.3768
vn 0.9457 0.3135 0.0854
vn 0.9400 0.1693 0.2963
vn 0.2302 0.3931 -0.8902
vn 0.1101 0.6278 -0.7706
vn 0.4028 0.1753 -0.8984
vn 0.7701 0.4765 -0.4242
vn -0.2582 0.4316 -0.8643
vn -0.3406 0.1929 -0.9202
vn -0.2984 0.0723 -0.9517
vn -0.5487 0.1715 -0.8183
vn -0.4288 0.4394 -0.7893
vn -0.0482 -0.1392 -0.9891
vn -0.3292 -0.2892 -0.8989
vn -0.4946 0.0679 -0.8665
vn -0.5718 0.1980 -0.7961
vn -0.4979 0.0256 -0.8668
vn -0.3732 -0.4412 -0.8161
vn 0.1175 -0.6414 -0.7581
vn 0.2359 -0.4175 -0.8775
vn 0.0675 -0.8114 -0.5806
vn 0.0408 -0.8761 -0.4803
vn -0.2559 -0.5161 -0.8174
vn 0.4690 -0.8829 -0.0231
vn 0.7879 -0.5504 0.2761
vn 0.8544 -0.4766 0.2070
vn 0.5703 -0.8058 -0.1595
vn 0.9289 -0.3677 -0.0433
vn 0.9959 -0.0262 0.0862
vn 0.9283 -0.1004 0.3581
vn 0.9403 -0.0241 -0.3396
vn 0.9202 -0.2253 -0.3201
vn 0.7110 -0.3354 -0.6181
vn 0.5935 -0.0796 -0.8009
vn 0.6474 -0.6634 -0.3753
vn -0.5903 0.1900 -0.7845
vn -0.4266 0.4424 -0.7889
vn -0.4503 0.4951 -0.7430
vn 0.4043 0.1049 -0.9086
vn 0.0821 0.3514 -0.9326
vn 0.6417 -0.5222 -0.5617
vn 0.5572 -0.6035 -0.5703
vn 0.7290 -0.5905 -0.3462
vn 0.6388 -0.7486 -0.1775
vn 0.4825 -0.8566 -0.1828
vn 0.4852 -0.8740 0.0274
vn 0.6109 -0.7805 0.1329
vn 0.5841 -0.8094 -0.0610
vn 0.4872 -0.8167 0.3092
vn 0.5007 -0.8332 0.2345
vn 0.5870 -0.7545 0.2937
vn 0.7427 -0.6695 -0.0128
vn 0.5059 -0.8364 0.2109
vn 0.9149 -0.4016 -0.0408
vn 0.8239 -0.5592 0.0927
vn 0.5229 -0.8033 0.2852
vn 0.3510 -0.8546 0.3826
vn 0.6141 -0.6677 0.4209
vn 0.4295 -0.8030 0.4131
vn 0.6617 -0.5951 0.4562
vn 0.4981 -0.7644 0.4095
vn 0.5732 -0.6940 0.4356
vn 0.6055 -0.6844 0.4062
vn 0.6773 -0.6642 0.3162
vn 0.6421 -0.5613 0.5221
vn 0.7078 -0.6219 0.3350
vn 0.7523 -0.6235 0.2129
vn 0.8532 -0.4694 -0.2275
vn 0.6675 -0.6022 0.4379
vn 0.7192 -0.4882 0.4944
vn 0.8258 -0.3682 0.4271
vn 0.7580 -0.5559 0.3412
vn 0.8571 -0.4317 0.2812
vn 0.6809 -0.5973 0.4239
vn 0.7166 -0.6221 0.3155
vn 0.6410 -0.6244 0.4464
vn 0.2898 -0.8678 0.4036
vn 0.2064 -0.9510 0.2302
vn 0.0378 -0.9554 0.2927
vn 0.0736 -0.9119 0.4038
vn 0.5427 -0.6886 0.4809
vn -0.3463 -0.9174 0.1961
vn -0.4935 -0.8678 0.0587
vn -0.2618 -0.9451 0.1954
vn -0.3769 -0.9178 0.1250
vn -0.2389 -0.9570 0.1647
vn 0.0153 -0.9286 0.3707
vn 0.0136 -0.9308 0.3652
vn -0.0371 -0.9757 0.2157
vn -0.0921 -0.9275 0.3623
vn 0.0804 -0.9125 0.4010
vn 0.4596 -0.7886 0.4085
vn 0.8678 -0.3969 0.2989
vn 0.9656 -0.2235 0.1326
vn 0.9823 -0.1694 0.0796
vn 0.9975 -0.0705 -0.0030
vn 0.9027 0.1262 -0.4114
vn 0.8842 -0.2278 -0.4077
vn 0.6218 0.2324 -0.7479
vn 0.7939 -0.3673 -0.4846
vn 0.8004 -0.5856 -0.1285
vn 0.2165 -0.8976 0.3841
vn -0.0331 -0.9699 0.2414
vn -0.0020 -0.9549 0.2969
vn 0.0730 -0.9802 0.1839
vn 0.1863 -0.9653 0.1828
vn 0.4709 -0.8317 0.2942
vn 0.2656 -0.8764 0.4017
vn 0.5845 -0.6698 0.4581
vn 0.4268 -0.7297 0.5342
vn 0.5450 -0.6750 0.4974
vn 0.4721 -0.7113 0.5208
vn 0.5823 -0.5776 0.5721
vn 0.7200 -0.4001 0.5670
vn 0.4772 -0.6837 0.5521
vn 0.4702 -0.6922 0.5475
vn 0.3928 -0.7605 0.5171
vn 0.6361 -0.5084 0.5805
vn 0.7579 -0.2259 0.6120
vn 0.7293 -0.3693 0.5760
vn 0.7130 -0.4521 0.5360
vn 0.5340 -0.6740 0.5104
vn 0.3707 -0.8054 0.4625
vn 0.4450 -0.7162 0.5376
vn 0.7008 -0.5374 0.4691
vn 0.9055 -0.0528 0.4211
vn 0.9122 -0.0470 0.4071
vn 0.8626 -0.2945 0.4113
vn 0.4407 -0.7206 0.5353
vn 0.4055 -0.7442 0.5308
vn 0.4240 -0.7398 0.5224
vn 0.7381 -0.3772 0.5594
vn 0.5630 -0.6070 0.5609
vn 0.5745 -0.5875 0.5699
vn 0.5922 -0.5864 0.5526
vn 0.5570 -0.5911 0.5834
vn 0.5708 -0.6008 0.5597
vn 0.5526 -0.5944 0.5842
vn 0.5453 -0.6196 0.5646
vn 0.6817 -0.5911 0.4311
vn 0.6651 -0.5909 0.4566
vn 0.7019 -0.5401 0.4643
vn 0.6145 -0.6110 0.4990
vn 0.6537 -0.5709 0.4967
vn 0.7115 -0.5421 0.4471
vn 0.6961 -0.5327 0.4813
vn 0.6472 -0.5645 0.5123
vn 0.6036 -0.6214 0.4996
vn 0.6792 -0.5534 0.4821
vn 0.6657 -0.5864 0.4616
vn 0.6528 -0.5911 0.4738
vn 0.5997 -0.6657 0.4441
vn 0.5881 -0.6740 0.4470
vn 0.5787 -0.6426 0.5022
vn 0.4935 -0.7298 0.4731
vn 0.4987 -0.7653 0.4070
vn 0.4929 -0.7684 0.4081
vn 0.5789 -0.6868 0.4395
vn 0.6533 -0.6022 0.4589
vn 0.4848 -0.7479 0.4534
vn 0.4511 -0.8149 0.3638
vn 0.4130 -0.7789 0.4719
vn 0.4465 -0.8058 0.3889
vn 0.4410 -0.8452 0.3018
vn 0.4364 -0.8173 0.3764
vn 0.4396 -0.7794 0.4465
vn 0.4389 -0.7758 0.4533
vn 0.4354 -0.8032 0.4065
vn 0.4600 -0.7757 0.4320
vn 0.4895 -0.7970 0.3538
vn 0.5261 -0.7717 0.3573
vn 0.4733 -0.7604 0.4447
vn 0.4805 -0.7248 0.4938
vn 0.7949 -0.5223 0.3086
vn 0.8096 -0.5350 0.2416
vn 0.6963 -0.6563 0.2907
vn 0.9390 -0.3240 0.1156
vn 0.9564 -0.2890 -0.0414
vn 0.8637 -0.5017 0.0482
vn 0.5681 -0.7180 0.4021
vn 0.7508 -0.6344 0.1837
vn 0.5610 -0.7002 0.4417
vn 0.5578 -0.6844 0.4696
vn 0.4728 -0.6944 0.5425
vn 0.4392 -0.7577 0.4827
vn 0.4945 -0.6985 0.5173
vn 0.4944 -0.6563 0.5699
vn 0.5679 -0.6378 0.5203
vn 0.5255 -0.6300 0.5717
vn 0.5709 -0.6538 0.4966
vn 0.5697 -0.6148 0.5454
vn 0.8401 -0.5337 0.0971
vn 0.9056 -0.4239 -0.0107
vn 0.8040 -0.5506 0.2245
vn 0.8516 -0.4709 0.2302
vn 0.8291 -0.4947 0.2603
vn 0.9284 -0.3709 -0.0251
vn 0.8607 -0.4995 0.0986
vn 0.9537 -0.3001 -0.0208
vn 0.7143 -0.5776 0.3952
vn 0.5821 -0.6266 0.5182
vn 0.7140 -0.6417 0.2802
vn 0.8521 -0.5069 0.1303
vn 0.9963 -0.0850 0.0096
vn 0.9849 -0.1275 0.1168
vn 0.9660 -0.2405 0.0948
vn 0.9839 -0.1317 0.1211
vn 0.8012 -0.5451 0.2469
vn 0.6414 -0.7202 0.2644
vn 0.6039 -0.6838 0.4095
vn 0.4299 -0.6181 0.6582
vn 0.4818 -0.7575 0.4406
vn 0.2690 -0.5361 0.8002
vn 0.1918 -0.5692 0.7995
vn 0.3113 -0.5730 0.7582
vn 0.3226 -0.5954 0.7358
vn 0.2754 -0.5757 0.7699
vn 0.2498 -0.5411 0.8030
vn 0.4244 -0.5913 0.6858
vn 0.2601 -0.5167 0.8157
vn 0.5612 -0.5276 0.6377
vn 0.2974 -0.5074 0.8088
vn 0.6161 -0.5059 0.6037
vn 0.3111 -0.5202 0.7953
vn 0.3081 -0.5390 0.7840
vn 0.5840 -0.5930 0.5544
vn 0.1148 -0.4225 0.8991
vn 0.3830 -0.5191 0.7641
vn 0.4361 -0.5632 0.7018
vn 0.3782 -0.6270 0.6810
vn 0.3276 -0.5557 0.7641
vn 0.3494 -0.6471 0.6776
vn 0.2299 -0.5559 0.7988
vn 0.2976 -0.5234 0.7984
vn 0.2708 -0.5083 0.8175
vn 0.2984 -0.5092 0.8073
vn 0.2999 -0.4853 0.8213
vn 0.2868 -0.4900 0.8232
vn 0.2823 -0.4842 0.8282
vn 0.3202 -0.5563 0.7668
vn 0.3298 -0.5629 0.7579
vn 0.3414 -0.5674 0.7493
vn 0.4593 -0.7942 0.3977
vn 0.3830 -0.5811 0.7181
vn 0.2825 -0.4724 0.8349
vn 0.3697 -0.4998 0.7833
vn 0.3491 -0.5221 0.7782
vn 0.4959 -0.5251 0.6917
vn 0.7648 -0.4854 0.4236
vn 0.6008 -0.4982 0.6252
vn 0.7969 -0.5840 0.1547
vn 0.6725 -0.5863 0.4516
vn 0.8247 -0.4853 0.2906
vn 0.6174 -0.2937 0.7298
vn 0.1055 0.0113 0.9944
vn 0.0533 -0.0124 0.9985
vn 0.8140 -0.5498 0.1874
vn 0.4832 -0.3370 0.8080
vn 0.5096 -0.1368 0.8495
vn -0.0233 0.0370 0.9990
vn 0.0664 0.1189 0.9907
vn 0.1146 -0.0398 0.9926
vn 0.2265 -0.1307 0.9652
vn 0.0492 0.0732 0.9961
vn 0.1585 -0.0013 0.9874
vn 0.2785 -0.0540 0.9589
vn -0.0467 -0.3952 0.9174
vn 0.4724 -0.3650 0.8023
vn 0.1374 0.0660 0.9883
vn 0.0331 0.0486 0.9983
vn 0.3729 0.1818 0.9099
vn 0.1850 0.0678 0.9804
vn -0.4899 0.0459 0.8705
vn 0.5320 0.4778 0.6990
vn 0.3228 -0.1134 0.9396
vn 0.5931 0.2433 0.7675
vn 0.5389 -0.1902 0.8206
vn -0.3965 -0.1507 0.9056
vn -0.5836 0.1218 0.8029
vn 0.4362 -0.3153 0.8428
vn 0.2651 -0.0939 0.9596
vn 0.3703 -0.3316 0.8677
vn 0.1401 -0.0501 0.9889
vn 0.4072 -0.3343 0.8500
vn 0.2244 -0.2923 0.9296
vn 0.3655 -0.4204 0.8305
vn 0.1239 0.0758 0.9894
vn 0.3828 -0.7623 0.5220
vn 0.0716 -0.5234 0.8491
vn 0.2229 -0.7710 0.5965
vn 0.2062 -0.7875 0.5808
vn 0.8052 -0.5357 0.2542
vn 0.8200 -0.5374 0.1973
vn 0.6919 -0.6313 0.3505
vn 0.7455 -0.5958 0.2986
vn 0.6166 -0.6135 0.4934
vn 0.8032 -0.5950 0.0300
vn 0.8387 -0.5438 -0.0292
vn 0.7992 -0.5590 0.2209
vn 0.4133 -0.8367 0.3593
vn 0.3521 -0.8069 0.4742
vn 0.3631 -0.7849 0.5021
vn 0.3791 -0.8477 0.3709
vn 0.4014 -0.8093 0.4288
vn 0.5093 -0.7528 0.4170
vn 0.5392 -0.7509 0.3813
vn 0.3725 -0.9021 0.2178
vn 0.4119 -0.8225 0.3922
vn 0.5302 -0.7510 0.3936
vn 0.3502 -0.8338 0.4269
vn 0.5437 -0.7316 0.4112
vn 0.2925 -0.9007 0.3212
vn 0.4024 -0.8827 0.2426
vn 0.3263 -0.8973 0.2972
vn 0.3969 -0.8965 0.1968
vn 0.3585 -0.8697 0.3392
vn 0.2261 -0.8573 0.4626
vn 0.2964 -0.8755 0.3815
vn 0.2067 -0.8402 0.5013
vn 0.2626 -0.8718 0.4135
vn 0.2191 -0.8665 0.4484
vn 0.4377 -0.8462 0.3039
vn 0.3329 -0.9173 0.2185
vn 0.5131 -0.8576 0.0345
vn 0.1933 -0.9014 0.3875
vn 0.2063 -0.9462 0.2494
vn 0.0211 -0.9291 -0.3693
vn 0.3984 -0.8449 0.3570
vn 0.3749 -0.9131 0.1604
vn 0.3823 -0.8318 0.4024
vn 0.5449 -0.7480 0.3788
vn 0.5180 -0.7474 0.4160
vn 0.4964 -0.8465 0.1925
vn 0.6322 -0.7007 0.3305
vn 0.6273 -0.6628 0.4089
vn 0.6882 -0.5961 0.4136
vn 0.7010 -0.6450 0.3043
vn 0.5929 -0.8036 0.0524
vn 0.6922 -0.7178 0.0749
vn 0.6272 -0.6456 0.4358
vn 0.5291 -0.7293 0.4338
vn 0.6848 -0.5980 0.4165
vn 0.6366 -0.6521 0.4118
vn 0.6603 -0.6245 0.4171
vn 0.7137 -0.6114 0.3418
vn 0.7077 -0.6300 0.3197
vn 0.6389 -0.6768 0.3656
vn 0.7519 -0.5683 0.3341
vn 0.7033 -0.6369 0.3157
vn 0.6238 -0.7016 0.3445
vn 0.6355 -0.6907 0.3452
vn 0.6929 -0.5585 0.4561
vn 0.4209 -0.7223 0.5487
vn 0.4810 -0.6992 0.5290
vn 0.3513 -0.8226 0.4471
vn 0.7136 -0.6477 0.2669
vn 0.3981 -0.7536 -0.5231
vn 0.6089 -0.7724 -0.1805
vn 0.2830 -0.8131 -0.5086
vn 0.0634 -0.5336 -0.8434
vn -0.0465 -0.4258 -0.9036
vn -0.1088 -0.5641 -0.8185
vn 0.1604 -0.9133 -0.3743
vn -0.3675 0.2633 -0.8920
vn -0.2765 -0.1082 -0.9549
vn -0.1446 -0.3728 -0.9166
vn -0.6330 -0.2260 -0.7405
vn -0.6981 -0.2891 -0.6551
vn -0.6962 0.5666 -0.4407
vn -0.6805 0.5788 -0.4492
vn -0.6308 0.6165 -0.4713
vn -0.5560 0.6335 -0.5381
vn -0.4325 0.6661 -0.6077
vn -0.3948 0.7370 -0.5486
vn -0.4481 0.7612 -0.4688
vn -0.3923 0.8132 -0.4299
vn -0.0855 0.8241 -0.5599
vn -0.1513 0.9411 -0.3022
vn -0.6724 0.4770 -0.5660
vn -0.8105 0.4065 -0.4217
vn -0.7319 0.3600 -0.5785
vn -0.9326 0.3137 -0.1784
vn -0.8716 0.2235 -0.4363
vn -0.9821 0.1551 -0.1071
vn -0.9573 0.0670 0.2812
vn -0.9637 -0.0034 0.2671
vn -0.8695 -0.1514 0.4701
vn -0.9994 0.0308 -0.0179
vn -0.7687 -0.2513 0.5882
vn -0.9819 -0.1576 0.1055
vn -0.9048 0.1467 -0.3998
vn -0.7370 0.2232 -0.6380
vn -0.9145 -0.0144 -0.4044
vn -0.7228 0.0740 -0.6870
vn -0.7175 0.3130 -0.6223
vn -0.6681 -0.1063 -0.7364
vn -0.5588 0.2710 -0.7838
vn -0.8972 -0.2004 -0.3935
vn -0.1094 0.4412 -0.8907
vn -0.4705 0.1267 -0.8733
vn -0.2214 -0.1926 -0.9560
vn -0.5831 -0.3828 -0.7166
vn -0.0259 0.1793 -0.9835
vn -0.5031 -0.5806 -0.6401
vn -0.2043 -0.3219 -0.9245
vn 0.1110 0.1588 -0.9811
vn 0.3206 0.6965 -0.6419
vn 0.3692 0.7085 -0.6014
vn 0.4615 0.8868 -0.0224
vn 0.5404 0.8403 0.0435
vn 0.3838 0.7834 -0.4889
vn 0.0923 0.9119 -0.3999
vn 0.4050 0.9130 0.0488
vn 0.0999 0.9934 0.0567
vn -0.1537 0.9233 -0.3521
vn -0.4840 0.7743 -0.4077
vn -0.2207 0.9707 0.0948
vn -0.6550 0.7505 0.0878
vn -0.2614 0.9055 0.3344
vn -0.7696 0.6152 0.1712
vn 0.0518 0.9184 0.3922
vn -0.5589 0.6488 0.5165
vn 0.1930 0.5838 0.7886
vn 0.3642 0.8752 0.3185
vn 0.4531 0.7978 0.3978
vn 0.0149 0.2944 0.9556
vn -0.2742 0.0827 0.9581
vn -0.1982 -0.2151 0.9563
vn -0.0120 -0.0788 0.9968
vn -0.5772 -0.2698 0.7707
vn 0.0048 0.4465 0.8948
vn -0.4965 -0.2247 0.8385
vn -0.0417 0.6260 0.7787
vn 0.4205 0.8152 0.3983
vn 0.2019 0.9179 0.3416
vn -0.3989 -0.1186 0.9093
vn 0.1538 0.9550 -0.2536
vn -0.0301 0.6980 -0.7155
vn -0.3303 0.8158 -0.4747
vn -0.3325 0.8980 0.2882
vn -0.4133 0.3656 -0.8340
vn -0.6764 0.4194 -0.6054
vn -0.9215 0.3725 0.1103
vn -0.8996 -0.4240 -0.1051
vn -0.6851 -0.1344 -0.7159
vn -0.7079 -0.6849 -0.1725
vn -0.5936 -0.4774 -0.6478
vn -0.3975 -0.1218 -0.9095
vn -0.0937 0.2613 -0.9607
vn -0.6887 -0.6901 -0.2223
vn -0.6467 -0.3888 0.6562
vn -0.6690 -0.5585 0.4904
vn -0.7313 -0.5850 0.3508
vn -0.7966 -0.5068 -0.3295
vn -0.8532 -0.4718 0.2223
vn -0.5547 -0.3855 0.7374
vn -0.0476 -0.4076 0.9119
vn -0.1868 -0.4219 0.8872
vn -0.9206 -0.3537 0.1653
vn 0.1537 -0.3600 0.9202
vn 0.1051 -0.4770 0.8726
vn 0.0826 -0.5402 0.8375
vn 0.0809 -0.3783 0.9221
vn -0.2530 -0.3731 0.8926
vn -0.1797 -0.3239 0.9289
vn -0.7398 -0.2650 0.6184
vn -0.7906 -0.1861 0.5833
vn -0.8906 -0.2163 0.4001
vn -0.3816 -0.5162 0.7667
vn -0.9043 -0.2546 0.3426
vn -0.8803 -0.2529 0.4014
vn -0.8807 -0.2973 0.3688
vn -0.8538 -0.1244 0.5056
vn -0.8714 -0.1727 0.4591
vn -0.8875 -0.1140 0.4466
vn -0.2684 -0.4673 0.8424
vn -0.9306 0.0729 0.3586
vn -0.9958 0.0309 0.0861
vn -0.9395 -0.1662 0.2996
vn -0.9455 -0.3151 0.0819
vn -0.9057 -0.3669 -0.2124
vn -0.9828 -0.0015 -0.1848
vn -0.7517 -0.6587 -0.0326
vn -0.6199 -0.5093 0.5969
vn -0.7272 -0.3757 0.5744
vn -0.2051 -0.2381 0.9493
vn -0.3749 -0.7725 0.5126
vn -0.3333 -0.2925 0.8963
vn 0.3568 0.2610 0.8970
vn 0.2361 -0.3560 0.9042
vn -0.0719 -0.0336 0.9968
vn -0.3514 -0.2899 0.8902
vn -0.7245 -0.3109 0.6152
vn 0.0957 -0.3086 0.9464
vn -0.2056 -0.3367 0.9189
vn -0.0310 -0.1981 0.9797
vn -0.0140 -0.3672 0.9300
vn 0.2757 -0.4544 0.8471
vn -0.4321 -0.7620 0.4823
vn -0.1440 -0.7481 0.6478
vn 0.2785 -0.6379 0.7180
vn 0.3161 -0.3929 0.8635
vn 0.0414 -0.0151 0.9990
vn 0.3804 -0.2816 0.8809
vn 0.7054 -0.2147 0.6755
vn 0.4522 -0.6756 0.5823
vn 0.7775 -0.1658 0.6067
vn 0.8602 -0.1328 0.4923
vn 0.8583 0.3412 0.3833
vn 0.9176 0.2594 0.3011
vn 0.7981 0.3964 0.4538
vn 0.9111 -0.2098 0.3547
vn 0.5804 -0.7288 0.3633
vn 0.9274 0.2582 0.2707
vn 0.9308 -0.2657 0.2512
vn 0.5986 -0.7835 0.1670
vn 0.9449 0.2430 0.2192
vn 0.1067 -0.9781 0.1788
vn -0.0302 -0.9304 0.3653
vn -0.3427 -0.9371 0.0665
vn -0.2677 -0.9634 -0.0143
vn 0.0666 -0.9942 0.0839
vn -0.3270 -0.9450 0.0106
vn 0.4747 -0.8765 0.0801
vn 0.0038 -1.0000 0.0054
vn -0.3947 -0.9130 -0.1028
vn -0.7845 -0.6196 -0.0251
vn -0.7330 -0.6770 -0.0660
vn -0.9678 -0.1761 -0.1796
vn -0.7436 -0.6536 -0.1413
vn -0.9527 -0.2406 -0.1856
vn -0.9791 -0.1503 -0.1374
vn -0.6850 -0.7252 -0.0698
vn -0.9861 -0.1572 -0.0543
vn -0.7934 -0.5933 0.1360
vn -0.7823 -0.1335 0.6084
vn -0.9988 -0.0470 0.0097
vn -0.9624 0.1677 0.2138
vn -0.1416 0.3211 0.9364
vn -0.4819 0.4412 0.7570
vn -0.7551 0.6003 0.2636
vn 0.3025 0.4970 0.8133
vn -0.3911 0.6951 0.6032
vn 0.6089 0.1912 0.7699
vn 0.1296 0.8012 0.5842
vn 0.6188 0.4923 0.6121
vn -0.2019 0.9685 0.1456
vn -0.0006 1.0000 0.0053
vn 0.1731 0.9846 0.0232
vn 0.6734 0.5267 0.5188
vn 0.4811 0.7521 0.4505
vn 0.4453 0.7869 0.4271
vn 0.1472 0.9849 0.0917
vn 0.1738 0.9845 -0.0224
vn 0.5454 0.8255 0.1452
vn 0.7736 0.5638 0.2893
vn 0.6894 0.1519 0.7083
vn 0.8115 -0.0100 0.5842
vn 0.8100 0.4362 0.3920
vn 0.7992 -0.0995 0.5928
vn 0.5370 0.8406 0.0707
vn 0.7759 0.3022 0.5538
vn 0.5062 0.8134 0.2866
vn 0.2091 0.7886 0.5783
vn 0.5416 0.2916 0.7884
vn 0.6269 -0.1064 0.7718
vn 0.7229 -0.4070 0.5584
vn 0.7008 -0.4306 0.5687
vn 0.6687 -0.3398 0.6613
vn 0.7839 -0.1234 0.6084
vn -0.1031 0.3273 0.9393
vn 0.1161 -0.3020 0.9462
vn 0.0930 -0.7190 0.6887
vn 0.2059 -0.8922 0.4020
vn -0.4163 -0.8457 0.3340
vn -0.5157 -0.8484 -0.1190
vn -0.2828 -0.9587 0.0302
vn -0.9374 -0.1581 0.3104
vn -0.7203 -0.6683 0.1859
vn -0.5985 -0.4326 0.6742
vn -0.6480 0.2070 0.7330
vn -0.3499 0.7704 0.5330
vn -0.8016 0.4552 0.3876
vn -0.4686 0.8803 0.0743
vn -0.7963 0.6028 -0.0504
vn -0.9882 0.1043 -0.1120
vn -0.9165 0.0946 -0.3888
vn -0.3481 0.9212 -0.1735
vn -0.7664 0.5470 -0.3368
vn 0.0359 0.9966 -0.0743
vn -0.1226 0.9896 0.0748
vn 0.1898 0.9775 -0.0918
vn -0.2527 0.9100 -0.3288
vn -0.6907 0.5237 -0.4986
vn -0.2489 0.9231 -0.2931
vn -0.6103 0.6424 -0.4635
vn -0.8581 0.0519 -0.5109
vn -0.7571 -0.4979 -0.4229
vn -0.6252 -0.6255 -0.4669
vn -0.8069 -0.0014 -0.5906
vn -0.6229 0.5668 -0.5392
vn -0.8132 -0.2030 -0.5454
vn -0.5416 -0.7015 -0.4632
vn -0.4189 -0.8594 -0.2932
vn -0.4554 -0.8664 -0.2051
vn -0.4938 -0.8573 -0.1456
vn -0.3552 -0.9276 -0.1160
vn -0.2893 -0.9570 -0.0197
vn -0.5145 -0.7772 -0.3623
vn -0.8548 -0.4218 -0.3023
vn -0.9245 -0.3338 -0.1840
vn 0.1949 -0.9207 0.3380
vn 0.1348 -0.9327 0.3344
vn 0.6349 -0.3922 0.6656
vn 0.4974 -0.3431 0.7968
vn -0.0187 -0.9459 0.3238
vn -0.7748 -0.5890 -0.2296
vn -0.6776 -0.6651 -0.3138
vn -0.7894 -0.4180 -0.4496
vn -0.7600 -0.1907 -0.6213
vn -0.9513 0.1408 -0.2743
vn -0.7555 0.1056 -0.6465
vn -0.6484 0.0793 -0.7572
vn -0.7555 0.4783 -0.4477
vn -0.4433 0.3550 -0.8231
vn -0.2226 0.5312 -0.8175
vn -0.4993 0.4791 -0.7219
vn -0.2384 0.5720 -0.7848
vn -0.0984 0.5802 -0.8085
vn 0.1899 0.8535 -0.4853
vn -0.1902 0.7068 -0.6814
vn 0.1377 0.7113 -0.6893
vn 0.1245 0.9009 -0.4159
vn -0.0569 0.8014 -0.5954
vn -0.1435 0.8376 -0.5270
vn 0.0059 0.8605 -0.5095
vn -0.3191 0.7667 -0.5571
vn -0.0656 0.9615 -0.2670
vn 0.1273 0.9547 -0.2691
vn 0.2223 0.9270 -0.3021
vn 0.2214 0.8961 -0.3847
vn 0.2382 0.9212 -0.3076
vn 0.2475 0.9203 -0.3030
vn 0.2208 0.9390 -0.2637
vn 0.3085 0.9288 -0.2054
vn -0.1828 0.8930 -0.4113
vn -0.1500 0.8462 -0.5113
vn -0.1639 0.9367 -0.3094
vn -0.5508 0.6261 -0.5518
vn -0.4669 0.5360 -0.7034
vn -0.4817 0.4718 -0.7385
vn -0.5293 0.7077 -0.4680
vn -0.5847 0.7769 -0.2338
vn -0.5008 0.8540 -0.1413
vn -0.3038 0.9270 -0.2198
vn -0.5282 0.8449 0.0845
vn -0.4455 0.8908 0.0897
vn -0.3644 0.9308 -0.0276
vn -0.4603 0.8793 -0.1224
vn -0.4858 0.6901 -0.5364
vn -0.5142 0.7687 -0.3804
vn -0.4781 0.8762 0.0600
vn -0.5006 0.8640 -0.0542
vn -0.4497 0.4837 -0.7509
vn -0.3377 0.2593 -0.9048
vn -0.4418 0.4463 -0.7783
vn -0.4770 0.4619 -0.7478
vn -0.4276 0.4747 -0.7693
vn -0.4159 0.5016 -0.7586
vn -0.3144 0.3258 -0.8917
vn -0.3800 0.5392 -0.7516
vn -0.3838 0.5944 -0.7066
vn -0.3405 0.5321 -0.7752
vn -0.4142 0.5575 -0.7195
vn -0.4516 0.6168 -0.6447
vn -0.4084 0.6534 -0.6374
vn -0.3964 0.6577 -0.6405
vn -0.4427 0.5978 -0.6684
vn -0.4418 0.6589 -0.6088
vn -0.4184 0.6909 -0.5897
vn -0.3821 0.3452 -0.8572
vn -0.4115 0.4544 -0.7901
vn -0.2775 0.0827 -0.9572
vn -0.3374 0.2307 -0.9126
vn -0.3448 0.2198 -0.9126
vn -0.3179 0.1119 -0.9415
vn -0.4801 0.5616 -0.6738
vn -0.4406 0.3215 -0.8382
vn -0.5599 0.7835 -0.2695
vn -0.4649 0.8625 0.2002
vn -0.5714 0.6202 -0.5374
vn -0.5609 0.8208 0.1077
vn -0.5898 0.8074 -0.0166
vn -0.4367 0.7382 0.5142
vn -0.4411 0.7331 0.5177
vn -0.3116 0.7390 0.5973
vn -0.0980 0.4766 0.8737
vn -0.1834 0.5012 0.8457
vn -0.2256 0.4375 0.8704
vn -0.5245 0.7858 0.3279
vn -0.6114 0.7754 -0.1578
vn 0.0696 0.7206 0.6899
vn -0.2957 0.9383 0.1795
vn -0.5082 0.8189 -0.2667
vn -0.2704 0.8848 -0.3795
vn 0.3258 0.8008 0.5025
vn 0.0217 0.9944 0.1039
vn -0.5863 0.4714 -0.6589
vn -0.3203 0.5331 -0.7831
vn -0.2849 0.8848 -0.3688
vn -0.0151 0.9723 0.2334
vn -0.2221 0.5211 -0.8241
vn -0.2065 0.1789 -0.9619
vn -0.3163 0.1256 -0.9403
vn -0.4784 0.1722 -0.8611
vn -0.2909 -0.1024 -0.9512
vn -0.3690 0.0135 -0.9293
vn -0.2506 0.0230 -0.9678
vn -0.3122 0.2536 -0.9155
vn -0.3027 0.1696 -0.9379
vn -0.3441 0.1388 -0.9286
vn -0.3863 0.2436 -0.8896
vn -0.4334 0.1936 -0.8802
vn -0.4247 0.1981 -0.8834
vn -0.4700 0.2707 -0.8401
vn -0.5499 0.3090 -0.7760
vn -0.5796 0.4374 -0.6876
vn -0.6093 0.4750 -0.6349
vn -0.5265 0.3575 -0.7713
vn -0.5987 0.4641 -0.6528
vn -0.6393 0.4842 -0.5974
vn -0.4868 0.4592 -0.7431
vn -0.4567 0.3693 -0.8093
vn -0.4243 0.3924 -0.8161
vn -0.4463 0.5499 -0.7060
vn -0.5345 0.5358 -0.6536
vn -0.6219 0.5157 -0.5893
vn -0.5321 0.6089 -0.5883
vn -0.4360 0.6337 -0.6390
vn -0.3571 0.6571 -0.6639
vn -0.3486 0.5616 -0.7504
vn -0.4354 0.4647 -0.7710
vn -0.3172 0.7497 -0.5808
vn -0.4207 0.7259 -0.5440
vn -0.5150 0.6912 -0.5070
vn -0.3061 0.6512 -0.6944
vn -0.3255 0.5718 -0.7531
vn -0.2623 0.7682 -0.5840
vn -0.2868 0.7658 -0.5756
vn -0.3358 0.6709 -0.6612
vn -0.4020 0.6114 -0.6816
vn -0.3955 0.7027 -0.5914
vn -0.3713 0.7497 -0.5478
vn -0.4267 0.7153 -0.5534
vn -0.3494 0.8344 -0.4263
vn -0.4207 0.7356 -0.5309
vn -0.3966 0.7359 -0.5488
vn -0.4026 0.7061 -0.5826
vn -0.4303 0.7861 -0.4437
vn -0.3818 0.8493 -0.3645
vn -0.3744 0.7830 -0.4967
vn -0.4039 0.7093 -0.5777
vn -0.4080 0.6348 -0.6562
vn -0.3869 0.8411 -0.3780
vn -0.3357 0.8435 -0.4193
vn -0.3989 0.7695 -0.4988
vn -0.3268 0.8268 -0.4579
vn -0.2180 0.9209 -0.3230
vn -0.1820 0.9640 -0.1938
vn -0.0941 0.9939 -0.0571
vn -0.1329 0.9875 -0.0844
vn -0.1595 0.9669 -0.1991
vn -0.1059 0.9837 -0.1456
vn -0.5283 0.6378 -0.5605
vn -0.4211 0.7230 -0.5476
vn -0.2101 0.9502 -0.2304
vn -0.2703 0.9145 -0.3009
vn -0.4691 0.6418 -0.6066
vn -0.4419 0.6663 -0.6007
vn -0.4054 0.7173 -0.5667
vn -0.2817 0.8825 -0.3766
vn -0.4618 0.6886 -0.5591
vn -0.4911 0.4722 -0.7320
vn -0.5339 0.4798 -0.6963
vn -0.5200 0.4125 -0.7479
vn -0.5542 0.1685 -0.8152
vn -0.6325 0.2280 -0.7402
vn -0.6189 0.2545 -0.7431
vn -0.5732 0.4219 -0.7024
vn -0.5179 0.6226 -0.5866
vn -0.1157 0.9857 -0.1223
vn -0.3188 0.9049 -0.2819
vn -0.3756 0.8127 -0.4455
vn -0.0437 0.9354 -0.3509
vn -0.4418 0.7368 -0.5118
vn -0.0913 0.8505 -0.5180
vn -0.4139 0.6201 -0.6664
vn -0.4175 0.6798 -0.6030
vn -0.3331 0.7974 -0.5032
vn -0.2249 0.8715 -0.4357
vn -0.1464 0.8715 -0.4681
vn -0.2359 0.8503 -0.4704
vn -0.3448 0.8244 -0.4489
vn -0.4471 0.5731 -0.6867
vn -0.3965 0.5470 -0.7373
vn -0.4521 0.4470 -0.7719
vn -0.4254 0.4371 -0.7925
vn -0.4221 0.2475 -0.8721
vn -0.3832 0.2189 -0.8974
vn -0.3668 0.0971 -0.9252
vn -0.4666 0.2456 -0.8497
vn -0.6282 0.5064 -0.5907
vn -0.3420 0.1026 -0.9341
vn -0.3995 0.4398 -0.8043
vn -0.3787 0.4884 -0.7861
vn -0.6114 0.5831 -0.5349
vn -0.5955 0.6604 -0.4575
vn -0.5498 0.4876 -0.6782
vn -0.4393 0.5124 -0.7379
vn -0.5048 0.1684 -0.8467
vn -0.5004 0.4293 -0.7519
vn -0.5803 0.3561 -0.7324
vn -0.5205 0.8184 -0.2435
vn -0.6063 0.7686 -0.2042
vn -0.4192 0.8456 0.3304
vn -0.3424 0.8933 0.2913
vn -0.4479 0.8449 -0.2924
vn -0.2254 0.9129 0.3403
vn -0.2427 0.7409 0.6262
vn -0.1397 0.7610 0.6335
vn 0.0041 0.7589 0.6512
vn 0.2182 0.8129 0.5400
vn 0.2146 0.5135 0.8308
vn 0.4459 0.4807 0.7551
vn 0.5344 0.3287 0.7787
vn 0.3414 0.1801 0.9225
vn 0.5066 0.1678 0.8457
vn 0.5699 0.0216 0.8215
vn 0.1045 0.0569 0.9929
vn 0.4179 -0.1455 0.8968
vn -0.2107 0.5255 0.8243
vn 0.0580 0.0868 0.9945
vn 0.2611 -0.2193 0.9401
vn 0.2663 -0.1311 0.9549
vn 0.0667 0.1418 0.9877
vn 0.2728 -0.1178 0.9548
vn 0.3173 -0.1592 0.9349
vn 0.4338 -0.4274 0.7932
vn 0.1273 0.1600 0.9789
vn 0.4887 -0.3662 0.7919
vn 0.5409 -0.7091 0.4523
vn 0.3462 -0.1219 0.9302
vn 0.2985 0.0773 0.9513
vn 0.5261 -0.2662 0.8077
vn 0.5838 -0.6676 0.4620
vn 0.1408 0.2343 0.9619
vn 0.0987 0.3033 0.9478
vn -0.0532 0.5140 0.8562
vn -0.0731 0.5048 0.8601
vn 0.1611 0.1906 0.9684
vn -0.0066 0.3467 0.9380
vn -0.2502 0.7606 0.5991
vn -0.2686 0.7390 0.6178
vn -0.1588 0.4529 0.8773
vn -0.1500 0.2835 0.9472
vn -0.1888 0.4226 0.8865
vn -0.3268 0.6840 0.6521
vn -0.1748 0.7497 0.6383
vn 0.0457 0.4194 0.9066
vn -0.1320 0.3567 0.9248
vn -0.0121 0.2897 0.9570
vn -0.0586 -0.0090 0.9982
vn 0.0076 0.0894 0.9960
vn 0.3382 -0.2436 0.9090
vn -0.0033 -0.3038 0.9527
vn 0.4329 -0.2000 0.8790
vn 0.4918 -0.5513 0.6739
vn 0.5980 -0.5834 0.5496
vn 0.5370 -0.7162 0.4458
vn 0.5567 -0.5478 0.6246
vn 0.5846 -0.7989 0.1414
vn 0.5660 -0.7625 0.3133
vn 0.6025 -0.7764 0.1850
vn 0.5871 -0.8093 -0.0180
vn 0.5419 -0.8377 -0.0682
vn 0.5317 -0.8203 0.2108
vn 0.7385 -0.6741 -0.0167
vn 0.5623 -0.7785 0.2788
vn 0.8582 -0.4268 0.2853
vn 0.6378 -0.5496 0.5396
vn 0.5671 -0.5804 0.5844
vn 0.5233 -0.6790 0.5149
vn 0.5054 -0.7625 0.4039
vn 0.5279 -0.7483 0.4018
vn 0.5041 -0.7534 0.4222
vn 0.4900 -0.7228 0.4874
vn 0.4791 -0.7128 0.5122
vn 0.4388 -0.7146 0.5448
vn 0.4332 -0.6890 0.5811
vn 0.4526 -0.7479 0.4856
vn 0.4085 -0.6922 0.5950
vn 0.4109 -0.6721 0.6160
vn 0.4262 -0.6231 0.6558
vn 0.4195 -0.6449 0.6388
vn 0.4386 -0.6043 0.6652
vn 0.4746 -0.7396 0.4772
vn 0.5522 -0.5925 0.5865
vn 0.6215 -0.3883 0.6804
vn 0.7258 -0.1171 0.6778
vn 0.8653 -0.2436 0.4381
vn 0.7302 -0.0187 0.6830
vn 0.6767 -0.1625 0.7181
vn 0.6738 -0.1900 0.7140
vn 0.7143 -0.2429 0.6563
vn 0.7996 -0.2887 0.5265
vn 0.7489 -0.3361 0.5711
vn 0.7166 -0.6153 0.3284
vn 0.7235 -0.5069 0.4686
vn 0.7214 -0.4557 0.5215
vn 0.7155 -0.4254 0.5542
vn 0.6794 -0.4018 0.6140
vn 0.6108 -0.5920 0.5258
vn 0.6813 -0.5383 0.4961
vn 0.6908 -0.5015 0.5208
vn 0.6440 -0.5792 0.4998
vn 0.6514 -0.5353 0.5377
vn 0.5969 -0.5890 0.5447
vn 0.5313 -0.7068 0.4671
vn 0.5423 -0.7258 0.4232
vn 0.5978 -0.7012 0.3885
vn 0.4580 -0.7968 0.3941
vn 0.4523 -0.8287 0.3297
vn 0.3297 -0.9368 0.1168
vn 0.4349 -0.8800 0.1909
vn 0.5231 -0.7764 0.3517
vn 0.0836 -0.9965 0.0092
vn 0.2550 -0.9414 0.2209
vn 0.5054 -0.7053 0.4971
vn 0.3406 -0.9061 0.2510
vn 0.6052 -0.5682 0.5576
vn 0.1107 -0.9938 0.0126
vn 0.2523 -0.9563 0.1477
vn 0.2682 -0.9453 0.1854
vn 0.2737 -0.9483 0.1608
vn 0.1241 -0.9920 -0.0224
vn 0.3389 -0.9383 0.0689
vn 0.3103 -0.9504 0.0230
vn 0.3871 -0.8942 0.2248
vn 0.3365 -0.9279 0.1607
vn 0.2732 -0.9618 0.0169
vn 0.3360 -0.9352 0.1114
vn 0.4845 -0.8477 0.2158
vn 0.4208 -0.8660 0.2700
vn 0.6927 -0.6876 0.2175
vn 0.7557 -0.5938 0.2762
vn 0.5934 -0.7529 0.2847
vn 0.3993 -0.8545 0.3322
vn 0.5035 -0.7511 0.4271
vn 0.6296 -0.7148 0.3043
vn 0.6775 -0.6888 0.2581
vn 0.5655 -0.7178 0.4063
vn 0.5787 -0.7042 0.4114
vn 0.6908 -0.6692 0.2736
vn 0.6885 -0.6611 0.2981
vn 0.5520 -0.7272 0.4080
vn 0.4470 -0.8026 0.3950
vn 0.6601 -0.6974 0.2792
vn 0.5740 -0.7764 0.2602
vn 0.3704 -0.8363 0.4043
vn 0.3161 -0.8716 0.3747
vn 0.4848 -0.8409 0.2406
vn 0.4948 -0.8357 0.2383
vn 0.2607 -0.8785 0.4004
vn 0.5071 -0.8191 0.2683
vn 0.4090 -0.7662 0.4956
vn 0.5498 -0.6673 0.5025
vn 0.6444 -0.6042 0.4688
vn 0.0001 -0.8415 0.5403
vn 0.0496 -0.8727 0.4858
vn 0.1200 -0.8530 0.5080
vn -0.1823 -0.7941 0.5798
vn -0.1159 -0.7700 0.6274
vn 0.1747 -0.8234 0.5399
vn -0.0553 -0.7198 0.6920
vn -0.4348 -0.5001 0.7489
vn -0.4243 -0.4045 0.8101
vn -0.0351 -0.6619 0.7488
vn 0.2531 -0.7773 0.5760
vn 0.3257 -0.7454 0.5816
vn -0.7924 -0.0662 0.6064
vn -0.7249 -0.0200 0.6886
vn -0.7212 0.0534 0.6907
vn -0.4342 -0.3184 0.8427
vn -0.7467 0.0999 0.6576
vn -0.4358 -0.2357 0.8686
vn -0.0167 -0.5826 0.8126
vn 0.0040 -0.5105 0.8599
vn -0.7705 0.0994 0.6297
vn -0.4198 -0.2212 0.8802
vn -0.0278 -0.4674 0.8836
vn 0.0204 -0.4593 0.8880
vn -0.8078 0.0279 0.5889
vn -0.4267 -0.3115 0.8491
vn -0.8962 0.4194 0.1448
vn -0.8580 0.4793 0.1844
vn -0.9553 0.2600 0.1405
vn -0.9407 0.3027 0.1530
vn -0.4043 -0.3788 0.8325
vn -0.8213 0.0085 0.5704
vn -0.8348 0.5086 0.2105
vn -0.7140 0.2652 0.6479
vn -0.2676 -0.1814 0.9463
vn 0.0824 -0.5376 0.8392
vn 0.2890 -0.4518 0.8440
vn 0.6240 -0.4808 0.6160
vn 0.4694 -0.5171 0.7157
vn 0.6666 -0.3942 0.6326
vn 0.3985 -0.5469 0.7363
vn 0.6256 -0.5284 0.5739
vn 0.7655 -0.2712 0.5835
vn 0.3584 -0.6186 0.6992
vn 0.5951 -0.6155 0.5167
vn 0.8083 -0.3816 0.4485
vn 0.7685 -0.5281 0.3612
vn 0.6843 -0.6709 0.2858
vn 0.5869 -0.6665 0.4597
vn 0.3741 -0.6373 0.6737
vn 0.6788 -0.6799 0.2775
vn 0.3568 -0.6888 0.6310
vn 0.6372 -0.6866 0.3501
vn 0.7198 -0.6011 0.3472
vn 0.6899 -0.5793 0.4341
vn 0.7348 -0.4426 0.5139
vn 0.7355 -0.3422 0.5848
vn 0.6496 -0.5145 0.5597
vn 0.5893 -0.5991 0.5421
vn 0.7196 -0.2550 0.6459
vn 0.6261 -0.6871 0.3686
vn 0.5476 -0.5819 0.6013
vn 0.6494 -0.1749 0.7400
vn 0.3804 -0.5801 0.7203
vn 0.5017 -0.1530 0.8514
vn 0.8435 -0.0905 0.5295
vn 0.8444 0.0223 0.5352
vn 0.8602 -0.2619 0.4376
vn 0.9204 -0.0368 0.3893
vn 0.9131 -0.2710 0.3045
vn 0.7792 -0.3462 0.5224
vn 0.8908 -0.1755 0.4191
vn 0.5727 -0.2013 0.7946
vn 0.7668 0.1965 0.6110
vn 0.0531 0.2303 0.9717
vn 0.2964 0.6163 0.7296
vn 0.7355 0.6126 0.2895
vn 0.9586 0.0119 0.2843
vn 0.7044 0.1687 0.6894
vn 0.0118 0.9396 0.3421
vn 0.2223 0.9569 0.1868
vn 0.2269 0.7093 0.6674
vn -0.1215 0.5159 0.8480
vn -0.1346 0.6099 0.7809
vn -0.0183 0.2781 0.9604
vn 0.1130 0.1863 0.9760
vn -0.1940 0.4902 0.8498
vn 0.1972 -0.0512 0.9790
vn 0.4596 0.5169 0.7222
vn 0.5534 0.3122 0.7722
vn -0.0974 0.2382 0.9663
vn 0.6089 0.0082 0.7932
vn 0.7734 0.5390 0.3336
vn 0.6526 0.7561 0.0487
vn 0.7128 0.6901 0.1255
vn 0.6749 0.7169 0.1745
vn 0.7698 0.6217 0.1445
vn 0.1537 0.9868 0.0515
vn 0.6907 0.7220 -0.0413
vn 0.2801 0.8784 0.3873
vn 0.7806 0.6176 -0.0965
vn 0.7372 0.6749 -0.0312
vn 0.2280 0.9737 0.0004
vn -0.3247 0.9263 0.1912
vn 0.3556 0.9340 -0.0355
vn 0.5473 0.8038 -0.2331
vn -0.4655 0.8204 0.3321
vn 0.5101 0.8376 -0.1954
vn 0.3089 0.8563 -0.4138
vn -0.0772 0.8479 -0.5245
vn 0.0156 0.9234 -0.3836
vn 0.2288 0.9433 -0.2405
vn -0.2016 0.8309 -0.5186
vn -0.1133 0.9646 -0.2381
vn 0.3599 0.9266 -0.1088
vn -0.1313 0.9775 -0.1650
vn -0.1088 0.9274 -0.3580
vn -0.0101 0.9375 -0.3478
vn -0.0871 0.9864 -0.1395
vn -0.4252 0.9047 0.0253
vn -0.0368 0.9962 -0.0790
vn 0.5629 0.8263 0.0162
vn 0.5151 0.8565 -0.0321
vn 0.8330 0.5367 0.1342
vn 0.8332 0.5283 0.1630
vn 0.5494 0.8296 0.1000
vn 0.8191 0.5457 0.1772
vn 0.8016 0.5717 0.1750
vn 0.5072 0.8528 0.1240
vn 0.4532 0.8805 0.1387
vn -0.1257 0.9915 0.0350
vn -0.1273 0.9917 0.0158
vn -0.0775 0.9969 0.0148
vn -0.6344 0.7701 -0.0669
vn -0.6644 0.7430 -0.0813
vn -0.6435 0.7507 -0.1494
vn -0.9351 0.3394 -0.1024
vn -0.9027 0.3458 -0.2560
vn -0.9250 0.3794 -0.0228
vn -0.8914 0.4492 0.0599
vn -0.5632 0.8262 -0.0155
vn -0.9200 0.3714 -0.1253
vn -0.5305 0.8455 -0.0600
vn -0.8574 0.4407 0.2659
vn -0.9750 -0.2203 -0.0280
vn -0.3497 0.8619 0.3672
vn -0.6605 0.4262 0.6182
vn -0.1265 0.6818 0.7205
vn 0.3229 0.7165 0.6184
vn 0.1641 0.9197 0.3567
vn 0.6252 0.6120 0.4844
vn 0.5848 0.7655 0.2685
vn 0.0101 0.9996 0.0269
vn 0.4945 0.8618 0.1132
vn 0.7864 0.5941 0.1689
vn 0.8265 0.5238 0.2062
vn 0.9588 0.2373 0.1560
vn 0.9870 0.1136 0.1133
vn 0.9287 -0.3470 0.1310
vn 0.8088 -0.5873 -0.0292
vn 0.9797 -0.1967 -0.0374
vn 0.8851 0.3655 0.2881
vn 0.5451 -0.6845 -0.4840
vn 0.2799 -0.9388 -0.2010
vn 0.1322 -0.6980 -0.7038
vn -0.1045 -0.9010 -0.4211
vn -0.2210 -0.6481 -0.7288
vn -0.4870 -0.7677 -0.4164
vn -0.5716 -0.5567 -0.6029
vn -0.8259 -0.4176 -0.3789
vn -0.7630 -0.5815 -0.2823
vn -0.9878 -0.0743 0.1368
vn -0.9099 0.0913 0.4046
vn -0.9136 -0.3550 -0.1983
vn -0.6082 -0.5255 -0.5949
vn -0.4584 0.4317 0.7769
vn -0.8383 -0.5375 0.0910
vn -0.7224 -0.1076 0.6830
vn -0.2621 -0.5835 -0.7687
vn -0.2064 -0.7178 -0.6649
vn -0.5984 -0.6662 -0.4450
vn -0.0064 -0.9350 -0.3546
vn -0.3850 -0.8818 -0.2723
vn 0.3537 -0.9265 0.1287
vn -0.3919 -0.8386 0.3783
vn 0.3126 -0.7599 -0.5700
vn 0.6346 -0.7184 -0.2849
vn 0.1684 -0.6674 -0.7254
vn 0.5889 -0.5113 0.6258
vn 0.8790 -0.4680 0.0914
vn -0.2143 -0.3594 0.9083
vn 0.6352 -0.0051 0.7723
vn 0.1171 0.1062 0.9874
vn 0.9276 -0.3214 -0.1906
vn 0.8965 -0.0744 0.4367
vn 0.5641 -0.6082 -0.5584
vn 0.7163 0.3295 0.6151
vn 0.9446 0.1714 0.2799
vn 0.6757 0.4656 0.5715
vn 0.4931 0.2928 0.8192
vn 0.9104 0.2928 0.2923
vn 0.6465 0.5039 0.5729
vn 0.9338 -0.2333 -0.2711
vn 0.4000 0.5308 0.7471
vn 0.3532 0.5729 0.7396
vn -0.0044 0.5544 0.8322
vn 0.1084 0.5220 0.8460
vn 0.2473 0.3757 0.8931
vn -0.2591 0.3543 0.8985
vn 0.4502 -0.5667 -0.6900
vn 0.0721 -0.6160 -0.7844
vn -0.2546 0.7694 -0.5858
vn -0.0957 0.9160 -0.3895
vn -0.4336 0.6689 -0.6038
vn -0.2359 0.9267 -0.2926
vn -0.3950 0.8650 0.3093
vn -0.3909 0.8713 0.2968
vn -0.5369 0.7533 0.3798
vn -0.3205 0.9152 0.2444
vn -0.6172 0.7647 0.1852
vn -0.3112 0.9384 0.1501
vn -0.1846 0.8008 0.5698
vn -0.4998 0.5682 0.6537
vn -0.6803 0.4920 0.5433
vn -0.0833 -0.1126 0.9902
vn -0.8108 0.2820 0.5129
vn -0.2974 -0.1374 0.9448
vn -0.8969 0.1651 0.4102
vn -0.4874 -0.2460 0.8378
vn -0.9316 0.2029 0.3014
vn -0.8816 0.4479 0.1490
vn -0.6713 -0.1917 0.7160
vn -0.8320 -0.0138 0.5546
vn -0.8223 0.5680 0.0336
vn -0.8591 0.4511 0.2418
vn -0.8680 0.4328 0.2434
vn -0.7971 0.6034 0.0226
vn -0.8622 0.4827 0.1534
vn -0.8173 0.5757 0.0225
vn -0.8579 0.1843 0.4796
vn -0.8541 0.1405 0.5008
vn -0.3403 -0.5415 0.7687
vn -0.4615 -0.4105 0.7865
vn -0.5485 -0.2538 0.7967
vn -0.1844 -0.6765 0.7130
vn -0.3726 -0.6711 0.6409
vn -0.0447 -0.7197 0.6929
vn -0.4054 -0.6539 0.6388
vn 0.0067 -0.7239 0.6899
vn 0.0269 -0.7021 0.7116
vn -0.1744 -0.6227 0.7628
vn -0.0282 -0.5907 0.8064
vn -0.3922 -0.5705 0.7216
vn 0.0310 -0.5884 0.8080
vn -0.4317 -0.5208 0.7365
vn 0.1216 -0.4821 0.8676
vn 0.2481 -0.4150 0.8753
vn 0.1010 -0.4449 0.8898
vn 0.1729 -0.3960 0.9018
vn -0.3672 -0.3739 0.8517
vn -0.4125 -0.4266 0.8049
vn -0.6510 -0.3615 0.6675
vn -0.6770 -0.2991 0.6724
vn -0.6695 -0.3954 0.6288
vn -0.6664 -0.4547 0.5910
vn -0.8477 -0.3013 0.4367
vn -0.6579 -0.4678 0.5902
vn 0.3185 -0.5172 0.7944
vn 0.6513 -0.4002 0.6447
vn 0.6291 -0.3314 0.7031
vn 0.6567 -0.2666 0.7055
vn 0.6151 -0.3671 0.6978
vn 0.5407 -0.7764 0.3238
vn 0.2883 0.2481 0.9248
vn 0.0298 0.5101 0.8596
vn 0.1761 0.2051 0.9628
vn 0.3851 -0.1948 0.9021
vn 0.1412 0.2611 0.9549
vn -0.0847 0.6050 0.7917
vn -0.0409 0.5708 0.8201
vn 0.1971 0.2182 0.9558
vn 0.0950 0.6686 0.7375
vn -0.2699 0.7876 0.5540
vn 0.3434 0.2529 0.9045
vn 0.3027 0.4000 0.8651
vn 0.0771 0.7022 0.7078
vn 0.2379 0.2941 0.9257
vn -0.0484 0.6590 0.7506
vn 0.5017 -0.0269 0.8646
vn 0.4367 -0.0589 0.8977
vn 0.5296 -0.4451 0.7221
vn 0.5487 -0.4621 0.6967
vn 0.6288 -0.5662 0.5330
vn 0.5674 -0.6039 0.5598
vn 0.5030 -0.1881 0.8436
vn 0.4082 -0.1873 0.8935
vn 0.3648 -0.1824 0.9130
vn 0.5606 -0.7602 0.3283
vn 0.5034 -0.6463 0.5736
vn 0.5198 -0.7780 0.3529
vn 0.4884 -0.6456 0.5871
vn 0.5364 -0.7083 0.4590
vn 0.5514 -0.6186 0.5598
vn 0.5476 -0.6045 0.5785
vn 0.5580 -0.7205 0.4117
vn -0.4378 0.4530 -0.7766
vn -0.6411 -0.4008 0.6544
vn -0.3900 0.3125 0.8662
vn -0.6547 -0.0177 0.7557
vn -0.6903 0.4011 -0.6022
vn 0.5557 -0.7331 -0.3922
vn 0.7269 -0.6275 0.2790
vn 0.9228 -0.3835 0.0381
vn 0.6747 -0.7186 -0.1688
vn 0.8975 -0.2227 0.3807
vn 0.6912 -0.4048 0.5987
vn 0.9479 0.2294 0.2210
vn 0.9604 0.1807 -0.2122
vn 0.6340 -0.0571 -0.7713
vn -0.4613 0.8796 0.1164
vn -0.3661 0.9306 -0.0074
vn -0.2695 0.9571 -0.1061
vn -0.2439 0.9532 -0.1785
vn -0.2290 0.9422 -0.2445
vn -0.2637 0.8946 -0.3608
vn -0.2998 0.8026 -0.5157
vn -0.3417 0.8727 -0.3488
vn -0.3886 0.7766 -0.4959
vn -0.4396 0.8278 -0.3486
vn -0.4259 0.7477 -0.5095
vn -0.3336 0.6733 -0.6598
vn -0.3600 0.7064 -0.6094
vn -0.2100 0.7285 -0.6521
vn -0.2869 0.6478 -0.7058
vn -0.3149 0.7281 -0.6088
vn -0.3492 0.6846 -0.6398
vn -0.2159 0.8314 -0.5119
vn 0.6678 -0.7333 -0.1280
vn 0.6462 -0.7590 -0.0799
vn 0.5053 -0.8627 -0.0204
vn 0.2671 -0.9614 0.0658
vn 0.3404 -0.9362 -0.0880
vn 0.5504 -0.7922 -0.2635
vn 0.0205 -0.9859 0.1664
vn 0.0810 -0.9953 0.0535
vn -0.3865 -0.9223 0.0081
vn -0.2791 -0.9225 -0.2666
vn -0.6772 -0.5265 -0.5139
vn 0.0240 -0.8039 -0.5943
vn 0.2442 -0.6634 -0.7073
vn -0.4290 -0.3299 -0.8409
vn -0.1848 -0.1531 -0.9708
vn 0.5194 -0.3951 -0.7577
vn 0.1753 0.1062 -0.9788
vn 0.6987 -0.6134 -0.3682
vn 0.7474 -0.1051 -0.6560
vn 0.5075 0.2696 -0.8184
vn 0.7057 -0.3998 -0.5849
vn -0.0240 0.5264 -0.8499
vn 0.3060 0.5641 -0.7669
vn -0.1380 0.7347 -0.6642
vn 0.3610 0.4839 -0.7972
vn -0.4137 0.3858 -0.8247
vn -0.2748 0.7782 -0.5647
vn -0.6688 0.1517 -0.7278
vn -0.9255 -0.0655 -0.3730
vn -0.4089 0.5848 -0.7006
s 1
usemtl _17174_Tiamat_v1default
f 5//1 1//2 2//3
f 1//2 2290//4 2//3
f 4//5 3//6 1//2
f 1//2 8//7 4//5
f 2//3 6//8 5//1
f 7//9 5//1 6//8
f 11//10 5//1 7//9
f 9//11 4//5 8//7
f 8//7 10//12 9//11
f 10//12 11//10 12//13
f 12//13 13//14 15//15
f 13//14 11//10 7//9
f 16//16 13//14 14//17
f 7//9 14//17 13//14
f 15//15 16//16 18//18
f 14//17 17//19 16//16
f 2339//20 16//16 17//19
f 16//16 51//21 18//18
f 19//22 651//23 2339//24
f 20//25 19//26 21//27
f 21//27 22//28 20//25
f 21//27 23//29 22//28
f 23//29 26//30 24//31
f 24//31 26//30 25//32
f 25//32 26//30 27//33
f 26//30 28//34 27//33
f 30//35 27//33 28//34
f 25//32 29//36 32//37
f 505//38 29//36 30//35
f 32//37 31//39 33//40
f 33//40 34//41 32//37
f 32//37 24//31 25//32
f 23//29 34//41 35//42
f 35//42 36//43 37//44
f 37//44 38//45 41//46
f 39//47 36//43 33//40
f 495//48 38//45 39//47
f 41//46 40//49 42//50
f 42//50 43//51 41//46
f 41//46 46//52 37//44
f 45//53 44//54 55//55
f 48//56 43//51 45//53
f 37//44 47//57 35//42
f 50//58 46//52 48//56
f 45//53 49//59 48//56
f 48//56 51//21 50//58
f 20//25 47//57 50//58
f 51//21 20//25 50//58
f 2339//20 19//26 51//21
f 51//21 49//59 18//18
f 18//18 52//60 15//15
f 15//15 53//61 12//13
f 55//55 52//60 45//53
f 56//62 53//61 55//55
f 12//13 54//63 10//12
f 55//55 57//64 56//62
f 58//65 54//63 56//62
f 56//62 60//66 58//65
f 59//67 61//68 58//65
f 58//65 542//69 59//67
f 10//12 61//68 9//11
f 9//11 62//70 63//71
f 63//71 64//72 67//73
f 66//74 62//70 59//67
f 75//75 64//72 66//74
f 67//73 65//76 69//77
f 67//73 3461//78 63//71
f 67//73 70//79 68//80
f 70//79 69//77 71//81
f 72//82 71//81 69//77
f 69//77 65//76 72//82
f 76//83 72//82 74//84
f 71//81 73//85 2253//86
f 74//84 65//76 75//75
f 75//75 77//87 74//84
f 74//84 80//88 76//83
f 79//89 78//90 482//91
f 82//92 77//87 79//89
f 76//83 81//93 2250//94
f 83//95 81//93 80//88
f 80//88 82//92 83//95
f 83//95 87//96 85//97
f 82//92 84//98 83//95
f 85//97 81//93 83//95
f 88//99 86//100 85//97
f 85//97 91//101 88//99
f 88//99 93//102 89//103
f 89//103 90//104 88//99
f 91//101 472//105 92//106
f 94//107 91//101 92//106
f 98//108 93//102 94//107
f 89//103 95//109 96//110
f 96//110 97//111 2208//112
f 99//113 95//109 98//108
f 98//108 101//114 99//113
f 94//107 100//115 98//108
f 2352//116 100//115 102//117
f 102//117 103//118 105//119
f 92//106 104//120 103//118
f 103//118 94//107 92//106
f 105//119 103//118 104//120
f 104//120 106//121 105//119
f 106//121 107//122 105//119
f 105//119 109//123 102//117
f 110//124 108//125 111//126
f 112//127 107//122 110//124
f 111//126 113//128 110//124
f 110//124 114//129 112//127
f 118//130 113//128 116//131
f 115//132 116//131 113//128
f 121//133 116//131 119//134
f 118//130 117//135 2370//136
f 119//134 122//137 121//133
f 115//132 120//138 119//134
f 121//133 126//139 123//140
f 123//140 117//135 121//133
f 125//141 124//142 123//140
f 123//140 127//143 125//141
f 128//144 122//137 129//145
f 130//146 126//139 128//144
f 129//145 131//147 128//144
f 128//144 134//148 130//146
f 134//148 132//149 136//150
f 132//149 133//151 452//152
f 130//146 135//153 3432//154
f 135//153 136//150 137//155
f 136//150 139//156 137//155
f 132//149 138//157 136//150
f 143//158 138//157 141//159
f 141//159 140//160 142//161
f 142//161 144//162 141//159
f 141//159 147//163 143//158
f 146//164 145//165 447//166
f 148//167 144//162 146//164
f 143//158 149//168 152//169
f 148//167 149//168 147//163
f 153//170 149//168 150//171
f 150//171 151//172 379//173
f 156//174 152//169 153//170
f 143//158 154//175 139//156
f 139//156 155//176 137//155
f 158//177 154//175 156//174
f 156//174 161//178 158//177
f 157//179 156//174 153//170
f 158//177 161//178 159//180
f 159//180 160//181 158//177
f 160//181 155//176 158//177
f 162//182 161//178 157//179
f 165//183 161//178 162//182
f 157//179 163//184 162//182
f 163//184 164//185 162//182
f 162//182 167//186 165//183
f 166//187 159//180 165//183
f 165//183 169//188 166//187
f 168//189 164//185 367//190
f 170//191 167//186 168//189
f 174//192 169//188 170//191
f 166//187 171//193 173//194
f 3457//195 171//193 172//196
f 176//197 171//193 174//192
f 170//191 175//198 174//192
f 174//192 177//199 176//197
f 176//197 177//199 179//200
f 178//201 172//196 176//197
f 179//200 178//201 176//197
f 191//202 179//200 180//203
f 180//203 179//200 181//204
f 181//204 177//199 182//205
f 183//206 181//204 182//205
f 184//207 183//206 185//208
f 181//204 184//207 180//203
f 185//208 186//209 184//207
f 184//207 186//209 187//210
f 187//210 180//203 184//207
f 188//211 190//212 187//210
f 187//210 189//213 188//211
f 189//213 186//209 253//214
f 180//203 187//210 190//212
f 195//215 190//212 188//211
f 190//212 191//202 180//203
f 191//202 192//216 194//217
f 194//217 193//218 3453//219
f 196//220 192//216 195//215
f 196//220 197//221 200//222
f 188//211 197//221 195//215
f 250//223 197//221 198//224
f 200//222 199//225 201//226
f 200//222 205//227 196//220
f 201//226 202//228 200//222
f 204//229 203//230 218//231
f 207//232 202//228 204//229
f 208//233 205//227 207//232
f 205//227 193//218 196//220
f 207//232 210//234 208//233
f 207//232 213//235 209//236
f 211//237 210//234 209//236
f 209//236 212//238 211//237
f 209//236 214//239 212//238
f 216//240 213//235 215//241
f 215//241 204//229 218//231
f 215//241 2375//242 216//240
f 218//231 217//243 215//241
f 218//231 220//244 219//245
f 219//245 220//244 222//246
f 2421//247 219//245 221//248
f 222//246 221//248 219//245
f 227//249 222//246 224//250
f 221//248 222//246 223//251
f 224//250 220//244 225//252
f 226//253 224//250 225//252
f 224//250 230//254 227//249
f 228//255 223//251 227//249
f 227//249 229//256 228//255
f 227//249 232//257 229//256
f 231//258 226//253 243//259
f 234//260 230//254 231//258
f 229//256 233//261 1832//262
f 235//263 232//257 234//260
f 234//260 238//264 235//263
f 231//258 236//265 234//260
f 237//266 239//267 240//268
f 2428//269 236//265 237//266
f 243//259 239//267 231//258
f 240//268 241//270 244//271
f 3428//272 241//270 243//259
f 244//271 242//273 246//274
f 244//271 2437//275 240//268
f 246//274 245//276 244//271
f 249//277 247//278 246//274
f 247//278 248//279 246//274
f 246//274 242//273 249//277
f 247//278 249//277 251//280
f 250//223 242//273 3428//272
f 198//224 249//277 250//223
f 253//214 251//280 189//213
f 189//213 198//224 188//211
f 251//280 252//281 247//278
f 254//282 253//214 257//283
f 252//281 256//284 247//278
f 258//285 254//282 257//283
f 2439//286 254//282 255//287
f 257//283 260//288 258//285
f 259//289 257//283 253//214
f 262//290 259//289 185//208
f 253//214 186//209 259//289
f 263//291 260//288 262//290
f 258//285 261//292 3427//293
f 262//290 266//294 263//291
f 185//208 264//295 262//290
f 264//295 359//296 265//297
f 267//298 264//295 265//297
f 263//291 268//299 270//300
f 269//301 266//294 267//298
f 273//302 268//299 269//301
f 270//300 271//303 274//304
f 274//304 272//305 275//306
f 336//307 271//303 273//302
f 275//306 276//308 274//304
f 274//304 278//309 270//300
f 279//310 277//311 280//312
f 281//313 276//308 279//310
f 284//314 279//310 280//312
f 279//310 283//315 281//313
f 288//316 282//317 285//318
f 287//319 282//317 284//314
f 300//320 285//318 287//319
f 285//318 290//321 288//316
f 289//322 283//315 288//316
f 288//316 291//323 289//322
f 293//324 290//321 292//325
f 295//326 290//321 286//327
f 294//328 293//324 292//325
f 292//325 296//329 294//328
f 298//330 295//326 297//331
f 297//331 286//327 300//320
f 297//331 1609//332 298//330
f 300//320 299//333 297//331
f 287//319 301//334 300//320
f 303//335 302//336 305//337
f 304//338 301//334 303//335
f 303//335 308//339 304//338
f 305//337 306//340 303//335
f 308//339 307//341 1605//342
f 311//343 306//340 309//344
f 310//345 305//337 322//346
f 309//344 313//347 311//343
f 311//343 314//348 312//349
f 312//349 307//341 311//343
f 316//350 313//347 315//351
f 315//351 310//345 318//352
f 317//353 316//350 315//351
f 315//351 319//354 317//353
f 321//355 318//352 320//356
f 320//356 310//345 322//346
f 321//355 320//356 323//357
f 322//346 323//357 320//356
f 323//357 324//358 321//355
f 280//312 324//358 323//357
f 280//312 323//357 325//359
f 325//359 284//314 280//312
f 284//314 302//336 287//319
f 305//337 325//359 322//346
f 326//360 277//311 275//306
f 328//361 324//358 326//360
f 330//362 326//360 327//363
f 275//306 327//363 326//360
f 328//361 319//354 321//355
f 330//362 329//364 328//361
f 332//365 331//366 330//362
f 330//362 335//367 332//365
f 332//365 1583//368 333//369
f 337//370 332//365 335//367
f 335//367 272//305 336//307
f 336//307 337//370 335//367
f 339//371 337//370 338//372
f 341//373 337//370 339//371
f 338//372 340//374 339//371
f 339//371 340//374 343//375
f 339//371 1587//376 341//373
f 343//375 342//377 339//371
f 342//377 344//378 3402//379
f 343//375 346//380 344//378
f 345//381 343//375 340//374
f 600//382 345//381 347//383
f 347//383 348//384 350//385
f 340//374 348//384 345//381
f 340//374 349//386 348//384
f 348//384 352//387 350//385
f 347//383 350//385 351//388
f 350//385 353//389 351//388
f 269//301 349//386 273//302
f 267//298 352//387 269//301
f 351//388 354//390 355//391
f 265//297 353//389 267//298
f 265//297 356//392 354//390
f 354//390 357//393 355//391
f 360//394 356//392 358//395
f 358//395 359//296 182//205
f 182//205 359//296 183//206
f 358//395 362//396 360//394
f 182//205 175//198 358//395
f 361//397 357//393 360//394
f 360//394 363//398 361//397
f 168//189 362//396 170//191
f 361//397 364//399 365//400
f 367//190 363//398 168//189
f 365//400 366//401 590//402
f 368//403 364//399 367//190
f 367//190 370//404 368//403
f 369//405 366//401 368//403
f 368//403 371//406 369//405
f 373//407 370//404 163//184
f 369//405 371//406 372//408
f 375//409 371//406 373//407
f 163//184 374//410 373//407
f 373//407 377//411 375//409
f 372//408 375//409 376//412
f 378//413 376//412 375//409
f 375//409 377//411 378//413
f 379//173 378//413 377//411
f 382//414 378//413 379//173
f 376//412 378//413 380//415
f 380//415 381//416 376//412
f 381//416 383//417 385//418
f 384//419 380//415 382//414
f 387//420 383//417 384//419
f 385//418 386//421 388//422
f 390//423 386//421 387//420
f 388//422 386//421 389//424
f 394//425 389//424 390//423
f 389//424 391//426 388//422
f 391//426 389//424 392//427
f 395//428 393//429 396//430
f 403//431 392//427 394//425
f 392//427 395//428 391//426
f 396//430 397//432 395//428
f 395//428 398//433 391//426
f 3412//434 397//432 399//435
f 399//435 400//436 401//437
f 400//436 396//430 402//438
f 401//437 400//436 402//438
f 396//430 393//429 402//438
f 403//431 402//438 393//429
f 404//439 403//431 405//440
f 405//440 406//441 404//439
f 404//439 406//441 407//442
f 408//443 404//439 407//442
f 409//444 404//439 408//443
f 410//445 404//439 409//444
f 408//443 411//446 409//444
f 410//445 411//446 412//447
f 412//447 413//448 438//449
f 413//448 414//450 415//451
f 415//451 416//452 417//453
f 407//442 414//450 408//443
f 406//441 416//452 407//442
f 417//453 418//454 419//455
f 405//440 418//454 406//441
f 419//455 420//456 421//457
f 390//423 420//456 394//425
f 394//425 405//440 403//431
f 387//420 421//457 390//423
f 421//457 423//458 419//455
f 423//458 424//459 425//460
f 384//419 422//461 387//420
f 425//460 426//462 427//463
f 382//414 424//459 384//419
f 427//463 151//172 148//167
f 379//173 426//462 382//414
f 425//460 428//464 430//465
f 148//167 428//464 427//463
f 430//465 429//466 432//467
f 447//166 428//464 146//164
f 430//465 423//458 425//460
f 432//467 431//468 430//465
f 433//469 434//470 432//467
f 432//467 444//471 433//469
f 417//453 434//470 415//451
f 415//451 435//472 413//448
f 439//473 435//472 433//469
f 438//449 435//472 436//474
f 439//473 437//475 436//474
f 436//474 515//476 438//449
f 439//473 442//477 440//478
f 433//469 441//479 439//473
f 522//480 441//479 443//481
f 443//481 444//471 445//482
f 445//482 429//466 447//166
f 447//166 446//483 445//482
f 445//482 448//484 443//481
f 450//485 446//483 449//486
f 449//486 145//165 142//161
f 142//161 451//487 449//486
f 449//486 453//488 450//485
f 452//152 140//160 132//149
f 455//489 451//487 452//152
f 450//485 454//490 538//491
f 456//492 453//488 455//489
f 455//489 458//493 456//492
f 452//152 457//494 455//489
f 460//495 457//494 459//496
f 459//496 133//151 129//145
f 459//496 462//497 460//495
f 129//145 120//138 459//496
f 461//498 458//493 460//495
f 460//495 463//499 461//498
f 463//499 115//132 111//126
f 108//125 463//499 111//126
f 461//498 464//500 466//501
f 106//121 464//500 108//125
f 466//501 465//502 468//503
f 466//501 537//504 461//498
f 467//505 466//501 468//503
f 468//503 470//506 467//505
f 468//503 465//502 471//507
f 471//507 469//508 468//503
f 469//508 470//506 468//503
f 104//120 465//502 106//121
f 92//106 471//507 104//120
f 469//508 471//507 472//105
f 472//105 473//509 469//508
f 473//509 87//96 84//98
f 473//509 476//510 469//508
f 84//98 474//511 473//509
f 477//512 475//513 480//514
f 478//515 474//511 477//512
f 477//512 533//516 478//515
f 480//514 479//517 477//512
f 475//513 79//89 480//514
f 79//89 481//518 480//514
f 484//519 481//518 483//520
f 483//520 482//91 485//521
f 483//520 489//522 484//519
f 487//523 483//520 485//521
f 541//524 486//525 487//523
f 491//526 486//525 488//527
f 484//519 490//528 530//529
f 492//530 489//522 491//526
f 491//526 496//531 492//530
f 488//527 493//532 491//526
f 40//49 493//532 494//533
f 493//532 497//534 496//531
f 492//530 498//535 500//536
f 498//535 497//534 501//537
f 501//537 499//538 498//535
f 523//539 498//535 499//538
f 503//540 502//541 501//537
f 501//537 506//542 503//540
f 505//38 504//543 503//540
f 503//540 31//39 505//38
f 33//40 506//542 39//47
f 39//47 497//534 495//48
f 30//35 507//544 505//38
f 517//545 507//544 508//546
f 508//546 509//547 511//548
f 511//548 510//549 512//550
f 28//34 509//547 30//35
f 512//550 513//551 511//548
f 511//548 515//476 508//546
f 412//447 514//552 410//445
f 438//449 513//551 412//447
f 508//546 437//475 517//545
f 516//553 410//445 514//552
f 512//550 516//553 514//552
f 510//549 516//553 512//550
f 28//34 516//553 510//549
f 517//545 440//478 518//554
f 518//554 504//543 517//545
f 519//555 502//541 518//554
f 518//554 442//477 519//555
f 523//539 519//555 520//556
f 520//556 442//477 522//480
f 523//539 521//557 524//558
f 539//559 520//556 522//480
f 500//536 524//558 525//560
f 527//561 524//558 521//557
f 524//558 529//562 525//560
f 536//563 526//564 527//561
f 526//564 531//565 529//562
f 529//562 533//516 530//529
f 530//529 525//560 529//562
f 478//515 531//565 532//566
f 532//566 528//567 534//568
f 530//529 479//517 484//519
f 532//566 476//510 478//515
f 534//568 470//506 532//566
f 536//563 534//568 528//567
f 535//569 467//505 534//568
f 536//563 456//492 535//569
f 456//492 537//504 535//569
f 527//561 454//490 536//563
f 521//557 538//491 527//561
f 450//485 539//559 448//484
f 448//484 522//480 443//481
f 492//530 525//560 490//528
f 540//570 488//527 541//524
f 42//50 494//533 540//570
f 540//570 44//54 42//50
f 541//524 57//64 540//570
f 487//523 60//66 541//524
f 485//521 542//69 487//523
f 59//67 543//571 66//74
f 482//91 543//571 485//521
f 66//74 78//90 75//75
f 419//455 431//468 417//453
f 402//438 544//572 401//437
f 544//572 404//439 545//573
f 545//573 516//553 546//574
f 546//574 26//30 547//575
f 547//575 26//30 548//576
f 548//576 26//30 549//577
f 26//30 657//578 549//577
f 657//578 26//30 21//27
f 657//578 550//579 549//577
f 551//580 657//578 553//581
f 550//579 551//580 552//582
f 551//580 557//583 552//582
f 553//581 554//584 551//580
f 558//585 554//584 555//586
f 555//586 556//587 666//588
f 562//589 557//583 558//585
f 552//582 559//590 561//591
f 559//590 3424//592 3422//593
f 563//594 559//590 562//589
f 562//589 566//595 563//594
f 558//585 564//596 562//589
f 567//597 565//598 568//599
f 570//600 564//596 567//597
f 568//599 569//601 567//597
f 567//597 571//602 570//600
f 571//602 572//603 570//600
f 575//604 570//600 572//603
f 574//605 573//606 585//607
f 577//608 572//603 574//605
f 563//594 575//604 576//609
f 578//610 575//604 577//608
f 574//605 579//611 577//608
f 577//608 580//612 578//610
f 3409//613 579//611 581//614
f 581//614 582//615 583//616
f 583//616 584//617 586//618
f 585//607 582//615 574//605
f 588//619 584//617 585//607
f 586//618 587//620 369//405
f 590//402 587//620 588//619
f 588//619 591//621 590//402
f 585//607 589//622 588//619
f 590//402 593//623 365//400
f 592//624 589//622 3405//625
f 595//626 591//621 592//624
f 365//400 594//627 361//397
f 596//628 593//623 595//626
f 595//626 598//629 596//628
f 592//624 597//630 595//626
f 600//382 598//629 597//630
f 597//630 601//631 600//382
f 600//382 603//632 346//380
f 602//633 599//634 3404//635
f 605//636 601//631 602//633
f 346//380 604//637 344//378
f 607//638 603//632 605//636
f 602//633 606//639 605//636
f 605//636 608//640 607//638
f 607//638 610//641 609//642
f 609//642 604//637 607//638
f 609//642 614//643 612//644
f 612//644 611//645 609//642
f 612//644 679//646 613//647
f 613//647 615//648 612//644
f 3402//379 615//648 616//649
f 616//649 617//650 618//651
f 619//652 618//651 617//650
f 613//647 619//652 617//650
f 619//652 1590//653 620//654
f 622//655 621//656 619//652
f 613//647 623//657 622//655
f 623//657 624//658 622//655
f 1592//659 624//658 625//660
f 625//660 626//661 628//662
f 628//662 627//663 629//664
f 678//665 626//661 623//657
f 629//664 630//666 628//662
f 628//662 631//667 625//660
f 1556//668 630//666 632//669
f 632//669 633//670 634//671
f 638//672 633//670 629//664
f 634//671 635//673 636//674
f 636//674 637//675 706//676
f 640//677 635//673 638//672
f 629//664 639//678 638//672
f 638//672 642//679 640//677
f 640//677 708//680 637//675
f 642//679 641//681 640//677
f 676//682 642//679 639//678
f 643//683 644//684 642//679
f 645//685 646//686 648//687
f 710//688 644//684 645//685
f 677//689 646//686 643//683
f 648//687 647//690 649//691
f 648//687 652//692 645//685
f 649//691 650//693 648//687
f 651//694 653//695 655//696
f 651//694 652//692 650//693
f 655//696 654//697 656//698
f 660//699 653//695 649//691
f 19//26 651//694 655//696
f 19//26 655//696 656//698
f 656//698 21//27 19//26
f 656//698 658//700 657//578
f 657//578 21//27 656//698
f 659//701 654//697 660//699
f 553//581 658//700 659//701
f 660//699 661//702 659//701
f 659//701 556//587 553//581
f 663//703 662//704 664//705
f 666//588 661//702 663//703
f 664//705 665//706 663//703
f 663//703 667//707 666//588
f 666//588 669//708 555//586
f 668//709 665//706 671//710
f 670//711 667//707 668//709
f 568//599 669//708 670//711
f 555//586 565//598 558//585
f 668//709 606//639 670//711
f 670//711 3403//712 568//599
f 671//710 608//640 668//709
f 672//713 610//641 671//710
f 671//710 674//714 672//713
f 673//715 614//643 672//713
f 672//713 675//716 673//715
f 677//689 674//714 664//705
f 673//715 676//682 678//665
f 643//683 675//716 677//689
f 664//705 647//690 677//689
f 676//682 627//663 678//665
f 678//665 679//646 673//715
f 649//691 662//704 660//699
f 680//717 651//694 2339//20
f 2339//20 681//718 680//717
f 683//719 681//718 682//720
f 682//720 684//721 683//719
f 683//719 687//722 681//718
f 684//721 685//723 683//719
f 686//724 688//725 690//726
f 709//727 685//723 686//724
f 690//726 689//728 692//729
f 2323//730 688//725 684//721
f 692//729 691//731 690//726
f 690//726 707//732 686//724
f 694//733 693//734 692//729
f 692//729 696//735 694//733
f 695//736 697//737 694//733
f 695//736 696//735 2324//738
f 702//739 697//737 699//740
f 699//740 698//741 700//742
f 700//742 701//743 699//740
f 699//740 703//744 702//739
f 702//739 705//745 704//746
f 704//746 693//734 702//739
f 706//676 705//745 636//674
f 691//731 704//746 706//676
f 707//732 706//676 637//675
f 706//676 707//732 691//731
f 637//675 708//680 707//732
f 686//724 708//680 709//727
f 709//727 641//681 710//688
f 710//688 687//722 709//727
f 645//685 711//747 710//688
f 681//718 711//747 680//717
f 680//717 652//692 651//694
f 636//674 712//748 634//671
f 714//749 705//745 703//744
f 715//750 712//748 714//749
f 634//671 713//751 632//669
f 714//749 718//752 715//750
f 716//753 714//749 703//744
f 701//743 717//754 716//753
f 716//753 720//755 718//752
f 703//744 701//743 716//753
f 715//750 719//756 1553//757
f 719//756 720//755 721//758
f 721//758 722//759 726//760
f 723//761 720//755 717//754
f 722//759 723//761 724//762
f 724//762 725//763 722//759
f 726//760 725//763 727//764
f 727//764 728//765 726//760
f 726//760 729//766 721//758
f 732//767 728//765 731//768
f 731//768 730//769 733//770
f 731//768 735//771 732//767
f 733//770 734//772 731//768
f 737//773 734//772 736//774
f 737//773 738//775 739//776
f 740//777 736//774 733//770
f 739//776 741//778 743//779
f 741//778 740//777 742//780
f 742//780 744//781 741//778
f 741//778 745//782 743//779
f 745//782 747//783 749//784
f 746//785 747//783 744//781
f 752//786 747//783 750//787
f 749//784 748//788 1526//789
f 746//785 751//790 750//787
f 750//787 754//791 753//792
f 753//792 752//786 750//787
f 753//792 2270//793 755//794
f 755//794 756//795 753//792
f 1523//796 756//795 757//797
f 757//797 758//798 759//799
f 761//800 758//798 755//794
f 759//799 760//801 763//802
f 3401//803 760//801 761//800
f 763//802 762//804 764//805
f 763//802 767//806 759//799
f 764//805 765//807 763//802
f 768//808 766//809 771//810
f 769//811 765//807 768//808
f 769//811 770//812 1516//813
f 773//814 768//808 771//810
f 771//810 792//815 772//816
f 775//817 771//810 772//816
f 773//814 777//818 774//819
f 774//819 770//812 773//814
f 789//820 775//817 772//816
f 779//821 775//817 776//822
f 774//819 778//823 1485//824
f 780//825 777//818 779//821
f 779//821 783//826 780//825
f 776//822 781//827 779//821
f 2444//828 781//827 782//829
f 781//827 785//830 782//829
f 785//830 786//831 787//832
f 786//831 784//833 776//822
f 786//831 803//834 787//832
f 789//820 788//835 786//831
f 776//822 789//820 786//831
f 772//816 790//836 789//820
f 801//837 790//836 791//838
f 791//838 792//815 793//839
f 793//839 766//809 764//805
f 764//805 794//840 793//839
f 793//839 796//841 791//838
f 795//842 762//804 3401//803
f 797//843 794//840 795//842
f 800//844 796//841 797//843
f 791//838 798//845 801//837
f 801//837 799//846 802//847
f 847//848 798//845 800//844
f 802//847 788//835 801//837
f 802//847 805//849 804//850
f 804//850 803//834 802//847
f 804//850 842//851 806//852
f 808//853 804//850 806//852
f 787//832 807//854 809//855
f 810//856 807//854 808//853
f 809//855 812//857 787//832
f 810//856 811//858 809//855
f 815//859 811//858 814//860
f 814//860 813//861 816//862
f 814//860 820//863 815//859
f 816//862 817//864 814//860
f 817//864 819//865 818//866
f 818//866 820//863 817//864
f 819//865 821//867 822//868
f 827//869 821//867 816//862
f 823//870 822//868 821//867
f 821//867 824//871 823//870
f 825//872 826//873 824//871
f 824//871 827//869 825//872
f 823//870 824//871 826//873
f 825//872 828//874 829//875
f 813//861 827//869 816//862
f 828//874 813//861 810//856
f 810//856 808//853 828//874
f 829//875 828//874 808//853
f 829//875 3293//876 825//872
f 831//877 830//878 829//875
f 808//853 806//852 829//875
f 829//875 806//852 831//877
f 831//877 806//852 832//879
f 832//879 834//880 831//877
f 3291//881 831//877 833//882
f 833//882 834//880 835//883
f 835//883 836//884 837//885
f 839//886 834//880 832//879
f 837//885 838//887 3044//888
f 840//889 836//884 839//886
f 841//890 840//889 839//886
f 839//886 832//879 841//890
f 840//889 843//891 3040//892
f 842//851 841//890 832//879
f 841//890 842//851 844//893
f 844//893 843//891 841//890
f 845//894 843//891 844//893
f 844//893 848//895 845//894
f 844//893 805//849 846//896
f 846//896 799//846 847//848
f 850//897 846//896 847//848
f 845//894 849//898 3032//899
f 851//900 848//895 850//897
f 850//897 853//901 851//900
f 800//844 850//897 847//848
f 797//843 852//902 800//844
f 853//901 854//903 855//904
f 855//904 856//905 858//906
f 795//842 854//903 797//843
f 3401//803 856//905 795//842
f 858//906 857//907 859//908
f 858//906 861//909 855//904
f 859//908 860//910 858//906
f 864//911 860//910 863//912
f 863//912 862//913 865//914
f 863//912 869//915 864//911
f 865//914 866//916 863//912
f 868//917 867//918 2221//919
f 870//920 866//916 868//917
f 872//921 869//915 870//920
f 864//911 871//922 873//923
f 875//924 871//922 872//921
f 873//923 874//925 876//926
f 878//927 874//925 875//924
f 876//926 877//928 879//929
f 881//930 877//928 878//927
f 879//929 880//931 882//932
f 884//933 880//931 881//930
f 883//934 882//932 880//931
f 883//934 884//933 885//935
f 885//935 886//936 883//934
f 887//937 882//932 886//936
f 886//936 885//935 888//938
f 886//936 889//939 887//937
f 888//938 889//939 886//936
f 887//937 889//939 890//940
f 891//941 890//940 889//939
f 889//939 888//938 891//941
f 892//942 888//938 1890//943
f 892//942 893//944 891//941
f 891//941 896//945 890//940
f 895//946 893//944 894//947
f 895//946 896//945 893//944
f 890//940 897//948 899//949
f 898//950 897//948 895//946
f 897//948 900//951 899//949
f 899//949 904//952 901//953
f 890//940 899//949 887//937
f 887//937 899//949 901//953
f 901//953 902//954 887//937
f 903//955 902//954 901//953
f 901//953 905//956 903//955
f 906//957 900//951 909//958
f 908//959 904//952 906//957
f 906//957 3025//960 908//959
f 907//961 906//957 909//958
f 909//958 900//951 898//950
f 898//950 910//962 909//958
f 911//963 909//958 910//962
f 909//958 911//963 907//961
f 3009//964 911//963 912//965
f 912//965 913//966 915//967
f 910//962 913//966 911//963
f 915//967 914//968 916//969
f 2163//970 913//966 910//962
f 916//969 917//971 915//967
f 915//967 918//972 912//965
f 920//973 917//971 919//974
f 922//975 919//974 916//969
f 920//973 921//976 924//977
f 923//978 922//975 2160//979
f 923//978 924//977 921//976
f 924//977 929//980 920//973
f 925//981 926//982 924//977
f 926//982 927//983 928//984
f 927//983 930//985 931//986
f 928//984 929//980 926//982
f 934//987 930//985 925//981
f 931//986 932//988 933//989
f 933//989 935//990 937//991
f 936//992 932//988 934//987
f 939//993 935//990 936//992
f 937//991 938//994 941//995
f 1936//996 938//994 939//993
f 941//995 940//997 942//998
f 941//995 945//999 937//991
f 942//998 943//1000 941//995
f 946//1001 944//1002 947//1003
f 943//1000 949//1004 945//999
f 947//1003 948//1005 946//1001
f 946//1001 948//1005 950//1006
f 950//1006 949//1004 946//1001
f 949//1004 951//1007 2997//1008
f 953//1009 950//1006 952//1010
f 952//1010 948//1005 955//1011
f 952//1010 3325//1012 953//1009
f 955//1011 954//1013 952//1010
f 959//1014 955//1011 956//1015
f 955//1011 1967//1016 956//1015
f 957//1017 960//1018 958//1019
f 958//1019 954//1013 957//1017
f 961//1020 957//1017 959//1014
f 960//1018 1964//1021 962//1022
f 963//1023 958//1019 960//1018
f 960//1018 962//1022 963//1023
f 958//1019 964//1024 3328//1025
f 966//1026 963//1023 965//1027
f 965//1027 962//1022 967//1028
f 965//1027 969//1029 966//1026
f 967//1028 968//1030 965//1027
f 2955//1031 968//1030 970//1032
f 970//1032 971//1033 973//1034
f 973//1034 972//1035 975//1036
f 1965//1037 971//1033 967//1028
f 973//1034 2954//1038 970//1032
f 975//1036 974//1039 973//1034
f 976//1040 977//1041 975//1036
f 975//1036 1966//1042 976//1040
f 2961//1043 977//1041 978//1044
f 978//1044 979//1045 981//1046
f 3386//1047 979//1045 976//1040
f 981//1046 980//1048 982//1049
f 981//1046 986//1050 978//1044
f 982//1049 983//1051 981//1046
f 984//1052 985//1053 1017//1054
f 988//1055 983//1051 984//1052
f 989//1056 986//1050 988//1055
f 978//1044 987//1057 2961//1043
f 984//1052 990//1058 988//1055
f 988//1055 993//1059 989//1056
f 994//1060 990//1058 991//1061
f 991//1061 992//1062 1008//1063
f 989//1056 993//1059 995//1064
f 998//1065 993//1059 994//1060
f 999//1066 995//1064 998//1065
f 997//1067 996//1068 2959//1069
f 995//1064 997//1067 989//1056
f 998//1065 1001//1070 999//1066
f 994//1060 1000//1071 998//1065
f 2905//1072 1000//1071 1002//1073
f 1002//1073 1003//1074 1004//1075
f 1004//1075 1005//1076 1006//1077
f 991//1061 1003//1074 994//1060
f 1006//1077 1007//1078 1009//1079
f 1008//1063 1005//1076 991//1061
f 1014//1080 1007//1078 1008//1063
f 1009//1079 1010//1081 1013//1082
f 1012//1083 1011//1084 1010//1081
f 1013//1082 1011//1084 3337//1085
f 1010//1081 1014//1080 1012//1083
f 1014//1080 1016//1086 1012//1083
f 1008//1063 1015//1087 1014//1080
f 1018//1088 1015//1087 1017//1054
f 1017//1054 1015//1087 992//1062
f 1017//1054 1020//1089 1018//1088
f 992//1062 984//1052 1017//1054
f 1019//1090 1016//1086 1018//1088
f 1018//1088 1021//1091 1019//1090
f 1022//1092 985//1053 982//1049
f 1023//1093 1020//1089 1022//1092
f 1022//1092 1026//1094 1023//1093
f 982//1049 1024//1095 1022//1092
f 1025//1096 980//1048 3386//1047
f 1027//1097 1024//1095 1025//1096
f 1023//1093 1028//1098 1031//1099
f 1027//1097 1028//1098 1026//1094
f 1031//1099 1029//1100 1033//1101
f 1029//1100 1030//1102 1171//1103
f 1031//1099 1021//1091 1023//1093
f 1033//1101 1032//1104 1031//1099
f 1034//1105 1035//1106 1033//1101
f 1033//1101 1168//1107 1034//1105
f 3371//1108 1035//1106 1036//1109
f 1036//1109 1037//1110 1039//1111
f 1166//1112 1037//1110 1034//1105
f 1039//1111 1038//1113 1041//1114
f 1039//1111 3372//1115 1036//1109
f 1041//1114 1040//1116 1039//1111
f 1043//1117 1042//1118 1041//1114
f 1041//1114 1044//1119 1043//1117
f 1043//1117 1044//1119 1045//1120
f 1045//1120 1046//1121 1043//1117
f 1046//1121 1047//1122 1043//1117
f 1042//1118 1048//1123 3374//1124
f 1052//1125 1047//1122 1049//1126
f 1051//1127 1050//1128 1049//1126
f 1049//1126 1054//1129 1052//1125
f 1049//1126 1046//1121 1051//1127
f 1053//1130 1048//1123 1052//1125
f 1052//1125 1056//1131 1053//1130
f 1055//1132 1056//1131 1054//1129
f 1055//1132 1050//1128 3389//1133
f 1058//1134 1057//1135 1060//1136
f 1059//1137 1056//1131 1058//1134
f 1058//1134 1063//1138 1059//1137
f 1060//1136 1061//1139 1058//1134
f 3352//1140 1061//1139 1062//1141
f 1062//1141 1064//1142 1065//1143
f 1067//1144 1064//1142 1060//1136
f 1065//1143 1066//1145 1069//1146
f 3400//1147 1066//1145 1067//1144
f 1070//1148 1066//1145 1068//1149
f 1069//1146 1074//1150 1065//1143
f 1070//1148 1071//1151 1069//1146
f 3396//1152 1071//1151 1072//1153
f 1076//1154 1071//1151 1073//1155
f 1065//1143 1075//1156 1062//1141
f 1074//1150 1077//1157 1075//1156
f 1078//1158 1077//1157 1076//1154
f 1076//1154 1080//1159 1078//1158
f 1081//1160 1079//1161 1078//1158
f 1078//1158 1084//1162 1081//1160
f 1083//1163 1082//1164 1081//1160
f 1081//1160 1086//1165 1083//1163
f 1088//1166 1084//1162 1085//1167
f 1085//1167 1080//1159 3399//1168
f 1083//1163 1087//1169 1103//1170
f 1090//1171 1086//1165 1088//1166
f 1085//1167 1089//1172 1088//1166
f 1088//1166 1091//1173 1090//1171
f 1090//1171 1092//1174 1087//1169
f 1097//1175 1091//1173 1093//1176
f 1089//1172 1093//1176 1091//1173
f 1094//1177 1096//1178 1093//1176
f 1093//1176 3398//1179 1094//1177
f 1097//1175 1093//1176 1096//1178
f 1099//1180 1092//1174 1097//1175
f 1096//1178 1098//1181 1097//1175
f 1097//1175 1101//1182 1099//1180
f 1102//1183 1099//1180 1100//1184
f 1099//1180 3387//1185 1100//1184
f 1100//1184 1104//1186 1102//1183
f 1087//1169 1102//1183 1103//1170
f 1105//1187 1103//1170 1102//1183
f 1102//1183 1104//1186 1105//1187
f 1105//1187 1104//1186 1106//1188
f 1106//1188 1107//1189 1105//1187
f 1109//1190 1105//1187 1107//1189
f 1103//1170 1108//1191 1083//1163
f 1111//1192 1108//1191 1109//1190
f 1141//1193 1109//1190 1107//1189
f 1109//1190 1113//1194 1111//1192
f 1112//1195 1082//1164 1111//1192
f 1111//1192 1115//1196 1112//1195
f 1114//1197 1110//1198 1131//1199
f 1116//1200 1113//1194 1114//1197
f 1120//1201 1115//1196 1116//1200
f 1112//1195 1117//1202 1119//1203
f 1120//1201 1118//1204 1117//1202
f 1117//1202 3353//1205 1119//1203
f 1122//1206 1121//1207 1120//1201
f 1116//1200 1122//1206 1120//1201
f 1123//1208 1125//1209 1126//1210
f 1123//1208 1124//1211 1122//1206
f 1126//1210 1127//1212 1128//1213
f 1114//1197 1125//1209 1116//1200
f 1131//1199 1127//1212 1114//1197
f 1128//1213 1129//1214 1130//1215
f 1130//1215 1129//1214 1132//1216
f 1134//1217 1129//1214 1131//1199
f 1132//1216 1133//1218 1130//1215
f 1133//1218 1135//1219 1136//1220
f 1138//1221 1132//1216 1134//1217
f 1136//1220 1137//1222 2876//1223
f 1139//1224 1135//1219 1138//1221
f 1138//1221 1142//1225 1139//1224
f 1141//1193 1138//1221 1134//1217
f 1106//1188 1142//1225 1140//1226
f 1107//1189 1140//1226 1141//1193
f 1139//1224 1143//1227 2878//1228
f 1147//1229 1142//1225 1144//1230
f 1100//1184 1144//1230 1106//1188
f 1144//1230 1146//1231 1145//1232
f 1145//1232 1147//1229 1144//1230
f 1100//1184 1146//1231 1144//1230
f 1147//1229 1145//1232 1148//1233
f 1148//1233 1149//1234 1147//1229
f 1149//1234 1143//1227 1147//1229
f 1151//1235 1150//1236 1149//1234
f 1149//1234 1154//1237 1151//1235
f 1155//1238 1152//1239 1151//1235
f 1152//1239 1153//1240 1151//1235
f 1151//1235 1154//1237 1155//1238
f 1152//1239 1156//1241 1228//1242
f 1158//1243 1155//1238 1157//1244
f 1157//1244 1154//1237 1159//1245
f 1160//1246 1158//1243 1157//1244
f 1159//1245 1161//1247 1157//1244
f 1157//1244 1161//1247 1160//1246
f 1162//1248 1163//1249 1164//1250
f 1222//1251 1161//1247 1162//1248
f 1166//1112 1163//1249 1165//1252
f 1165//1252 1163//1249 1159//1245
f 1165//1252 1038//1113 1166//1112
f 1159//1245 1167//1253 1165//1252
f 1044//1119 1165//1252 1167//1253
f 1167//1253 1145//1232 1045//1120
f 1159//1245 1148//1233 1167//1253
f 1167//1253 1045//1120 1044//1119
f 1034//1105 1164//1250 1166//1112
f 1164//1250 1169//1254 1162//1248
f 1171//1103 1168//1107 1029//1100
f 1162//1248 1170//1255 1222//1251
f 1172//1256 1169//1254 1171//1103
f 1171//1103 1174//1257 1172//1256
f 1172//1256 1175//1258 1173//1259
f 1173//1259 1170//1255 1172//1256
f 1177//1260 1174//1257 1176//1261
f 1176//1261 1030//1102 1027//1097
f 1176//1261 1025//1096 1178//1262
f 1176//1261 1180//1263 1177//1260
f 1181//1264 1178//1262 1179//1265
f 3386//1047 1178//1262 1025//1096
f 1184//1266 1180//1263 1181//1264
f 1177//1260 1182//1267 1185//1268
f 1185//1268 1183//1269 1187//1270
f 1960//1271 1182//1267 1184//1266
f 1187//1270 1186//1272 1185//1268
f 1185//1268 1175//1258 1177//1260
f 1187//1270 1959//1273 1188//1274
f 1188//1274 1189//1275 1187//1270
f 1224//1276 1189//1275 1190//1277
f 1190//1277 1191//1278 1193//1279
f 1193//1279 1192//1280 1196//1281
f 1970//1282 1191//1278 1188//1274
f 1193//1279 1194//1283 1195//1284
f 1196//1281 1194//1283 1193//1279
f 1195//1284 1190//1277 1193//1279
f 1197//1285 1198//1286 1196//1281
f 1196//1281 1971//1287 1197//1285
f 1203//1288 1198//1286 1200//1289
f 1200//1289 1199//1290 1201//1291
f 1201//1291 1202//1292 1200//1289
f 1200//1289 1205//1293 1203//1288
f 1204//1294 1194//1283 1203//1288
f 1203//1288 1206//1295 1204//1294
f 1207//1296 1202//1292 1208//1297
f 1211//1298 1205//1293 1207//1296
f 1209//1299 1207//1296 1208//1297
f 1207//1296 1209//1299 1210//1300
f 1210//1300 1211//1298 1207//1296
f 1210//1300 1212//1301 1211//1298
f 1211//1298 1214//1302 1213//1303
f 1213//1303 1206//1295 1211//1298
f 1213//1303 1214//1302 1215//1304
f 1215//1304 1216//1305 1213//1303
f 1217//1306 1213//1303 1216//1305
f 1218//1307 1219//1308 1220//1309
f 1204//1294 1217//1306 1218//1307
f 1216//1305 1219//1308 1217//1306
f 1158//1243 1219//1308 1216//1305
f 1220//1309 1160//1246 1222//1251
f 1220//1309 1223//1310 1218//1307
f 1222//1251 1221//1311 1220//1309
f 1224//1276 1221//1311 1173//1259
f 1218//1307 1195//1284 1204//1294
f 1190//1277 1223//1310 1224//1276
f 1173//1259 1186//1272 1224//1276
f 1216//1305 1156//1241 1158//1243
f 1225//1312 1215//1304 1214//1302
f 1228//1242 1215//1304 1225//1312
f 1214//1302 1226//1313 1225//1312
f 1225//1312 2011//1314 1227//1315
f 1227//1315 1228//1242 1225//1312
f 1228//1242 1231//1316 1152//1239
f 1248//1317 1229//1318 1227//1315
f 1231//1316 1230//1319 1232//1320
f 1234//1321 1231//1316 1232//1320
f 1233//1322 1234//1321 1232//1320
f 1232//1320 1246//1323 1233//1322
f 1235//1324 1153//1240 1234//1321
f 1234//1321 1237//1325 1235//1324
f 1240//1326 1236//1327 1238//1328
f 1241//1329 1236//1327 1233//1322
f 1242//1330 1238//1328 1241//1329
f 1240//1326 1239//1331 2873//1332
f 1241//1329 1245//1333 1242//1330
f 1233//1322 1243//1334 1241//1329
f 1244//1335 1246//1323 1247//1336
f 1257//1337 1243//1334 1244//1335
f 1247//1336 1230//1319 1248//1317
f 1248//1317 1249//1338 1247//1336
f 1247//1336 1252//1339 1244//1335
f 1251//1340 1250//1341 2009//1342
f 1253//1343 1249//1338 1251//1340
f 1244//1335 1254//1344 1257//1337
f 1256//1345 1252//1339 1253//1343
f 1257//1337 1255//1346 1258//1347
f 3385//1348 1254//1344 1256//1345
f 1258//1347 1245//1333 1257//1337
f 1260//1349 1259//1350 1258//1347
f 1258//1347 1263//1351 1260//1349
f 1262//1352 1261//1353 1260//1349
f 1260//1349 1265//1354 1262//1352
f 1264//1355 1255//1346 3385//1348
f 1266//1356 1263//1351 1264//1355
f 1266//1356 1267//1357 1265//1354
f 1262//1352 1267//1357 1268//1358
f 1268//1358 1270//1359 1271//1360
f 1270//1359 1269//1361 1272//1362
f 1271//1360 1273//1363 1275//1364
f 1272//1362 1273//1363 1270//1359
f 1275//1364 1273//1363 1274//1365
f 1277//1366 1274//1365 1273//1363
f 1273//1363 1276//1367 1277//1366
f 1278//1368 1274//1365 1277//1366
f 1277//1366 1280//1369 1278//1368
f 1276//1367 1279//1370 1277//1366
f 1280//1369 1279//1370 1281//1371
f 1279//1370 1284//1372 1281//1371
f 1283//1373 1276//1367 1272//1362
f 1286//1374 1282//1375 1283//1373
f 1334//1376 1284//1372 1285//1377
f 1286//1374 1285//1377 1284//1372
f 1286//1374 1289//1378 1287//1379
f 1283//1373 1288//1380 1286//1374
f 1325//1381 1288//1380 1290//1382
f 1290//1382 1291//1383 1292//1384
f 1292//1384 1269//1361 1266//1356
f 1272//1362 1291//1383 1283//1373
f 1266//1356 1293//1385 1292//1384
f 1292//1384 1294//1386 1290//1382
f 1296//1387 1294//1386 1293//1385
f 3385//1348 1293//1385 1264//1355
f 1293//1385 1295//1388 1296//1387
f 1297//1389 1294//1386 1296//1387
f 1296//1387 1299//1390 1297//1389
f 1295//1388 1298//1391 1296//1387
f 1309//1392 1298//1391 1300//1393
f 1300//1393 1301//1394 1302//1395
f 3385//1348 1301//1394 1295//1388
f 1302//1395 1256//1345 1253//1343
f 1302//1395 1303//1396 1304//1397
f 1253//1343 1303//1396 1302//1395
f 1304//1397 1300//1393 1302//1395
f 1307//1398 1304//1397 1305//1399
f 1305//1399 1303//1396 2008//1400
f 1300//1393 1306//1401 1309//1392
f 2001//1402 1306//1401 1307//1398
f 1309//1392 1308//1403 1310//1404
f 1310//1404 1299//1390 1309//1392
f 1311//1405 1310//1404 1312//1406
f 1310//1404 1313//1407 1312//1406
f 1312//1406 1313//1407 1314//1408
f 1314//1408 1315//1409 1312//1406
f 1315//1409 1316//1410 1312//1406
f 1312//1406 1316//1410 1311//1405
f 1318//1411 1317//1412 1320//1413
f 1321//1414 1316//1410 1318//1411
f 1320//1413 1319//1415 1318//1411
f 1318//1411 1322//1416 1321//1414
f 1321//1414 1324//1417 1297//1389
f 1297//1389 1311//1405 1321//1414
f 1325//1381 1322//1416 1323//1418
f 1323//1418 1319//1415 1326//1419
f 1290//1382 1324//1417 1325//1381
f 1323//1418 1289//1378 1325//1381
f 1326//1419 1327//1420 1323//1418
f 1329//1421 1328//1422 1330//1423
f 1329//1421 1289//1378 1327//1420
f 1330//1423 1331//1424 1329//1421
f 1331//1424 1287//1379 1329//1421
f 1333//1425 1332//1426 1336//1427
f 1285//1377 1331//1424 1333//1425
f 1333//1425 1334//1376 1285//1377
f 1334//1376 1335//1428 2837//1429
f 1336//1427 1335//1428 1333//1425
f 1338//1430 1337//1431 1336//1427
f 1336//1427 1341//1432 1338//1430
f 1340//1433 1339//1434 1338//1430
f 1338//1430 1343//1435 1340//1433
f 1345//1436 1341//1432 1342//1437
f 1342//1437 1332//1426 1330//1423
f 1340//1433 1344//1438 3383//1439
f 1346//1440 1343//1435 1345//1436
f 1345//1436 1348//1441 1346//1440
f 1342//1437 1347//1442 1345//1436
f 1357//1443 1347//1442 1349//1444
f 1349//1444 1350//1445 1351//1446
f 1330//1423 1350//1445 1342//1437
f 1351//1446 1328//1422 1326//1419
f 1326//1419 1352//1447 1351//1446
f 1351//1446 1353//1448 1349//1444
f 1354//1449 1352//1447 1320//1413
f 1355//1450 1354//1449 1356//1451
f 1357//1443 1353//1448 1355//1450
f 1356//1451 1358//1452 1355//1450
f 1355//1450 1360//1453 1357//1443
f 1361//1454 1359//1455 1362//1456
f 1364//1457 1358//1452 1361//1454
f 1362//1456 1363//1458 1361//1454
f 1361//1454 1366//1459 1364//1457
f 1365//1460 1360//1453 1364//1457
f 1364//1457 1368//1461 1365//1460
f 1366//1459 1367//1462 1369//1463
f 1367//1462 1363//1458 1693//1464
f 1369//1463 1368//1461 1366//1459
f 1369//1463 1374//1465 1370//1466
f 1370//1466 1368//1461 1369//1463
f 1371//1467 1369//1463 1367//1462
f 1367//1462 1372//1468 1371//1467
f 1688//1469 1371//1467 1372//1468
f 1374//1465 1373//1470 1375//1471
f 1376//1472 1374//1465 1375//1471
f 1370//1466 1376//1472 1379//1473
f 1375//1471 1378//1474 1376//1472
f 1379//1473 1377//1475 1380//1476
f 1661//1477 1376//1472 1378//1474
f 1380//1476 1382//1478 1379//1473
f 1381//1479 1370//1466 1379//1473
f 1379//1473 1382//1478 1381//1479
f 1384//1480 1383//1481 1386//1482
f 1387//1483 1382//1478 1384//1480
f 1390//1484 1384//1480 1386//1482
f 1387//1483 1385//1485 1388//1486
f 1365//1460 1381//1479 1387//1483
f 1388//1486 1365//1460 1387//1483
f 1388//1486 1344//1438 1346//1440
f 1346//1440 1389//1487 1388//1486
f 1389//1487 1357//1443 1360//1453
f 1386//1482 1392//1488 1390//1484
f 1386//1482 1393//1489 1391//1490
f 1397//1491 1391//1490 1394//1492
f 1391//1490 1396//1493 1394//1492
f 1394//1492 1398//1494 1397//1491
f 1396//1493 1395//1495 1394//1492
f 1397//1491 1402//1496 1399//1497
f 1399//1497 1392//1488 1397//1491
f 1400//1498 1401//1499 1399//1497
f 1399//1497 1404//1500 1400//1498
f 1403//1501 1398//1494 1685//1502
f 1406//1503 1402//1496 1403//1501
f 1400//1498 1405//1504 2836//1505
f 1409//1506 1404//1500 1406//1503
f 1406//1503 1408//1507 1407//1508
f 1407//1508 1409//1506 1406//1503
f 1408//1507 1406//1503 1403//1501
f 1405//1504 1409//1506 1410//1509
f 1409//1506 1413//1510 1410//1509
f 1410//1509 1415//1511 1411//1512
f 1411//1512 1412//1513 1410//1509
f 1410//1509 1412//1513 1405//1504
f 1413//1510 1414//1514 1416//1515
f 1414//1514 1407//1508 1683//1516
f 1416//1515 1415//1511 1413//1510
f 1417//1517 1415//1511 1416//1515
f 1416//1515 1419//1518 1417//1517
f 1414//1514 1418//1519 1416//1515
f 2690//1520 1418//1519 1420//1521
f 1420//1521 1418//1519 1421//1522
f 1422//1523 1421//1522 1414//1514
f 1423//1524 1422//1523 1425//1525
f 1421//1522 1423//1524 1420//1521
f 1424//1526 1423//1524 1425//1525
f 1420//1521 1423//1524 1424//1526
f 1426//1527 1428//1528 1425//1525
f 1425//1525 1678//1529 1426//1527
f 1422//1523 1427//1530 1425//1525
f 1425//1525 1428//1528 1424//1526
f 1429//1531 1430//1532 1431//1533
f 2680//1534 1428//1528 1429//1531
f 1431//1533 1432//1535 1433//1536
f 1435//1537 1430//1532 1426//1527
f 1434//1538 1433//1536 1432//1535
f 1432//1535 1436//1539 1434//1538
f 1435//1537 1436//1539 1432//1535
f 1434//1538 1437//1540 1439//1541
f 1438//1542 1437//1540 1435//1537
f 1439//1541 1438//1542 1441//1543
f 1439//1541 2461//1544 1434//1538
f 1441//1543 1440//1545 1439//1541
f 1444//1546 1441//1543 1443//1547
f 1443//1547 1441//1543 1438//1542
f 1447//1548 1444//1546 1443//1547
f 1443//1547 1445//1549 1447//1548
f 1445//1549 1443//1547 1446//1550
f 1438//1542 1446//1550 1443//1547
f 1450//1551 1447//1548 1448//1552
f 1448//1552 1447//1548 1445//1549
f 1449//1553 1444//1546 1447//1548
f 1447//1548 1450//1551 1449//1553
f 1450//1551 1453//1554 1451//1555
f 1451//1555 1449//1553 1450//1551
f 1448//1552 1452//1556 1450//1551
f 1452//1556 1453//1554 1450//1551
f 1456//1557 1453//1554 1454//1558
f 1653//1559 1454//1558 1452//1556
f 1456//1557 1455//1560 1458//1561
f 1456//1557 2445//1562 1451//1555
f 1458//1561 1457//1563 1456//1557
f 1460//1564 1459//1565 1458//1561
f 1458//1561 1462//1566 1460//1564
f 1463//1567 1461//1568 1460//1564
f 1460//1564 1464//1569 1463//1567
f 1463//1567 1647//1570 1465//1571
f 1467//1572 1463//1567 1465//1571
f 1466//1573 1469//1574 1468//1575
f 1470//1576 1466//1573 1468//1575
f 1469//1574 1471//1577 1468//1575
f 1468//1575 1474//1578 1470//1576
f 1473//1579 1472//1580 1610//1581
f 1475//1582 1471//1577 1473//1579
f 1479//1583 1474//1578 1475//1582
f 1470//1576 1476//1584 1478//1585
f 1478//1585 1477//1586 2443//1587
f 1481//1588 1476//1584 1479//1583
f 1475//1582 1480//1589 1479//1583
f 1479//1583 1482//1590 1481//1588
f 780//825 1477//1586 1481//1588
f 1481//1588 778//823 780//825
f 1485//824 1482//1590 1483//1591
f 1483//1591 1480//1589 1484//1592
f 1484//1592 1486//1593 1483//1591
f 1483//1591 1488//1594 1485//824
f 1489//1595 1487//1596 312//349
f 1491//1597 1486//1593 1489//1595
f 312//349 1490//1598 1489//1595
f 1489//1595 1493//1599 1491//1597
f 1491//1597 1495//1600 1492//1601
f 1492//1601 1488//1594 1491//1597
f 1494//1602 1496//1603 1493//1599
f 1493//1599 1490//1598 1494//1602
f 1497//1604 1493//1599 1496//1603
f 1496//1603 1494//1602 1498//1605
f 1497//1604 1496//1603 1499//1606
f 1498//1605 1499//1606 1496//1603
f 1500//1607 1499//1606 1502//1608
f 1499//1606 1500//1607 1497//1604
f 1501//1609 1502//1608 1499//1606
f 1499//1606 1498//1605 1501//1609
f 1503//1610 1504//1611 1502//1608
f 1502//1608 1501//1609 1503//1610
f 1505//1612 1502//1608 1504//1611
f 1502//1608 1505//1612 1500//1607
f 1506//1613 1507//1614 1505//1612
f 1504//1611 1506//1613 1505//1612
f 1505//1612 1510//1615 1500//1607
f 1507//1614 1532//1616 1509//1617
f 1509//1617 1510//1615 1507//1614
f 1497//1604 1510//1615 1512//1618
f 1512//1618 1511//1619 1513//1620
f 1513//1620 1514//1621 1512//1618
f 1512//1618 1495//1600 1497//1604
f 1516//813 1515//1622 769//811
f 1492//1601 1514//1621 1516//813
f 1516//813 1604//1623 1492//1601
f 1518//1624 1515//1622 1513//1620
f 769//811 1515//1622 1517//1625
f 1517//1625 1519//1626 769//811
f 1520//1627 1517//1625 1518//1624
f 1520//1627 1521//1628 1519//1626
f 1519//1626 767//806 769//811
f 757//797 1522//1629 1523//796
f 759//799 1521//1628 757//797
f 1523//796 1524//1630 1526//789
f 1527//1631 1522//1629 1520//1627
f 1526//789 1525//1632 749//784
f 1528//1633 1524//1630 1527//1631
f 1528//1633 1529//1634 1530//1635
f 1518//1624 1527//1631 1520//1627
f 1513//1620 1529//1634 1518//1624
f 1530//1635 1511//1619 1509//1617
f 1509//1617 1531//1636 1530//1635
f 1530//1635 1533//1637 1528//1633
f 1534//1638 1532//1616 1535//1639
f 1537//1640 1531//1636 1534//1638
f 1535//1639 1536//1641 1534//1638
f 1534//1638 1538//1642 1537//1640
f 1538//1642 1539//1643 1537//1640
f 1537//1640 1541//1644 1533//1637
f 745//782 1539//1643 743//779
f 743//779 1540//1645 739//776
f 749//784 1541//1644 745//782
f 1533//1637 1525//1632 1528//1633
f 739//776 1542//1646 737//773
f 1542//1646 1538//1642 1544//1647
f 1542//1646 735//771 737//773
f 1543//1648 1544//1647 1546//1649
f 1544//1647 1536//1641 1545//1650
f 1545//1650 1546//1649 1544//1647
f 1546//1649 1549//1651 1548//1652
f 1548//1652 1543//1648 1546//1649
f 1548//1652 1603//1653 1550//1654
f 1550//1654 1551//1655 1548//1652
f 1551//1655 729//766 732//767
f 732//767 1543//1648 1551//1655
f 721//758 1552//1656 719//756
f 1553//757 719//756 1552//1656
f 1552//1656 1550//1654 1553//757
f 1550//1654 1554//1657 1553//757
f 1554//1657 1555//1658 1553//757
f 713//751 1553//757 1555//1658
f 632//669 1555//1658 1556//668
f 1556//668 1557//1659 1558//1660
f 1558//1660 1559//1661 1560//1662
f 1562//1663 1557//1659 1554//1657
f 1560//1662 1561//1664 1596//1665
f 1563//1666 1559//1661 1562//1663
f 1562//1663 1547//1667 1563//1666
f 1554//1657 1549//1651 1562//1663
f 1563//1666 1545//1650 1564//1668
f 1564//1668 1561//1664 1563//1666
f 1564//1668 1567//1669 1565//1670
f 1545//1650 1566//1671 1564//1668
f 1568//1672 1566//1671 1535//1639
f 1572//1673 1567//1669 1568//1672
f 1570//1674 1567//1669 1569//1675
f 1569//1675 1597//1676 1570//1674
f 1572//1673 1571//1677 1569//1675
f 1506//1613 1573//1678 1572//1673
f 1572//1673 1508//1679 1506//1613
f 1573//1678 1503//1610 1574//1680
f 1574//1680 1571//1677 1573//1678
f 1574//1680 1600//1681 1575//1682
f 1575//1682 1576//1683 1574//1680
f 1597//1676 1576//1683 1577//1684
f 1577//1684 1578//1685 1579//1686
f 1579//1686 1578//1685 1580//1687
f 1582//1688 1578//1685 1575//1682
f 1581//1689 1580//1687 1583//368
f 1580//1687 1581//1689 1579//1686
f 333//369 1580//1687 1582//1688
f 1583//368 1584//1690 1581//1689
f 1584//1690 334//1691 341//373
f 1585//1692 1581//1689 1584//1690
f 1584//1690 1586//1693 1585//1692
f 341//373 1586//1693 1584//1690
f 620//654 1586//1693 618//651
f 618//651 1587//376 616//649
f 616//649 342//377 3402//379
f 1581//1689 1585//1692 1588//1694
f 1590//653 1585//1692 620//654
f 1579//1686 1588//1694 1589//1695
f 1589//1695 1590//653 1591//1696
f 1588//1694 1579//1686 1581//1689
f 1591//1696 621//656 1592//659
f 1592//659 1593//1697 1591//1696
f 1591//1696 1595//1698 1589//1695
f 1596//1665 1593//1697 1560//1662
f 1560//1662 1594//1699 1558//1660
f 1570//1674 1595//1698 1596//1665
f 1589//1695 1597//1676 1577//1684
f 1596//1665 1565//1670 1570//1674
f 1558//1660 631//667 1556//668
f 625//660 1594//1699 1592//659
f 1589//1695 1577//1684 1579//1686
f 1575//1682 1598//1700 1582//1688
f 1582//1688 331//366 333//369
f 1599//1701 331//366 1598//1700
f 1599//1701 1600//1681 1601//1702
f 1601//1702 1503//1610 1501//1609
f 1599//1701 1601//1702 1602//1703
f 1601//1702 1501//1609 1498//1605
f 1498//1605 1602//1703 1601//1702
f 1494//1602 1602//1703 1498//1605
f 1602//1703 317//353 1599//1701
f 317//353 329//364 1599//1701
f 1535//1639 1508//1679 1568//1672
f 1526//789 752//786 1523//796
f 314//348 316//350 1494//1602
f 1494//1602 1490//1598 314//348
f 1485//824 1604//1623 774//819
f 1605//342 1487//1596 1484//1592
f 1484//1592 1606//1704 1605//342
f 1606//1704 308//339 1605//342
f 1473//1579 1606//1704 1475//1582
f 304//338 1607//1705 1608//1706
f 1608//1706 1473//1579 1610//1581
f 1608//1706 299//333 304//338
f 1610//1581 1609//332 1608//1706
f 1472//1580 1611//1707 1610//1581
f 298//330 1611//1707 1612//1708
f 1612//1708 1613//1709 1615//1710
f 1469//1574 1613//1709 1472//1580
f 1615//1710 1614//1711 1616//1712
f 1616//1712 1617//1713 1615//1710
f 1615//1710 1618//1714 1612//1708
f 1621//1715 1617//1713 1620//1716
f 1620//1716 1619//1717 1623//1718
f 1620//1716 2433//1719 1621//1715
f 1623//1718 1622//1720 1620//1716
f 1625//1721 1624//1722 1623//1718
f 1623//1718 1627//1723 1625//1721
f 1628//1724 1626//1725 1625//1721
f 1625//1721 1631//1726 1628//1724
f 1630//1727 1629//1728 1628//1724
f 1628//1724 1633//1729 1630//1727
f 1632//1730 1627//1723 1649//1731
f 1634//1732 1631//1726 1632//1730
f 1630//1727 1635//1733 1636//1734
f 1637//1735 1633//1729 1634//1732
f 1636//1734 1638//1736 1639//1737
f 1640//1738 1635//1733 1637//1735
f 1639//1737 1373//1470 1688//1469
f 1375//1471 1638//1736 1640//1738
f 1640//1738 1378//1474 1375//1471
f 1637//1735 1641//1739 1640//1738
f 1642//1740 1643//1741 1644//1742
f 1661//1477 1641//1739 1642//1740
f 1644//1742 1645//1743 1647//1570
f 1634//1732 1645//1743 1643//1741
f 1643//1741 1637//1735 1634//1732
f 1647//1570 1646//1744 1465//1571
f 1632//1730 1645//1743 1634//1732
f 1464//1569 1644//1742 1647//1570
f 1465//1571 1648//1745 1467//1572
f 1649//1731 1646//1744 1632//1730
f 1467//1572 1614//1711 1469//1574
f 1616//1712 1648//1745 1649//1731
f 1649//1731 1619//1717 1616//1712
f 1644//1742 1651//1746 1642//1740
f 1650//1747 1462//1566 1652//1748
f 1652//1748 1651//1746 1650//1747
f 1652//1748 1462//1566 1455//1560
f 1455//1560 1653//1559 1652//1748
f 1655//1749 1652//1748 1653//1559
f 1656//1750 1654//1751 1655//1749
f 1659//1752 1654//1751 1656//1750
f 1655//1749 1657//1753 1656//1750
f 1658//1754 1656//1750 1657//1753
f 1656//1750 1660//1755 1659//1752
f 1659//1752 1377//1475 1661//1477
f 1659//1752 1642//1740 1651//1746
f 1662//1756 1658//1754 1663//1757
f 1380//1476 1660//1755 1662//1756
f 1663//1757 1393//1489 1662//1756
f 1662//1756 1383//1481 1380//1476
f 1663//1757 1667//1758 1664//1759
f 1396//1493 1663//1757 1664//1759
f 1664//1759 1665//1760 1396//1493
f 1674//1761 1664//1759 1666//1762
f 1666//1762 1664//1759 1667//1758
f 1668//1763 1669//1764 1667//1758
f 1667//1758 1657//1753 1668//1763
f 1657//1753 1667//1758 1658//1754
f 1667//1758 1669//1764 1666//1762
f 1668//1763 1670//1765 1669//1764
f 1671//1766 1666//1762 1669//1764
f 1669//1764 1670//1765 1671//1766
f 1672//1767 1670//1765 1446//1550
f 1666//1762 1671//1766 1673//1768
f 1676//1769 1671//1766 1672//1767
f 1673//1768 1674//1761 1666//1762
f 1674//1761 1675//1770 1686//1771
f 1677//1772 1673//1768 1676//1769
f 1427//1530 1677//1772 1676//1769
f 1672//1767 1678//1529 1676//1769
f 1676//1769 1678//1529 1427//1530
f 1426//1527 1678//1529 1679//1773
f 1679//1773 1435//1537 1426//1527
f 1446//1550 1438//1542 1679//1773
f 1679//1773 1672//1767 1446//1550
f 1435//1537 1679//1773 1438//1542
f 1680//1774 1675//1770 1677//1772
f 1680//1774 1677//1772 1682//1775
f 1677//1772 1427//1530 1681//1776
f 1681//1776 1682//1775 1677//1772
f 1683//1516 1682//1775 1681//1776
f 1407//1508 1682//1775 1683//1516
f 1682//1775 1408//1507 1680//1774
f 1681//1776 1422//1523 1683//1516
f 1414//1514 1683//1516 1422//1523
f 1403//1501 1680//1774 1408//1507
f 1685//1502 1680//1774 1403//1501
f 1686//1771 1675//1770 1684//1777
f 1684//1777 1685//1502 1686//1771
f 1665//1760 1674//1761 1686//1771
f 1686//1771 1395//1495 1665//1760
f 1685//1502 1395//1495 1686//1771
f 1446//1550 1670//1765 1445//1549
f 1445//1549 1668//1763 1448//1552
f 1668//1763 1655//1749 1448//1552
f 1452//1556 1448//1552 1655//1749
f 1655//1749 1653//1559 1452//1556
f 1688//1469 1687//1778 1639//1737
f 1639//1737 1757//1779 1636//1734
f 1688//1469 1691//1780 1689//1781
f 2440//1782 1689//1781 1690//1783
f 1689//1781 1692//1784 1690//1783
f 1693//1464 1372//1468 1367//1462
f 1694//1785 1691//1780 1693//1464
f 1693//1464 1696//1786 1694//1785
f 1695//1787 1692//1784 1694//1785
f 1694//1785 1697//1788 1695//1787
f 1698//1789 1696//1786 1362//1456
f 1695//1787 1699//1790 1701//1791
f 1700//1792 1697//1788 1698//1789
f 1699//1790 1700//1792 1703//1793
f 1701//1791 1702//1794 1737//1795
f 1703//1793 1702//1794 1699//1790
f 1705//1796 1703//1793 1700//1792
f 1704//1797 1705//1796 1707//1798
f 1704//1797 1702//1794 1703//1793
f 1707//1798 1706//1799 1718//1800
f 1709//1801 1705//1796 1708//1802
f 1700//1792 1708//1802 1705//1796
f 1698//1789 1708//1802 1700//1792
f 1709//1801 1710//1803 1711//1804
f 1711//1804 1359//1455 1356//1451
f 1362//1456 1710//1803 1698//1789
f 1711//1804 1713//1805 1709//1801
f 1356//1451 1712//1806 1711//1804
f 1320//1413 1712//1806 1354//1449
f 1713//1805 1317//1412 1315//1409
f 1706//1799 1709//1801 1713//1805
f 1315//1409 1714//1807 1713//1805
f 1713//1805 1714//1807 1706//1799
f 1718//1800 1714//1807 1715//1808
f 1715//1808 1314//1408 1716//1809
f 1717//1810 1715//1808 1716//1809
f 1715//1808 1719//1811 1718//1800
f 1718//1800 1721//1812 1707//1798
f 1720//1813 1717//1810 2061//1814
f 1723//1815 1719//1811 1720//1813
f 1707//1798 1722//1816 1704//1797
f 1725//1817 1721//1812 1723//1815
f 1720//1813 1724//1818 1723//1815
f 1723//1815 1726//1819 1725//1817
f 1725//1817 1729//1820 1727//1821
f 1725//1817 1731//1822 1722//1816
f 1733//1823 1727//1821 1728//1824
f 1730//1825 1728//1824 1727//1821
f 1727//1821 1729//1820 1730//1825
f 1722//1816 1731//1822 1732//1826
f 1735//1827 1731//1822 1733//1823
f 1735//1827 1733//1823 1734//1828
f 1779//1829 1733//1823 1728//1824
f 1734//1828 1736//1830 1735//1827
f 1736//1830 1737//1795 1735//1827
f 1737//1795 1732//1826 1735//1827
f 1737//1795 1739//1831 1738//1832
f 1738//1832 1701//1791 1737//1795
f 1738//1832 1739//1831 1740//1833
f 1741//1834 1739//1831 1736//1830
f 1745//1835 1740//1833 1741//1834
f 1740//1833 1742//1836 1738//1832
f 1742//1836 1743//1837 1746//1838
f 1746//1838 1744//1839 1748//1840
f 1771//1841 1743//1837 1745//1835
f 1746//1838 2441//1842 1742//1836
f 1747//1843 1746//1838 1748//1840
f 1748//1840 1768//1844 1749//1845
f 1749//1845 1750//1846 1748//1840
f 1748//1840 1750//1846 1747//1843
f 2440//1782 1750//1846 1751//1847
f 1751//1847 1752//1848 1754//1849
f 1765//1850 1752//1848 1749//1845
f 1754//1849 1753//1851 1755//1852
f 1755//1852 1756//1853 1754//1849
f 1754//1849 1757//1779 1751//1847
f 1756//1853 1630//1727 1636//1734
f 1636//1734 1757//1779 1756//1853
f 1751//1847 1687//1778 2440//1782
f 1758//1854 1629//1728 1755//1852
f 1755//1852 1760//1855 1758//1854
f 1759//1856 1626//1725 1758//1854
f 1758//1854 1761//1857 1759//1856
f 1764//1858 1760//1855 1762//1859
f 1762//1859 1753//1851 1765//1850
f 1765//1850 1763//1860 1762//1859
f 1762//1859 2424//1861 1764//1858
f 1749//1845 1766//1862 1765//1850
f 1828//1863 1766//1862 1767//1864
f 1767//1864 1768//1844 1769//1865
f 1769//1865 1744//1839 1771//1841
f 1771//1841 1770//1866 1769//1865
f 1769//1865 1826//1867 1767//1864
f 1745//1835 1772//1868 1771//1841
f 1773//1869 1774//1870 1775//1871
f 1823//1872 1772//1868 1773//1869
f 1775//1871 1776//1873 1777//1874
f 1741//1834 1774//1870 1745//1835
f 1777//1874 1734//1828 1779//1829
f 1736//1830 1776//1873 1741//1834
f 1777//1874 2426//1875 1775//1871
f 1779//1829 1778//1876 1777//1874
f 1781//1877 1779//1829 1728//1824
f 1784//1878 1780//1879 1781//1877
f 1778//1876 1782//1880 1785//1881
f 1785//1881 1783//1882 1787//1883
f 2130//1884 1782//1880 1784//1878
f 1786//1885 1778//1876 1785//1881
f 1787//1883 1786//1885 1785//1881
f 1789//1886 1788//1887 1787//1883
f 1787//1883 1791//1888 1789//1886
f 1792//1889 1790//1890 1789//1886
f 1789//1886 1795//1891 1792//1889
f 1794//1892 1793//1893 1792//1889
f 1797//1894 1792//1889 1795//1891
f 1797//1894 1796//1895 1798//1896
f 2131//1897 1795//1891 1791//1888
f 1800//1898 1797//1894 1798//1896
f 1794//1892 1799//1899 1802//1900
f 2122//1901 1799//1899 1800//1898
f 1802//1900 1801//1902 1803//1903
f 1803//1903 1804//1904 1802//1900
f 1802//1900 1807//1905 1794//1892
f 1806//1906 1805//1907 2117//1908
f 1808//1909 1804//1904 1806//1906
f 1809//1910 1807//1905 1808//1909
f 1808//1909 1810//1911 1809//1910
f 1811//1912 1793//1893 1809//1910
f 1811//1912 1810//1911 1813//1913
f 1812//1914 1790//1890 1811//1912
f 1813//1913 1812//1914 1811//1912
f 1815//1915 1814//1916 1813//1913
f 1815//1915 1810//1911 1817//1917
f 1818//1918 1816//1919 1815//1915
f 1817//1917 1818//1918 1815//1915
f 1819//1920 1821//1921 1818//1918
f 1819//1920 1820//1922 1841//1923
f 1823//1872 1822//1924 1824//1925
f 1773//1869 1821//1921 1823//1872
f 1824//1925 1770//1866 1823//1872
f 1824//1925 1836//1926 1825//1927
f 1825//1927 1826//1867 1824//1925
f 1767//1864 1827//1928 1828//1863
f 1828//1863 1829//1929 1830//1930
f 1831//1931 1827//1928 1825//1927
f 1830//1930 233//261 235//263
f 1832//262 1829//1929 1831//1931
f 1832//262 1831//1931 1833//1932
f 1831//1931 1836//1926 1833//1932
f 1833//1932 1834//1933 1832//262
f 1835//1934 1834//1933 1833//1932
f 1833//1932 1837//1935 1835//1934
f 1822//1924 1837//1935 1836//1926
f 1835//1934 1838//1936 1840//1937
f 1841//1923 1837//1935 1819//1920
f 1840//1937 1838//1936 1839//1938
f 1842//1939 1838//1936 1841//1923
f 1841//1923 1843//1940 1842//1939
f 1842//1939 1845//1941 1844//1942
f 1839//1938 1842//1939 1844//1942
f 1844//1942 1847//1943 1839//1938
f 1844//1942 1845//1941 1848//1944
f 1846//1945 1847//1943 1844//1942
f 1848//1944 1846//1945 1844//1942
f 1849//1946 1845//1941 2116//1947
f 1852//1948 1848//1944 1849//1946
f 1846//1945 1850//1949 1851//1950
f 1851//1950 1853//1951 1856//1952
f 1855//1953 1850//1949 1852//1948
f 1855//1953 1854//1954 1853//1951
f 1856//1952 1854//1954 1858//1955
f 1856//1952 2410//1956 1851//1950
f 1858//1955 1857//1957 1856//1952
f 1860//1958 1859//1959 1858//1955
f 1858//1955 1862//1960 1860//1958
f 1863//1961 1861//1962 1860//1958
f 1860//1958 1866//1963 1863//1961
f 1864//1964 1865//1965 1863//1961
f 1863//1961 1869//1966 1864//1964
f 1867//1967 1862//1960 2135//1968
f 1866//1963 1867//1967 1868//1969
f 1868//1969 1869//1966 1866//1963
f 1864//1964 1870//1970 2404//1971
f 1871//1972 1870//1970 1869//1966
f 1869//1966 1868//1969 1871//1972
f 1872//1973 1873//1974 1876//1975
f 1872//1973 1870//1970 1871//1972
f 1875//1976 1871//1972 1868//1969
f 1876//1975 1874//1977 1877//1978
f 2139//1979 1873//1974 1875//1976
f 1877//1978 1878//1980 1876//1975
f 1876//1975 1879//1981 1872//1973
f 1882//1982 1879//1981 1878//1980
f 1878//1980 1880//1983 1882//1982
f 1880//1983 1881//1984 2173//1985
f 1883//1986 1879//1981 1882//1982
f 1882//1982 1886//1987 1883//1986
f 1884//1988 1882//1982 1880//1983
f 1885//1989 1884//1988 1887//1990
f 2175//1991 1884//1988 1885//1989
f 1880//1983 1887//1990 1884//1988
f 1887//1990 1889//1992 1885//1989
f 1889//1992 1888//1993 1892//1994
f 2173//1985 1887//1990 1880//1983
f 1891//1995 1885//1989 1889//1992
f 1889//1992 1890//943 1891//1995
f 1890//943 1889//1992 1892//1994
f 1892//1994 892//942 1890//943
f 1892//1994 894//947 892//942
f 1888//1993 1893//1996 1892//1994
f 2166//1997 1893//1996 1894//1998
f 1894//1998 1893//1996 1895//1999
f 1896//2000 1895//1999 1888//1993
f 1897//2001 1896//2000 1899//2002
f 1895//1999 1897//2001 1894//1998
f 1894//1998 1898//2003 2167//2004
f 1899//2002 1898//2003 1897//2001
f 1901//2005 1900//2006 1899//2002
f 1896//2000 1901//2005 1899//2002
f 1902//2007 1904//2008 1905//2009
f 2172//2010 1901//2005 1902//2007
f 1905//2009 1881//1984 1877//1978
f 2173//1985 1904//2008 1896//2000
f 1905//2009 1908//2011 1902//2007
f 1877//1978 1906//2012 1905//2009
f 1907//2013 1874//1977 2139//1979
f 1910//2014 1906//2012 1907//2013
f 1902//2007 1909//2015 2172//2010
f 1912//2016 1908//2011 1910//2014
f 1910//2014 1913//2017 1912//2016
f 1907//2013 1911//2018 1910//2014
f 1912//2016 1913//2017 1915//2019
f 1909//2015 1912//2016 1914//2020
f 1915//2019 1914//2020 1912//2016
f 1920//2021 1915//2019 1916//2022
f 1916//2022 1913//2017 2143//2023
f 1914//2020 1917//2024 1919//2025
f 1919//2025 1918//2026 1930//2027
f 1922//2028 1917//2024 1920//2021
f 1916//2022 1921//2029 1920//2021
f 1920//2021 1923//2030 1922//2028
f 1922//2028 1925//2031 1924//2032
f 1924//2032 1918//2026 1922//2028
f 1924//2032 2086//2033 1926//2034
f 1926//2034 1927//2035 1924//2032
f 1929//2036 1928//2037 1931//2038
f 1930//2027 1927//2035 1929//2036
f 1929//2036 1933//2039 1930//2027
f 1931//2038 1932//2040 1929//2036
f 2146//2041 1932//2040 1934//2042
f 1936//996 1932//2040 1935//2043
f 1931//2038 1937//2044 1935//2043
f 1935//2043 940//997 1936//996
f 942//998 1937//2044 1938//2045
f 1938//2045 1939//2046 1941//2047
f 1931//2038 1940//2048 1939//2046
f 1941//2047 1940//2048 1943//2049
f 1941//2047 1969//2050 1938//2045
f 1943//2049 1942//2051 1941//2047
f 2095//2052 1943//2049 1940//2048
f 1944//2053 1945//2054 1943//2049
f 1947//2055 1946//2056 1949//2057
f 1942//2051 1947//2055 1948//2058
f 1948//2058 1950//2059 1953//2060
f 1951//2061 1947//2055 1949//2057
f 1970//1282 1950//2059 1951//2061
f 1953//2060 1952//2062 1955//2063
f 1953//2060 1968//2064 1948//2058
f 1955//2063 1954//2065 1953//2060
f 1957//2066 1956//2067 1955//2063
f 1955//2063 1959//1273 1957//2066
f 1960//1271 1958//2068 1957//2066
f 1957//2066 1183//1269 1960//1271
f 1961//2069 1960//1271 1184//1266
f 1184//1266 1962//2070 1961//2069
f 959//1014 1961//2069 961//1020
f 961//1020 1961//2069 1962//2070
f 1962//2070 1964//1021 961//1020
f 1181//1264 1962//2070 1184//1266
f 1965//1037 1962//2070 1963//2071
f 967//1028 1964//1021 1965//1037
f 1963//2071 972//1035 1965//1037
f 1181//1264 1966//1042 1963//2071
f 976//1040 1179//1265 3386//1047
f 1188//1274 1952//2062 1970//1282
f 956//1015 1958//2068 959//1014
f 956//1015 1954//2065 1956//2067
f 1968//2064 1967//1016 947//1003
f 1948//2058 1969//2050 1942//2051
f 1969//2050 947//1003 944//1002
f 1938//2045 944//1002 942//998
f 1951//2061 1192//1280 1970//1282
f 1949//2057 1971//1287 1951//2061
f 1197//1285 1972//2072 1973//2073
f 1974//2074 1972//2072 1949//2057
f 1972//2072 1976//2075 1973//2073
f 1949//2057 1946//2056 1974//2074
f 1977//2076 1974//2074 1975//2077
f 1975//2077 1946//2056 1944//2053
f 1980//2078 1976//2075 1977//2076
f 1973//2073 1976//2075 1978//2079
f 1981//2080 1978//2079 1979//2081
f 2092//2082 1978//2079 1980//2078
f 1978//2079 1981//2080 1973//2073
f 1979//2081 1982//2083 1981//2080
f 1973//2073 1199//1290 1197//1285
f 1981//2080 1982//2083 1201//1291
f 1201//1291 1199//1290 1981//2080
f 1982//2083 1986//2084 1983//2085
f 1982//2083 1985//2086 1201//1291
f 1983//2085 1988//2087 1984//2088
f 2041//2089 1983//2085 1984//2088
f 1987//2090 1979//2081 2092//2082
f 1990//2091 1986//2084 1987//2090
f 1988//2087 1992//2092 1984//2088
f 1989//2093 1991//2094 1988//2087
f 1988//2087 1990//2091 1989//2093
f 1989//2093 1993//2095 1991//2094
f 1992//2092 1993//2095 1996//2096
f 1994//2097 1995//2098 2062//2099
f 1996//2096 1994//2097 1999//2100
f 1997//2101 1992//2092 1996//2096
f 1998//2102 1997//2101 1996//2096
f 1999//2100 1998//2102 1996//2096
f 2001//1402 2000//2103 1999//2100
f 2001//1402 1994//2097 2002//2104
f 2002//2104 1308//1403 2001//1402
f 2002//2104 2062//2099 1716//1809
f 1716//1809 1313//1407 2002//2104
f 1305//1399 2000//2103 1307//1398
f 2004//2105 2000//2103 2003//2106
f 2008//1400 2003//2106 1305//1399
f 2004//2105 2005//2107 2006//2108
f 2006//2108 2007//2109 2010//2110
f 2007//2109 2008//1400 2009//1342
f 2008//1400 1251//1340 2009//1342
f 2009//1342 2011//1314 2007//2109
f 2007//2109 1226//1313 2010//2110
f 1227//1315 1250//1341 1248//1317
f 2013//2111 2006//2108 2010//2110
f 2010//2110 1212//1301 2012//2112
f 2012//2112 2013//2111 2010//2110
f 1226//1313 1212//1301 2010//2110
f 2015//2113 2014//2114 2013//2111
f 2013//2111 2017//2115 2015//2113
f 2018//2116 2016//2117 2015//2113
f 2015//2113 2021//2118 2018//2116
f 2019//2119 2018//2116 2020//2120
f 2021//2118 2020//2120 2018//2116
f 2024//2121 2021//2118 2022//2122
f 2050//2123 2021//2118 2017//2115
f 2020//2120 2025//2124 2026//2125
f 2027//2126 2023//2127 2024//2121
f 2030//2128 2025//2124 2028//2129
f 2031//2130 2025//2124 2027//2126
f 2031//2130 2029//2131 2028//2129
f 2028//2129 2059//2132 2030//2128
f 2032//2133 2031//2130 2027//2126
f 2031//2130 2035//2134 2033//2135
f 2056//2136 2033//2135 2034//2137
f 2033//2135 2037//2138 2034//2137
f 2036//2139 2032//2133 2055//2140
f 2038//2141 2035//2134 2036//2139
f 2040//2142 2037//2138 2038//2141
f 2034//2137 2039//2143 1997//2101
f 1984//2088 2039//2143 2040//2142
f 2041//2089 1984//2088 2040//2142
f 2038//2141 2042//2144 2040//2142
f 2040//2142 2042//2144 2041//2089
f 2041//2089 2043//2145 1208//1297
f 2046//2146 2042//2144 2044//2147
f 2044//2147 2047//2148 2046//2146
f 2036//2139 2044//2147 2038//2141
f 2046//2146 2049//2149 2048//2150
f 2048//2150 2043//2145 2046//2146
f 2048//2150 2022//2122 2050//2123
f 2050//2123 1209//1299 2048//2150
f 2050//2123 2017//2115 2012//2112
f 2012//2112 1210//1300 2050//2123
f 2051//2151 2022//2122 2049//2149
f 2049//2149 2053//2152 2051//2151
f 2054//2153 2051//2151 2053//2152
f 2024//2121 2052//2154 2027//2126
f 2053//2152 2045//2155 2054//2153
f 2052//2154 2054//2153 2055//2140
f 2055//2140 2045//2155 2036//2139
f 2055//2140 2032//2133 2052//2154
f 2027//2126 2052//2154 2032//2133
f 1208//1297 2043//2145 1209//1299
f 1208//1297 1985//2086 2041//2089
f 2034//2137 2057//2156 2056//2136
f 2058//2157 2029//2131 2056//2136
f 2056//2136 2060//2158 2058//2157
f 2016//2117 2059//2132 2058//2157
f 2058//2157 2014//2114 2016//2117
f 2060//2158 1998//2102 2004//2105
f 2006//2108 2060//2158 2004//2105
f 2030//2128 2019//2119 2026//2125
f 2020//2120 2026//2125 2019//2119
f 1717//1810 1995//2098 2061//1814
f 1989//2093 2061//1814 1995//2098
f 1716//1809 2062//2099 1717//1810
f 2061//1814 2063//2159 2064//2160
f 2064//2160 1720//1813 2061//1814
f 2065//2161 2064//2160 2063//2159
f 2064//2160 2065//2161 2066//2162
f 2066//2162 1724//1818 2064//2160
f 1724//1818 2066//2162 2067//2163
f 2066//2162 2070//2164 2067//2163
f 2068//2165 2066//2162 2065//2161
f 2071//2166 2068//2165 2069//2167
f 2065//2161 2069//2167 2068//2165
f 2075//2168 2068//2165 2071//2166
f 2071//2166 2074//2169 2072//2170
f 2072//2170 2075//2168 2071//2166
f 2073//2171 2074//2169 2071//2166
f 2069//2167 2073//2171 2071//2166
f 2076//2172 2070//2164 2075//2168
f 2075//2168 2079//2173 2076//2172
f 2129//2174 2076//2172 2078//2175
f 2078//2175 2076//2172 2079//2173
f 2079//2173 2080//2176 2078//2175
f 2080//2176 2081//2177 2082//2178
f 2081//2177 2072//2170 2083//2179
f 2081//2177 2096//2180 2082//2178
f 2083//2179 1921//2029 2081//2177
f 2084//2181 1923//2030 2083//2179
f 2083//2179 2074//2169 2084//2181
f 2084//2181 2088//2182 2085//2183
f 2085//2183 1925//2031 2084//2181
f 2087//2184 2086//2033 2085//2183
f 2085//2183 2089//2185 2087//2184
f 2090//2186 2088//2182 2073//2171
f 2092//2082 2089//2185 2090//2186
f 2087//2184 1980//2078 1977//2076
f 2073//2171 2091//2187 2090//2186
f 2091//2187 2092//2082 2090//2186
f 2093//2188 2069//2167 2065//2161
f 1990//2091 1987//2090 2091//2187
f 2091//2187 2093//2188 1990//2091
f 2063//2159 2093//2188 2065//2161
f 2063//2159 1990//2091 2093//2188
f 2094//2189 1977//2076 1975//2077
f 1926//2034 2094//2189 2095//2052
f 2094//2189 1944//2053 2095//2052
f 2095//2052 1928//2037 1926//2034
f 2082//2178 2144//2190 2097//2191
f 2082//2178 2097//2191 2098//2192
f 2098//2192 2080//2176 2082//2178
f 2080//2176 2098//2192 2099//2193
f 2101//2194 2098//2192 2100//2195
f 2100//2195 2097//2191 2103//2196
f 2100//2195 2119//2197 2101//2194
f 2102//2198 2103//2196 2105//2199
f 2103//2196 2106//2200 2105//2199
f 2097//2191 2104//2201 2103//2196
f 2105//2199 2108//2202 2107//2203
f 2107//2203 2102//2198 2105//2199
f 2107//2203 2132//2204 2109//2205
f 2109//2205 2110//2206 2107//2203
f 2119//2197 2110//2206 2111//2207
f 2112//2208 2111//2207 2110//2206
f 2110//2206 2113//2209 2112//2208
f 1849//1946 2113//2209 1852//1948
f 1855//1953 1852//1948 2113//2209
f 2113//2209 2109//2205 1855//1953
f 2111//2207 2114//2210 2115//2211
f 2116//1947 2112//2208 1849//1946
f 2115//2211 1805//1907 1803//1903
f 2117//1908 2114//2210 2116//1947
f 2116//1947 1843//1940 2117//1908
f 1820//1922 1817//1917 2117//1908
f 1806//1906 2117//1908 1817//1917
f 2117//1908 1843//1940 1820//1922
f 2115//2211 2119//2197 2111//2207
f 1803//1903 2118//2212 2115//2211
f 2101//2194 2119//2197 2118//2212
f 2118//2212 2120//2213 2101//2194
f 2120//2213 1801//1902 2122//1901
f 2099//2193 2101//2194 2120//2213
f 2120//2213 2121//2214 2099//2193
f 2122//1901 2121//2214 2120//2213
f 2123//2215 2122//1901 1800//1898
f 1800//1898 2124//2216 2123//2215
f 2123//2215 2124//2216 2125//2217
f 2125//2217 2126//2218 2123//2215
f 2129//2174 2123//2215 2126//2218
f 2126//2218 2125//2217 2127//2219
f 2127//2219 1730//1825 2126//2218
f 1730//1825 2128//2220 2126//2218
f 2126//2218 2077//2221 2129//2174
f 2078//2175 2121//2214 2129//2174
f 2128//2220 1729//1820 1726//1819
f 1726//1819 2067//2163 2128//2220
f 2067//2163 2077//2221 2128//2220
f 1730//1825 1781//1877 1728//1824
f 1784//1878 2127//2219 2130//1884
f 2130//1884 2125//2217 2131//1897
f 2131//1897 1783//1882 2130//1884
f 2125//2217 1796//1895 2131//1897
f 1798//1896 2124//2216 1800//1898
f 2109//2205 2133//2222 1855//1953
f 2134//2223 2132//2204 2108//2202
f 2135//1968 2132//2204 2134//2223
f 2108//2202 2136//2224 2134//2223
f 2135//1968 2137//2225 1867//1967
f 2136//2224 2137//2225 2134//2223
f 1867//1967 1875//1976 1868//1969
f 1875//1976 2138//2226 2139//1979
f 2139//1979 2140//2227 1907//2013
f 2141//2228 2138//2226 2136//2224
f 2142//2229 2140//2227 2141//2228
f 2141//2228 2104//2201 2142//2229
f 2136//2224 2106//2200 2141//2228
f 2143//2023 1911//2018 2142//2229
f 2142//2229 2144//2190 2143//2023
f 2143//2023 2144//2190 2096//2180
f 2096//2180 1916//2022 2143//2023
f 2135//1968 1854//1954 2133//2222
f 2099//2193 2078//2175 2080//2176
f 2067//2163 1726//1819 1724//1818
f 939//993 1934//2042 1936//996
f 1934//2042 2147//2230 2146//2041
f 2148//2231 1933//2039 2146//2041
f 2146//2041 2151//2232 2148//2231
f 2148//2231 2153//2233 2149//2234
f 2149//2234 2150//2235 2148//2231
f 2152//2236 2147//2230 2168//2237
f 2153//2233 2152//2236 2154//2238
f 2149//2234 2153//2233 1903//2239
f 2154//2238 1903//2239 2153//2233
f 2152//2236 2155//2240 2154//2238
f 2155//2240 1900//2006 2154//2238
f 2167//2004 2155//2240 2156//2241
f 2156//2241 2157//2242 2159//2243
f 2159//2243 2158//2244 2160//979
f 2168//2237 2157//2242 2152//2236
f 2160//979 2161//2245 2159//2243
f 2159//2243 2161//2245 2162//2246
f 2162//2246 2156//2241 2159//2243
f 2163//970 2162//2246 2161//2245
f 2163//970 2164//2247 2162//2246
f 2156//2241 2164//2247 2167//2004
f 2166//1997 2164//2247 2165//2248
f 2164//2247 2166//1997 1894//1998
f 1894//1998 2167//2004 2164//2247
f 2165//2248 895//946 2166//1997
f 894//947 2166//1997 895//946
f 895//946 2165//2248 898//950
f 910//962 898//950 2165//2248
f 2165//2248 2163//970 910//962
f 2161//2245 914//968 2163//970
f 914//968 2161//2245 922//975
f 2160//979 2169//2249 923//978
f 2170//2250 2158//2244 2168//2237
f 923//978 934//987 925//981
f 934//987 2170//2250 936//992
f 2168//2237 2145//2251 2170//2250
f 936//992 2145//2251 939//993
f 1919//2025 2150//2235 2171//2252
f 1930//2027 2150//2235 1919//2025
f 1914//2020 2171//2252 1909//2015
f 2171//2252 1914//2020 1919//2025
f 2172//2010 2171//2252 2149//2234
f 1903//2239 2172//2010 2149//2234
f 1888//1993 2173//1985 1896//2000
f 1885//1989 2174//2253 2175//1991
f 884//933 1891//1995 885//935
f 885//935 1890//943 888//938
f 2175//1991 2176//2254 2177//2255
f 881//930 2174//2253 884//933
f 2177//2255 2178//2256 2180//2257
f 878//927 2176//2254 881//930
f 2180//2257 2179//2258 2181//2259
f 875//924 2178//2256 878//927
f 2180//2257 2184//2260 2177//2255
f 2181//2259 2182//2261 2180//2257
f 2185//2262 2183//2263 2186//2264
f 2187//2265 2182//2261 2185//2262
f 2186//2264 2188//2266 2185//2262
f 2185//2262 2189//2267 2187//2265
f 2405//2268 2188//2266 2190//2269
f 2190//2269 2191//2270 2192//2271
f 2192//2271 2193//2272 2196//2273
f 2194//2274 2191//2270 2186//2264
f 2228//2275 2193//2272 2194//2274
f 2196//2273 2195//2276 2198//2277
f 2198//2277 2197//2278 2196//2273
f 2196//2273 2402//2279 2192//2271
f 2199//2280 2200//2281 2201//2282
f 2198//2277 2203//2283 2200//2281
f 2202//2284 2201//2282 2200//2281
f 2200//2281 2205//2285 2202//2284
f 2203//2283 2206//2286 2205//2285
f 2204//2287 2195//2276 2228//2275
f 2208//112 2205//2285 2206//2286
f 2202//2284 97//111 99//113
f 2206//2286 2209//2288 2208//112
f 2204//2287 2207//2289 2206//2286
f 2208//112 2211//2290 96//110
f 2213//2291 2209//2288 2210//2292
f 2210//2292 2207//2289 2223//2293
f 96//110 2212//2294 89//103
f 2215//2295 2211//2290 2213//2291
f 2213//2291 2216//2296 2214//2297
f 2214//2297 2215//2295 2213//2291
f 2210//2292 2216//2296 2213//2291
f 2238//2298 2216//2296 2217//2299
f 2217//2299 2218//2300 2219//2301
f 2223//2293 2218//2300 2210//2292
f 2219//2301 2220//2302 2221//919
f 2221//919 2222//2303 868//917
f 2224//2304 2220//2302 2223//2293
f 2223//2293 2226//2305 2224//2304
f 2224//2304 2227//2306 2225//2307
f 2225//2307 2222//2303 2224//2304
f 2228//2275 2226//2305 2204//2287
f 2194//2274 2227//2306 2228//2275
f 2225//2307 2229//2308 2230//2309
f 2230//2309 2183//2263 2181//2259
f 2186//2264 2229//2308 2194//2274
f 2230//2309 2232//2310 2225//2307
f 2181//2259 2231//2311 2230//2309
f 870//920 2231//2311 872//921
f 872//921 2179//2258 875//924
f 868//917 2232//2310 870//920
f 2221//919 2233//2312 2219//2301
f 2219//2301 2235//2313 2217//2299
f 2234//2314 867//918 865//914
f 2236//2315 2233//2312 2234//2314
f 2239//2316 2235//2313 2236//2315
f 2217//2299 2237//2317 2238//2298
f 2238//2298 2240//2318 2244//2319
f 2243//2320 2237//2317 2239//2316
f 2242//2321 2241//2322 2240//2318
f 2244//2319 2241//2322 2245//2323
f 2240//2318 2243//2320 2242//2321
f 2246//2324 2244//2319 2245//2323
f 2244//2319 2214//2297 2238//2298
f 2215//2295 2246//2324 2248//2325
f 2245//2323 2247//2326 2246//2324
f 2248//2325 2247//2326 2249//2327
f 2249//2327 90//104 2248//2325
f 2248//2325 2212//2294 2215//2295
f 2250//94 86//100 2249//2327
f 2249//2327 2251//2328 2250//94
f 2250//94 73//85 76//83
f 2253//86 2251//2328 2252//2329
f 2252//2329 2251//2328 2247//2326
f 2254//2330 2253//86 2252//2329
f 2245//2323 2254//2330 2252//2329
f 2247//2326 2245//2323 2252//2329
f 2256//2331 2255//2332 2254//2330
f 2256//2331 2241//2322 2242//2321
f 2259//2333 2256//2331 2258//2334
f 2261//2335 2256//2331 2242//2321
f 2276//2336 2258//2334 2260//2337
f 2260//2337 2261//2335 2262//2338
f 2262//2338 2263//2339 2264//2340
f 2243//2320 2263//2339 2261//2335
f 2261//2335 2242//2321 2243//2320
f 2264//2340 2265//2341 2267//2342
f 2239//2316 2263//2339 2243//2320
f 2267//2342 2266//2343 2268//2344
f 2236//2315 2265//2341 2239//2316
f 2268//2344 754//791 2267//2342
f 2267//2342 751//790 2264//2340
f 2269//2345 2270//793 2268//2344
f 2268//2344 2272//2346 2269//2345
f 755//794 2271//2347 761//800
f 761//800 857//907 3401//803
f 859//908 2271//2347 2269//2345
f 2269//2345 862//913 859//908
f 865//914 2272//2346 2234//2314
f 2234//2314 2266//2343 2236//2315
f 2264//2340 2273//2348 2262//2338
f 2262//2338 2274//2349 2260//2337
f 742//780 2273//2348 746//785
f 2260//2337 2275//2350 2276//2336
f 742//780 2275//2350 2274//2349
f 2278//2351 2275//2350 2277//2352
f 2277//2352 740//777 733//770
f 733//770 2279//2353 2277//2352
f 2277//2352 2281//2354 2278//2351
f 2280//2355 730//769 727//764
f 2282//2356 2279//2353 2280//2355
f 2284//2357 2281//2354 2282//2356
f 2278//2351 2283//2358 2285//2359
f 2287//2360 2283//2358 2284//2357
f 2285//2359 2286//2361 2288//2362
f 68//80 2286//2361 2287//2360
f 2288//2362 70//79 2289//2363
f 2257//2364 2285//2359 2288//2362
f 2289//2363 2257//2364 2288//2362
f 71//81 2255//2332 2289//2363
f 71//81 2289//2363 70//79
f 2284//2357 3//6 2287//2360
f 2287//2360 3461//78 68//80
f 2278//2351 2259//2333 2276//2336
f 2282//2356 2290//4 2284//2357
f 2//3 2291//2365 2292//2366
f 2280//2355 2291//2365 2282//2356
f 2292//2366 2293//2367 2294//2368
f 727//764 2293//2367 2280//2355
f 2294//2368 725//763 724//762
f 2295//2369 2294//2368 724//762
f 2294//2368 2296//2370 2292//2366
f 2296//2370 2297//2371 2346//2372
f 2300//2373 2295//2369 2298//2374
f 724//762 2298//2374 2295//2369
f 2300//2373 2298//2374 2299//2375
f 2331//2376 2298//2374 724//762
f 2301//2377 2297//2371 2300//2373
f 2300//2373 2304//2378 2301//2377
f 2299//2375 2302//2379 2300//2373
f 2302//2379 2333//2380 2303//2381
f 2302//2379 2303//2381 2305//2382
f 2305//2382 2304//2378 2302//2379
f 2307//2383 2304//2378 2305//2382
f 2313//2384 2305//2382 2303//2381
f 2305//2382 2310//2385 2307//2383
f 2307//2383 2311//2386 2308//2387
f 2308//2387 2309//2388 2307//2383
f 2312//2389 2306//2390 2313//2384
f 2315//2391 2310//2385 2312//2389
f 2313//2384 2314//2392 2312//2389
f 2314//2392 2315//2391 2312//2389
f 2320//2393 2311//2386 2315//2391
f 2320//2393 2315//2391 2316//2394
f 2318//2395 2316//2394 2314//2392
f 2320//2393 2316//2394 2317//2396
f 2318//2395 2319//2397 2317//2396
f 2317//2396 2319//2397 2320//2393
f 2320//2393 2321//2398 2322//2399
f 2322//2399 2323//730 2320//2393
f 684//721 2320//2393 2323//730
f 2322//2399 689//728 2323//730
f 696//735 2322//2399 2321//2398
f 2324//738 2321//2398 2320//2393
f 2321//2398 2324//738 696//735
f 2320//2393 2319//2397 2324//738
f 2324//738 2325//2400 695//736
f 2327//2401 2325//2400 2318//2395
f 2325//2400 698//741 695//736
f 2328//2402 2327//2401 2329//2403
f 700//742 2326//2404 2328//2402
f 2329//2403 2330//2405 2328//2402
f 2328//2402 2332//2406 700//742
f 2330//2405 724//762 723//761
f 717//754 2330//2405 723//761
f 2329//2403 2299//2375 2331//2376
f 2327//2401 2333//2380 2329//2403
f 2303//2381 2334//2407 2313//2384
f 2318//2395 2334//2407 2327//2401
f 2308//2387 2311//2386 2320//2393
f 682//720 2308//2387 2320//2393
f 2337//2408 2335//2409 682//720
f 2336//2410 2337//2408 682//720
f 2338//2411 2336//2410 682//720
f 682//720 2339//20 2338//2411
f 2338//2411 2340//2412 2341//2413
f 17//19 2340//2412 2339//20
f 2341//2413 2342//2414 2344//2415
f 14//17 2340//2412 17//19
f 2344//2415 2343//2416 2346//2372
f 7//9 2342//2414 14//17
f 2346//2372 2345//2417 2344//2415
f 2344//2415 2347//2418 2341//2413
f 2346//2372 6//8 2296//2370
f 2348//2419 2345//2417 2301//2377
f 2337//2408 2347//2418 2348//2419
f 2341//2413 2336//2410 2338//2411
f 2301//2377 2309//2388 2348//2419
f 2348//2419 2335//2409 2337//2408
f 6//8 2343//2416 7//9
f 2292//2366 6//8 2//3
f 99//113 2349//2420 2202//2284
f 2350//2421 101//114 2352//116
f 2353//2422 2349//2420 2350//2421
f 2352//116 2351//2423 2350//2421
f 2353//2422 2351//2423 2355//2424
f 2353//2422 2199//2280 2201//2282
f 2354//2425 2355//2424 2356//2426
f 2360//2427 2355//2424 2351//2423
f 2356//2426 2357//2428 2358//2429
f 2358//2429 2359//2430 2408//2431
f 2361//2432 2357//2428 2360//2427
f 2360//2427 2363//2433 2361//2432
f 2360//2427 2364//2434 2362//2435
f 112//127 2363//2433 2362//2435
f 109//123 112//127 2362//2435
f 2362//2435 2364//2434 109//123
f 102//117 2364//2434 2352//116
f 2361//2432 2365//2436 2366//2437
f 118//130 2363//2433 114//129
f 2366//2437 2367//2438 2368//2439
f 2370//136 2365//2436 118//130
f 2368//2439 2369//2440 2379//2441
f 2371//2442 2367//2438 2370//136
f 2370//136 124//142 2371//2442
f 2372//2443 2369//2440 2371//2442
f 2371//2442 2373//2444 2372//2443
f 2374//2445 2372//2443 216//240
f 2372//2443 214//239 216//240
f 216//240 2375//242 2374//2445
f 2376//2446 2375//242 2378//2447
f 2379//2441 2374//2445 2376//2446
f 2376//2446 2380//2448 2379//2441
f 2378//2447 2377//2449 2376//2446
f 2379//2441 2381//2450 2368//2439
f 2384//2451 2380//2448 2382//2452
f 2382//2452 2377//2449 2383//2453
f 2383//2453 2385//2454 2382//2452
f 2382//2452 2388//2455 2384//2451
f 2389//2456 2385//2454 2386//2457
f 2386//2457 2387//2458 2412//2459
f 2384//2451 2390//2460 2391//2461
f 2393//2462 2388//2455 2389//2456
f 2391//2461 2392//2463 2408//2431
f 2394//2464 2390//2460 2393//2462
f 2393//2462 1859//1959 2394//2464
f 2389//2456 1857//1957 2393//2462
f 2394//2464 1861//1962 2395//2465
f 2395//2465 2392//2463 2394//2464
f 2397//2466 2396//2467 2395//2465
f 2395//2465 1865//1965 2397//2466
f 2397//2466 2401//2468 2398//2469
f 2400//2470 2397//2466 2398//2469
f 2354//2425 2399//2471 2400//2470
f 2358//2429 2399//2471 2356//2426
f 2400//2470 2199//2280 2354//2425
f 2398//2469 2197//2278 2400//2470
f 2401//2468 2402//2279 2398//2469
f 2192//2271 2403//2472 2190//2269
f 2190//2269 2404//1971 2405//2268
f 1864//1964 2403//2472 2401//2468
f 2404//1971 2406//2473 2405//2268
f 2406//2473 2189//2267 2405//2268
f 1879//1981 2406//2473 1872//1973
f 2187//2265 2407//2474 1883//1986
f 2408//2431 2396//2467 2358//2429
f 2408//2431 2409//2475 2391//2461
f 2391//2461 2381//2450 2384//2451
f 2368//2439 2409//2475 2366//2437
f 2366//2437 2359//2430 2361//2432
f 2386//2457 2410//1956 2389//2456
f 1851//1950 2411//2476 1846//1945
f 2412//2459 2411//2476 2386//2457
f 2412//2459 2413//2477 2416//2478
f 2415//2479 2387//2458 2383//2453
f 2416//2478 2413//2477 2414//2480
f 2417//2481 2413//2477 2415//2479
f 2416//2478 1847//1943 2412//2459
f 1839//1938 2416//2478 1840//1937
f 2414//2480 1840//1937 2416//2478
f 2418//2482 2417//2481 2415//2479
f 2415//2479 2419//2483 2418//2482
f 2383//2453 2419//2483 2415//2479
f 2421//247 2419//2483 2378//2447
f 2417//2481 2420//2484 2422//2485
f 221//248 2418//2482 2421//247
f 217//243 2421//247 2378//2447
f 223//251 2420//2484 221//248
f 2422//2485 2420//2484 223//251
f 223//251 228//255 2422//2485
f 2423//2486 2422//2485 228//255
f 2422//2485 2414//2480 2417//2481
f 2423//2486 1835//1934 1840//1937
f 1840//1937 2414//2480 2423//2486
f 228//255 1834//1933 2423//2486
f 2378//2447 2375//242 217//243
f 212//238 2373//2444 125//141
f 1883//1986 2184//2260 2187//2265
f 2177//2255 1886//1987 2175//1991
f 229//256 1832//262 1834//1933
f 1834//1933 228//255 229//256
f 235//263 2424//1861 1830//1930
f 1830//1930 1763//1860 1828//1863
f 1764//1858 238//264 2428//269
f 1817//1917 1810//1911 1806//1906
f 2425//2487 1814//1916 1816//1919
f 1816//1919 1773//1869 2425//2487
f 1775//1871 2425//2487 1773//1869
f 2427//2488 1814//1916 2425//2487
f 2427//2488 2426//1875 1786//1885
f 1786//1885 1812//1914 2427//2488
f 2428//269 1761//1857 1764//1858
f 237//266 2429//2489 2428//269
f 1759//1856 2429//2489 2431//2490
f 2431//2490 2430//2491 2432//2492
f 2431//2490 1624//1722 1759//1856
f 2432//2492 1622//1720 2431//2490
f 2434//2493 2433//1719 2432//2492
f 2432//2492 2437//275 2434//2493
f 2434//2493 245//276 2435//2494
f 2435//2494 2436//2495 2434//2493
f 240//268 2430//2491 237//266
f 1621//1715 2436//2495 294//328
f 2438//2496 293//324 2435//2494
f 2435//2494 248//279 2438//2496
f 289//322 2438//2496 2439//286
f 2438//2496 256//284 2439//286
f 2439//286 3426//2497 289//322
f 1747//1843 2440//1782 1690//1783
f 1690//1783 2441//1842 1747//1843
f 1690//1783 2442//2498 2441//1842
f 2441//1842 1738//1832 1742//1836
f 1701//1791 2442//2498 1695//1787
f 1732//1826 1704//1797 1722//1816
f 294//328 1618//1714 1621//1715
f 1612//1708 296//329 298//330
f 2443//1587 1459//1565 1478//1585
f 1478//1585 1461//1568 1470//1576
f 2444//828 1457//1563 2443//1587
f 2443//1587 783//826 2444//828
f 2445//1562 2444//828 782//829
f 1451//1555 2446//2499 1449//1553
f 782//829 2446//2499 2445//1562
f 1449//1553 2447//2500 2449//2501
f 2450//2502 2446//2499 782//829
f 2449//2501 2447//2500 2448//2503
f 2452//2504 2447//2500 2450//2502
f 2451//2505 2450//2502 782//829
f 2450//2502 2455//2506 2452//2504
f 2452//2504 2455//2506 2453//2507
f 2453//2507 2454//2508 2452//2504
f 2454//2508 2448//2503 2452//2504
f 820//863 2453//2507 2455//2506
f 2455//2506 815//859 820//863
f 2455//2506 812//857 815//859
f 2454//2508 3378//2509 2456//2510
f 2456//2510 2457//2511 2454//2508
f 2459//2512 2458//2513 2462//2514
f 2460//2515 2457//2511 2459//2512
f 2459//2512 1440//1545 2460//2515
f 2462//2514 2461//1544 2459//2512
f 2463//2516 2464//2517 2462//2514
f 2462//2514 3379//2518 2463//2516
f 2465//2519 1433//1536 2464//2517
f 1434//1538 2464//2517 1433//1536
f 2464//2517 2466//2520 2465//2519
f 2467//2521 2463//2516 2470//2522
f 2471//2523 2466//2520 2467//2521
f 2469//2524 2468//2525 2467//2521
f 2467//2521 2472//2526 2471//2523
f 2467//2521 2470//2522 2469//2524
f 2471//2523 2474//2527 2473//2528
f 2465//2519 2471//2523 2473//2528
f 2473//2528 2500//2529 2475//2530
f 2475//2530 2476//2531 2473//2528
f 2473//2528 2476//2531 2465//2519
f 2478//2532 2477//2533 2479//2534
f 2465//2519 2476//2531 2478//2532
f 2479//2534 2480//2535 2478//2532
f 2478//2532 1431//1533 1433//1536
f 2478//2532 1433//1536 2465//2519
f 1429//1531 2480//2535 2481//2536
f 2481//2536 2480//2535 2482//2537
f 2482//2537 2483//2538 2481//2536
f 2483//2538 2484//2539 2485//2540
f 2479//2534 2484//2539 2482//2537
f 2485//2540 2484//2539 2486//2541
f 2486//2541 2487//2542 2485//2540
f 2486//2541 2490//2543 2487//2542
f 2479//2534 2488//2544 2486//2541
f 2489//2545 2477//2533 2475//2530
f 2490//2543 2489//2545 2493//2546
f 2490//2543 2541//2547 2487//2542
f 2492//2548 2491//2549 2490//2543
f 2490//2543 2493//2546 2492//2548
f 2493//2546 2519//2550 2492//2548
f 2489//2545 2495//2551 2493//2546
f 2495//2551 2494//2552 2493//2546
f 2496//2553 2498//2554 2499//2555
f 2496//2553 2497//2556 2495//2551
f 2475//2530 2498//2554 2489//2545
f 2499//2555 2500//2529 2501//2557
f 2501//2557 2474//2527 2502//2558
f 2504//2559 2501//2557 2502//2558
f 2503//2560 2499//2555 2501//2557
f 2501//2557 2504//2559 2503//2560
f 2502//2558 2505//2561 2504//2559
f 2503//2560 2506//2562 2507//2563
f 2506//2562 2504//2559 2505//2561
f 2506//2562 2509//2564 2507//2563
f 2505//2561 2508//2565 2506//2562
f 2513//2566 2508//2565 2510//2567
f 2511//2568 2510//2567 2508//2565
f 2508//2565 2505//2561 2511//2568
f 2510//2567 2468//2525 2469//2524
f 2512//2569 2468//2525 2511//2568
f 2512//2569 2511//2568 2505//2561
f 2512//2569 2474//2527 2472//2526
f 2505//2561 2502//2558 2512//2569
f 2510//2567 2515//2570 2513//2566
f 2514//2571 2509//2564 2513//2566
f 2513//2566 2516//2572 2514//2571
f 2516//2572 2513//2566 2515//2570
f 2516//2572 2497//2556 2514//2571
f 2494//2552 2516//2572 2517//2573
f 2515//2570 2517//2573 2516//2572
f 2517//2573 2519//2550 2494//2552
f 2517//2573 3380//2574 2518//2575
f 2518//2575 2519//2550 2517//2573
f 2492//2548 2520//2576 2522//2577
f 2520//2576 2526//2578 2522//2577
f 3377//2579 2520//2576 2518//2575
f 2522//2577 2524//2580 2523//2581
f 2523//2581 2525//2582 2522//2577
f 2526//2578 2524//2580 2522//2577
f 2492//2548 2522//2577 2525//2582
f 818//866 2527//2583 2526//2578
f 2526//2578 3378//2509 818//866
f 2531//2584 2527//2583 2528//2585
f 2528//2585 819//865 822//868
f 2528//2585 822//868 2529//2586
f 2529//2586 2530//2587 2528//2585
f 2531//2584 2528//2585 2530//2587
f 2531//2584 2523//2581 2524//2580
f 2533//2588 2532//2589 2531//2584
f 2530//2587 2533//2588 2531//2584
f 2533//2588 3315//2590 2534//2591
f 2534//2591 2535//2592 2533//2588
f 2537//2593 2536//2594 2539//2595
f 2538//2596 2535//2592 2537//2593
f 2537//2593 2541//2547 2538//2596
f 2539//2595 2540//2597 2537//2593
f 2487//2542 2541//2547 2540//2597
f 2543//2598 2540//2597 2542//2599
f 2540//2597 2543//2598 2487//2542
f 2542//2599 2546//2600 2543//2598
f 2545//2601 2544//2602 2543//2598
f 2487//2542 2543//2598 2544//2602
f 2543//2598 2546//2600 2545//2601
f 2547//2603 2545//2601 2546//2600
f 2548//2604 2547//2603 2546//2600
f 2546//2600 2550//2605 2548//2604
f 2551//2606 2549//2607 2548//2604
f 2548//2604 2555//2608 2551//2606
f 2553//2609 2552//2610 2551//2606
f 2553//2609 2551//2606 2554//2611
f 2555//2608 2554//2611 2551//2606
f 2556//2612 2550//2605 3319//2613
f 2558//2614 2555//2608 2556//2612
f 2560//2615 2557//2616 2559//2617
f 2559//2617 2558//2614 2563//2618
f 2561//2619 2560//2615 2559//2617
f 2559//2617 2562//2620 2561//2619
f 2568//2621 2559//2617 2563//2618
f 2558//2614 2564//2622 2563//2618
f 2564//2622 2567//2623 2563//2618
f 2566//2624 2565//2625 2563//2618
f 2565//2625 2568//2621 2563//2618
f 2566//2624 2563//2618 2567//2623
f 2569//2626 2568//2621 2570//2627
f 2562//2620 2568//2621 2569//2626
f 2572//2628 2571//2629 2573//2630
f 3132//2631 2570//2627 2565//2625
f 2570//2627 2572//2628 2569//2626
f 2569//2626 2574//2632 2577//2633
f 2572//2628 2576//2634 2574//2632
f 2577//2633 2575//2635 2578//2636
f 3196//2637 2574//2632 2576//2634
f 2578//2636 2580//2638 2577//2633
f 2579//2639 2569//2626 2577//2633
f 2577//2633 2580//2638 2579//2639
f 2593//2640 2580//2638 2581//2641
f 2581//2641 2582//2642 2584//2643
f 3202//2644 2582//2642 2578//2636
f 2584//2643 2583//2645 2585//2646
f 2585//2646 2586//2647 2584//2643
f 2584//2643 2589//2648 2581//2641
f 2588//2649 2587//2650 3181//2651
f 2590//2652 2586//2647 2588//2649
f 2581//2641 2591//2653 2593//2640
f 2591//2653 2590//2652 2592//2654
f 2592//2654 2594//2655 2591//2653
f 2593//2640 2594//2655 2561//2619
f 2596//2656 2595//2657 2597//2658
f 2594//2655 2596//2656 2560//2615
f 2560//2615 2561//2619 2594//2655
f 2598//2659 2596//2656 2597//2658
f 2554//2611 2560//2615 2596//2656
f 2596//2656 2598//2659 2554//2611
f 2597//2658 2599//2660 2598//2659
f 2554//2611 2598//2659 2553//2609
f 2553//2609 2598//2659 2599//2660
f 3178//2661 2599//2660 2597//2658
f 2601//2662 2599//2660 2600//2663
f 2599//2660 2601//2662 2553//2609
f 2601//2662 3376//2664 2553//2609
f 2603//2665 2602//2666 2601//2662
f 2600//2663 2603//2665 2601//2662
f 2603//2665 3153//2667 2604//2668
f 2606//2669 2603//2665 2604//2668
f 2610//2670 2605//2671 2607//2672
f 2607//2672 2606//2669 2609//2673
f 2645//2674 2607//2672 2609//2673
f 2610//2670 2608//2675 2612//2676
f 2611//2677 2602//2666 2610//2670
f 2610//2670 2613//2678 2611//2677
f 2613//2678 2614//2679 2615//2680
f 2612//2676 2616//2681 2614//2679
f 2617//2682 2615//2680 2614//2679
f 2614//2679 2618//2683 2617//2682
f 2617//2682 2643//2684 2619//2685
f 2622//2686 2617//2682 2619//2685
f 2615//2680 2621//2687 2668//2688
f 2625//2689 2620//2690 2622//2686
f 2624//2691 2623//2692 2622//2686
f 2625//2689 2623//2692 2626//2693
f 2622//2686 2619//2685 2624//2691
f 2625//2689 2627//2694 2621//2687
f 2628//2695 2627//2694 2626//2693
f 2628//2695 2626//2693 2623//2692
f 2628//2695 2663//2696 2629//2697
f 2631//2698 2630//2699 2628//2695
f 2623//2692 2632//2700 2628//2695
f 2628//2695 2632//2700 2631//2698
f 2633//2701 2631//2698 2632//2700
f 2633//2701 2623//2692 2624//2691
f 2633//2701 2635//2702 2634//2703
f 2634//2703 2639//2704 2636//2705
f 2637//2706 2634//2703 2636//2705
f 2636//2705 2651//2707 2637//2706
f 2636//2705 2640//2708 2638//2709
f 2642//2710 2639//2704 2641//2711
f 2641//2711 2635//2702 2643//2684
f 2641//2711 2618//2683 2642//2710
f 2619//2685 2643//2684 2635//2702
f 2642//2710 2616//2681 2644//2712
f 2644//2712 2640//2708 2642//2710
f 2645//2674 2646//2713 2644//2712
f 2644//2712 2608//2675 2645//2674
f 2648//2714 2647//2715 2649//2716
f 2638//2709 2646//2713 2648//2714
f 2649//2716 2650//2717 2648//2714
f 2648//2714 2651//2707 2638//2709
f 2652//2718 2651//2707 2650//2717
f 2650//2717 2656//2719 2652//2718
f 2653//2720 3258//2721 2655//2722
f 2654//2723 2656//2719 2653//2720
f 2653//2720 2655//2722 2654//2723
f 2654//2723 2657//2724 2656//2719
f 2652//2718 2657//2724 2661//2725
f 2660//2726 2658//2727 2657//2724
f 2661//2725 2658//2727 2662//2728
f 2657//2724 2659//2729 2660//2726
f 2662//2728 2663//2696 2661//2725
f 2661//2725 2664//2730 2652//2718
f 2665//2731 2663//2696 2630//2699
f 2665//2731 2651//2707 2664//2730
f 2665//2731 2631//2698 2637//2706
f 2666//2732 2629//2697 2662//2728
f 2662//2728 2667//2733 2666//2732
f 2666//2732 2669//2734 2668//2688
f 2668//2688 2627//2694 2666//2732
f 2668//2688 2613//2678 2615//2680
f 2611//2677 2669//2734 2670//2735
f 2670//2735 2669//2734 2667//2733
f 2667//2733 2671//2736 2670//2735
f 2552//2610 2670//2735 2671//2736
f 2670//2735 3376//2664 2611//2677
f 2671//2736 2658//2727 2660//2726
f 2660//2726 2549//2607 2671//2736
f 2671//2736 2549//2607 2552//2610
f 2660//2726 2672//2737 2547//2603
f 2659//2729 2654//2723 2673//2738
f 2673//2738 2672//2737 2659//2729
f 2655//2722 2673//2738 2654//2723
f 2675//2739 2673//2738 2674//2740
f 2545//2601 2673//2738 2675//2739
f 2678//2741 2675//2739 2676//2742
f 2676//2742 2675//2739 2677//2743
f 2674//2740 2677//2743 2675//2739
f 2675//2739 2544//2602 2545//2601
f 2678//2741 2483//2538 2485//2540
f 2483//2538 2679//2744 2481//2536
f 2676//2742 2679//2744 2678//2741
f 2485//2540 2544//2602 2678//2741
f 2682//2745 2679//2744 2676//2742
f 2481//2536 2680//1534 1429//1531
f 2681//2746 1424//1526 2680//1534
f 2680//1534 2682//2745 2681//2746
f 2682//2745 2676//2742 2683//2747
f 2683//2747 2684//2748 2682//2745
f 2682//2745 2684//2748 2685//2749
f 2685//2749 2681//2746 2682//2745
f 2686//2750 2688//2751 2685//2749
f 2685//2749 2687//2752 2686//2750
f 2687//2752 2685//2749 2684//2748
f 2681//2746 2685//2749 2688//2751
f 2699//2753 2688//2751 2686//2750
f 2688//2751 2689//2754 2690//1520
f 2690//1520 1420//1521 2688//2751
f 2688//2751 1420//1521 2681//2746
f 2691//2755 1419//1518 2690//1520
f 2690//1520 2695//2756 2691//2755
f 2692//2757 2691//2755 2693//2758
f 2694//2759 2693//2758 2691//2755
f 2691//2755 2695//2756 2694//2759
f 2696//2760 2694//2759 2695//2756
f 2695//2756 2697//2761 2696//2760
f 2695//2756 2699//2753 2697//2761
f 2697//2761 2700//2762 2698//2763
f 2844//2764 2697//2761 2698//2763
f 2701//2765 2699//2753 2686//2750
f 2698//2763 2702//2766 2705//2767
f 2703//2768 2700//2762 2701//2765
f 2702//2766 2703//2768 2706//2769
f 2706//2769 2704//2770 2702//2766
f 2705//2767 2702//2766 2704//2770
f 2720//2771 2706//2769 2707//2772
f 2707//2772 2708//2773 2711//2774
f 2710//2775 2706//2769 2703//2768
f 2711//2774 2709//2776 2712//2777
f 3143//2778 2708//2773 2710//2775
f 2712//2777 2713//2779 2711//2774
f 2711//2774 2716//2780 2707//2772
f 2715//2781 2714//2782 2744//2783
f 2717//2784 2713//2779 2715//2781
f 2716//2780 2717//2784 2718//2785
f 2707//2772 2719//2786 2720//2771
f 2718//2785 2719//2786 2716//2780
f 2722//2787 2719//2786 2721//2788
f 2721//2788 2719//2786 2718//2785
f 2721//2788 2726//2789 2722//2787
f 2718//2785 2723//2790 2721//2788
f 2723//2790 2724//2791 2721//2788
f 2728//2792 2724//2791 2725//2793
f 2722//2787 2727//2794 2847//2795
f 2728//2792 2727//2794 2726//2789
f 2730//2796 2729//2797 2728//2792
f 2725//2793 2730//2796 2728//2792
f 2730//2796 2734//2798 2731//2799
f 2731//2799 2732//2800 2730//2796
f 2735//2801 2725//2793 2723//2790
f 2734//2798 2735//2801 2736//2802
f 2736//2802 2737//2803 2738//2804
f 2723//2790 2737//2803 2735//2801
f 2717//2784 2739//2805 2737//2803
f 2737//2803 2718//2785 2717//2784
f 2738//2804 2739//2805 2740//2806
f 2715//2781 2741//2807 2739//2805
f 2739//2805 2717//2784 2715//2781
f 2740//2806 2739//2805 2741//2807
f 2744//2783 2741//2807 2715//2781
f 2741//2807 2742//2808 2740//2806
f 2742//2808 2741//2807 2743//2809
f 2748//2810 2743//2809 2744//2783
f 2743//2809 2745//2811 2742//2808
f 2745//2811 2746//2812 2747//2813
f 2747//2813 2749//2814 2752//2815
f 2749//2814 2748//2810 2750//2816
f 3333//2817 2749//2814 2750//2816
f 2752//2815 2751//2818 2753//2819
f 2753//2819 2754//2820 2752//2815
f 2752//2815 2756//2821 2747//2813
f 2754//2820 2759//2822 2757//2823
f 2760//2824 2754//2820 2757//2823
f 2757//2823 2762//2825 2760//2824
f 2757//2823 2893//2826 2758//2827
f 2761//2828 2756//2821 2760//2824
f 2760//2824 2764//2829 2761//2828
f 2763//2830 2758//2827 2890//2831
f 2765//2832 2762//2825 2763//2830
f 2769//2833 2764//2829 2765//2832
f 2761//2828 2766//2834 2767//2835
f 2767//2835 2768//2836 2864//2837
f 2771//2838 2766//2834 2769//2833
f 2765//2832 2770//2839 2769//2833
f 2769//2833 2773//2840 2771//2838
f 2768//2836 2771//2838 2772//2841
f 2771//2838 2774//2842 2772//2841
f 2775//2843 2770//2839 2776//2844
f 2778//2845 2773//2840 2775//2843
f 2776//2844 2777//2846 2775//2843
f 2775//2843 2779//2847 2778//2845
f 2778//2845 2781//2848 2780//2849
f 2780//2849 2774//2842 2778//2845
f 2782//2850 2781//2848 2874//2851
f 2780//2849 2785//2852 2783//2853
f 2772//2841 2783//2853 2784//2854
f 2785//2852 2784//2854 2783//2853
f 2790//2855 2785//2852 2787//2856
f 2787//2856 2782//2850 2789//2857
f 2789//2857 2788//2858 2787//2856
f 2787//2856 2792//2859 2790//2855
f 2790//2855 2794//2860 2791//2861
f 2791//2861 2786//2862 2790//2855
f 2795//2863 2792//2859 2793//2864
f 2793//2864 2788//2858 2870//2865
f 2791//2861 2796//2866 2798//2867
f 2797//2868 2794//2860 2795//2863
f 2801//2869 2796//2866 2797//2868
f 2798//2867 2799//2870 2800//2871
f 2800//2871 2802//2872 2731//2799
f 2803//2873 2799//2870 2801//2869
f 2805//2874 2802//2872 2803//2873
f 2801//2869 2804//2875 2803//2873
f 2803//2873 2807//2876 2805//2874
f 2805//2874 2809//2877 2806//2878
f 2806//2878 2732//2800 2805//2874
f 2808//2879 2804//2875 2852//2880
f 2811//2881 2807//2876 2808//2879
f 2811//2881 2810//2882 2809//2877
f 2809//2877 2850//2883 2806//2878
f 2851//2884 2811//2881 2808//2879
f 2812//2885 2813//2886 2811//2881
f 2814//2887 2810//2882 2813//2886
f 2814//2887 2815//2888 2816//2889
f 2816//2889 2817//2890 2825//2891
f 2815//2888 2812//2885 2818//2892
f 2818//2892 2817//2890 2815//2888
f 2819//2893 2817//2890 2818//2892
f 2818//2892 1280//1369 2819//2893
f 2812//2885 1278//1368 2818//2892
f 2819//2893 2838//2894 2820//2895
f 2821//2896 2819//2893 2820//2895
f 2817//2890 2823//2897 2825//2891
f 2820//2895 2822//2898 2821//2896
f 2823//2897 2822//2898 2824//2899
f 2827//2900 2823//2897 2824//2899
f 2825//2891 2826//2901 2693//2758
f 2693//2758 2826//2901 2692//2757
f 2828//2902 2826//2901 2827//2900
f 2830//2903 2827//2900 2824//2899
f 2828//2902 2829//2904 1417//1517
f 1411//1512 2829//2904 2830//2903
f 2824//2899 2831//2905 2830//2903
f 2830//2903 2833//2906 1411//1512
f 2832//2907 2822//2898 2820//2895
f 2834//2908 2831//2905 2832//2907
f 2833//2906 2834//2908 2835//2909
f 2835//2909 1412//1513 2833//2906
f 2834//2908 1337//1431 2835//2909
f 2835//2909 1339//1434 2836//1505
f 2836//1505 1412//1513 2835//2909
f 2836//1505 3384//2910 1400//1498
f 1335//1428 2834//2908 2832//2907
f 2820//2895 2837//1429 2832//2907
f 2832//2907 2837//1429 1335//1428
f 2838//2894 1334//1376 2837//1429
f 1281//1371 2838//2894 1280//1369
f 1417//1517 2692//2757 2828//2902
f 2839//2911 2825//2891 2693//2758
f 2825//2891 2840//2912 2816//2889
f 2693//2758 2694//2759 2839//2911
f 2842//2913 2839//2911 2841//2914
f 2841//2914 2694//2759 2696//2760
f 2841//2914 2845//2915 2842//2913
f 2696//2760 2843//2916 2841//2914
f 2846//2917 2843//2916 2705//2767
f 2705//2767 2844//2764 2698//2763
f 2842//2913 2847//2795 2848//2918
f 2845//2915 2722//2787 2847//2795
f 2848//2918 2727//2794 2850//2883
f 2848//2918 2840//2912 2842//2913
f 2848//2918 2810//2882 2849//2919
f 2850//2883 2729//2797 2806//2878
f 2816//2889 2849//2919 2814//2887
f 2846//2917 2720//2771 2722//2787
f 2704//2770 2846//2917 2705//2767
f 2852//2880 2851//2884 2808//2879
f 1274//1365 2852//2880 1275//1364
f 2852//2880 2853//2920 1275//1364
f 2797//2868 2853//2920 2801//2869
f 1275//1364 2854//2921 1271//1360
f 2795//2863 2854//2921 2797//2868
f 1271//1360 2855//2922 1268//1358
f 1268//1358 2856//2923 1262//1352
f 2793//2864 2855//2922 2795//2863
f 2870//2865 2856//2923 2793//2864
f 2731//2799 2857//2924 2800//2871
f 2800//2871 2858//2925 2798//2867
f 2736//2802 2857//2924 2734//2798
f 2858//2925 2859//2926 2860//2927
f 2738//2804 2859//2926 2736//2802
f 2860//2927 2861//2928 2862//2929
f 2862//2929 2863//2930 2864//2837
f 2740//2806 2861//2928 2738//2804
f 2742//2808 2863//2930 2740//2806
f 2864//2837 2865//2931 2767//2835
f 2767//2835 2866//2932 2761//2828
f 2745//2811 2865//2931 2742//2808
f 2747//2813 2866//2932 2745//2811
f 2864//2837 2867//2933 2862//2929
f 2862//2929 2868//2934 2860//2927
f 2772//2841 2867//2933 2768//2836
f 2784//2854 2867//2933 2772//2841
f 2786//2862 2868//2934 2784//2854
f 2860//2927 2869//2935 2858//2925
f 2798//2867 2869//2935 2791//2861
f 2870//2865 2872//2936 2871//2937
f 2871//2937 1261//1353 2870//2865
f 2871//2937 1239//1331 1242//1330
f 1242//1330 1259//1350 2871//2937
f 2873//1332 2872//2936 2789//2857
f 2789//2857 2874//2851 2873//1332
f 1240//1326 2874//2851 2875//2938
f 2875//2938 2781//2848 2876//1223
f 2876//1223 2877//2939 2875//2938
f 2875//2938 1237//1325 1240//1326
f 1235//1324 2877//2939 2878//1228
f 2878//1228 1137//1222 1139//1224
f 2878//1228 1150//1236 1235//1324
f 2876//1223 2779//2847 1136//1220
f 1136//1220 2777//2846 1133//1218
f 1133//1218 2879//2940 1130//1215
f 2881//2941 2879//2940 2776//2844
f 1130//1215 2880//2942 1128//1213
f 2884//2943 2880//2942 2881//2941
f 1128//1213 2882//2944 1126//1210
f 1126//1210 2883//2945 1123//1208
f 2886//2946 2882//2944 2884//2943
f 2881//2941 2885//2947 2884//2943
f 2884//2943 2888//2948 2886//2946
f 2886//2946 3341//2949 2883//2945
f 2888//2948 2887//2950 2886//2946
f 2890//2831 2889//2951 2888//2948
f 2890//2831 2885//2947 2763//2830
f 2758//2827 2891//2952 2890//2831
f 3338//2953 2891//2952 2892//2954
f 2892//2954 2893//2826 2894//2955
f 2894//2955 2759//2822 2896//2956
f 2894//2955 3334//2957 2892//2954
f 2896//2956 2895//2958 2894//2955
f 2898//2959 2897//2960 2896//2956
f 2896//2956 2755//2961 2898//2959
f 2898//2959 2753//2819 2899//2962
f 2899//2962 2900//2963 2898//2959
f 1006//1077 2900//2963 1004//1075
f 1004//1075 2901//2964 1002//1073
f 2904//2965 2901//2964 2899//2962
f 1002//1073 2902//2966 2905//1072
f 2905//1072 2903//2967 2906//2968
f 2915//2969 2902//2966 2904//2965
f 2906//2968 1001//1070 2905//1072
f 2908//2970 2907//2971 2906//2968
f 2906//2968 2911//2972 2908//2970
f 2908//2970 2912//2973 2909//2974
f 2909//2974 2910//2975 2908//2970
f 2912//2973 2913//2976 2916//2977
f 2915//2969 2911//2972 2903//2967
f 3333//2817 2913//2976 2915//2969
f 2916//2977 2914//2978 2918//2979
f 2916//2977 2931//2980 2912//2973
f 2918//2979 2917//2981 2916//2977
f 2918//2979 3263//2982 2919//2983
f 2919//2983 2920//2984 2918//2979
f 2926//2985 2920//2984 2922//2986
f 2922//2986 2921//2987 2924//2988
f 2923//2989 2925//2990 2922//2986
f 2922//2986 2924//2988 2923//2989
f 2922//2986 2927//2991 2926//2985
f 2926//2985 2927//2991 2928//2992
f 2928//2992 2929//2993 2926//2985
f 2929//2993 2917//2981 2926//2985
f 2930//2994 2931//2980 2929//2993
f 2929//2993 3320//2995 2930//2994
f 2912//2973 2932//2996 2909//2974
f 2935//2997 2932//2996 2930//2994
f 2932//2996 2936//2998 2909//2974
f 3322//2999 2933//3000 2935//2997
f 2937//3001 2933//3000 2934//3002
f 2939//3003 2936//2998 2937//3001
f 2938//3004 2941//3005 2937//3001
f 2937//3001 2934//3002 2938//3004
f 2940//3006 2939//3003 2937//3001
f 2937//3001 2941//3005 2940//3006
f 2941//3005 2943//3007 2942//3008
f 2940//3006 2941//3005 2942//3008
f 2942//3008 3330//3009 2944//3010
f 2942//3008 2964//3011 2945//3012
f 2945//3012 2946//3013 2942//3008
f 2942//3008 2946//3013 2940//3006
f 3331//3014 2946//3013 2947//3015
f 2947//3015 2948//3016 2949//3017
f 2949//3017 2950//3018 2952//3019
f 2951//3020 2948//3016 2945//3012
f 2955//1031 2950//3018 2951//3020
f 2952//3019 2953//3021 2956//3022
f 2956//3022 2954//1038 2957//3023
f 970//1032 2953//3021 2955//1031
f 2957//3023 2958//3024 2956//3022
f 2952//3019 2958//3024 2949//3017
f 2949//3017 2959//1069 2947//3015
f 2959//1069 2960//3025 997//1067
f 997//1067 987//1057 989//1056
f 2961//1043 2960//3025 2957//3023
f 3331//3014 2959//1069 996//1068
f 2957//3023 974//1039 2961//1043
f 2951//3020 969//1029 2955//1031
f 2945//3012 2962//3026 2951//3020
f 966//1026 2962//3026 2963//3027
f 2965//3028 2962//3026 2964//3011
f 2966//3029 2965//3028 2964//3011
f 2964//3011 2944//3010 2966//3029
f 2966//3029 3330//3009 2967//3030
f 2969//3031 2966//3029 2967//3030
f 2966//3029 2969//3031 2968//3032
f 2968//3032 2965//3028 2966//3029
f 3327//3033 2969//3031 2970//3034
f 2970//3034 2971//3035 2974//3036
f 2967//3030 2971//3035 2969//3031
f 2972//3037 2973//3038 2971//3035
f 2971//3035 2967//3030 2972//3037
f 2974//3036 2973//3038 2975//3039
f 2975//3039 2976//3040 2974//3036
f 2974//3036 2977//3041 2970//3034
f 2990//3042 2976//3040 2978//3043
f 2978//3043 2979//3044 2981//3045
f 3092//3046 2979//3044 2975//3039
f 2981//3045 2980//3047 2982//3048
f 2982//3048 2983//3049 2981//3045
f 2981//3045 2986//3050 2978//3043
f 2983//3049 3014//3051 2985//3052
f 2985//3052 2986//3050 2983//3049
f 2989//3053 2986//3050 2987//3054
f 2978//3043 2988//3055 2990//3042
f 2988//3055 2989//3053 2991//3056
f 2990//3042 2992//3057 2993//3058
f 2991//3056 2992//3057 2988//3055
f 2993//3058 2994//3059 2996//3060
f 2995//3061 2992//3057 2991//3056
f 2994//3059 2995//3061 2997//1008
f 2996//3060 951//1007 953//1009
f 2997//1008 951//1007 2994//3059
f 2995//3061 2998//3062 2997//1008
f 2997//1008 945//999 949//1004
f 933//989 2999//3063 931//986
f 937//991 2998//3062 933//989
f 931//986 3000//3064 927//983
f 2991//3056 2999//3063 2995//3061
f 927//983 3000//3064 3001//3065
f 2989//3053 3000//3064 2991//3056
f 928//984 3001//3065 3002//3066
f 2987//3054 3001//3065 2989//3053
f 3001//3065 928//984 927//983
f 3002//3066 3004//3067 928//984
f 3003//3068 2987//3054 2985//3052
f 3004//3067 3003//3068 3005//3069
f 3005//3069 3006//3070 3004//3067
f 3004//3067 929//980 928//984
f 918//972 3007//3071 912//965
f 920//973 3006//3070 918//972
f 912//965 3007//3071 3008//3072
f 3011//3073 3007//3071 3005//3069
f 3008//3072 3009//964 912//965
f 3009//964 3010//3074 3024//3075
f 3012//3076 3008//3072 3011//3073
f 3011//3073 3014//3051 3012//3076
f 3005//3069 3013//3077 3011//3073
f 2985//3052 3013//3077 3003//3068
f 3012//3076 2984//3078 3015//3079
f 3015//3079 3016//3080 3012//3076
f 3016//3080 3010//3074 3012//3076
f 3016//3080 3084//3081 3018//3082
f 3018//3082 3019//3083 3016//3080
f 3021//3084 3020//3085 3022//3086
f 3024//3075 3019//3083 3021//3084
f 3022//3086 3023//3087 3021//3084
f 3021//3084 3025//960 3024//3075
f 3024//3075 907//961 3009//964
f 908//959 3023//3087 3027//3088
f 3027//3088 3026//3089 3028//3090
f 3028//3090 3029//3091 3027//3088
f 3027//3088 905//956 908//959
f 3031//3092 3030//3093 3032//899
f 903//955 3029//3091 3031//3092
f 3031//3092 3032//899 3033//3094
f 3033//3094 902//954 3031//3092
f 3033//3094 3034//3095 879//929
f 879//929 882//932 3033//3094
f 3034//3095 3032//899 849//898
f 882//932 902//954 3033//3094
f 3035//3096 849//898 851//900
f 879//929 3035//3096 876//926
f 853//901 3035//3096 851//900
f 876//926 3036//3097 873//923
f 873//923 861//909 864//911
f 855//904 3036//3097 853//901
f 3032//899 3037//3098 845//894
f 3038//3099 3030//3093 3028//3090
f 3040//892 3037//3098 3038//3099
f 3028//3090 3039//3100 3038//3099
f 3038//3099 3041//3101 3040//892
f 3040//892 838//887 840//889
f 3042//3102 3039//3100 3043//3103
f 3044//888 3041//3101 3042//3102
f 3043//3103 3045//3104 3042//3102
f 3042//3102 3048//3105 3044//888
f 3050//3106 3045//3104 3046//3107
f 3046//3107 3047//3108 3087//3109
f 3044//888 3049//3110 837//885
f 3051//3111 3048//3105 3050//3106
f 3050//3106 3053//3112 3051//3111
f 3046//3107 3052//3113 3050//3106
f 3056//3114 3052//3113 3055//3115
f 3055//3115 3054//3116 3057//3117
f 3055//3115 3061//3118 3056//3114
f 3057//3117 3058//3119 3055//3115
f 3072//3120 3058//3119 3060//3121
f 3063//3122 3058//3119 3059//3123
f 3063//3122 3062//3124 3061//3118
f 3061//3118 3282//3125 3056//3114
f 3063//3122 3066//3126 3064//3127
f 3063//3122 3068//3128 3065//3129
f 3270//3130 3065//3129 3067//3131
f 3065//3129 3069//3132 3067//3131
f 3070//3133 3059//3123 3072//3120
f 3071//3134 3068//3128 3070//3133
f 3070//3133 3075//3135 3071//3134
f 3072//3120 3073//3136 3070//3133
f 3074//3137 3076//3138 3078//3139
f 3105//3140 3073//3136 3074//3137
f 3060//3121 3076//3138 3072//3120
f 3078//3139 3077//3141 3080//3142
f 3078//3139 3106//3143 3074//3137
f 3080//3142 3079//3144 3078//3139
f 3083//3145 3080//3142 3082//3146
f 3080//3142 3085//3147 3082//3146
f 3082//3146 3017//3148 3083//3145
f 3086//3149 3082//3146 3085//3147
f 3077//3141 3057//3117 3085//3147
f 3057//3117 3086//3149 3085//3147
f 3018//3082 3086//3149 3087//3109
f 3087//3109 3054//3116 3046//3107
f 3087//3109 3020//3085 3018//3082
f 3083//3145 3015//3079 3088//3150
f 3088//3150 3081//3151 3083//3145
f 2982//3048 3089//3152 3088//3150
f 3088//3150 2984//3078 2982//3048
f 3090//3153 2980//3047 3092//3046
f 3079//3144 3089//3152 3090//3153
f 3090//3153 3106//3143 3079//3144
f 3092//3046 3091//3154 3090//3153
f 2975//3039 3093//3155 3092//3046
f 3094//3156 2973//3038 2972//3037
f 3095//3157 3093//3155 3094//3156
f 3098//3158 3094//3156 2972//3037
f 3095//3157 3094//3156 3096//3159
f 3099//3160 3096//3159 3097//3161
f 3097//3161 3098//3158 3322//2999
f 3096//3159 3099//3160 3095//3157
f 3097//3161 3100//3162 3099//3160
f 3099//3160 3104//3163 3095//3157
f 3100//3162 3101//3164 3099//3160
f 3103//3165 3101//3164 3102//3166
f 3101//3164 3103//3165 3105//3140
f 3105//3140 3104//3163 3101//3164
f 3074//3137 3104//3163 3105//3140
f 3103//3165 3075//3135 3105//3140
f 3095//3157 3106//3143 3091//3154
f 3102//3166 3107//3167 3103//3165
f 3108//3168 3107//3167 3109//3169
f 3110//3170 3109//3169 3112//3171
f 3071//3134 3108//3168 3110//3170
f 3110//3170 3069//3132 3071//3134
f 3112//3171 3111//3172 3110//3170
f 3113//3173 3112//3171 3114//3174
f 3109//3169 3114//3174 3112//3171
f 3114//3174 3115//3175 3119//3176
f 3117//3177 3116//3178 3114//3174
f 3114//3174 3116//3178 3113//3173
f 3114//3174 3118//3179 3117//3177
f 3119//3176 3118//3179 3114//3174
f 3119//3176 2927//2991 3118//3179
f 2928//2992 3119//3176 3100//3162
f 3119//3176 3115//3175 3102//3166
f 3102//3166 3100//3162 3119//3176
f 3117//3177 3118//3179 3120//3180
f 2925//2990 3120//3180 3118//3179
f 3118//3179 2927//2991 2925//2990
f 3120//3180 3121//3181 3117//3177
f 3122//3182 3121//3181 3120//3180
f 3122//3182 2925//2990 2923//2989
f 2923//2989 3123//3183 3122//3182
f 3128//3184 3123//3183 3126//3185
f 3123//3183 3125//3186 3124//3187
f 3124//3187 3126//3185 3123//3183
f 3126//3185 2566//2624 3127//3188
f 3127//3188 3128//3184 3126//3185
f 3126//3185 3124//3187 3129//3189
f 3129//3189 2566//2624 3126//3185
f 3130//3190 3129//3189 3124//3187
f 3132//2631 3129//3189 3130//3190
f 3135//3191 3130//3190 3133//3192
f 3132//2631 3131//3193 3160//3194
f 3124//3187 3133//3192 3130//3190
f 3133//3192 3139//3195 3137//3196
f 3124//3187 3134//3197 3133//3192
f 3136//3198 3135//3191 3133//3192
f 3133//3192 3137//3196 3136//3198
f 3138//3199 3136//3198 3137//3196
f 3137//3196 3141//3200 3138//3199
f 3140//3201 3134//3197 2924//2988
f 3143//2778 3139//3195 3140//3201
f 2710//2775 3142//3202 3141//3200
f 3138//3199 3142//3202 3144//3203
f 3141//3200 3143//2778 2710//2775
f 3143//2778 3260//3204 2709//2776
f 2703//2768 2701//2765 3142//3202
f 3142//3202 2710//2775 2703//2768
f 3144//3203 3142//3202 2701//2765
f 2687//2752 3144//3203 2686//2750
f 2701//2765 2686//2750 3144//3203
f 3145//3205 3138//3199 3144//3203
f 3144//3203 3146//3206 3145//3205
f 3148//3207 3146//3206 2687//2752
f 3145//3205 3147//3208 3150//3209
f 3253//3210 3147//3208 3148//3207
f 3147//3208 3152//3211 3150//3209
f 3135//3191 3145//3205 3150//3209
f 3135//3191 3150//3209 3151//3212
f 3154//3213 3150//3209 3152//3211
f 3153//2667 3154//3213 3152//3211
f 3152//3211 2604//2668 3153//2667
f 2604//2668 3149//3214 3254//3215
f 3151//3212 3154//3213 3156//3216
f 3155//3217 3156//3216 3154//3213
f 3154//3213 3153//2667 3155//3217
f 3155//3217 3157//3218 3156//3216
f 3156//3216 3159//3219 3158//3220
f 3156//3216 3158//3220 3151//3212
f 3158//3220 3161//3221 3160//3194
f 3151//3212 3158//3220 3160//3194
f 3160//3194 2571//2629 3132//2631
f 3160//3194 3131//3193 3151//3212
f 2573//2630 3161//3221 3162//3222
f 3162//3222 3159//3219 3163//3223
f 3163//3223 3164//3224 3162//3222
f 3162//3222 2576//2634 2573//2630
f 3165//3225 3166//3226 3167//3227
f 3196//2637 3164//3224 3165//3225
f 3167//3227 3168//3228 3170//3229
f 3169//3230 3166//3226 3163//3223
f 3174//3231 3168//3228 3169//3230
f 3170//3229 3171//3232 3172//3233
f 3172//3233 3173//3234 3179//3235
f 3175//3236 3171//3232 3174//3231
f 3174//3231 3177//3237 3175//3236
f 3169//3230 3176//3238 3174//3231
f 3178//2661 3176//3238 3155//3217
f 3175//3236 2595//2657 2592//2654
f 2597//2658 3177//3237 3178//2661
f 3155//3217 2600//2663 3178//2661
f 2592//2654 3173//3234 3175//3236
f 3179//3235 2590//2652 2588//2649
f 2588//2649 3180//3239 3179//3235
f 3179//3235 3182//3240 3172//3233
f 3183//3241 3181//2651 3184//3242
f 3186//3243 3180//3239 3183//3241
f 3184//3242 3185//3244 3183//3241
f 3183//3241 3187//3245 3186//3243
f 3186//3243 3189//3246 3188//3247
f 3188//3247 3182//3240 3186//3243
f 3188//3247 3238//3248 3190//3249
f 3190//3249 3191//3250 3188//3247
f 3172//3233 3182//3240 3191//3250
f 3191//3250 3170//3229 3172//3233
f 3170//3229 3192//3251 3167//3227
f 3167//3227 3193//3252 3165//3225
f 3194//3253 3192//3251 3190//3249
f 3195//3254 3194//3253 3198//3255
f 3196//2637 3193//3252 3195//3254
f 3195//3254 2575//2635 3196//2637
f 3198//3255 3197//3256 3195//3254
f 3200//3257 3198//3255 3199//3258
f 3198//3255 3239//3259 3199//3258
f 3199//3258 3201//3260 3200//3257
f 3203//3261 3201//3260 3204//3262
f 3202//2644 3197//3256 3200//3257
f 3200//3257 3203//3261 3202//2644
f 3205//3263 3203//3261 3204//3262
f 3203//3261 2583//2645 3202//2644
f 3204//3262 3206//3264 3205//3263
f 3207//3265 3206//3264 3208//3266
f 2585//2646 3205//3263 3207//3265
f 3210//3267 3207//3265 3208//3266
f 3207//3265 2587//2650 2585//2646
f 2587//2650 3184//3242 3181//2651
f 3209//3268 3213//3269 3184//3242
f 3211//3270 3213//3269 3210//3267
f 3210//3267 3212//3271 3211//3270
f 3212//3271 3208//3266 3215//3272
f 3241//3273 3213//3269 3211//3270
f 3215//3272 3214//3274 3212//3271
f 3212//3271 3246//3275 3211//3270
f 3208//3266 3216//3276 3215//3272
f 3215//3272 3218//3277 3217//3278
f 3217//3278 3221//3279 3219//3280
f 3219//3280 3214//3274 3217//3278
f 3219//3280 3223//3281 3220//3282
f 3223//3281 3222//3283 3224//3284
f 3222//3283 3218//3277 3252//3285
f 3225//3286 3224//3284 3228//3287
f 3223//3281 3227//3288 3220//3282
f 3226//3289 3225//3286 3228//3287
f 3225//3286 3245//3290 3227//3288
f 3229//3291 3230//3292 3228//3287
f 3228//3287 3251//3293 3229//3291
f 3228//3287 3230//3292 3226//3289
f 3231//3294 3232//3295 3234//3296
f 3247//3297 3230//3292 3231//3294
f 3234//3296 3233//3298 3236//3299
f 3248//3300 3232//3295 3229//3291
f 3231//3294 3235//3301 3247//3297
f 3237//3302 3234//3296 3236//3299
f 3236//3299 3189//3246 3237//3302
f 3236//3299 3239//3259 3238//3248
f 3238//3248 3194//3253 3190//3249
f 3199//3258 3233//3298 3248//3300
f 3237//3302 3187//3245 3240//3303
f 3240//3303 3235//3301 3237//3302
f 3240//3303 3185//3244 3241//3273
f 3241//3273 3242//3304 3240//3303
f 3247//3297 3242//3304 3243//3305
f 3243//3305 3244//3306 3245//3290
f 3245//3290 3246//3275 3227//3288
f 3211//3270 3244//3306 3241//3273
f 3227//3288 3214//3274 3220//3282
f 3243//3305 3226//3289 3247//3297
f 3248//3300 3201//3260 3199//3258
f 3229//3291 3249//3307 3248//3300
f 3204//3262 3249//3307 3250//3308
f 3250//3308 3251//3293 3252//3285
f 3252//3285 3224//3284 3222//3283
f 3252//3285 3216//3276 3250//3308
f 3250//3308 3206//3264 3204//3262
f 2578//2636 3197//3256 3202//2644
f 3163//3223 3157//3218 3169//3230
f 3151//3212 3131//3193 3135//3191
f 3254//3215 3253//3210 3256//3309
f 3254//3215 2606//2669 2604//2668
f 3256//3309 3255//3310 3254//3215
f 2677//2743 3257//3311 3256//3309
f 3256//3309 2683//2747 2677//2743
f 3258//2721 2674//2740 2655//2722
f 3259//3312 3257//3311 3258//2721
f 2649//2716 3259//3312 3258//2721
f 2609//2673 2647//2715 2645//2674
f 2609//2673 3255//3310 3259//3312
f 2684//2748 3253//3210 3148//3207
f 2684//2748 3148//3207 2687//2752
f 2921//2987 3140//3201 2924//2988
f 2919//2983 3260//3204 2921//2987
f 2709//2776 3261//3313 2712//2777
f 2712//2777 3262//3314 2714//2782
f 3263//2982 3261//3313 2919//2983
f 2714//2782 2748//2810 2744//2783
f 2750//2816 3262//3314 3263//2982
f 2750//2816 2914//2978 3333//2817
f 3134//3197 3125//3186 2923//2989
f 2923//2989 2924//2988 3134//3197
f 3128//3184 3127//3188 3264//3315
f 3264//3315 3265//3316 3128//3184
f 3265//3316 3121//3181 3128//3184
f 3265//3316 3267//3317 3266//3318
f 3266//3318 3117//3177 3265//3316
f 3268//3319 3267//3317 3269//3320
f 3116//3178 3266//3318 3268//3319
f 3269//3320 3113//3173 3268//3319
f 3268//3319 3113//3173 3116//3178
f 3067//3131 3267//3317 3270//3130
f 3067//3131 3111//3172 3269//3320
f 3270//3130 3264//3315 3271//3321
f 3271//3321 3066//3126 3270//3130
f 3271//3321 3264//3315 3127//3188
f 3127//3188 2567//2623 3271//3321
f 3271//3321 3273//3322 3272//3323
f 3272//3323 3275//3324 3274//3325
f 3274//3325 3066//3126 3272//3323
f 3274//3325 3277//3326 3276//3327
f 3064//3127 3274//3325 3276//3327
f 3276//3327 3062//3124 3064//3127
f 3279//3328 3062//3124 3276//3327
f 3276//3327 3277//3326 3278//3329
f 3278//3329 3279//3328 3276//3327
f 3279//3328 3278//3329 3280//3330
f 3280//3330 3281//3331 3279//3328
f 3281//3331 3282//3125 3279//3328
f 3282//3125 3053//3112 3056//3114
f 3051//3111 3283//3332 3284//3333
f 3284//3333 3281//3331 3285//3334
f 3285//3334 3286//3335 3284//3333
f 3284//3333 3049//3110 3051//3111
f 835//883 3287//3336 833//882
f 837//885 3286//3335 835//883
f 3289//3337 3287//3336 3285//3334
f 833//882 3287//3336 3288//3338
f 3297//3339 3288//3338 3289//3337
f 3291//881 3290//3340 3292//3341
f 3288//3338 3291//881 833//882
f 830//878 3291//881 3292//3341
f 3292//3341 3293//876 830//878
f 3292//3341 3294//3342 3293//876
f 3293//876 826//873 825//872
f 3296//3343 3294//3342 3295//3344
f 3295//3344 3290//3340 3297//3339
f 3295//3344 3300//3345 3296//3343
f 3297//3339 3298//3346 3295//3344
f 3301//3347 3299//3348 3304//3349
f 3303//3350 3298//3346 3301//3347
f 3304//3349 3302//3351 3301//3347
f 3301//3347 3312//3352 3303//3350
f 3277//3326 3305//3353 3304//3349
f 3278//3329 3304//3349 3299//3348
f 3304//3349 3278//3329 3277//3326
f 3305//3353 3275//3324 3306//3354
f 3307//3355 3305//3353 3306//3354
f 3306//3354 3308//3356 3307//3355
f 3306//3354 3273//3322 2564//2622
f 3307//3355 3311//3357 3309//3358
f 3309//3358 3302//3351 3307//3355
f 3310//3359 3312//3352 3309//3358
f 3309//3358 3318//3360 3310//3359
f 3303//3350 3313//3361 3314//3362
f 2534//2591 3313//3361 3310//3359
f 3314//3362 3315//2590 3316//3363
f 3316//3363 2530//2587 2529//2586
f 3316//3363 3317//3364 3314//3362
f 3314//3362 3300//3345 3303//3350
f 822//868 3317//3364 2529//2586
f 3296//3343 3317//3364 823//870
f 3319//2613 3311//3357 2556//2612
f 2556//2612 3308//3356 2558//2614
f 3310//3359 2536//2594 2534//2591
f 2539//2595 2536//2594 3318//3360
f 3318//3360 3319//2613 2539//2595
f 3319//2613 2542//2599 2539//2595
f 3299//3348 3280//3330 3278//3329
f 3280//3330 3299//3348 3297//3339
f 3297//3339 3289//3337 3280//3330
f 826//873 3296//3343 823//870
f 3289//3337 3285//3334 3281//3331
f 3281//3331 3280//3330 3289//3337
f 2567//2623 3127//3188 2566//2624
f 3107//3167 3115//3175 3109//3169
f 3097//3161 3320//2995 3100//3162
f 3100//3162 3320//2995 2928//2992
f 2930//2994 3320//2995 3321//3365
f 3321//3365 2935//2997 2930//2994
f 3322//2999 3321//3365 3097//3161
f 2938//3004 3098//3158 2972//3037
f 3322//2999 3098//3158 2938//3004
f 2938//3004 2934//3002 3322//2999
f 3022//3086 3047//3108 3043//3103
f 3043//3103 3026//3089 3022//3086
f 2996//3060 3326//3366 2993//3058
f 953//1009 3323//3367 2996//3060
f 3327//3033 3323//3367 3324//3368
f 3324//3368 3325//1012 3328//1025
f 2993//3058 2977//3041 2990//3042
f 2970//3034 3326//3366 3327//3033
f 3324//3368 2968//3032 3327//3033
f 3328//1025 954//1013 958//1019
f 3329//3369 3324//3368 3328//1025
f 3328//1025 964//1024 3329//3369
f 2968//3032 3329//3369 2963//3027
f 2963//3027 964//1024 966//1026
f 2967//3030 2943//3007 2972//3037
f 2972//3037 2943//3007 2938//3004
f 2963//3027 2965//3028 2968//3032
f 2939//3003 3331//3014 3332//3370
f 3332//3370 996//1068 999//1066
f 3332//3370 2910//2975 2939//3003
f 999//1066 2907//2971 3332//3370
f 2915//2969 2751//2818 3333//2817
f 2899//2962 2751//2818 2904//2965
f 1009//1079 2897//2960 1006//1077
f 1013//1082 2895//2958 1009//1079
f 2892//2954 3335//3371 3338//2953
f 3334//2957 3337//1085 3335//3371
f 3339//3372 3335//3371 3336//3373
f 3336//3373 3337//1085 3368//3374
f 3339//3372 2889//2951 3338//2953
f 3339//3372 3342//3375 3340//3376
f 3340//3376 2887//2950 3339//3372
f 3343//3377 3341//2949 3340//3376
f 3340//3376 3345//3378 3343//3377
f 3346//3379 3344//3380 3343//3377
f 3343//3377 3347//3381 3346//3379
f 3346//3379 3349//3382 3348//3383
f 3348//3383 1124//1211 3346//3379
f 3348//3383 3351//3384 3350//3385
f 3350//3385 1121//1207 3348//3383
f 3350//3385 1063//1138 3352//1140
f 3352//1140 1118//1204 3350//3385
f 1062//1141 3353//1205 3352//1140
f 3353//1205 1077//1157 1119//1203
f 3351//3384 3356//3386 3354//3387
f 3351//3384 1059//1137 1063//1138
f 1059//1137 3355//3388 1053//1130
f 3357//3389 3354//3387 3356//3386
f 3356//3386 3359//3390 3357//3389
f 3347//3381 3356//3386 3349//3382
f 3362//3391 3358//3392 3360//3393
f 3358//3392 3345//3378 3360//3393
f 3361//3394 3362//3391 3360//3393
f 3360//3393 3342//3375 3361//3394
f 3363//3395 3359//3390 3362//3391
f 3363//3395 3364//3396 3365//3397
f 3365//3397 3366//3398 3367//3399
f 3368//3374 3364//3396 3361//3394
f 3367//3399 1011//1084 1012//1083
f 3337//1085 3366//3398 3368//3374
f 3361//3394 3336//3373 3368//3374
f 3367//3399 3370//3400 3365//3397
f 1012//1083 3369//3401 3367//3399
f 3371//1108 3369//3401 1019//1090
f 1036//1109 3370//3400 3371//1108
f 3365//3397 3372//1115 3363//3395
f 3372//1115 3373//3402 3363//3395
f 1019//1090 1032//1104 3371//1108
f 3357//3389 3373//3402 3374//1124
f 3374//1124 1040//1116 1042//1118
f 3374//1124 3355//3388 3357//3389
f 2883//2945 3344//3380 1123//1208
f 2763//2830 3375//3403 2765//2832
f 2776//2844 3375//3403 2881//2941
f 2677//2743 2683//2747 2676//2742
f 1424//1526 2681//2746 1420//1521
f 2635//2702 2624//2691 2619//2685
f 2579//2639 2593//2640 2561//2619
f 2569//2626 2579//2639 2562//2620
f 2561//2619 2562//2620 2579//2639
f 2544//2602 2485//2540 2487//2542
f 2538//2596 2541//2547 2491//2549
f 2491//2549 2525//2582 2538//2596
f 2538//2596 2523//2581 2532//2589
f 2525//2582 2491//2549 2492//2548
f 2456//2510 2521//3404 3377//2579
f 818//866 2453//2507 820//863
f 2518//2575 3379//2518 3377//2579
f 3377//2579 2458//2513 2456//2510
f 2463//2516 3380//2574 2470//2522
f 2470//2522 3380//2574 2515//2570
f 2515//2570 2469//2524 2470//2522
f 2514//2571 3382//3405 3381//3406
f 3381//3406 2509//2564 2514//2571
f 3381//3406 2503//2560 2507//2563
f 3382//3405 2496//2553 2499//2555
f 2499//2555 2503//2560 3382//3405
f 2448//2503 2460//2515 2449//2501
f 2460//2515 1442//3407 2449//2501
f 787//832 812//857 2451//2505
f 2451//2505 785//830 787//832
f 782//829 785//830 2451//2505
f 2449//2501 1444//1546 1449//1553
f 1390//1484 1401//1499 3383//1439
f 3383//1439 3384//2910 1340//1433
f 3383//1439 1385//1485 1390//1484
f 1045//1120 1145//1232 1146//1231
f 1146//1231 1046//1121 1045//1120
f 1046//1121 1146//1231 3387//1185
f 1051//1127 3387//1185 1101//1182
f 3387//1185 1051//1127 1046//1121
f 1141//1193 1131//1199 1110//1198
f 1119//1203 1079//1161 1112//1195
f 1106//1188 1104//1186 1100//1184
f 3388//3408 1098//1181 1096//1178
f 1101//1182 3388//3408 1051//1127
f 1096//1178 3389//1133 3388//3408
f 3388//3408 1050//1128 1051//1127
f 3389//1133 3391//3409 1055//1132
f 3393//3410 3390//3411 1094//1177
f 3394//3412 3391//3409 3393//3410
f 1055//1132 3392//3413 1057//1135
f 3393//3410 3397//3414 3394//3412
f 1094//1177 3395//3415 3393//3410
f 3396//1152 3398//1179 3399//1168
f 1072//1153 3395//3415 3396//1152
f 3399//1168 1095//3416 1085//1167
f 3399//1168 1073//1155 3396//1152
f 1070//1148 3397//3414 1072//1153
f 3394//3412 1068//1149 3400//1147
f 3400//1147 3392//3413 3394//3412
f 1067//1144 1057//1135 3392//3413
f 922//975 916//969 914//968
f 832//879 806//852 842//851
f 344//378 611//645 3402//379
f 3404//635 3403//712 602//633
f 3405//625 599//634 592//624
f 569//601 3405//625 571//602
f 3405//625 573//606 571//602
f 351//388 598//629 347//383
f 596//628 351//388 355//391
f 355//391 594//627 596//628
f 372//408 586//618 369//405
f 586//618 3406//3417 583//616
f 583//616 3407//3418 581//614
f 376//412 3406//3417 372//408
f 381//416 3406//3417 376//412
f 581//614 3408//3419 3409//613
f 385//418 3407//3418 381//416
f 388//422 3408//3419 385//418
f 3409//613 3410//3420 3411//3421
f 391//426 3410//3420 388//422
f 3411//3421 398//433 3412//434
f 3412//434 3413//3422 3411//3421
f 3411//3421 580//612 3409//613
f 578//610 3413//3422 3414//3423
f 3414//3423 3415//3424 3416//3425
f 399//435 3415//3424 3412//434
f 3416//3425 3417//3426 3418//3427
f 3418//3427 544//572 545//573
f 401//437 3417//3426 399//435
f 545//573 3419//3428 3418//3427
f 3418//3427 3420//3429 3416//3425
f 3420//3429 3421//3430 3422//593
f 547//575 3419//3428 546//574
f 3422//593 3423//3431 561//591
f 548//576 3421//3430 547//575
f 549//577 3423//3431 548//576
f 561//591 550//579 552//582
f 3424//592 3425//3432 3420//3429
f 3416//3425 3425//3432 3414//3423
f 3414//3423 576//609 578//610
f 576//609 560//3433 563//594
f 377//411 150//171 379//173
f 150//171 374//410 153//170
f 153//170 374//410 157//179
f 273//302 338//372 336//307
f 281//313 3426//2497 3427//293
f 3427//293 255//287 258//285
f 261//292 281//313 3427//293
f 261//292 270//300 278//309
f 3428//272 199//225 250//223
f 3429//3434 3428//272 243//259
f 225//252 3429//3434 226//253
f 243//259 226//253 3429//3434
f 3429//3434 225//252 201//226
f 201//226 199//225 3429//3434
f 225//252 203//230 201//226
f 212//238 3431//3435 211//237
f 125//141 3430//3436 212//238
f 3433//3437 3430//3436 3432//154
f 3432//154 127//143 130//146
f 3432//154 3435//3438 3433//3437
f 3433//3437 3436//3439 3434//3440
f 3434//3440 3431//3435 3433//3437
f 3437//3441 135//153 137//155
f 3436//3439 3437//3441 3438//3442
f 3438//3442 3439//3443 3440//3444
f 137//155 3439//3443 3437//3441
f 3440//3444 160//181 3441//3445
f 3442//3446 3438//3442 3440//3444
f 3441//3445 3442//3446 3440//3444
f 3444//3447 3443//3448 3445//3449
f 3434//3440 3442//3446 3444//3447
f 3446//3450 3445//3449 3448//3451
f 3444//3447 3447//3452 3434//3440
f 3447//3452 3446//3450 3449//3453
f 3451//3454 3446//3450 3448//3451
f 3449//3453 3450//3455 3447//3452
f 3450//3455 210//234 211//237
f 208//233 3449//3453 3451//3454
f 3451//3454 3454//3456 3452//3457
f 3452//3457 208//233 3451//3454
f 3452//3457 3456//3458 3453//219
f 3453//219 206//3459 3452//3457
f 3445//3449 3454//3456 3448//3451
f 3456//3458 3455//3460 3457//195
f 3457//195 3458//3461 3456//3458
f 3453//219 3458//3461 194//217
f 194//217 178//201 191//202
f 3459//3462 3457//195 3455//3460
f 3443//3448 3455//3460 3445//3449
f 173//194 3460//3463 166//187
f 3441//3445 3459//3462 3443//3448
f 160//181 3460//3463 3441//3445
f 211//237 3447//3452 3450//3455
f 63//71 4//5 9//11
f 35//42 22//28 23//29
f 1//2 3//6 2290//4
f 4//5 3461//78 3//6
f 1//2 5//1 8//7
f 11//10 8//7 5//1
f 10//12 8//7 11//10
f 12//13 11//10 13//14
f 15//15 13//14 16//16
f 16//16 2339//20 51//21
f 21//27 26//30 23//29
f 26//30 516//553 28//34
f 30//35 29//36 27//33
f 25//32 27//33 29//36
f 505//38 31//39 29//36
f 32//37 29//36 31//39
f 33//40 36//43 34//41
f 32//37 34//41 24//31
f 23//29 24//31 34//41
f 35//42 34//41 36//43
f 37//44 36//43 38//45
f 39//47 38//45 36//43
f 495//48 40//49 38//45
f 41//46 38//45 40//49
f 42//50 44//54 43//51
f 41//46 43//51 46//52
f 45//53 43//51 44//54
f 48//56 46//52 43//51
f 37//44 46//52 47//57
f 50//58 47//57 46//52
f 45//53 52//60 49//59
f 48//56 49//59 51//21
f 20//25 22//28 47//57
f 51//21 19//26 20//25
f 18//18 49//59 52//60
f 15//15 52//60 53//61
f 55//55 53//61 52//60
f 56//62 54//63 53//61
f 12//13 53//61 54//63
f 55//55 44//54 57//64
f 58//65 61//68 54//63
f 56//62 57//64 60//66
f 59//67 62//70 61//68
f 58//65 60//66 542//69
f 10//12 54//63 61//68
f 9//11 61//68 62//70
f 63//71 62//70 64//72
f 66//74 64//72 62//70
f 75//75 65//76 64//72
f 67//73 64//72 65//76
f 67//73 68//80 3461//78
f 67//73 69//77 70//79
f 76//83 73//85 72//82
f 71//81 72//82 73//85
f 74//84 72//82 65//76
f 75//75 78//90 77//87
f 74//84 77//87 80//88
f 79//89 77//87 78//90
f 82//92 80//88 77//87
f 76//83 80//88 81//93
f 83//95 84//98 87//96
f 82//92 475//513 84//98
f 85//97 86//100 81//93
f 88//99 90//104 86//100
f 85//97 87//96 91//101
f 88//99 91//101 93//102
f 89//103 2212//2294 90//104
f 91//101 87//96 472//105
f 94//107 93//102 91//101
f 98//108 95//109 93//102
f 89//103 93//102 95//109
f 96//110 95//109 97//111
f 99//113 97//111 95//109
f 98//108 100//115 101//114
f 94//107 103//118 100//115
f 2352//116 101//114 100//115
f 102//117 100//115 103//118
f 106//121 108//125 107//122
f 105//119 107//122 109//123
f 110//124 107//122 108//125
f 112//127 109//123 107//122
f 111//126 115//132 113//128
f 110//124 113//128 114//129
f 118//130 114//129 113//128
f 115//132 119//134 116//131
f 121//133 117//135 116//131
f 118//130 116//131 117//135
f 119//134 120//138 122//137
f 115//132 462//497 120//138
f 121//133 122//137 126//139
f 123//140 124//142 117//135
f 125//141 2373//2444 124//142
f 123//140 126//139 127//143
f 128//144 126//139 122//137
f 130//146 127//143 126//139
f 129//145 133//151 131//147
f 128//144 131//147 134//148
f 134//148 131//147 132//149
f 132//149 131//147 133//151
f 130//146 134//148 135//153
f 135//153 134//148 136//150
f 136//150 138//157 139//156
f 132//149 140//160 138//157
f 143//158 139//156 138//157
f 141//159 138//157 140//160
f 142//161 145//165 144//162
f 141//159 144//162 147//163
f 146//164 144//162 145//165
f 148//167 147//163 144//162
f 143//158 147//163 149//168
f 148//167 151//172 149//168
f 153//170 152//169 149//168
f 150//171 149//168 151//172
f 156//174 154//175 152//169
f 143//158 152//169 154//175
f 139//156 154//175 155//176
f 158//177 155//176 154//175
f 156//174 157//179 161//178
f 160//181 3439//3443 155//176
f 165//183 159//180 161//178
f 163//184 370//404 164//185
f 162//182 164//185 167//186
f 166//187 3460//3463 159//180
f 165//183 167//186 169//188
f 168//189 167//186 164//185
f 170//191 169//188 167//186
f 174//192 171//193 169//188
f 166//187 169//188 171//193
f 3457//195 173//194 171//193
f 176//197 172//196 171//193
f 170//191 362//396 175//198
f 174//192 175//198 177//199
f 178//201 3458//3461 172//196
f 191//202 178//201 179//200
f 181//204 179//200 177//199
f 184//207 181//204 183//206
f 185//208 259//289 186//209
f 189//213 187//210 186//209
f 195//215 192//216 190//212
f 191//202 190//212 192//216
f 194//217 192//216 193//218
f 196//220 193//218 192//216
f 196//220 195//215 197//221
f 188//211 198//224 197//221
f 250//223 199//225 197//221
f 200//222 197//221 199//225
f 200//222 202//228 205//227
f 201//226 203//230 202//228
f 204//229 202//228 203//230
f 207//232 205//227 202//228
f 208//233 206//3459 205//227
f 205//227 206//3459 193//218
f 207//232 209//236 210//234
f 207//232 204//229 213//235
f 209//236 213//235 214//239
f 216//240 214//239 213//235
f 215//241 213//235 204//229
f 215//241 217//243 2375//242
f 218//231 219//245 217//243
f 218//231 203//230 220//244
f 2421//247 217//243 219//245
f 227//249 223//251 222//246
f 224//250 222//246 220//244
f 224//250 226//253 230//254
f 227//249 230//254 232//257
f 231//258 230//254 226//253
f 234//260 232//257 230//254
f 229//256 232//257 233//261
f 235//263 233//261 232//257
f 234//260 236//265 238//264
f 231//258 239//267 236//265
f 237//266 236//265 239//267
f 2428//269 238//264 236//265
f 243//259 241//270 239//267
f 240//268 239//267 241//270
f 3428//272 242//273 241//270
f 244//271 241//270 242//273
f 244//271 245//276 2437//275
f 246//274 248//279 245//276
f 247//278 256//284 248//279
f 250//223 249//277 242//273
f 198//224 251//280 249//277
f 253//214 252//281 251//280
f 189//213 251//280 198//224
f 254//282 252//281 253//214
f 252//281 254//282 256//284
f 258//285 255//287 254//282
f 2439//286 256//284 254//282
f 257//283 259//289 260//288
f 262//290 260//288 259//289
f 263//291 261//292 260//288
f 258//285 260//288 261//292
f 262//290 264//295 266//294
f 185//208 183//206 264//295
f 264//295 183//206 359//296
f 267//298 266//294 264//295
f 263//291 266//294 268//299
f 269//301 268//299 266//294
f 273//302 271//303 268//299
f 270//300 268//299 271//303
f 274//304 271//303 272//305
f 336//307 272//305 271//303
f 275//306 277//311 276//308
f 274//304 276//308 278//309
f 279//310 276//308 277//311
f 281//313 278//309 276//308
f 284//314 282//317 279//310
f 279//310 282//317 283//315
f 288//316 283//315 282//317
f 287//319 285//318 282//317
f 300//320 286//327 285//318
f 285//318 286//327 290//321
f 289//322 3426//2497 283//315
f 288//316 290//321 291//323
f 293//324 291//323 290//321
f 295//326 292//325 290//321
f 294//328 2436//2495 293//324
f 292//325 295//326 296//329
f 298//330 296//329 295//326
f 297//331 295//326 286//327
f 297//331 299//333 1609//332
f 300//320 301//334 299//333
f 287//319 302//336 301//334
f 303//335 301//334 302//336
f 304//338 299//333 301//334
f 303//335 306//340 308//339
f 305//337 309//344 306//340
f 308//339 306//340 307//341
f 311//343 307//341 306//340
f 310//345 309//344 305//337
f 309//344 310//345 313//347
f 311//343 313//347 314//348
f 312//349 1487//1596 307//341
f 316//350 314//348 313//347
f 315//351 313//347 310//345
f 317//353 1602//1703 316//350
f 315//351 318//352 319//354
f 321//355 319//354 318//352
f 320//356 318//352 310//345
f 322//346 325//359 323//357
f 280//312 277//311 324//358
f 284//314 325//359 302//336
f 305//337 302//336 325//359
f 326//360 324//358 277//311
f 328//361 321//355 324//358
f 330//362 328//361 326//360
f 275//306 272//305 327//363
f 328//361 329//364 319//354
f 330//362 331//366 329//364
f 332//365 333//369 331//366
f 330//362 327//363 335//367
f 332//365 334//1691 1583//368
f 337//370 334//1691 332//365
f 335//367 327//363 272//305
f 336//307 338//372 337//370
f 341//373 334//1691 337//370
f 339//371 342//377 1587//376
f 342//377 343//375 344//378
f 343//375 345//381 346//380
f 600//382 346//380 345//381
f 347//383 345//381 348//384
f 340//374 338//372 349//386
f 348//384 349//386 352//387
f 350//385 352//387 353//389
f 269//301 352//387 349//386
f 267//298 353//389 352//387
f 351//388 353//389 354//390
f 265//297 354//390 353//389
f 265//297 359//296 356//392
f 354//390 356//392 357//393
f 360//394 357//393 356//392
f 358//395 356//392 359//296
f 358//395 175//198 362//396
f 182//205 177//199 175//198
f 361//397 594//627 357//393
f 360//394 362//396 363//398
f 168//189 363//398 362//396
f 361//397 363//398 364//399
f 367//190 364//399 363//398
f 365//400 364//399 366//401
f 368//403 366//401 364//399
f 367//190 164//185 370//404
f 369//405 587//620 366//401
f 368//403 370//404 371//406
f 373//407 371//406 370//404
f 375//409 372//408 371//406
f 163//184 157//179 374//410
f 373//407 374//410 377//411
f 382//414 380//415 378//413
f 381//416 380//415 383//417
f 384//419 383//417 380//415
f 387//420 386//421 383//417
f 385//418 383//417 386//421
f 390//423 389//424 386//421
f 394//425 392//427 389//424
f 395//428 392//427 393//429
f 403//431 393//429 392//427
f 396//430 400//436 397//432
f 395//428 397//432 398//433
f 3412//434 398//433 397//432
f 399//435 397//432 400//436
f 404//439 402//438 403//431
f 408//443 414//450 411//446
f 410//445 409//444 411//446
f 412//447 411//446 413//448
f 413//448 411//446 414//450
f 415//451 414//450 416//452
f 407//442 416//452 414//450
f 406//441 418//454 416//452
f 417//453 416//452 418//454
f 405//440 420//456 418//454
f 419//455 418//454 420//456
f 390//423 421//457 420//456
f 394//425 420//456 405//440
f 387//420 422//461 421//457
f 421//457 422//461 423//458
f 423//458 422//461 424//459
f 384//419 424//459 422//461
f 425//460 424//459 426//462
f 382//414 426//462 424//459
f 427//463 426//462 151//172
f 379//173 151//172 426//462
f 425//460 427//463 428//464
f 148//167 146//164 428//464
f 430//465 428//464 429//466
f 447//166 429//466 428//464
f 430//465 431//468 423//458
f 432//467 434//470 431//468
f 433//469 435//472 434//470
f 432//467 429//466 444//471
f 417//453 431//468 434//470
f 415//451 434//470 435//472
f 439//473 436//474 435//472
f 438//449 413//448 435//472
f 439//473 440//478 437//475
f 436//474 437//475 515//476
f 439//473 441//479 442//477
f 433//469 444//471 441//479
f 522//480 442//477 441//479
f 443//481 441//479 444//471
f 445//482 444//471 429//466
f 447//166 145//165 446//483
f 445//482 446//483 448//484
f 450//485 448//484 446//483
f 449//486 446//483 145//165
f 142//161 140//160 451//487
f 449//486 451//487 453//488
f 452//152 451//487 140//160
f 455//489 453//488 451//487
f 450//485 453//488 454//490
f 456//492 454//490 453//488
f 455//489 457//494 458//493
f 452//152 133//151 457//494
f 460//495 458//493 457//494
f 459//496 457//494 133//151
f 459//496 120//138 462//497
f 129//145 122//137 120//138
f 461//498 537//504 458//493
f 460//495 462//497 463//499
f 463//499 462//497 115//132
f 108//125 464//500 463//499
f 461//498 463//499 464//500
f 106//121 465//502 464//500
f 466//501 464//500 465//502
f 466//501 467//505 537//504
f 469//508 476//510 470//506
f 104//120 471//507 465//502
f 92//106 472//105 471//507
f 473//509 472//105 87//96
f 473//509 474//511 476//510
f 84//98 475//513 474//511
f 477//512 474//511 475//513
f 478//515 476//510 474//511
f 477//512 479//517 533//516
f 480//514 481//518 479//517
f 475//513 82//92 79//89
f 79//89 482//91 481//518
f 484//519 479//517 481//518
f 483//520 481//518 482//91
f 483//520 486//525 489//522
f 487//523 486//525 483//520
f 541//524 488//527 486//525
f 491//526 489//522 486//525
f 484//519 489//522 490//528
f 492//530 490//528 489//522
f 491//526 493//532 496//531
f 488//527 494//533 493//532
f 40//49 495//48 493//532
f 493//532 495//48 497//534
f 492//530 496//531 498//535
f 498//535 496//531 497//534
f 501//537 502//541 499//538
f 523//539 500//536 498//535
f 503//540 504//543 502//541
f 501//537 497//534 506//542
f 505//38 507//544 504//543
f 503//540 506//542 31//39
f 33//40 31//39 506//542
f 39//47 506//542 497//534
f 30//35 509//547 507//544
f 517//545 504//543 507//544
f 508//546 507//544 509//547
f 511//548 509//547 510//549
f 28//34 510//549 509//547
f 512//550 514//552 513//551
f 511//548 513//551 515//476
f 412//447 513//551 514//552
f 438//449 515//476 513//551
f 508//546 515//476 437//475
f 516//553 404//439 410//445
f 517//545 437//475 440//478
f 518//554 502//541 504//543
f 519//555 499//538 502//541
f 518//554 440//478 442//477
f 523//539 499//538 519//555
f 520//556 519//555 442//477
f 523//539 520//556 521//557
f 539//559 521//557 520//556
f 500//536 523//539 524//558
f 527//561 526//564 524//558
f 524//558 526//564 529//562
f 536//563 528//567 526//564
f 526//564 528//567 531//565
f 529//562 531//565 533//516
f 530//529 490//528 525//560
f 478//515 533//516 531//565
f 532//566 531//565 528//567
f 530//529 533//516 479//517
f 532//566 470//506 476//510
f 534//568 467//505 470//506
f 536//563 535//569 534//568
f 535//569 537//504 467//505
f 536//563 454//490 456//492
f 456//492 458//493 537//504
f 527//561 538//491 454//490
f 521//557 539//559 538//491
f 450//485 538//491 539//559
f 448//484 539//559 522//480
f 492//530 500//536 525//560
f 540//570 494//533 488//527
f 42//50 40//49 494//533
f 540//570 57//64 44//54
f 541//524 60//66 57//64
f 487//523 542//69 60//66
f 485//521 543//571 542//69
f 59//67 542//69 543//571
f 482//91 78//90 543//571
f 66//74 543//571 78//90
f 419//455 423//458 431//468
f 544//572 402//438 404//439
f 545//573 404//439 516//553
f 546//574 516//553 26//30
f 550//579 657//578 551//580
f 551//580 554//584 557//583
f 553//581 556//587 554//584
f 558//585 557//583 554//584
f 555//586 554//584 556//587
f 562//589 559//590 557//583
f 552//582 557//583 559//590
f 3422//593 561//591 559//590
f 559//590 560//3433 3424//592
f 563//594 560//3433 559//590
f 562//589 564//596 566//595
f 558//585 565//598 564//596
f 567//597 564//596 565//598
f 570//600 566//595 564//596
f 568//599 3403//712 569//601
f 567//597 569//601 571//602
f 571//602 573//606 572//603
f 575//604 566//595 570//600
f 574//605 572//603 573//606
f 577//608 575//604 572//603
f 563//594 566//595 575//604
f 578//610 576//609 575//604
f 574//605 582//615 579//611
f 577//608 579//611 580//612
f 3409//613 580//612 579//611
f 581//614 579//611 582//615
f 583//616 582//615 584//617
f 585//607 584//617 582//615
f 588//619 587//620 584//617
f 586//618 584//617 587//620
f 590//402 366//401 587//620
f 588//619 589//622 591//621
f 585//607 573//606 589//622
f 590//402 591//621 593//623
f 592//624 591//621 589//622
f 595//626 593//623 591//621
f 365//400 593//623 594//627
f 596//628 594//627 593//623
f 595//626 597//630 598//629
f 592//624 599//634 597//630
f 600//382 347//383 598//629
f 597//630 599//634 601//631
f 600//382 601//631 603//632
f 602//633 601//631 599//634
f 605//636 603//632 601//631
f 346//380 603//632 604//637
f 607//638 604//637 603//632
f 602//633 3403//712 606//639
f 605//636 606//639 608//640
f 607//638 608//640 610//641
f 609//642 611//645 604//637
f 609//642 610//641 614//643
f 612//644 615//648 611//645
f 612//644 614//643 679//646
f 613//647 617//650 615//648
f 3402//379 611//645 615//648
f 616//649 615//648 617//650
f 619//652 620//654 618//651
f 613//647 622//655 619//652
f 619//652 621//656 1590//653
f 622//655 624//658 621//656
f 613//647 679//646 623//657
f 623//657 626//661 624//658
f 1592//659 621//656 624//658
f 625//660 624//658 626//661
f 628//662 626//661 627//663
f 678//665 627//663 626//661
f 629//664 633//670 630//666
f 628//662 630//666 631//667
f 1556//668 631//667 630//666
f 632//669 630//666 633//670
f 638//672 635//673 633//670
f 634//671 633//670 635//673
f 636//674 635//673 637//675
f 640//677 637//675 635//673
f 629//664 627//663 639//678
f 638//672 639//678 642//679
f 640//677 641//681 708//680
f 642//679 644//684 641//681
f 676//682 643//683 642//679
f 643//683 646//686 644//684
f 645//685 644//684 646//686
f 710//688 641//681 644//684
f 677//689 647//690 646//686
f 648//687 646//686 647//690
f 648//687 650//693 652//692
f 649//691 653//695 650//693
f 651//694 650//693 653//695
f 655//696 653//695 654//697
f 660//699 654//697 653//695
f 656//698 654//697 658//700
f 659//701 658//700 654//697
f 553//581 657//578 658//700
f 660//699 662//704 661//702
f 659//701 661//702 556//587
f 663//703 661//702 662//704
f 666//588 556//587 661//702
f 664//705 674//714 665//706
f 663//703 665//706 667//707
f 666//588 667//707 669//708
f 668//709 667//707 665//706
f 670//711 669//708 667//707
f 568//599 565//598 669//708
f 555//586 669//708 565//598
f 668//709 608//640 606//639
f 670//711 606//639 3403//712
f 671//710 610//641 608//640
f 672//713 614//643 610//641
f 671//710 665//706 674//714
f 673//715 679//646 614//643
f 672//713 674//714 675//716
f 677//689 675//716 674//714
f 673//715 675//716 676//682
f 643//683 676//682 675//716
f 664//705 662//704 647//690
f 676//682 639//678 627//663
f 678//665 623//657 679//646
f 649//691 647//690 662//704
f 2339//20 682//720 681//718
f 682//720 2320//2393 684//721
f 683//719 685//723 687//722
f 684//721 688//725 685//723
f 686//724 685//723 688//725
f 709//727 687//722 685//723
f 690//726 688//725 689//728
f 2323//730 689//728 688//725
f 692//729 693//734 691//731
f 690//726 691//731 707//732
f 694//733 697//737 693//734
f 692//729 689//728 696//735
f 695//736 698//741 697//737
f 695//736 694//733 696//735
f 702//739 693//734 697//737
f 699//740 697//737 698//741
f 700//742 2332//2406 701//743
f 699//740 701//743 703//744
f 702//739 703//744 705//745
f 704//746 691//731 693//734
f 706//676 704//746 705//745
f 686//724 707//732 708//680
f 709//727 708//680 641//681
f 710//688 711//747 687//722
f 645//685 652//692 711//747
f 681//718 687//722 711//747
f 680//717 711//747 652//692
f 636//674 705//745 712//748
f 714//749 712//748 705//745
f 715//750 713//751 712//748
f 634//671 712//748 713//751
f 714//749 716//753 718//752
f 701//743 2332//2406 717//754
f 716//753 717//754 720//755
f 715//750 718//752 719//756
f 719//756 718//752 720//755
f 721//758 720//755 722//759
f 723//761 722//759 720//755
f 726//760 722//759 725//763
f 727//764 730//769 728//765
f 726//760 728//765 729//766
f 732//767 729//766 728//765
f 731//768 728//765 730//769
f 731//768 734//772 735//771
f 733//770 736//774 734//772
f 737//773 735//771 734//772
f 737//773 736//774 738//775
f 740//777 738//775 736//774
f 739//776 738//775 741//778
f 741//778 738//775 740//777
f 742//780 746//785 744//781
f 741//778 744//781 745//782
f 745//782 744//781 747//783
f 746//785 750//787 747//783
f 752//786 748//788 747//783
f 749//784 747//783 748//788
f 746//785 2273//2348 751//790
f 750//787 751//790 754//791
f 753//792 756//795 752//786
f 753//792 754//791 2270//793
f 755//794 758//798 756//795
f 1523//796 752//786 756//795
f 757//797 756//795 758//798
f 761//800 760//801 758//798
f 759//799 758//798 760//801
f 3401//803 762//804 760//801
f 763//802 760//801 762//804
f 763//802 765//807 767//806
f 764//805 766//809 765//807
f 768//808 765//807 766//809
f 769//811 767//806 765//807
f 769//811 768//808 770//812
f 773//814 770//812 768//808
f 771//810 766//809 792//815
f 775//817 773//814 771//810
f 773//814 775//817 777//818
f 774//819 1604//1623 770//812
f 789//820 776//822 775//817
f 779//821 777//818 775//817
f 774//819 777//818 778//823
f 780//825 778//823 777//818
f 779//821 781//827 783//826
f 776//822 784//833 781//827
f 2444//828 783//826 781//827
f 781//827 784//833 785//830
f 785//830 784//833 786//831
f 786//831 788//835 803//834
f 789//820 790//836 788//835
f 772//816 792//815 790//836
f 801//837 788//835 790//836
f 791//838 790//836 792//815
f 793//839 792//815 766//809
f 764//805 762//804 794//840
f 793//839 794//840 796//841
f 795//842 794//840 762//804
f 797//843 796//841 794//840
f 800//844 798//845 796//841
f 791//838 796//841 798//845
f 801//837 798//845 799//846
f 847//848 799//846 798//845
f 802//847 803//834 788//835
f 802//847 799//846 805//849
f 804//850 807//854 803//834
f 804//850 805//849 842//851
f 808//853 807//854 804//850
f 787//832 803//834 807//854
f 810//856 809//855 807//854
f 809//855 811//858 812//857
f 810//856 813//861 811//858
f 815//859 812//857 811//858
f 814//860 811//858 813//861
f 814//860 817//864 820//863
f 816//862 821//867 817//864
f 819//865 817//864 821//867
f 827//869 824//871 821//867
f 825//872 827//869 828//874
f 813//861 828//874 827//869
f 829//875 830//878 3293//876
f 3291//881 830//878 831//877
f 833//882 831//877 834//880
f 835//883 834//880 836//884
f 839//886 836//884 834//880
f 837//885 836//884 838//887
f 840//889 838//887 836//884
f 840//889 841//890 843//891
f 845//894 3037//3098 843//891
f 844//893 846//896 848//895
f 844//893 842//851 805//849
f 846//896 805//849 799//846
f 850//897 848//895 846//896
f 845//894 848//895 849//898
f 851//900 849//898 848//895
f 850//897 852//902 853//901
f 800//844 852//902 850//897
f 797//843 854//903 852//902
f 853//901 852//902 854//903
f 855//904 854//903 856//905
f 795//842 856//905 854//903
f 3401//803 857//907 856//905
f 858//906 856//905 857//907
f 858//906 860//910 861//909
f 859//908 862//913 860//910
f 864//911 861//909 860//910
f 863//912 860//910 862//913
f 863//912 866//916 869//915
f 865//914 867//918 866//916
f 868//917 866//916 867//918
f 870//920 869//915 866//916
f 872//921 871//922 869//915
f 864//911 869//915 871//922
f 875//924 874//925 871//922
f 873//923 871//922 874//925
f 878//927 877//928 874//925
f 876//926 874//925 877//928
f 881//930 880//931 877//928
f 879//929 877//928 880//931
f 884//933 883//934 880//931
f 883//934 886//936 882//932
f 892//942 891//941 888//938
f 892//942 894//947 893//944
f 891//941 893//944 896//945
f 895//946 897//948 896//945
f 890//940 896//945 897//948
f 897//948 898//950 900//951
f 899//949 900//951 904//952
f 903//955 3031//3092 902//954
f 901//953 904//952 905//956
f 906//957 904//952 900//951
f 908//959 905//956 904//952
f 906//957 907//961 3025//960
f 3009//964 907//961 911//963
f 912//965 911//963 913//966
f 915//967 913//966 914//968
f 2163//970 914//968 913//966
f 916//969 919//974 917//971
f 915//967 917//971 918//972
f 920//973 918//972 917//971
f 922//975 921//976 919//974
f 920//973 919//974 921//976
f 923//978 921//976 922//975
f 923//978 925//981 924//977
f 924//977 926//982 929//980
f 925//981 930//985 926//982
f 927//983 926//982 930//985
f 934//987 932//988 930//985
f 931//986 930//985 932//988
f 933//989 932//988 935//990
f 936//992 935//990 932//988
f 939//993 938//994 935//990
f 937//991 935//990 938//994
f 1936//996 940//997 938//994
f 941//995 938//994 940//997
f 941//995 943//1000 945//999
f 942//998 944//1002 943//1000
f 946//1001 943//1000 944//1002
f 943//1000 946//1001 949//1004
f 947//1003 1967//1016 948//1005
f 949//1004 950//1006 951//1007
f 953//1009 951//1007 950//1006
f 952//1010 950//1006 948//1005
f 952//1010 954//1013 3325//1012
f 955//1011 957//1017 954//1013
f 959//1014 957//1017 955//1011
f 955//1011 948//1005 1967//1016
f 961//1020 960//1018 957//1017
f 960//1018 961//1020 1964//1021
f 958//1019 963//1023 964//1024
f 966//1026 964//1024 963//1023
f 965//1027 963//1023 962//1022
f 965//1027 968//1030 969//1029
f 967//1028 971//1033 968//1030
f 2955//1031 969//1029 968//1030
f 970//1032 968//1030 971//1033
f 973//1034 971//1033 972//1035
f 1965//1037 972//1035 971//1033
f 973//1034 974//1039 2954//1038
f 975//1036 977//1041 974//1039
f 976//1040 979//1045 977//1041
f 975//1036 972//1035 1966//1042
f 2961//1043 974//1039 977//1041
f 978//1044 977//1041 979//1045
f 3386//1047 980//1048 979//1045
f 981//1046 979//1045 980//1048
f 981//1046 983//1051 986//1050
f 982//1049 985//1053 983//1051
f 984//1052 983//1051 985//1053
f 988//1055 986//1050 983//1051
f 989//1056 987//1057 986//1050
f 978//1044 986//1050 987//1057
f 984//1052 992//1062 990//1058
f 988//1055 990//1058 993//1059
f 994//1060 993//1059 990//1058
f 991//1061 990//1058 992//1062
f 998//1065 995//1064 993//1059
f 999//1066 996//1068 995//1064
f 997//1067 995//1064 996//1068
f 998//1065 1000//1071 1001//1070
f 994//1060 1003//1074 1000//1071
f 2905//1072 1001//1070 1000//1071
f 1002//1073 1000//1071 1003//1074
f 1004//1075 1003//1074 1005//1076
f 991//1061 1005//1076 1003//1074
f 1006//1077 1005//1076 1007//1078
f 1008//1063 1007//1078 1005//1076
f 1014//1080 1010//1081 1007//1078
f 1009//1079 1007//1078 1010//1081
f 1013//1082 1010//1081 1011//1084
f 1014//1080 1015//1087 1016//1086
f 1008//1063 992//1062 1015//1087
f 1018//1088 1016//1086 1015//1087
f 1017//1054 985//1053 1020//1089
f 1019//1090 3369//3401 1016//1086
f 1018//1088 1020//1089 1021//1091
f 1022//1092 1020//1089 985//1053
f 1023//1093 1021//1091 1020//1089
f 1022//1092 1024//1095 1026//1094
f 982//1049 980//1048 1024//1095
f 1025//1096 1024//1095 980//1048
f 1027//1097 1026//1094 1024//1095
f 1023//1093 1026//1094 1028//1098
f 1027//1097 1030//1102 1028//1098
f 1031//1099 1028//1098 1029//1100
f 1029//1100 1028//1098 1030//1102
f 1031//1099 1032//1104 1021//1091
f 1033//1101 1035//1106 1032//1104
f 1034//1105 1037//1110 1035//1106
f 1033//1101 1029//1100 1168//1107
f 3371//1108 1032//1104 1035//1106
f 1036//1109 1035//1106 1037//1110
f 1166//1112 1038//1113 1037//1110
f 1039//1111 1037//1110 1038//1113
f 1039//1111 1040//1116 3372//1115
f 1041//1114 1042//1118 1040//1116
f 1043//1117 1047//1122 1042//1118
f 1041//1114 1038//1113 1044//1119
f 1046//1121 1049//1126 1047//1122
f 1042//1118 1047//1122 1048//1123
f 1052//1125 1048//1123 1047//1122
f 1049//1126 1050//1128 1054//1129
f 1053//1130 3355//3388 1048//1123
f 1052//1125 1054//1129 1056//1131
f 1055//1132 1057//1135 1056//1131
f 1055//1132 1054//1129 1050//1128
f 1058//1134 1056//1131 1057//1135
f 1059//1137 1053//1130 1056//1131
f 1058//1134 1061//1139 1063//1138
f 1060//1136 1064//1142 1061//1139
f 3352//1140 1063//1138 1061//1139
f 1062//1141 1061//1139 1064//1142
f 1067//1144 1066//1145 1064//1142
f 1065//1143 1064//1142 1066//1145
f 3400//1147 1068//1149 1066//1145
f 1070//1148 1069//1146 1066//1145
f 1069//1146 1071//1151 1074//1150
f 1070//1148 1072//1153 1071//1151
f 3396//1152 1073//1155 1071//1151
f 1076//1154 1074//1150 1071//1151
f 1065//1143 1074//1150 1075//1156
f 1074//1150 1076//1154 1077//1157
f 1078//1158 1079//1161 1077//1157
f 1076//1154 1073//1155 1080//1159
f 1081//1160 1082//1164 1079//1161
f 1078//1158 1080//1159 1084//1162
f 1083//1163 1108//1191 1082//1164
f 1081//1160 1084//1162 1086//1165
f 1088//1166 1086//1165 1084//1162
f 1085//1167 1084//1162 1080//1159
f 1083//1163 1086//1165 1087//1169
f 1090//1171 1087//1169 1086//1165
f 1085//1167 1095//3416 1089//1172
f 1088//1166 1089//1172 1091//1173
f 1090//1171 1091//1173 1092//1174
f 1097//1175 1092//1174 1091//1173
f 1089//1172 1095//3416 1093//1176
f 1094//1177 3390//3411 1096//1178
f 1093//1176 1095//3416 3398//1179
f 1099//1180 1102//1183 1092//1174
f 1097//1175 1098//1181 1101//1182
f 1099//1180 1101//1182 3387//1185
f 1087//1169 1092//1174 1102//1183
f 1109//1190 1108//1191 1105//1187
f 1103//1170 1105//1187 1108//1191
f 1111//1192 1082//1164 1108//1191
f 1141//1193 1110//1198 1109//1190
f 1109//1190 1110//1198 1113//1194
f 1112//1195 1079//1161 1082//1164
f 1111//1192 1113//1194 1115//1196
f 1114//1197 1113//1194 1110//1198
f 1116//1200 1115//1196 1113//1194
f 1120//1201 1117//1202 1115//1196
f 1112//1195 1115//1196 1117//1202
f 1120//1201 1121//1207 1118//1204
f 1117//1202 1118//1204 3353//1205
f 1122//1206 1124//1211 1121//1207
f 1116//1200 1125//1209 1122//1206
f 1123//1208 1122//1206 1125//1209
f 1123//1208 3344//3380 1124//1211
f 1126//1210 1125//1209 1127//1212
f 1114//1197 1127//1212 1125//1209
f 1131//1199 1129//1214 1127//1212
f 1128//1213 1127//1212 1129//1214
f 1134//1217 1132//1216 1129//1214
f 1133//1218 1132//1216 1135//1219
f 1138//1221 1135//1219 1132//1216
f 1136//1220 1135//1219 1137//1222
f 1139//1224 1137//1222 1135//1219
f 1138//1221 1140//1226 1142//1225
f 1141//1193 1140//1226 1138//1221
f 1106//1188 1144//1230 1142//1225
f 1107//1189 1106//1188 1140//1226
f 1139//1224 1142//1225 1143//1227
f 1147//1229 1143//1227 1142//1225
f 1100//1184 3387//1185 1146//1231
f 1149//1234 1150//1236 1143//1227
f 1151//1235 1153//1240 1150//1236
f 1149//1234 1148//1233 1154//1237
f 1152//1239 1231//1316 1153//1240
f 1152//1239 1155//1238 1156//1241
f 1158//1243 1156//1241 1155//1238
f 1157//1244 1155//1238 1154//1237
f 1159//1245 1163//1249 1161//1247
f 1162//1248 1161//1247 1163//1249
f 1222//1251 1160//1246 1161//1247
f 1166//1112 1164//1250 1163//1249
f 1165//1252 1044//1119 1038//1113
f 1167//1253 1148//1233 1145//1232
f 1159//1245 1154//1237 1148//1233
f 1034//1105 1168//1107 1164//1250
f 1164//1250 1168//1107 1169//1254
f 1171//1103 1169//1254 1168//1107
f 1162//1248 1169//1254 1170//1255
f 1172//1256 1170//1255 1169//1254
f 1171//1103 1030//1102 1174//1257
f 1172//1256 1174//1257 1175//1258
f 1173//1259 1221//1311 1170//1255
f 1177//1260 1175//1258 1174//1257
f 1176//1261 1174//1257 1030//1102
f 1176//1261 1027//1097 1025//1096
f 1176//1261 1178//1262 1180//1263
f 1181//1264 1180//1263 1178//1262
f 3386//1047 1179//1265 1178//1262
f 1184//1266 1182//1267 1180//1263
f 1177//1260 1180//1263 1182//1267
f 1185//1268 1182//1267 1183//1269
f 1960//1271 1183//1269 1182//1267
f 1187//1270 1189//1275 1186//1272
f 1185//1268 1186//1272 1175//1258
f 1187//1270 1183//1269 1959//1273
f 1188//1274 1191//1278 1189//1275
f 1224//1276 1186//1272 1189//1275
f 1190//1277 1189//1275 1191//1278
f 1193//1279 1191//1278 1192//1280
f 1970//1282 1192//1280 1191//1278
f 1196//1281 1198//1286 1194//1283
f 1197//1285 1199//1290 1198//1286
f 1196//1281 1192//1280 1971//1287
f 1203//1288 1194//1283 1198//1286
f 1200//1289 1198//1286 1199//1290
f 1201//1291 1985//2086 1202//1292
f 1200//1289 1202//1292 1205//1293
f 1204//1294 1195//1284 1194//1283
f 1203//1288 1205//1293 1206//1295
f 1207//1296 1205//1293 1202//1292
f 1211//1298 1206//1295 1205//1293
f 1210//1300 2012//2112 1212//1301
f 1211//1298 1212//1301 1214//1302
f 1213//1303 1217//1306 1206//1295
f 1218//1307 1217//1306 1219//1308
f 1204//1294 1206//1295 1217//1306
f 1158//1243 1160//1246 1219//1308
f 1220//1309 1219//1308 1160//1246
f 1220//1309 1221//1311 1223//1310
f 1222//1251 1170//1255 1221//1311
f 1224//1276 1223//1310 1221//1311
f 1218//1307 1223//1310 1195//1284
f 1190//1277 1195//1284 1223//1310
f 1173//1259 1175//1258 1186//1272
f 1216//1305 1215//1304 1156//1241
f 1228//1242 1156//1241 1215//1304
f 1225//1312 1226//1313 2011//1314
f 1227//1315 1229//1318 1228//1242
f 1228//1242 1229//1318 1231//1316
f 1248//1317 1230//1319 1229//1318
f 1231//1316 1229//1318 1230//1319
f 1234//1321 1153//1240 1231//1316
f 1233//1322 1236//1327 1234//1321
f 1232//1320 1230//1319 1246//1323
f 1235//1324 1150//1236 1153//1240
f 1234//1321 1236//1327 1237//1325
f 1240//1326 1237//1325 1236//1327
f 1241//1329 1238//1328 1236//1327
f 1242//1330 1239//1331 1238//1328
f 1240//1326 1238//1328 1239//1331
f 1241//1329 1243//1334 1245//1333
f 1233//1322 1246//1323 1243//1334
f 1244//1335 1243//1334 1246//1323
f 1257//1337 1245//1333 1243//1334
f 1247//1336 1246//1323 1230//1319
f 1248//1317 1250//1341 1249//1338
f 1247//1336 1249//1338 1252//1339
f 1251//1340 1249//1338 1250//1341
f 1253//1343 1252//1339 1249//1338
f 1244//1335 1252//1339 1254//1344
f 1256//1345 1254//1344 1252//1339
f 1257//1337 1254//1344 1255//1346
f 3385//1348 1255//1346 1254//1344
f 1258//1347 1259//1350 1245//1333
f 1260//1349 1261//1353 1259//1350
f 1258//1347 1255//1346 1263//1351
f 1262//1352 2856//2923 1261//1353
f 1260//1349 1263//1351 1265//1354
f 1264//1355 1263//1351 1255//1346
f 1266//1356 1265//1354 1263//1351
f 1266//1356 1269//1361 1267//1357
f 1262//1352 1265//1354 1267//1357
f 1268//1358 1267//1357 1270//1359
f 1270//1359 1267//1357 1269//1361
f 1271//1360 1270//1359 1273//1363
f 1272//1362 1276//1367 1273//1363
f 1278//1368 2851//2884 1274//1365
f 1277//1366 1279//1370 1280//1369
f 1276//1367 1282//1375 1279//1370
f 1279//1370 1282//1375 1284//1372
f 1283//1373 1282//1375 1276//1367
f 1286//1374 1284//1372 1282//1375
f 1334//1376 1281//1371 1284//1372
f 1286//1374 1287//1379 1285//1377
f 1286//1374 1288//1380 1289//1378
f 1283//1373 1291//1383 1288//1380
f 1325//1381 1289//1378 1288//1380
f 1290//1382 1288//1380 1291//1383
f 1292//1384 1291//1383 1269//1361
f 1272//1362 1269//1361 1291//1383
f 1266//1356 1264//1355 1293//1385
f 1292//1384 1293//1385 1294//1386
f 3385//1348 1295//1388 1293//1385
f 1297//1389 1324//1417 1294//1386
f 1296//1387 1298//1391 1299//1390
f 1295//1388 1301//1394 1298//1391
f 1309//1392 1299//1390 1298//1391
f 1300//1393 1298//1391 1301//1394
f 3385//1348 1256//1345 1301//1394
f 1302//1395 1301//1394 1256//1345
f 1253//1343 1251//1340 1303//1396
f 1307//1398 1306//1401 1304//1397
f 1305//1399 1304//1397 1303//1396
f 1300//1393 1304//1397 1306//1401
f 2001//1402 1308//1403 1306//1401
f 1309//1392 1306//1401 1308//1403
f 1310//1404 1311//1405 1299//1390
f 1310//1404 1308//1403 1313//1407
f 1315//1409 1317//1412 1316//1410
f 1318//1411 1316//1410 1317//1412
f 1321//1414 1311//1405 1316//1410
f 1320//1413 1352//1447 1319//1415
f 1318//1411 1319//1415 1322//1416
f 1321//1414 1322//1416 1324//1417
f 1297//1389 1299//1390 1311//1405
f 1325//1381 1324//1417 1322//1416
f 1323//1418 1322//1416 1319//1415
f 1290//1382 1294//1386 1324//1417
f 1323//1418 1327//1420 1289//1378
f 1326//1419 1328//1422 1327//1420
f 1329//1421 1327//1420 1328//1422
f 1329//1421 1287//1379 1289//1378
f 1330//1423 1332//1426 1331//1424
f 1331//1424 1285//1377 1287//1379
f 1333//1425 1331//1424 1332//1426
f 1334//1376 1333//1425 1335//1428
f 1336//1427 1337//1431 1335//1428
f 1338//1430 1339//1434 1337//1431
f 1336//1427 1332//1426 1341//1432
f 1340//1433 3384//2910 1339//1434
f 1338//1430 1341//1432 1343//1435
f 1345//1436 1343//1435 1341//1432
f 1342//1437 1341//1432 1332//1426
f 1340//1433 1343//1435 1344//1438
f 1346//1440 1344//1438 1343//1435
f 1345//1436 1347//1442 1348//1441
f 1342//1437 1350//1445 1347//1442
f 1357//1443 1348//1441 1347//1442
f 1349//1444 1347//1442 1350//1445
f 1330//1423 1328//1422 1350//1445
f 1351//1446 1350//1445 1328//1422
f 1326//1419 1319//1415 1352//1447
f 1351//1446 1352//1447 1353//1448
f 1354//1449 1353//1448 1352//1447
f 1355//1450 1353//1448 1354//1449
f 1357//1443 1349//1444 1353//1448
f 1356//1451 1359//1455 1358//1452
f 1355//1450 1358//1452 1360//1453
f 1361//1454 1358//1452 1359//1455
f 1364//1457 1360//1453 1358//1452
f 1362//1456 1696//1786 1363//1458
f 1361//1454 1363//1458 1366//1459
f 1365//1460 1389//1487 1360//1453
f 1364//1457 1366//1459 1368//1461
f 1367//1462 1366//1459 1363//1458
f 1369//1463 1371//1467 1374//1465
f 1370//1466 1381//1479 1368//1461
f 1688//1469 1373//1470 1371//1467
f 1374//1465 1371//1467 1373//1470
f 1370//1466 1374//1465 1376//1472
f 1379//1473 1376//1472 1377//1475
f 1661//1477 1377//1475 1376//1472
f 1380//1476 1383//1481 1382//1478
f 1384//1480 1382//1478 1383//1481
f 1387//1483 1381//1479 1382//1478
f 1390//1484 1385//1485 1384//1480
f 1387//1483 1384//1480 1385//1485
f 1365//1460 1368//1461 1381//1479
f 1388//1486 1389//1487 1365//1460
f 1388//1486 1385//1485 1344//1438
f 1346//1440 1348//1441 1389//1487
f 1389//1487 1348//1441 1357//1443
f 1386//1482 1391//1490 1392//1488
f 1386//1482 1383//1481 1393//1489
f 1397//1491 1392//1488 1391//1490
f 1391//1490 1393//1489 1396//1493
f 1394//1492 1395//1495 1398//1494
f 1396//1493 1665//1760 1395//1495
f 1397//1491 1398//1494 1402//1496
f 1399//1497 1401//1499 1392//1488
f 1400//1498 3384//2910 1401//1499
f 1399//1497 1402//1496 1404//1500
f 1403//1501 1402//1496 1398//1494
f 1406//1503 1404//1500 1402//1496
f 1400//1498 1404//1500 1405//1504
f 1409//1506 1405//1504 1404//1500
f 1409//1506 1407//1508 1413//1510
f 1410//1509 1413//1510 1415//1511
f 1411//1512 2833//2906 1412//1513
f 1414//1514 1413//1510 1407//1508
f 1417//1517 2829//2904 1415//1511
f 1416//1515 1418//1519 1419//1518
f 1414//1514 1421//1522 1418//1519
f 2690//1520 1419//1518 1418//1519
f 1423//1524 1421//1522 1422//1523
f 1426//1527 1430//1532 1428//1528
f 1425//1525 1427//1530 1678//1529
f 1422//1523 1681//1776 1427//1530
f 1429//1531 1428//1528 1430//1532
f 2680//1534 1424//1526 1428//1528
f 1431//1533 1430//1532 1432//1535
f 1435//1537 1432//1535 1430//1532
f 1435//1537 1437//1540 1436//1539
f 1434//1538 1436//1539 1437//1540
f 1439//1541 1437//1540 1438//1542
f 1439//1541 1440//1545 2461//1544
f 1441//1543 1442//3407 1440//1545
f 1444//1546 1442//3407 1441//1543
f 1452//1556 1454//1558 1453//1554
f 1456//1557 1451//1555 1453//1554
f 1653//1559 1455//1560 1454//1558
f 1456//1557 1454//1558 1455//1560
f 1456//1557 1457//1563 2445//1562
f 1458//1561 1459//1565 1457//1563
f 1460//1564 1461//1568 1459//1565
f 1458//1561 1455//1560 1462//1566
f 1463//1567 1466//1573 1461//1568
f 1460//1564 1462//1566 1464//1569
f 1463//1567 1464//1569 1647//1570
f 1467//1572 1466//1573 1463//1567
f 1466//1573 1467//1572 1469//1574
f 1470//1576 1461//1568 1466//1573
f 1469//1574 1472//1580 1471//1577
f 1468//1575 1471//1577 1474//1578
f 1473//1579 1471//1577 1472//1580
f 1475//1582 1474//1578 1471//1577
f 1479//1583 1476//1584 1474//1578
f 1470//1576 1474//1578 1476//1584
f 1478//1585 1476//1584 1477//1586
f 1481//1588 1477//1586 1476//1584
f 1475//1582 1606//1704 1480//1589
f 1479//1583 1480//1589 1482//1590
f 780//825 783//826 1477//1586
f 1481//1588 1482//1590 778//823
f 1485//824 778//823 1482//1590
f 1483//1591 1482//1590 1480//1589
f 1484//1592 1487//1596 1486//1593
f 1483//1591 1486//1593 1488//1594
f 1489//1595 1486//1593 1487//1596
f 1491//1597 1488//1594 1486//1593
f 312//349 314//348 1490//1598
f 1489//1595 1490//1598 1493//1599
f 1491//1597 1493//1599 1495//1600
f 1492//1601 1604//1623 1488//1594
f 1497//1604 1495//1600 1493//1599
f 1506//1613 1508//1679 1507//1614
f 1505//1612 1507//1614 1510//1615
f 1507//1614 1508//1679 1532//1616
f 1509//1617 1511//1619 1510//1615
f 1497//1604 1500//1607 1510//1615
f 1512//1618 1510//1615 1511//1619
f 1513//1620 1515//1622 1514//1621
f 1512//1618 1514//1621 1495//1600
f 1516//813 1514//1621 1515//1622
f 1492//1601 1495//1600 1514//1621
f 1516//813 770//812 1604//1623
f 1518//1624 1517//1625 1515//1622
f 1520//1627 1519//1626 1517//1625
f 1520//1627 1522//1629 1521//1628
f 1519//1626 1521//1628 767//806
f 757//797 1521//1628 1522//1629
f 759//799 767//806 1521//1628
f 1523//796 1522//1629 1524//1630
f 1527//1631 1524//1630 1522//1629
f 1526//789 1524//1630 1525//1632
f 1528//1633 1525//1632 1524//1630
f 1528//1633 1527//1631 1529//1634
f 1518//1624 1529//1634 1527//1631
f 1513//1620 1511//1619 1529//1634
f 1530//1635 1529//1634 1511//1619
f 1509//1617 1532//1616 1531//1636
f 1530//1635 1531//1636 1533//1637
f 1534//1638 1531//1636 1532//1616
f 1537//1640 1533//1637 1531//1636
f 1535//1639 1566//1671 1536//1641
f 1534//1638 1536//1641 1538//1642
f 1538//1642 1540//1645 1539//1643
f 1537//1640 1539//1643 1541//1644
f 745//782 1541//1644 1539//1643
f 743//779 1539//1643 1540//1645
f 749//784 1525//1632 1541//1644
f 1533//1637 1541//1644 1525//1632
f 739//776 1540//1645 1542//1646
f 1542//1646 1540//1645 1538//1642
f 1542//1646 1543//1648 735//771
f 1543//1648 1542//1646 1544//1647
f 1544//1647 1538//1642 1536//1641
f 1545//1650 1547//1667 1546//1649
f 1546//1649 1547//1667 1549//1651
f 1548//1652 1551//1655 1543//1648
f 1548//1652 1549//1651 1603//1653
f 1550//1654 1552//1656 1551//1655
f 1551//1655 1552//1656 729//766
f 732//767 735//771 1543//1648
f 721//758 729//766 1552//1656
f 1550//1654 1603//1653 1554//1657
f 1554//1657 1557//1659 1555//1658
f 713//751 715//750 1553//757
f 632//669 713//751 1555//1658
f 1556//668 1555//1658 1557//1659
f 1558//1660 1557//1659 1559//1661
f 1562//1663 1559//1661 1557//1659
f 1560//1662 1559//1661 1561//1664
f 1563//1666 1561//1664 1559//1661
f 1562//1663 1549//1651 1547//1667
f 1554//1657 1603//1653 1549//1651
f 1563//1666 1547//1667 1545//1650
f 1564//1668 1565//1670 1561//1664
f 1564//1668 1566//1671 1567//1669
f 1545//1650 1536//1641 1566//1671
f 1568//1672 1567//1669 1566//1671
f 1572//1673 1569//1675 1567//1669
f 1570//1674 1565//1670 1567//1669
f 1569//1675 1571//1677 1597//1676
f 1572//1673 1573//1678 1571//1677
f 1506//1613 1504//1611 1573//1678
f 1572//1673 1568//1672 1508//1679
f 1573//1678 1504//1611 1503//1610
f 1574//1680 1576//1683 1571//1677
f 1574//1680 1503//1610 1600//1681
f 1575//1682 1578//1685 1576//1683
f 1597//1676 1571//1677 1576//1683
f 1577//1684 1576//1683 1578//1685
f 1582//1688 1580//1687 1578//1685
f 333//369 1583//368 1580//1687
f 1584//1690 1583//368 334//1691
f 341//373 1587//376 1586//1693
f 620//654 1585//1692 1586//1693
f 618//651 1586//1693 1587//376
f 616//649 1587//376 342//377
f 1590//653 1588//1694 1585//1692
f 1589//1695 1588//1694 1590//653
f 1591//1696 1590//653 621//656
f 1592//659 1594//1699 1593//1697
f 1591//1696 1593//1697 1595//1698
f 1596//1665 1595//1698 1593//1697
f 1560//1662 1593//1697 1594//1699
f 1570//1674 1597//1676 1595//1698
f 1589//1695 1595//1698 1597//1676
f 1596//1665 1561//1664 1565//1670
f 1558//1660 1594//1699 631//667
f 625//660 631//667 1594//1699
f 1575//1682 1600//1681 1598//1700
f 1582//1688 1598//1700 331//366
f 1599//1701 329//364 331//366
f 1599//1701 1598//1700 1600//1681
f 1601//1702 1600//1681 1503//1610
f 1494//1602 316//350 1602//1703
f 317//353 319//354 329//364
f 1535//1639 1532//1616 1508//1679
f 1526//789 748//788 752//786
f 1485//824 1488//1594 1604//1623
f 1605//342 307//341 1487//1596
f 1484//1592 1480//1589 1606//1704
f 1606//1704 1607//1705 308//339
f 1473//1579 1607//1705 1606//1704
f 304//338 308//339 1607//1705
f 1608//1706 1607//1705 1473//1579
f 1608//1706 1609//332 299//333
f 1610//1581 1611//1707 1609//332
f 1472//1580 1613//1709 1611//1707
f 298//330 1609//332 1611//1707
f 1612//1708 1611//1707 1613//1709
f 1469//1574 1614//1711 1613//1709
f 1615//1710 1613//1709 1614//1711
f 1616//1712 1619//1717 1617//1713
f 1615//1710 1617//1713 1618//1714
f 1621//1715 1618//1714 1617//1713
f 1620//1716 1617//1713 1619//1717
f 1620//1716 1622//1720 2433//1719
f 1623//1718 1624//1722 1622//1720
f 1625//1721 1626//1725 1624//1722
f 1623//1718 1619//1717 1627//1723
f 1628//1724 1629//1728 1626//1725
f 1625//1721 1627//1723 1631//1726
f 1630//1727 1756//1853 1629//1728
f 1628//1724 1631//1726 1633//1729
f 1632//1730 1631//1726 1627//1723
f 1634//1732 1633//1729 1631//1726
f 1630//1727 1633//1729 1635//1733
f 1637//1735 1635//1733 1633//1729
f 1636//1734 1635//1733 1638//1736
f 1640//1738 1638//1736 1635//1733
f 1639//1737 1638//1736 1373//1470
f 1375//1471 1373//1470 1638//1736
f 1640//1738 1641//1739 1378//1474
f 1637//1735 1643//1741 1641//1739
f 1642//1740 1641//1739 1643//1741
f 1661//1477 1378//1474 1641//1739
f 1644//1742 1643//1741 1645//1743
f 1647//1570 1645//1743 1646//1744
f 1632//1730 1646//1744 1645//1743
f 1464//1569 1650//1747 1644//1742
f 1465//1571 1646//1744 1648//1745
f 1649//1731 1648//1745 1646//1744
f 1467//1572 1648//1745 1614//1711
f 1616//1712 1614//1711 1648//1745
f 1649//1731 1627//1723 1619//1717
f 1644//1742 1650//1747 1651//1746
f 1650//1747 1464//1569 1462//1566
f 1652//1748 1654//1751 1651//1746
f 1655//1749 1654//1751 1652//1748
f 1659//1752 1651//1746 1654//1751
f 1656//1750 1658//1754 1660//1755
f 1659//1752 1660//1755 1377//1475
f 1659//1752 1661//1477 1642//1740
f 1662//1756 1660//1755 1658//1754
f 1380//1476 1377//1475 1660//1755
f 1663//1757 1396//1493 1393//1489
f 1662//1756 1393//1489 1383//1481
f 1663//1757 1658//1754 1667//1758
f 1674//1761 1665//1760 1664//1759
f 1668//1763 1445//1549 1670//1765
f 1672//1767 1671//1766 1670//1765
f 1676//1769 1673//1768 1671//1766
f 1674//1761 1673//1768 1675//1770
f 1677//1772 1675//1770 1673//1768
f 1672//1767 1679//1773 1678//1529
f 1680//1774 1684//1777 1675//1770
f 1407//1508 1408//1507 1682//1775
f 1685//1502 1684//1777 1680//1774
f 1685//1502 1398//1494 1395//1495
f 1668//1763 1657//1753 1655//1749
f 1688//1469 1689//1781 1687//1778
f 1639//1737 1687//1778 1757//1779
f 1688//1469 1372//1468 1691//1780
f 2440//1782 1687//1778 1689//1781
f 1689//1781 1691//1780 1692//1784
f 1693//1464 1691//1780 1372//1468
f 1694//1785 1692//1784 1691//1780
f 1693//1464 1363//1458 1696//1786
f 1695//1787 2442//2498 1692//1784
f 1694//1785 1696//1786 1697//1788
f 1698//1789 1697//1788 1696//1786
f 1695//1787 1697//1788 1699//1790
f 1700//1792 1699//1790 1697//1788
f 1701//1791 1699//1790 1702//1794
f 1704//1797 1703//1793 1705//1796
f 1704//1797 1732//1826 1702//1794
f 1707//1798 1705//1796 1706//1799
f 1709//1801 1706//1799 1705//1796
f 1698//1789 1710//1803 1708//1802
f 1709//1801 1708//1802 1710//1803
f 1711//1804 1710//1803 1359//1455
f 1362//1456 1359//1455 1710//1803
f 1711//1804 1712//1806 1713//1805
f 1356//1451 1354//1449 1712//1806
f 1320//1413 1317//1412 1712//1806
f 1713//1805 1712//1806 1317//1412
f 1315//1409 1314//1408 1714//1807
f 1718//1800 1706//1799 1714//1807
f 1715//1808 1714//1807 1314//1408
f 1715//1808 1717//1810 1719//1811
f 1718//1800 1719//1811 1721//1812
f 1720//1813 1719//1811 1717//1810
f 1723//1815 1721//1812 1719//1811
f 1707//1798 1721//1812 1722//1816
f 1725//1817 1722//1816 1721//1812
f 1720//1813 2064//2160 1724//1818
f 1723//1815 1724//1818 1726//1819
f 1725//1817 1726//1819 1729//1820
f 1725//1817 1727//1821 1731//1822
f 1733//1823 1731//1822 1727//1821
f 1735//1827 1732//1826 1731//1822
f 1779//1829 1734//1828 1733//1823
f 1736//1830 1739//1831 1737//1795
f 1737//1795 1702//1794 1732//1826
f 1741//1834 1740//1833 1739//1831
f 1745//1835 1743//1837 1740//1833
f 1742//1836 1740//1833 1743//1837
f 1746//1838 1743//1837 1744//1839
f 1771//1841 1744//1839 1743//1837
f 1746//1838 1747//1843 2441//1842
f 1748//1840 1744//1839 1768//1844
f 1749//1845 1752//1848 1750//1846
f 2440//1782 1747//1843 1750//1846
f 1751//1847 1750//1846 1752//1848
f 1765//1850 1753//1851 1752//1848
f 1754//1849 1752//1848 1753//1851
f 1755//1852 1629//1728 1756//1853
f 1754//1849 1756//1853 1757//1779
f 1751//1847 1757//1779 1687//1778
f 1758//1854 1626//1725 1629//1728
f 1755//1852 1753//1851 1760//1855
f 1759//1856 1624//1722 1626//1725
f 1758//1854 1760//1855 1761//1857
f 1764//1858 1761//1857 1760//1855
f 1762//1859 1760//1855 1753//1851
f 1765//1850 1766//1862 1763//1860
f 1762//1859 1763//1860 2424//1861
f 1749//1845 1768//1844 1766//1862
f 1828//1863 1763//1860 1766//1862
f 1767//1864 1766//1862 1768//1844
f 1769//1865 1768//1844 1744//1839
f 1771//1841 1772//1868 1770//1866
f 1769//1865 1770//1866 1826//1867
f 1745//1835 1774//1870 1772//1868
f 1773//1869 1772//1868 1774//1870
f 1823//1872 1770//1866 1772//1868
f 1775//1871 1774//1870 1776//1873
f 1741//1834 1776//1873 1774//1870
f 1777//1874 1776//1873 1734//1828
f 1736//1830 1734//1828 1776//1873
f 1777//1874 1778//1876 2426//1875
f 1779//1829 1780//1879 1778//1876
f 1781//1877 1780//1879 1779//1829
f 1784//1878 1782//1880 1780//1879
f 1778//1876 1780//1879 1782//1880
f 1785//1881 1782//1880 1783//1882
f 2130//1884 1783//1882 1782//1880
f 1786//1885 2426//1875 1778//1876
f 1787//1883 1788//1887 1786//1885
f 1789//1886 1790//1890 1788//1887
f 1787//1883 1783//1882 1791//1888
f 1792//1889 1793//1893 1790//1890
f 1789//1886 1791//1888 1795//1891
f 1794//1892 1807//1905 1793//1893
f 1797//1894 1794//1892 1792//1889
f 1797//1894 1795//1891 1796//1895
f 2131//1897 1796//1895 1795//1891
f 1800//1898 1799//1899 1797//1894
f 1794//1892 1797//1894 1799//1899
f 2122//1901 1801//1902 1799//1899
f 1802//1900 1799//1899 1801//1902
f 1803//1903 1805//1907 1804//1904
f 1802//1900 1804//1904 1807//1905
f 1806//1906 1804//1904 1805//1907
f 1808//1909 1807//1905 1804//1904
f 1809//1910 1793//1893 1807//1905
f 1808//1909 1806//1906 1810//1911
f 1811//1912 1790//1890 1793//1893
f 1811//1912 1809//1910 1810//1911
f 1812//1914 1788//1887 1790//1890
f 1813//1913 1814//1916 1812//1914
f 1815//1915 1816//1919 1814//1916
f 1815//1915 1813//1913 1810//1911
f 1818//1918 1821//1921 1816//1919
f 1817//1917 1820//1922 1818//1918
f 1819//1920 1822//1924 1821//1921
f 1819//1920 1818//1918 1820//1922
f 1823//1872 1821//1921 1822//1924
f 1773//1869 1816//1919 1821//1921
f 1824//1925 1826//1867 1770//1866
f 1824//1925 1822//1924 1836//1926
f 1825//1927 1827//1928 1826//1867
f 1767//1864 1826//1867 1827//1928
f 1828//1863 1827//1928 1829//1929
f 1831//1931 1829//1929 1827//1928
f 1830//1930 1829//1929 233//261
f 1832//262 233//261 1829//1929
f 1831//1931 1825//1927 1836//1926
f 1835//1934 2423//2486 1834//1933
f 1833//1932 1836//1926 1837//1935
f 1822//1924 1819//1920 1837//1935
f 1835//1934 1837//1935 1838//1936
f 1841//1923 1838//1936 1837//1935
f 1842//1939 1839//1938 1838//1936
f 1841//1923 1820//1922 1843//1940
f 1842//1939 1843//1940 1845//1941
f 1846//1945 2411//2476 1847//1943
f 1849//1946 1848//1944 1845//1941
f 1852//1948 1850//1949 1848//1944
f 1846//1945 1848//1944 1850//1949
f 1851//1950 1850//1949 1853//1951
f 1855//1953 1853//1951 1850//1949
f 1855//1953 2133//2222 1854//1954
f 1856//1952 1853//1951 1854//1954
f 1856//1952 1857//1957 2410//1956
f 1858//1955 1859//1959 1857//1957
f 1860//1958 1861//1962 1859//1959
f 1858//1955 1854//1954 1862//1960
f 1863//1961 1865//1965 1861//1962
f 1860//1958 1862//1960 1866//1963
f 1864//1964 2401//2468 1865//1965
f 1863//1961 1866//1963 1869//1966
f 1867//1967 1866//1963 1862//1960
f 1864//1964 1869//1966 1870//1970
f 1872//1973 1871//1972 1873//1974
f 1872//1973 2406//2473 1870//1970
f 1875//1976 1873//1974 1871//1972
f 1876//1975 1873//1974 1874//1977
f 2139//1979 1874//1977 1873//1974
f 1877//1978 1881//1984 1878//1980
f 1876//1975 1878//1980 1879//1981
f 1880//1983 1878//1980 1881//1984
f 1883//1986 2407//2474 1879//1981
f 1882//1982 1884//1988 1886//1987
f 2175//1991 1886//1987 1884//1988
f 1889//1992 1887//1990 1888//1993
f 2173//1985 1888//1993 1887//1990
f 1892//1994 1893//1996 894//947
f 1888//1993 1895//1999 1893//1996
f 2166//1997 894//947 1893//1996
f 1897//2001 1895//1999 1896//2000
f 1894//1998 1897//2001 1898//2003
f 1899//2002 1900//2006 1898//2003
f 1901//2005 1903//2239 1900//2006
f 1896//2000 1904//2008 1901//2005
f 1902//2007 1901//2005 1904//2008
f 2172//2010 1903//2239 1901//2005
f 1905//2009 1904//2008 1881//1984
f 2173//1985 1881//1984 1904//2008
f 1905//2009 1906//2012 1908//2011
f 1877//1978 1874//1977 1906//2012
f 1907//2013 1906//2012 1874//1977
f 1910//2014 1908//2011 1906//2012
f 1902//2007 1908//2011 1909//2015
f 1912//2016 1909//2015 1908//2011
f 1910//2014 1911//2018 1913//2017
f 1907//2013 2140//2227 1911//2018
f 1920//2021 1917//2024 1915//2019
f 1916//2022 1915//2019 1913//2017
f 1914//2020 1915//2019 1917//2024
f 1919//2025 1917//2024 1918//2026
f 1922//2028 1918//2026 1917//2024
f 1916//2022 2096//2180 1921//2029
f 1920//2021 1921//2029 1923//2030
f 1922//2028 1923//2030 1925//2031
f 1924//2032 1927//2035 1918//2026
f 1924//2032 1925//2031 2086//2033
f 1926//2034 1928//2037 1927//2035
f 1929//2036 1927//2035 1928//2037
f 1930//2027 1918//2026 1927//2035
f 1929//2036 1932//2040 1933//2039
f 1931//2038 1935//2043 1932//2040
f 2146//2041 1933//2039 1932//2040
f 1936//996 1934//2042 1932//2040
f 1931//2038 1939//2046 1937//2044
f 1935//2043 1937//2044 940//997
f 942//998 940//997 1937//2044
f 1938//2045 1937//2044 1939//2046
f 1931//2038 1928//2037 1940//2048
f 1941//2047 1939//2046 1940//2048
f 1941//2047 1942//2051 1969//2050
f 1943//2049 1945//2054 1942//2051
f 2095//2052 1944//2053 1943//2049
f 1944//2053 1946//2056 1945//2054
f 1947//2055 1945//2054 1946//2056
f 1942//2051 1945//2054 1947//2055
f 1948//2058 1947//2055 1950//2059
f 1951//2061 1950//2059 1947//2055
f 1970//1282 1952//2062 1950//2059
f 1953//2060 1950//2059 1952//2062
f 1953//2060 1954//2065 1968//2064
f 1955//2063 1956//2067 1954//2065
f 1957//2066 1958//2068 1956//2067
f 1955//2063 1952//2062 1959//1273
f 1960//1271 1961//2069 1958//2068
f 1957//2066 1959//1273 1183//1269
f 959//1014 1958//2068 1961//2069
f 1181//1264 1963//2071 1962//2070
f 1965//1037 1964//1021 1962//2070
f 967//1028 962//1022 1964//1021
f 1963//2071 1966//1042 972//1035
f 1181//1264 1179//1265 1966//1042
f 976//1040 1966//1042 1179//1265
f 1188//1274 1959//1273 1952//2062
f 956//1015 1956//2067 1958//2068
f 956//1015 1967//1016 1954//2065
f 1968//2064 1954//2065 1967//1016
f 1948//2058 1968//2064 1969//2050
f 1969//2050 1968//2064 947//1003
f 1938//2045 1969//2050 944//1002
f 1951//2061 1971//1287 1192//1280
f 1949//2057 1972//2072 1971//1287
f 1197//1285 1971//1287 1972//2072
f 1972//2072 1974//2074 1976//2075
f 1977//2076 1976//2075 1974//2074
f 1975//2077 1974//2074 1946//2056
f 1980//2078 1978//2079 1976//2075
f 2092//2082 1979//2081 1978//2079
f 1973//2073 1981//2080 1199//1290
f 1982//2083 1979//2081 1986//2084
f 1982//2083 1983//2085 1985//2086
f 1983//2085 1986//2084 1988//2087
f 2041//2089 1985//2086 1983//2085
f 1987//2090 1986//2084 1979//2081
f 1990//2091 1988//2087 1986//2084
f 1988//2087 1991//2094 1992//2092
f 1989//2093 1995//2098 1993//2095
f 1992//2092 1991//2094 1993//2095
f 1994//2097 1993//2095 1995//2098
f 1996//2096 1993//2095 1994//2097
f 1997//2101 2039//2143 1992//2092
f 1998//2102 2057//2156 1997//2101
f 1999//2100 2000//2103 1998//2102
f 2001//1402 1307//1398 2000//2103
f 2001//1402 1999//2100 1994//2097
f 2002//2104 1313//1407 1308//1403
f 2002//2104 1994//2097 2062//2099
f 1716//1809 1314//1408 1313//1407
f 1305//1399 2003//2106 2000//2103
f 2004//2105 1998//2102 2000//2103
f 2008//1400 2005//2107 2003//2106
f 2004//2105 2003//2106 2005//2107
f 2006//2108 2005//2107 2007//2109
f 2007//2109 2005//2107 2008//1400
f 2008//1400 1303//1396 1251//1340
f 2009//1342 1250//1341 2011//1314
f 2007//2109 2011//1314 1226//1313
f 1227//1315 2011//1314 1250//1341
f 2013//2111 2014//2114 2006//2108
f 1226//1313 1214//1302 1212//1301
f 2015//2113 2016//2117 2014//2114
f 2013//2111 2012//2112 2017//2115
f 2018//2116 2019//2119 2016//2117
f 2015//2113 2017//2115 2021//2118
f 2021//2118 2023//2127 2020//2120
f 2024//2121 2023//2127 2021//2118
f 2050//2123 2022//2122 2021//2118
f 2020//2120 2023//2127 2025//2124
f 2027//2126 2025//2124 2023//2127
f 2030//2128 2026//2125 2025//2124
f 2031//2130 2028//2129 2025//2124
f 2031//2130 2033//2135 2029//2131
f 2028//2129 2029//2131 2059//2132
f 2031//2130 2032//2133 2035//2134
f 2056//2136 2029//2131 2033//2135
f 2033//2135 2035//2134 2037//2138
f 2036//2139 2035//2134 2032//2133
f 2038//2141 2037//2138 2035//2134
f 2040//2142 2039//2143 2037//2138
f 2034//2137 2037//2138 2039//2143
f 1984//2088 1992//2092 2039//2143
f 2038//2141 2044//2147 2042//2144
f 2041//2089 2042//2144 2043//2145
f 2046//2146 2043//2145 2042//2144
f 2044//2147 2045//2155 2047//2148
f 2036//2139 2045//2155 2044//2147
f 2046//2146 2047//2148 2049//2149
f 2048//2150 1209//1299 2043//2145
f 2048//2150 2049//2149 2022//2122
f 2050//2123 1210//1300 1209//1299
f 2051//2151 2024//2121 2022//2122
f 2049//2149 2047//2148 2053//2152
f 2054//2153 2052//2154 2051//2151
f 2024//2121 2051//2151 2052//2154
f 2053//2152 2047//2148 2045//2155
f 2055//2140 2054//2153 2045//2155
f 1208//1297 1202//1292 1985//2086
f 2034//2137 1997//2101 2057//2156
f 2058//2157 2059//2132 2029//2131
f 2056//2136 2057//2156 2060//2158
f 2016//2117 2019//2119 2059//2132
f 2058//2157 2060//2158 2014//2114
f 2060//2158 2057//2156 1998//2102
f 2006//2108 2014//2114 2060//2158
f 2030//2128 2059//2132 2019//2119
f 1717//1810 2062//2099 1995//2098
f 1989//2093 2063//2159 2061//1814
f 2066//2162 2068//2165 2070//2164
f 2075//2168 2070//2164 2068//2165
f 2073//2171 2088//2182 2074//2169
f 2076//2172 2077//2221 2070//2164
f 2075//2168 2072//2170 2079//2173
f 2129//2174 2077//2221 2076//2172
f 2080//2176 2079//2173 2081//2177
f 2081//2177 2079//2173 2072//2170
f 2081//2177 1921//2029 2096//2180
f 2083//2179 1923//2030 1921//2029
f 2084//2181 1925//2031 1923//2030
f 2083//2179 2072//2170 2074//2169
f 2084//2181 2074//2169 2088//2182
f 2085//2183 2086//2033 1925//2031
f 2087//2184 2094//2189 2086//2033
f 2085//2183 2088//2182 2089//2185
f 2090//2186 2089//2185 2088//2182
f 2092//2082 1980//2078 2089//2185
f 2087//2184 2089//2185 1980//2078
f 2073//2171 2069//2167 2091//2187
f 2091//2187 1987//2090 2092//2082
f 2093//2188 2091//2187 2069//2167
f 2063//2159 1989//2093 1990//2091
f 2094//2189 2087//2184 1977//2076
f 1926//2034 2086//2033 2094//2189
f 2094//2189 1975//2077 1944//2053
f 2095//2052 1940//2048 1928//2037
f 2082//2178 2096//2180 2144//2190
f 2101//2194 2099//2193 2098//2192
f 2100//2195 2098//2192 2097//2191
f 2100//2195 2102//2198 2119//2197
f 2102//2198 2100//2195 2103//2196
f 2103//2196 2104//2201 2106//2200
f 2097//2191 2144//2190 2104//2201
f 2105//2199 2106//2200 2108//2202
f 2107//2203 2110//2206 2102//2198
f 2107//2203 2108//2202 2132//2204
f 2109//2205 2113//2209 2110//2206
f 2119//2197 2102//2198 2110//2206
f 1849//1946 2112//2208 2113//2209
f 2111//2207 2112//2208 2114//2210
f 2116//1947 2114//2210 2112//2208
f 2115//2211 2114//2210 1805//1907
f 2117//1908 1805//1907 2114//2210
f 2116//1947 1845//1941 1843//1940
f 2115//2211 2118//2212 2119//2197
f 1803//1903 1801//1902 2118//2212
f 2120//2213 2118//2212 1801//1902
f 2122//1901 2123//2215 2121//2214
f 2129//2174 2121//2214 2123//2215
f 1730//1825 1729//1820 2128//2220
f 2126//2218 2128//2220 2077//2221
f 2078//2175 2099//2193 2121//2214
f 2067//2163 2070//2164 2077//2221
f 1730//1825 2127//2219 1781//1877
f 1784//1878 1781//1877 2127//2219
f 2130//1884 2127//2219 2125//2217
f 2131//1897 1791//1888 1783//1882
f 2125//2217 2124//2216 1796//1895
f 1798//1896 1796//1895 2124//2216
f 2109//2205 2132//2204 2133//2222
f 2135//1968 2133//2222 2132//2204
f 2135//1968 2134//2223 2137//2225
f 2136//2224 2138//2226 2137//2225
f 1867//1967 2137//2225 1875//1976
f 1875//1976 2137//2225 2138//2226
f 2139//1979 2138//2226 2140//2227
f 2141//2228 2140//2227 2138//2226
f 2142//2229 1911//2018 2140//2227
f 2141//2228 2106//2200 2104//2201
f 2136//2224 2108//2202 2106//2200
f 2143//2023 1913//2017 1911//2018
f 2142//2229 2104//2201 2144//2190
f 2135//1968 1862//1960 1854//1954
f 939//993 2145//2251 1934//2042
f 1934//2042 2145//2251 2147//2230
f 2148//2231 2150//2235 1933//2039
f 2146//2041 2147//2230 2151//2232
f 2148//2231 2151//2232 2153//2233
f 2149//2234 2171//2252 2150//2235
f 2152//2236 2151//2232 2147//2230
f 2153//2233 2151//2232 2152//2236
f 2154//2238 1900//2006 1903//2239
f 2152//2236 2157//2242 2155//2240
f 2155//2240 1898//2003 1900//2006
f 2167//2004 1898//2003 2155//2240
f 2156//2241 2155//2240 2157//2242
f 2159//2243 2157//2242 2158//2244
f 2168//2237 2158//2244 2157//2242
f 2160//979 922//975 2161//2245
f 2163//970 2165//2248 2164//2247
f 2156//2241 2162//2246 2164//2247
f 2160//979 2158//2244 2169//2249
f 2170//2250 2169//2249 2158//2244
f 923//978 2169//2249 934//987
f 934//987 2169//2249 2170//2250
f 2168//2237 2147//2230 2145//2251
f 936//992 2170//2250 2145//2251
f 1930//2027 1933//2039 2150//2235
f 2172//2010 1909//2015 2171//2252
f 1885//1989 1891//1995 2174//2253
f 884//933 2174//2253 1891//1995
f 885//935 1891//1995 1890//943
f 2175//1991 2174//2253 2176//2254
f 881//930 2176//2254 2174//2253
f 2177//2255 2176//2254 2178//2256
f 878//927 2178//2256 2176//2254
f 2180//2257 2178//2256 2179//2258
f 875//924 2179//2258 2178//2256
f 2180//2257 2182//2261 2184//2260
f 2181//2259 2183//2263 2182//2261
f 2185//2262 2182//2261 2183//2263
f 2187//2265 2184//2260 2182//2261
f 2186//2264 2191//2270 2188//2266
f 2185//2262 2188//2266 2189//2267
f 2405//2268 2189//2267 2188//2266
f 2190//2269 2188//2266 2191//2270
f 2192//2271 2191//2270 2193//2272
f 2194//2274 2193//2272 2191//2270
f 2228//2275 2195//2276 2193//2272
f 2196//2273 2193//2272 2195//2276
f 2198//2277 2199//2280 2197//2278
f 2196//2273 2197//2278 2402//2279
f 2199//2280 2198//2277 2200//2281
f 2198//2277 2195//2276 2203//2283
f 2202//2284 2349//2420 2201//2282
f 2200//2281 2203//2283 2205//2285
f 2203//2283 2204//2287 2206//2286
f 2204//2287 2203//2283 2195//2276
f 2208//112 97//111 2205//2285
f 2202//2284 2205//2285 97//111
f 2206//2286 2207//2289 2209//2288
f 2204//2287 2226//2305 2207//2289
f 2208//112 2209//2288 2211//2290
f 2213//2291 2211//2290 2209//2288
f 2210//2292 2209//2288 2207//2289
f 96//110 2211//2290 2212//2294
f 2215//2295 2212//2294 2211//2290
f 2210//2292 2218//2300 2216//2296
f 2238//2298 2214//2297 2216//2296
f 2217//2299 2216//2296 2218//2300
f 2223//2293 2220//2302 2218//2300
f 2219//2301 2218//2300 2220//2302
f 2221//919 2220//2302 2222//2303
f 2224//2304 2222//2303 2220//2302
f 2223//2293 2207//2289 2226//2305
f 2224//2304 2226//2305 2227//2306
f 2225//2307 2232//2310 2222//2303
f 2228//2275 2227//2306 2226//2305
f 2194//2274 2229//2308 2227//2306
f 2225//2307 2227//2306 2229//2308
f 2230//2309 2229//2308 2183//2263
f 2186//2264 2183//2263 2229//2308
f 2230//2309 2231//2311 2232//2310
f 2181//2259 2179//2258 2231//2311
f 870//920 2232//2310 2231//2311
f 872//921 2231//2311 2179//2258
f 868//917 2222//2303 2232//2310
f 2221//919 867//918 2233//2312
f 2219//2301 2233//2312 2235//2313
f 2234//2314 2233//2312 867//918
f 2236//2315 2235//2313 2233//2312
f 2239//2316 2237//2317 2235//2313
f 2217//2299 2235//2313 2237//2317
f 2238//2298 2237//2317 2240//2318
f 2243//2320 2240//2318 2237//2317
f 2244//2319 2240//2318 2241//2322
f 2244//2319 2246//2324 2214//2297
f 2215//2295 2214//2297 2246//2324
f 2248//2325 2246//2324 2247//2326
f 2249//2327 86//100 90//104
f 2248//2325 90//104 2212//2294
f 2250//94 81//93 86//100
f 2249//2327 2247//2326 2251//2328
f 2250//94 2251//2328 73//85
f 2253//86 73//85 2251//2328
f 2254//2330 2255//2332 2253//86
f 2245//2323 2241//2322 2254//2330
f 2256//2331 2257//2364 2255//2332
f 2256//2331 2254//2330 2241//2322
f 2259//2333 2257//2364 2256//2331
f 2261//2335 2258//2334 2256//2331
f 2276//2336 2259//2333 2258//2334
f 2260//2337 2258//2334 2261//2335
f 2262//2338 2261//2335 2263//2339
f 2264//2340 2263//2339 2265//2341
f 2239//2316 2265//2341 2263//2339
f 2267//2342 2265//2341 2266//2343
f 2236//2315 2266//2343 2265//2341
f 2268//2344 2270//793 754//791
f 2267//2342 754//791 751//790
f 2269//2345 2271//2347 2270//793
f 2268//2344 2266//2343 2272//2346
f 755//794 2270//793 2271//2347
f 761//800 2271//2347 857//907
f 859//908 857//907 2271//2347
f 2269//2345 2272//2346 862//913
f 865//914 862//913 2272//2346
f 2234//2314 2272//2346 2266//2343
f 2264//2340 751//790 2273//2348
f 2262//2338 2273//2348 2274//2349
f 742//780 2274//2349 2273//2348
f 2260//2337 2274//2349 2275//2350
f 742//780 740//777 2275//2350
f 2278//2351 2276//2336 2275//2350
f 2277//2352 2275//2350 740//777
f 733//770 730//769 2279//2353
f 2277//2352 2279//2353 2281//2354
f 2280//2355 2279//2353 730//769
f 2282//2356 2281//2354 2279//2353
f 2284//2357 2283//2358 2281//2354
f 2278//2351 2281//2354 2283//2358
f 2287//2360 2286//2361 2283//2358
f 2285//2359 2283//2358 2286//2361
f 68//80 70//79 2286//2361
f 2288//2362 2286//2361 70//79
f 2257//2364 2259//2333 2285//2359
f 2289//2363 2255//2332 2257//2364
f 71//81 2253//86 2255//2332
f 2284//2357 2290//4 3//6
f 2287//2360 3//6 3461//78
f 2278//2351 2285//2359 2259//2333
f 2282//2356 2291//2365 2290//4
f 2//3 2290//4 2291//2365
f 2280//2355 2293//2367 2291//2365
f 2292//2366 2291//2365 2293//2367
f 727//764 725//763 2293//2367
f 2294//2368 2293//2367 725//763
f 2294//2368 2295//2369 2296//2370
f 2296//2370 2295//2369 2297//2371
f 2300//2373 2297//2371 2295//2369
f 2331//2376 2299//2375 2298//2374
f 2301//2377 2345//2417 2297//2371
f 2300//2373 2302//2379 2304//2378
f 2302//2379 2299//2375 2333//2380
f 2307//2383 2309//2388 2304//2378
f 2313//2384 2306//2390 2305//2382
f 2305//2382 2306//2390 2310//2385
f 2307//2383 2310//2385 2311//2386
f 2308//2387 2335//2409 2309//2388
f 2312//2389 2310//2385 2306//2390
f 2315//2391 2311//2386 2310//2385
f 2313//2384 2334//2407 2314//2392
f 2314//2392 2316//2394 2315//2391
f 2318//2395 2317//2396 2316//2394
f 2318//2395 2325//2400 2319//2397
f 2322//2399 696//735 689//728
f 2324//738 2319//2397 2325//2400
f 2327//2401 2326//2404 2325//2400
f 2325//2400 2326//2404 698//741
f 2328//2402 2326//2404 2327//2401
f 700//742 698//741 2326//2404
f 2329//2403 2331//2376 2330//2405
f 2328//2402 2330//2405 2332//2406
f 2330//2405 2331//2376 724//762
f 717//754 2332//2406 2330//2405
f 2329//2403 2333//2380 2299//2375
f 2327//2401 2334//2407 2333//2380
f 2303//2381 2333//2380 2334//2407
f 2318//2395 2314//2392 2334//2407
f 682//720 2335//2409 2308//2387
f 2338//2411 2339//20 2340//2412
f 2341//2413 2340//2412 2342//2414
f 14//17 2342//2414 2340//2412
f 2344//2415 2342//2414 2343//2416
f 7//9 2343//2416 2342//2414
f 2346//2372 2297//2371 2345//2417
f 2344//2415 2345//2417 2347//2418
f 2346//2372 2343//2416 6//8
f 2348//2419 2347//2418 2345//2417
f 2337//2408 2336//2410 2347//2418
f 2341//2413 2347//2418 2336//2410
f 2301//2377 2304//2378 2309//2388
f 2348//2419 2309//2388 2335//2409
f 2292//2366 2296//2370 6//8
f 99//113 101//114 2349//2420
f 2350//2421 2349//2420 101//114
f 2353//2422 2201//2282 2349//2420
f 2352//116 2364//2434 2351//2423
f 2353//2422 2350//2421 2351//2423
f 2353//2422 2354//2425 2199//2280
f 2354//2425 2353//2422 2355//2424
f 2360//2427 2357//2428 2355//2424
f 2356//2426 2355//2424 2357//2428
f 2358//2429 2357//2428 2359//2430
f 2361//2432 2359//2430 2357//2428
f 2360//2427 2362//2435 2363//2433
f 2360//2427 2351//2423 2364//2434
f 112//127 114//129 2363//2433
f 102//117 109//123 2364//2434
f 2361//2432 2363//2433 2365//2436
f 118//130 2365//2436 2363//2433
f 2366//2437 2365//2436 2367//2438
f 2370//136 2367//2438 2365//2436
f 2368//2439 2367//2438 2369//2440
f 2371//2442 2369//2440 2367//2438
f 2370//136 117//135 124//142
f 2372//2443 2374//2445 2369//2440
f 2371//2442 124//142 2373//2444
f 2372//2443 2373//2444 214//239
f 2376//2446 2374//2445 2375//242
f 2379//2441 2369//2440 2374//2445
f 2376//2446 2377//2449 2380//2448
f 2378//2447 2419//2483 2377//2449
f 2379//2441 2380//2448 2381//2450
f 2384//2451 2381//2450 2380//2448
f 2382//2452 2380//2448 2377//2449
f 2383//2453 2387//2458 2385//2454
f 2382//2452 2385//2454 2388//2455
f 2389//2456 2388//2455 2385//2454
f 2386//2457 2385//2454 2387//2458
f 2384//2451 2388//2455 2390//2460
f 2393//2462 2390//2460 2388//2455
f 2391//2461 2390//2460 2392//2463
f 2394//2464 2392//2463 2390//2460
f 2393//2462 1857//1957 1859//1959
f 2389//2456 2410//1956 1857//1957
f 2394//2464 1859//1959 1861//1962
f 2395//2465 2396//2467 2392//2463
f 2397//2466 2399//2471 2396//2467
f 2395//2465 1861//1962 1865//1965
f 2397//2466 1865//1965 2401//2468
f 2400//2470 2399//2471 2397//2466
f 2354//2425 2356//2426 2399//2471
f 2358//2429 2396//2467 2399//2471
f 2400//2470 2197//2278 2199//2280
f 2398//2469 2402//2279 2197//2278
f 2401//2468 2403//2472 2402//2279
f 2192//2271 2402//2279 2403//2472
f 2190//2269 2403//2472 2404//1971
f 1864//1964 2404//1971 2403//2472
f 2404//1971 1870//1970 2406//2473
f 2406//2473 2407//2474 2189//2267
f 1879//1981 2407//2474 2406//2473
f 2187//2265 2189//2267 2407//2474
f 2408//2431 2392//2463 2396//2467
f 2408//2431 2359//2430 2409//2475
f 2391//2461 2409//2475 2381//2450
f 2368//2439 2381//2450 2409//2475
f 2366//2437 2409//2475 2359//2430
f 2386//2457 2411//2476 2410//1956
f 1851//1950 2410//1956 2411//2476
f 2412//2459 1847//1943 2411//2476
f 2412//2459 2387//2458 2413//2477
f 2415//2479 2413//2477 2387//2458
f 2417//2481 2414//2480 2413//2477
f 2416//2478 1839//1938 1847//1943
f 2383//2453 2377//2449 2419//2483
f 2421//247 2418//2482 2419//2483
f 2417//2481 2418//2482 2420//2484
f 221//248 2420//2484 2418//2482
f 2422//2485 2423//2486 2414//2480
f 212//238 214//239 2373//2444
f 1883//1986 1886//1987 2184//2260
f 2177//2255 2184//2260 1886//1987
f 235//263 238//264 2424//1861
f 1830//1930 2424//1861 1763//1860
f 1764//1858 2424//1861 238//264
f 1775//1871 2426//1875 2425//2487
f 2427//2488 1812//1914 1814//1916
f 2427//2488 2425//2487 2426//1875
f 1786//1885 1788//1887 1812//1914
f 2428//269 2429//2489 1761//1857
f 237//266 2430//2491 2429//2489
f 1759//1856 1761//1857 2429//2489
f 2431//2490 2429//2489 2430//2491
f 2431//2490 1622//1720 1624//1722
f 2432//2492 2433//1719 1622//1720
f 2434//2493 2436//2495 2433//1719
f 2432//2492 2430//2491 2437//275
f 2434//2493 2437//275 245//276
f 2435//2494 293//324 2436//2495
f 240//268 2437//275 2430//2491
f 1621//1715 2433//1719 2436//2495
f 2438//2496 291//323 293//324
f 2435//2494 245//276 248//279
f 289//322 291//323 2438//2496
f 2438//2496 248//279 256//284
f 2439//286 255//287 3426//2497
f 1690//1783 1692//1784 2442//2498
f 2441//1842 2442//2498 1738//1832
f 1701//1791 1738//1832 2442//2498
f 294//328 296//329 1618//1714
f 1612//1708 1618//1714 296//329
f 2443//1587 1457//1563 1459//1565
f 1478//1585 1459//1565 1461//1568
f 2444//828 2445//1562 1457//1563
f 2443//1587 1477//1586 783//826
f 1451//1555 2445//1562 2446//2499
f 1449//1553 2446//2499 2447//2500
f 2450//2502 2447//2500 2446//2499
f 2452//2504 2448//2503 2447//2500
f 2450//2502 2451//2505 2455//2506
f 2454//2508 2457//2511 2448//2503
f 2455//2506 2451//2505 812//857
f 2454//2508 2453//2507 3378//2509
f 2456//2510 2458//2513 2457//2511
f 2459//2512 2457//2511 2458//2513
f 2460//2515 2448//2503 2457//2511
f 2459//2512 2461//1544 1440//1545
f 2462//2514 2464//2517 2461//1544
f 2463//2516 2466//2520 2464//2517
f 2462//2514 2458//2513 3379//2518
f 1434//1538 2461//1544 2464//2517
f 2467//2521 2466//2520 2463//2516
f 2471//2523 2465//2519 2466//2520
f 2467//2521 2468//2525 2472//2526
f 2471//2523 2472//2526 2474//2527
f 2473//2528 2474//2527 2500//2529
f 2475//2530 2477//2533 2476//2531
f 2478//2532 2476//2531 2477//2533
f 2479//2534 2482//2537 2480//2535
f 2478//2532 2480//2535 1431//1533
f 1429//1531 1431//1533 2480//2535
f 2483//2538 2482//2537 2484//2539
f 2479//2534 2486//2541 2484//2539
f 2486//2541 2488//2544 2490//2543
f 2479//2534 2477//2533 2488//2544
f 2489//2545 2488//2544 2477//2533
f 2490//2543 2488//2544 2489//2545
f 2490//2543 2491//2549 2541//2547
f 2493//2546 2494//2552 2519//2550
f 2489//2545 2498//2554 2495//2551
f 2495//2551 2497//2556 2494//2552
f 2496//2553 2495//2551 2498//2554
f 2496//2553 3382//3405 2497//2556
f 2475//2530 2500//2529 2498//2554
f 2499//2555 2498//2554 2500//2529
f 2501//2557 2500//2529 2474//2527
f 2503//2560 2504//2559 2506//2562
f 2506//2562 2508//2565 2509//2564
f 2513//2566 2509//2564 2508//2565
f 2510//2567 2511//2568 2468//2525
f 2512//2569 2472//2526 2468//2525
f 2512//2569 2502//2558 2474//2527
f 2510//2567 2469//2524 2515//2570
f 2516//2572 2494//2552 2497//2556
f 2517//2573 2515//2570 3380//2574
f 2518//2575 2520//2576 2519//2550
f 2492//2548 2519//2550 2520//2576
f 2520//2576 2521//3404 2526//2578
f 3377//2579 2521//3404 2520//2576
f 2526//2578 2527//2583 2524//2580
f 818//866 819//865 2527//2583
f 2526//2578 2521//3404 3378//2509
f 2531//2584 2524//2580 2527//2583
f 2528//2585 2527//2583 819//865
f 2531//2584 2532//2589 2523//2581
f 2533//2588 2535//2592 2532//2589
f 2533//2588 2530//2587 3315//2590
f 2534//2591 2536//2594 2535//2592
f 2537//2593 2535//2592 2536//2594
f 2538//2596 2532//2589 2535//2592
f 2537//2593 2540//2597 2541//2547
f 2539//2595 2542//2599 2540//2597
f 2547//2603 2672//2737 2545//2601
f 2548//2604 2549//2607 2547//2603
f 2546//2600 2542//2599 2550//2605
f 2551//2606 2552//2610 2549//2607
f 2548//2604 2550//2605 2555//2608
f 2553//2609 3376//2664 2552//2610
f 2555//2608 2557//2616 2554//2611
f 2556//2612 2555//2608 2550//2605
f 2558//2614 2557//2616 2555//2608
f 2560//2615 2554//2611 2557//2616
f 2559//2617 2557//2616 2558//2614
f 2568//2621 2562//2620 2559//2617
f 2558//2614 3308//3356 2564//2622
f 2564//2622 3273//3322 2567//2623
f 2566//2624 3129//3189 2565//2625
f 2565//2625 2570//2627 2568//2621
f 2572//2628 2570//2627 2571//2629
f 3132//2631 2571//2629 2570//2627
f 2569//2626 2572//2628 2574//2632
f 2572//2628 2573//2630 2576//2634
f 2577//2633 2574//2632 2575//2635
f 3196//2637 2575//2635 2574//2632
f 2578//2636 2582//2642 2580//2638
f 2593//2640 2579//2639 2580//2638
f 2581//2641 2580//2638 2582//2642
f 3202//2644 2583//2645 2582//2642
f 2584//2643 2582//2642 2583//2645
f 2585//2646 2587//2650 2586//2647
f 2584//2643 2586//2647 2589//2648
f 2588//2649 2586//2647 2587//2650
f 2590//2652 2589//2648 2586//2647
f 2581//2641 2589//2648 2591//2653
f 2591//2653 2589//2648 2590//2652
f 2592//2654 2595//2657 2594//2655
f 2593//2640 2591//2653 2594//2655
f 2596//2656 2594//2655 2595//2657
f 3178//2661 2600//2663 2599//2660
f 2601//2662 2602//2666 3376//2664
f 2603//2665 2605//2671 2602//2666
f 2603//2665 2600//2663 3153//2667
f 2606//2669 2605//2671 2603//2665
f 2610//2670 2602//2666 2605//2671
f 2607//2672 2605//2671 2606//2669
f 2645//2674 2608//2675 2607//2672
f 2610//2670 2607//2672 2608//2675
f 2611//2677 3376//2664 2602//2666
f 2610//2670 2612//2676 2613//2678
f 2613//2678 2612//2676 2614//2679
f 2612//2676 2608//2675 2616//2681
f 2617//2682 2620//2690 2615//2680
f 2614//2679 2616//2681 2618//2683
f 2617//2682 2618//2683 2643//2684
f 2622//2686 2620//2690 2617//2682
f 2615//2680 2620//2690 2621//2687
f 2625//2689 2621//2687 2620//2690
f 2625//2689 2622//2686 2623//2692
f 2625//2689 2626//2693 2627//2694
f 2628//2695 2629//2697 2627//2694
f 2628//2695 2630//2699 2663//2696
f 2633//2701 2634//2703 2631//2698
f 2633//2701 2632//2700 2623//2692
f 2633//2701 2624//2691 2635//2702
f 2634//2703 2635//2702 2639//2704
f 2637//2706 2631//2698 2634//2703
f 2636//2705 2638//2709 2651//2707
f 2636//2705 2639//2704 2640//2708
f 2642//2710 2640//2708 2639//2704
f 2641//2711 2639//2704 2635//2702
f 2641//2711 2643//2684 2618//2683
f 2642//2710 2618//2683 2616//2681
f 2644//2712 2646//2713 2640//2708
f 2645//2674 2647//2715 2646//2713
f 2644//2712 2616//2681 2608//2675
f 2648//2714 2646//2713 2647//2715
f 2638//2709 2640//2708 2646//2713
f 2649//2716 2653//2720 2650//2717
f 2648//2714 2650//2717 2651//2707
f 2652//2718 2664//2730 2651//2707
f 2650//2717 2653//2720 2656//2719
f 2653//2720 2649//2716 3258//2721
f 2654//2723 2659//2729 2657//2724
f 2652//2718 2656//2719 2657//2724
f 2661//2725 2657//2724 2658//2727
f 2662//2728 2629//2697 2663//2696
f 2661//2725 2663//2696 2664//2730
f 2665//2731 2664//2730 2663//2696
f 2665//2731 2637//2706 2651//2707
f 2665//2731 2630//2699 2631//2698
f 2666//2732 2627//2694 2629//2697
f 2662//2728 2658//2727 2667//2733
f 2666//2732 2667//2733 2669//2734
f 2668//2688 2621//2687 2627//2694
f 2668//2688 2669//2734 2613//2678
f 2611//2677 2613//2678 2669//2734
f 2670//2735 2552//2610 3376//2664
f 2671//2736 2667//2733 2658//2727
f 2660//2726 2547//2603 2549//2607
f 2660//2726 2659//2729 2672//2737
f 2655//2722 2674//2740 2673//2738
f 2545//2601 2672//2737 2673//2738
f 2675//2739 2678//2741 2544//2602
f 2483//2538 2678//2741 2679//2744
f 2682//2745 2680//1534 2679//2744
f 2481//2536 2679//2744 2680//1534
f 2699//2753 2689//2754 2688//2751
f 2691//2755 2692//2757 1419//1518
f 2690//1520 2689//2754 2695//2756
f 2695//2756 2689//2754 2699//2753
f 2697//2761 2699//2753 2700//2762
f 2844//2764 2696//2760 2697//2761
f 2701//2765 2700//2762 2699//2753
f 2698//2763 2700//2762 2702//2766
f 2703//2768 2702//2766 2700//2762
f 2720//2771 2704//2770 2706//2769
f 2707//2772 2706//2769 2708//2773
f 2710//2775 2708//2773 2706//2769
f 2711//2774 2708//2773 2709//2776
f 3143//2778 2709//2776 2708//2773
f 2712//2777 2714//2782 2713//2779
f 2711//2774 2713//2779 2716//2780
f 2715//2781 2713//2779 2714//2782
f 2717//2784 2716//2780 2713//2779
f 2707//2772 2716//2780 2719//2786
f 2722//2787 2720//2771 2719//2786
f 2721//2788 2724//2791 2726//2789
f 2723//2790 2725//2793 2724//2791
f 2728//2792 2726//2789 2724//2791
f 2722//2787 2726//2789 2727//2794
f 2728//2792 2729//2797 2727//2794
f 2730//2796 2732//2800 2729//2797
f 2725//2793 2733//3464 2730//2796
f 2730//2796 2733//3464 2734//2798
f 2731//2799 2802//2872 2732//2800
f 2735//2801 2733//3464 2725//2793
f 2734//2798 2733//3464 2735//2801
f 2736//2802 2735//2801 2737//2803
f 2723//2790 2718//2785 2737//2803
f 2738//2804 2737//2803 2739//2805
f 2744//2783 2743//2809 2741//2807
f 2748//2810 2746//2812 2743//2809
f 2745//2811 2743//2809 2746//2812
f 2747//2813 2746//2812 2749//2814
f 2749//2814 2746//2812 2748//2810
f 3333//2817 2751//2818 2749//2814
f 2752//2815 2749//2814 2751//2818
f 2753//2819 2755//2961 2754//2820
f 2752//2815 2754//2820 2756//2821
f 2754//2820 2755//2961 2759//2822
f 2760//2824 2756//2821 2754//2820
f 2757//2823 2758//2827 2762//2825
f 2757//2823 2759//2822 2893//2826
f 2761//2828 2866//2932 2756//2821
f 2760//2824 2762//2825 2764//2829
f 2763//2830 2762//2825 2758//2827
f 2765//2832 2764//2829 2762//2825
f 2769//2833 2766//2834 2764//2829
f 2761//2828 2764//2829 2766//2834
f 2767//2835 2766//2834 2768//2836
f 2771//2838 2768//2836 2766//2834
f 2765//2832 3375//3403 2770//2839
f 2769//2833 2770//2839 2773//2840
f 2771//2838 2773//2840 2774//2842
f 2775//2843 2773//2840 2770//2839
f 2778//2845 2774//2842 2773//2840
f 2776//2844 2879//2940 2777//2846
f 2775//2843 2777//2846 2779//2847
f 2778//2845 2779//2847 2781//2848
f 2780//2849 2783//2853 2774//2842
f 2782//2850 2780//2849 2781//2848
f 2780//2849 2782//2850 2785//2852
f 2772//2841 2774//2842 2783//2853
f 2785//2852 2786//2862 2784//2854
f 2790//2855 2786//2862 2785//2852
f 2787//2856 2785//2852 2782//2850
f 2789//2857 2872//2936 2788//2858
f 2787//2856 2788//2858 2792//2859
f 2790//2855 2792//2859 2794//2860
f 2791//2861 2869//2935 2786//2862
f 2795//2863 2794//2860 2792//2859
f 2793//2864 2792//2859 2788//2858
f 2791//2861 2794//2860 2796//2866
f 2797//2868 2796//2866 2794//2860
f 2801//2869 2799//2870 2796//2866
f 2798//2867 2796//2866 2799//2870
f 2800//2871 2799//2870 2802//2872
f 2803//2873 2802//2872 2799//2870
f 2805//2874 2732//2800 2802//2872
f 2801//2869 2853//2920 2804//2875
f 2803//2873 2804//2875 2807//2876
f 2805//2874 2807//2876 2809//2877
f 2806//2878 2729//2797 2732//2800
f 2808//2879 2807//2876 2804//2875
f 2811//2881 2809//2877 2807//2876
f 2811//2881 2813//2886 2810//2882
f 2809//2877 2810//2882 2850//2883
f 2851//2884 2812//2885 2811//2881
f 2812//2885 2815//2888 2813//2886
f 2814//2887 2849//2919 2810//2882
f 2814//2887 2813//2886 2815//2888
f 2816//2889 2815//2888 2817//2890
f 2819//2893 2821//2896 2817//2890
f 2818//2892 1278//1368 1280//1369
f 2812//2885 2851//2884 1278//1368
f 2819//2893 1280//1369 2838//2894
f 2817//2890 2821//2896 2823//2897
f 2823//2897 2821//2896 2822//2898
f 2827//2900 2826//2901 2823//2897
f 2825//2891 2823//2897 2826//2901
f 2828//2902 2692//2757 2826//2901
f 2830//2903 2829//2904 2827//2900
f 2828//2902 2827//2900 2829//2904
f 1411//1512 1415//1511 2829//2904
f 2824//2899 2822//2898 2831//2905
f 2830//2903 2831//2905 2833//2906
f 2832//2907 2831//2905 2822//2898
f 2834//2908 2833//2906 2831//2905
f 2834//2908 1335//1428 1337//1431
f 2835//2909 1337//1431 1339//1434
f 2836//1505 1405//1504 1412//1513
f 2836//1505 1339//1434 3384//2910
f 2820//2895 2838//2894 2837//1429
f 2838//2894 1281//1371 1334//1376
f 1417//1517 1419//1518 2692//2757
f 2825//2891 2839//2911 2840//2912
f 2842//2913 2840//2912 2839//2911
f 2841//2914 2839//2911 2694//2759
f 2841//2914 2843//2916 2845//2915
f 2696//2760 2844//2764 2843//2916
f 2846//2917 2845//2915 2843//2916
f 2705//2767 2843//2916 2844//2764
f 2842//2913 2845//2915 2847//2795
f 2845//2915 2846//2917 2722//2787
f 2848//2918 2847//2795 2727//2794
f 2848//2918 2849//2919 2840//2912
f 2848//2918 2850//2883 2810//2882
f 2850//2883 2727//2794 2729//2797
f 2816//2889 2840//2912 2849//2919
f 2846//2917 2704//2770 2720//2771
f 2852//2880 1274//1365 2851//2884
f 2852//2880 2804//2875 2853//2920
f 2797//2868 2854//2921 2853//2920
f 1275//1364 2853//2920 2854//2921
f 2795//2863 2855//2922 2854//2921
f 1271//1360 2854//2921 2855//2922
f 1268//1358 2855//2922 2856//2923
f 2793//2864 2856//2923 2855//2922
f 2870//2865 1261//1353 2856//2923
f 2731//2799 2734//2798 2857//2924
f 2800//2871 2857//2924 2858//2925
f 2736//2802 2859//2926 2857//2924
f 2858//2925 2857//2924 2859//2926
f 2738//2804 2861//2928 2859//2926
f 2860//2927 2859//2926 2861//2928
f 2862//2929 2861//2928 2863//2930
f 2740//2806 2863//2930 2861//2928
f 2742//2808 2865//2931 2863//2930
f 2864//2837 2863//2930 2865//2931
f 2767//2835 2865//2931 2866//2932
f 2745//2811 2866//2932 2865//2931
f 2747//2813 2756//2821 2866//2932
f 2864//2837 2768//2836 2867//2933
f 2862//2929 2867//2933 2868//2934
f 2784//2854 2868//2934 2867//2933
f 2786//2862 2869//2935 2868//2934
f 2860//2927 2868//2934 2869//2935
f 2798//2867 2858//2925 2869//2935
f 2870//2865 2788//2858 2872//2936
f 2871//2937 1259//1350 1261//1353
f 2871//2937 2872//2936 1239//1331
f 1242//1330 1245//1333 1259//1350
f 2873//1332 1239//1331 2872//2936
f 2789//2857 2782//2850 2874//2851
f 1240//1326 2873//1332 2874//2851
f 2875//2938 2874//2851 2781//2848
f 2876//1223 1137//1222 2877//2939
f 2875//2938 2877//2939 1237//1325
f 1235//1324 1237//1325 2877//2939
f 2878//1228 2877//2939 1137//1222
f 2878//1228 1143//1227 1150//1236
f 2876//1223 2781//2848 2779//2847
f 1136//1220 2779//2847 2777//2846
f 1133//1218 2777//2846 2879//2940
f 2881//2941 2880//2942 2879//2940
f 1130//1215 2879//2940 2880//2942
f 2884//2943 2882//2944 2880//2942
f 1128//1213 2880//2942 2882//2944
f 1126//1210 2882//2944 2883//2945
f 2886//2946 2883//2945 2882//2944
f 2881//2941 3375//3403 2885//2947
f 2884//2943 2885//2947 2888//2948
f 2886//2946 2887//2950 3341//2949
f 2888//2948 2889//2951 2887//2950
f 2890//2831 2891//2952 2889//2951
f 2890//2831 2888//2948 2885//2947
f 2758//2827 2893//2826 2891//2952
f 3338//2953 2889//2951 2891//2952
f 2892//2954 2891//2952 2893//2826
f 2894//2955 2893//2826 2759//2822
f 2894//2955 2895//2958 3334//2957
f 2896//2956 2897//2960 2895//2958
f 2898//2959 2900//2963 2897//2960
f 2896//2956 2759//2822 2755//2961
f 2898//2959 2755//2961 2753//2819
f 2899//2962 2901//2964 2900//2963
f 1006//1077 2897//2960 2900//2963
f 1004//1075 2900//2963 2901//2964
f 2904//2965 2902//2966 2901//2964
f 1002//1073 2901//2964 2902//2966
f 2905//1072 2902//2966 2903//2967
f 2915//2969 2903//2967 2902//2966
f 2906//2968 2907//2971 1001//1070
f 2908//2970 2910//2975 2907//2971
f 2906//2968 2903//2967 2911//2972
f 2908//2970 2911//2972 2912//2973
f 2909//2974 2936//2998 2910//2975
f 2912//2973 2911//2972 2913//2976
f 2915//2969 2913//2976 2911//2972
f 3333//2817 2914//2978 2913//2976
f 2916//2977 2913//2976 2914//2978
f 2916//2977 2917//2981 2931//2980
f 2918//2979 2920//2984 2917//2981
f 2918//2979 2914//2978 3263//2982
f 2919//2983 2921//2987 2920//2984
f 2926//2985 2917//2981 2920//2984
f 2922//2986 2920//2984 2921//2987
f 2922//2986 2925//2990 2927//2991
f 2929//2993 2931//2980 2917//2981
f 2930//2994 2932//2996 2931//2980
f 2929//2993 2928//2992 3320//2995
f 2912//2973 2931//2980 2932//2996
f 2935//2997 2933//3000 2932//2996
f 2932//2996 2933//3000 2936//2998
f 3322//2999 2934//3002 2933//3000
f 2937//3001 2936//2998 2933//3000
f 2939//3003 2910//2975 2936//2998
f 2941//3005 2938//3004 2943//3007
f 2942//3008 2943//3007 3330//3009
f 2942//3008 2944//3010 2964//3011
f 2945//3012 2948//3016 2946//3013
f 3331//3014 2940//3006 2946//3013
f 2947//3015 2946//3013 2948//3016
f 2949//3017 2948//3016 2950//3018
f 2951//3020 2950//3018 2948//3016
f 2955//1031 2953//3021 2950//3018
f 2952//3019 2950//3018 2953//3021
f 2956//3022 2953//3021 2954//1038
f 970//1032 2954//1038 2953//3021
f 2957//3023 2960//3025 2958//3024
f 2952//3019 2956//3022 2958//3024
f 2949//3017 2958//3024 2959//1069
f 2959//1069 2958//3024 2960//3025
f 997//1067 2960//3025 987//1057
f 2961//1043 987//1057 2960//3025
f 3331//3014 2947//3015 2959//1069
f 2957//3023 2954//1038 974//1039
f 2951//3020 2962//3026 969//1029
f 2945//3012 2964//3011 2962//3026
f 966//1026 969//1029 2962//3026
f 2965//3028 2963//3027 2962//3026
f 2966//3029 2944//3010 3330//3009
f 3327//3033 2968//3032 2969//3031
f 2970//3034 2969//3031 2971//3035
f 2974//3036 2971//3035 2973//3038
f 2975//3039 2979//3044 2976//3040
f 2974//3036 2976//3040 2977//3041
f 2990//3042 2977//3041 2976//3040
f 2978//3043 2976//3040 2979//3044
f 3092//3046 2980//3047 2979//3044
f 2981//3045 2979//3044 2980//3047
f 2982//3048 2984//3078 2983//3049
f 2981//3045 2983//3049 2986//3050
f 2983//3049 2984//3078 3014//3051
f 2985//3052 2987//3054 2986//3050
f 2989//3053 2988//3055 2986//3050
f 2978//3043 2986//3050 2988//3055
f 2990//3042 2988//3055 2992//3057
f 2993//3058 2992//3057 2994//3059
f 2995//3061 2994//3059 2992//3057
f 2996//3060 2994//3059 951//1007
f 2995//3061 2999//3063 2998//3062
f 2997//1008 2998//3062 945//999
f 933//989 2998//3062 2999//3063
f 937//991 945//999 2998//3062
f 931//986 2999//3063 3000//3064
f 2991//3056 3000//3064 2999//3063
f 2989//3053 3001//3065 3000//3064
f 2987//3054 3002//3066 3001//3065
f 3003//3068 3002//3066 2987//3054
f 3004//3067 3002//3066 3003//3068
f 3005//3069 3007//3071 3006//3070
f 3004//3067 3006//3070 929//980
f 918//972 3006//3070 3007//3071
f 920//973 929//980 3006//3070
f 3011//3073 3008//3072 3007//3071
f 3009//964 3008//3072 3010//3074
f 3012//3076 3010//3074 3008//3072
f 3011//3073 3013//3077 3014//3051
f 3005//3069 3003//3068 3013//3077
f 2985//3052 3014//3051 3013//3077
f 3012//3076 3014//3051 2984//3078
f 3015//3079 3017//3148 3016//3080
f 3016//3080 3019//3083 3010//3074
f 3016//3080 3017//3148 3084//3081
f 3018//3082 3020//3085 3019//3083
f 3021//3084 3019//3083 3020//3085
f 3024//3075 3010//3074 3019//3083
f 3022//3086 3026//3089 3023//3087
f 3021//3084 3023//3087 3025//960
f 3024//3075 3025//960 907//961
f 908//959 3025//960 3023//3087
f 3027//3088 3023//3087 3026//3089
f 3028//3090 3030//3093 3029//3091
f 3027//3088 3029//3091 905//956
f 3031//3092 3029//3091 3030//3093
f 903//955 905//956 3029//3091
f 3034//3095 3033//3094 3032//899
f 882//932 887//937 902//954
f 3035//3096 3034//3095 849//898
f 879//929 3034//3095 3035//3096
f 853//901 3036//3097 3035//3096
f 876//926 3035//3096 3036//3097
f 873//923 3036//3097 861//909
f 855//904 861//909 3036//3097
f 3032//899 3030//3093 3037//3098
f 3038//3099 3037//3098 3030//3093
f 3040//892 843//891 3037//3098
f 3028//3090 3026//3089 3039//3100
f 3038//3099 3039//3100 3041//3101
f 3040//892 3041//3101 838//887
f 3042//3102 3041//3101 3039//3100
f 3044//888 838//887 3041//3101
f 3043//3103 3047//3108 3045//3104
f 3042//3102 3045//3104 3048//3105
f 3050//3106 3048//3105 3045//3104
f 3046//3107 3045//3104 3047//3108
f 3044//888 3048//3105 3049//3110
f 3051//3111 3049//3110 3048//3105
f 3050//3106 3052//3113 3053//3112
f 3046//3107 3054//3116 3052//3113
f 3056//3114 3053//3112 3052//3113
f 3055//3115 3052//3113 3054//3116
f 3055//3115 3058//3119 3061//3118
f 3057//3117 3060//3121 3058//3119
f 3072//3120 3059//3123 3058//3119
f 3063//3122 3061//3118 3058//3119
f 3063//3122 3064//3127 3062//3124
f 3061//3118 3062//3124 3282//3125
f 3063//3122 3065//3129 3066//3126
f 3063//3122 3059//3123 3068//3128
f 3270//3130 3066//3126 3065//3129
f 3065//3129 3068//3128 3069//3132
f 3070//3133 3068//3128 3059//3123
f 3071//3134 3069//3132 3068//3128
f 3070//3133 3073//3136 3075//3135
f 3072//3120 3076//3138 3073//3136
f 3074//3137 3073//3136 3076//3138
f 3105//3140 3075//3135 3073//3136
f 3060//3121 3077//3141 3076//3138
f 3078//3139 3076//3138 3077//3141
f 3078//3139 3079//3144 3106//3143
f 3080//3142 3081//3151 3079//3144
f 3083//3145 3081//3151 3080//3142
f 3080//3142 3077//3141 3085//3147
f 3082//3146 3084//3081 3017//3148
f 3086//3149 3084//3081 3082//3146
f 3077//3141 3060//3121 3057//3117
f 3057//3117 3054//3116 3086//3149
f 3018//3082 3084//3081 3086//3149
f 3087//3109 3086//3149 3054//3116
f 3087//3109 3047//3108 3020//3085
f 3083//3145 3017//3148 3015//3079
f 3088//3150 3089//3152 3081//3151
f 2982//3048 2980//3047 3089//3152
f 3088//3150 3015//3079 2984//3078
f 3090//3153 3089//3152 2980//3047
f 3079//3144 3081//3151 3089//3152
f 3090//3153 3091//3154 3106//3143
f 3092//3046 3093//3155 3091//3154
f 2975//3039 2973//3038 3093//3155
f 3094//3156 3093//3155 2973//3038
f 3095//3157 3091//3154 3093//3155
f 3098//3158 3096//3159 3094//3156
f 3097//3161 3096//3159 3098//3158
f 3099//3160 3101//3164 3104//3163
f 3100//3162 3102//3166 3101//3164
f 3074//3137 3106//3143 3104//3163
f 3103//3165 3108//3168 3075//3135
f 3095//3157 3104//3163 3106//3143
f 3108//3168 3103//3165 3107//3167
f 3110//3170 3108//3168 3109//3169
f 3071//3134 3075//3135 3108//3168
f 3110//3170 3111//3172 3069//3132
f 3112//3171 3113//3173 3111//3172
f 3109//3169 3115//3175 3114//3174
f 3119//3176 2928//2992 2927//2991
f 3122//3182 3123//3183 3121//3181
f 3122//3182 3120//3180 2925//2990
f 2923//2989 3125//3186 3123//3183
f 3128//3184 3121//3181 3123//3183
f 3132//2631 2565//2625 3129//3189
f 3135//3191 3131//3193 3130//3190
f 3132//2631 3130//3190 3131//3193
f 3133//3192 3134//3197 3139//3195
f 3124//3187 3125//3186 3134//3197
f 3138//3199 3145//3205 3136//3198
f 3137//3196 3139//3195 3141//3200
f 3140//3201 3139//3195 3134//3197
f 3143//2778 3141//3200 3139//3195
f 3138//3199 3141//3200 3142//3202
f 3143//2778 3140//3201 3260//3204
f 2687//2752 3146//3206 3144//3203
f 3148//3207 3147//3208 3146//3206
f 3145//3205 3146//3206 3147//3208
f 3253//3210 3149//3214 3147//3208
f 3147//3208 3149//3214 3152//3211
f 3135//3191 3136//3198 3145//3205
f 3154//3213 3151//3212 3150//3209
f 2604//2668 3152//3211 3149//3214
f 3155//3217 3176//3238 3157//3218
f 3156//3216 3157//3218 3159//3219
f 3158//3220 3159//3219 3161//3221
f 3160//3194 3161//3221 2571//2629
f 2573//2630 2571//2629 3161//3221
f 3162//3222 3161//3221 3159//3219
f 3163//3223 3166//3226 3164//3224
f 3162//3222 3164//3224 2576//2634
f 3165//3225 3164//3224 3166//3226
f 3196//2637 2576//2634 3164//3224
f 3167//3227 3166//3226 3168//3228
f 3169//3230 3168//3228 3166//3226
f 3174//3231 3171//3232 3168//3228
f 3170//3229 3168//3228 3171//3232
f 3172//3233 3171//3232 3173//3234
f 3175//3236 3173//3234 3171//3232
f 3174//3231 3176//3238 3177//3237
f 3169//3230 3157//3218 3176//3238
f 3178//2661 3177//3237 3176//3238
f 3175//3236 3177//3237 2595//2657
f 2597//2658 2595//2657 3177//3237
f 3155//3217 3153//2667 2600//2663
f 2592//2654 2590//2652 3173//3234
f 3179//3235 3173//3234 2590//2652
f 2588//2649 3181//2651 3180//3239
f 3179//3235 3180//3239 3182//3240
f 3183//3241 3180//3239 3181//2651
f 3186//3243 3182//3240 3180//3239
f 3184//3242 3213//3269 3185//3244
f 3183//3241 3185//3244 3187//3245
f 3186//3243 3187//3245 3189//3246
f 3188//3247 3191//3250 3182//3240
f 3188//3247 3189//3246 3238//3248
f 3190//3249 3192//3251 3191//3250
f 3170//3229 3191//3250 3192//3251
f 3167//3227 3192//3251 3193//3252
f 3194//3253 3193//3252 3192//3251
f 3195//3254 3193//3252 3194//3253
f 3196//2637 3165//3225 3193//3252
f 3195//3254 3197//3256 2575//2635
f 3198//3255 3200//3257 3197//3256
f 3198//3255 3194//3253 3239//3259
f 3203//3261 3200//3257 3201//3260
f 3203//3261 3205//3263 2583//2645
f 3207//3265 3205//3263 3206//3264
f 2585//2646 2583//2645 3205//3263
f 3210//3267 3209//3268 3207//3265
f 3207//3265 3209//3268 2587//2650
f 2587//2650 3209//3268 3184//3242
f 3209//3268 3210//3267 3213//3269
f 3212//3271 3210//3267 3208//3266
f 3241//3273 3185//3244 3213//3269
f 3215//3272 3217//3278 3214//3274
f 3212//3271 3214//3274 3246//3275
f 3208//3266 3206//3264 3216//3276
f 3215//3272 3216//3276 3218//3277
f 3217//3278 3218//3277 3221//3279
f 3219//3280 3220//3282 3214//3274
f 3219//3280 3221//3279 3223//3281
f 3223//3281 3221//3279 3222//3283
f 3222//3283 3221//3279 3218//3277
f 3225//3286 3223//3281 3224//3284
f 3223//3281 3225//3286 3227//3288
f 3225//3286 3226//3289 3245//3290
f 3229//3291 3232//3295 3230//3292
f 3228//3287 3224//3284 3251//3293
f 3231//3294 3230//3292 3232//3295
f 3247//3297 3226//3289 3230//3292
f 3234//3296 3232//3295 3233//3298
f 3248//3300 3233//3298 3232//3295
f 3231//3294 3234//3296 3235//3301
f 3237//3302 3235//3301 3234//3296
f 3236//3299 3238//3248 3189//3246
f 3236//3299 3233//3298 3239//3259
f 3238//3248 3239//3259 3194//3253
f 3199//3258 3239//3259 3233//3298
f 3237//3302 3189//3246 3187//3245
f 3240//3303 3242//3304 3235//3301
f 3240//3303 3187//3245 3185//3244
f 3241//3273 3244//3306 3242//3304
f 3247//3297 3235//3301 3242//3304
f 3243//3305 3242//3304 3244//3306
f 3245//3290 3244//3306 3246//3275
f 3211//3270 3246//3275 3244//3306
f 3227//3288 3246//3275 3214//3274
f 3243//3305 3245//3290 3226//3289
f 3248//3300 3249//3307 3201//3260
f 3229//3291 3251//3293 3249//3307
f 3204//3262 3201//3260 3249//3307
f 3250//3308 3249//3307 3251//3293
f 3252//3285 3251//3293 3224//3284
f 3252//3285 3218//3277 3216//3276
f 3250//3308 3216//3276 3206//3264
f 2578//2636 2575//2635 3197//3256
f 3163//3223 3159//3219 3157//3218
f 3254//3215 3149//3214 3253//3210
f 3254//3215 3255//3310 2606//2669
f 3256//3309 3257//3311 3255//3310
f 2677//2743 2674//2740 3257//3311
f 3256//3309 3253//3210 2683//2747
f 3258//2721 3257//3311 2674//2740
f 3259//3312 3255//3310 3257//3311
f 2649//2716 2647//2715 3259//3312
f 2609//2673 3259//3312 2647//2715
f 2609//2673 2606//2669 3255//3310
f 2684//2748 2683//2747 3253//3210
f 2921//2987 3260//3204 3140//3201
f 2919//2983 3261//3313 3260//3204
f 2709//2776 3260//3204 3261//3313
f 2712//2777 3261//3313 3262//3314
f 3263//2982 3262//3314 3261//3313
f 2714//2782 3262//3314 2748//2810
f 2750//2816 2748//2810 3262//3314
f 2750//2816 3263//2982 2914//2978
f 3265//3316 3117//3177 3121//3181
f 3265//3316 3264//3315 3267//3317
f 3266//3318 3116//3178 3117//3177
f 3268//3319 3266//3318 3267//3317
f 3269//3320 3111//3172 3113//3173
f 3067//3131 3269//3320 3267//3317
f 3067//3131 3069//3132 3111//3172
f 3270//3130 3267//3317 3264//3315
f 3271//3321 3272//3323 3066//3126
f 3271//3321 2567//2623 3273//3322
f 3272//3323 3273//3322 3275//3324
f 3274//3325 3064//3127 3066//3126
f 3274//3325 3275//3324 3277//3326
f 3279//3328 3282//3125 3062//3124
f 3281//3331 3283//3332 3282//3125
f 3282//3125 3283//3332 3053//3112
f 3051//3111 3053//3112 3283//3332
f 3284//3333 3283//3332 3281//3331
f 3285//3334 3287//3336 3286//3335
f 3284//3333 3286//3335 3049//3110
f 835//883 3286//3335 3287//3336
f 837//885 3049//3110 3286//3335
f 3289//3337 3288//3338 3287//3336
f 3297//3339 3290//3340 3288//3338
f 3291//881 3288//3338 3290//3340
f 3292//3341 3290//3340 3294//3342
f 3293//876 3294//3342 826//873
f 3296//3343 826//873 3294//3342
f 3295//3344 3294//3342 3290//3340
f 3295//3344 3298//3346 3300//3345
f 3297//3339 3299//3348 3298//3346
f 3301//3347 3298//3346 3299//3348
f 3303//3350 3300//3345 3298//3346
f 3304//3349 3305//3353 3302//3351
f 3301//3347 3302//3351 3312//3352
f 3305//3353 3277//3326 3275//3324
f 3307//3355 3302//3351 3305//3353
f 3306//3354 2564//2622 3308//3356
f 3306//3354 3275//3324 3273//3322
f 3307//3355 3308//3356 3311//3357
f 3309//3358 3312//3352 3302//3351
f 3310//3359 3313//3361 3312//3352
f 3309//3358 3311//3357 3318//3360
f 3303//3350 3312//3352 3313//3361
f 2534//2591 3315//2590 3313//3361
f 3314//3362 3313//3361 3315//2590
f 3316//3363 3315//2590 2530//2587
f 3316//3363 2529//2586 3317//3364
f 3314//3362 3317//3364 3300//3345
f 822//868 823//870 3317//3364
f 3296//3343 3300//3345 3317//3364
f 3319//2613 3318//3360 3311//3357
f 2556//2612 3311//3357 3308//3356
f 3310//3359 3318//3360 2536//2594
f 3319//2613 2550//2605 2542//2599
f 3107//3167 3102//3166 3115//3175
f 3097//3161 3321//3365 3320//2995
f 3322//2999 2935//2997 3321//3365
f 3022//3086 3020//3085 3047//3108
f 3043//3103 3039//3100 3026//3089
f 2996//3060 3323//3367 3326//3366
f 953//1009 3325//1012 3323//3367
f 3327//3033 3326//3366 3323//3367
f 3324//3368 3323//3367 3325//1012
f 2993//3058 3326//3366 2977//3041
f 2970//3034 2977//3041 3326//3366
f 3324//3368 3329//3369 2968//3032
f 3328//1025 3325//1012 954//1013
f 2963//3027 3329//3369 964//1024
f 2967//3030 3330//3009 2943//3007
f 2939//3003 2940//3006 3331//3014
f 3332//3370 3331//3014 996//1068
f 3332//3370 2907//2971 2910//2975
f 999//1066 1001//1070 2907//2971
f 2915//2969 2904//2965 2751//2818
f 2899//2962 2753//2819 2751//2818
f 1009//1079 2895//2958 2897//2960
f 1013//1082 3334//2957 2895//2958
f 2892//2954 3334//2957 3335//3371
f 3334//2957 1013//1082 3337//1085
f 3339//3372 3338//2953 3335//3371
f 3336//3373 3335//3371 3337//1085
f 3339//3372 2887//2950 2889//2951
f 3339//3372 3336//3373 3342//3375
f 3340//3376 3341//2949 2887//2950
f 3343//3377 3344//3380 3341//2949
f 3340//3376 3342//3375 3345//3378
f 3346//3379 1124//1211 3344//3380
f 3343//3377 3345//3378 3347//3381
f 3346//3379 3347//3381 3349//3382
f 3348//3383 1121//1207 1124//1211
f 3348//3383 3349//3382 3351//3384
f 3350//3385 1118//1204 1121//1207
f 3350//3385 3351//3384 1063//1138
f 3352//1140 3353//1205 1118//1204
f 1062//1141 1075//1156 3353//1205
f 3353//1205 1075//1156 1077//1157
f 3351//3384 3349//3382 3356//3386
f 3351//3384 3354//3387 1059//1137
f 1059//1137 3354//3387 3355//3388
f 3357//3389 3355//3388 3354//3387
f 3356//3386 3358//3392 3359//3390
f 3347//3381 3358//3392 3356//3386
f 3362//3391 3359//3390 3358//3392
f 3358//3392 3347//3381 3345//3378
f 3361//3394 3364//3396 3362//3391
f 3360//3393 3345//3378 3342//3375
f 3363//3395 3373//3402 3359//3390
f 3363//3395 3362//3391 3364//3396
f 3365//3397 3364//3396 3366//3398
f 3368//3374 3366//3398 3364//3396
f 3367//3399 3366//3398 1011//1084
f 3337//1085 1011//1084 3366//3398
f 3361//3394 3342//3375 3336//3373
f 3367//3399 3369//3401 3370//3400
f 1012//1083 1016//1086 3369//3401
f 3371//1108 3370//3400 3369//3401
f 1036//1109 3372//1115 3370//3400
f 3365//3397 3370//3400 3372//1115
f 3372//1115 1040//1116 3373//3402
f 1019//1090 1021//1091 1032//1104
f 3357//3389 3359//3390 3373//3402
f 3374//1124 3373//3402 1040//1116
f 3374//1124 1048//1123 3355//3388
f 2883//2945 3341//2949 3344//3380
f 2763//2830 2885//2947 3375//3403
f 2776//2844 2770//2839 3375//3403
f 2538//2596 2525//2582 2523//2581
f 2456//2510 3378//2509 2521//3404
f 818//866 3378//2509 2453//2507
f 2518//2575 3380//2574 3379//2518
f 3377//2579 3379//2518 2458//2513
f 2463//2516 3379//2518 3380//2574
f 2514//2571 2497//2556 3382//3405
f 3381//3406 2507//2563 2509//2564
f 3381//3406 3382//3405 2503//2560
f 2460//2515 1440//1545 1442//3407
f 2449//2501 1442//3407 1444//1546
f 1390//1484 1392//1488 1401//1499
f 3383//1439 1401//1499 3384//2910
f 3383//1439 1344//1438 1385//1485
f 1141//1193 1134//1217 1131//1199
f 1119//1203 1077//1157 1079//1161
f 3388//3408 1101//1182 1098//1181
f 1096//1178 3390//3411 3389//1133
f 3388//3408 3389//1133 1050//1128
f 3389//1133 3390//3411 3391//3409
f 3393//3410 3391//3409 3390//3411
f 3394//3412 3392//3413 3391//3409
f 1055//1132 3391//3409 3392//3413
f 3393//3410 3395//3415 3397//3414
f 1094//1177 3398//1179 3395//3415
f 3396//1152 3395//3415 3398//1179
f 1072//1153 3397//3414 3395//3415
f 3399//1168 3398//1179 1095//3416
f 3399//1168 1080//1159 1073//1155
f 1070//1148 1068//1149 3397//3414
f 3394//3412 3397//3414 1068//1149
f 3400//1147 1067//1144 3392//3413
f 1067//1144 1060//1136 1057//1135
f 344//378 604//637 611//645
f 3404//635 569//601 3403//712
f 3405//625 3404//635 599//634
f 569//601 3404//635 3405//625
f 3405//625 589//622 573//606
f 596//628 598//629 351//388
f 355//391 357//393 594//627
f 586//618 372//408 3406//3417
f 583//616 3406//3417 3407//3418
f 381//416 3407//3418 3406//3417
f 581//614 3407//3418 3408//3419
f 385//418 3408//3419 3407//3418
f 388//422 3410//3420 3408//3419
f 3409//613 3408//3419 3410//3420
f 391//426 398//433 3410//3420
f 3411//3421 3410//3420 398//433
f 3412//434 3415//3424 3413//3422
f 3411//3421 3413//3422 580//612
f 578//610 580//612 3413//3422
f 3414//3423 3413//3422 3415//3424
f 399//435 3417//3426 3415//3424
f 3416//3425 3415//3424 3417//3426
f 3418//3427 3417//3426 544//572
f 401//437 544//572 3417//3426
f 545//573 546//574 3419//3428
f 3418//3427 3419//3428 3420//3429
f 3420//3429 3419//3428 3421//3430
f 547//575 3421//3430 3419//3428
f 3422//593 3421//3430 3423//3431
f 548//576 3423//3431 3421//3430
f 549//577 550//579 3423//3431
f 561//591 3423//3431 550//579
f 3420//3429 3422//593 3424//592
f 3424//592 560//3433 3425//3432
f 3416//3425 3420//3429 3425//3432
f 3414//3423 3425//3432 576//609
f 576//609 3425//3432 560//3433
f 150//171 377//411 374//410
f 273//302 349//386 338//372
f 281//313 283//315 3426//2497
f 3427//293 3426//2497 255//287
f 261//292 278//309 281//313
f 261//292 263//291 270//300
f 3428//272 3429//3434 199//225
f 225//252 220//244 203//230
f 212//238 3430//3436 3431//3435
f 125//141 127//143 3430//3436
f 3433//3437 3431//3435 3430//3436
f 3432//154 3430//3436 127//143
f 3432//154 135//153 3435//3438
f 3433//3437 3435//3438 3436//3439
f 3434//3440 3447//3452 3431//3435
f 3437//3441 3435//3438 135//153
f 3436//3439 3435//3438 3437//3441
f 3438//3442 3437//3441 3439//3443
f 137//155 155//176 3439//3443
f 3440//3444 3439//3443 160//181
f 3442//3446 3436//3439 3438//3442
f 3441//3445 3443//3448 3442//3446
f 3444//3447 3442//3446 3443//3448
f 3434//3440 3436//3439 3442//3446
f 3446//3450 3444//3447 3445//3449
f 3444//3447 3446//3450 3447//3452
f 3451//3454 3449//3453 3446//3450
f 3450//3455 3449//3453 210//234
f 208//233 210//234 3449//3453
f 3451//3454 3448//3451 3454//3456
f 3452//3457 206//3459 208//233
f 3452//3457 3454//3456 3456//3458
f 3453//219 193//218 206//3459
f 3445//3449 3455//3460 3454//3456
f 3456//3458 3454//3456 3455//3460
f 3457//195 172//196 3458//3461
f 3453//219 3456//3458 3458//3461
f 194//217 3458//3461 178//201
f 3459//3462 173//194 3457//195
f 3443//3448 3459//3462 3455//3460
f 173//194 3459//3462 3460//3463
f 3441//3445 3460//3463 3459//3462
f 160//181 159//180 3460//3463
f 211//237 3431//3435 3447//3452
f 63//71 3461//78 4//5
f 35//42 47//57 22//28
