# Blender 4.2.1 LTS
# www.blender.org
mtllib DragonAlaDer.mtl
o Ala_Derecha
v -1.033129 0.389033 0.793181
v -1.226829 0.547133 0.812081
v -0.968329 0.462733 0.833781
v -1.085329 0.352033 0.678281
v -0.839929 0.259733 0.761481
v -0.897429 0.212933 0.653281
v -0.677129 0.141033 0.737381
v -0.789629 0.309333 0.823681
v -0.754729 0.343133 0.882581
v -0.642229 0.169633 0.817181
v -0.620929 0.198033 0.882281
v -0.537829 0.059833 0.806781
v -0.559929 0.038733 0.721881
v -0.461929 -0.036867 0.799881
v -0.533329 0.089033 0.874681
v -0.471529 0.001633 0.868481
v -0.539829 0.124133 0.936881
v -0.611229 0.224633 0.939881
v -0.488629 0.046533 0.934581
v -0.567329 0.145433 0.992581
v -0.524029 0.078833 0.992181
v -0.625129 0.233433 0.998981
v -0.565329 0.176433 1.034281
v -0.522129 0.119333 1.031381
v -0.541829 0.207933 1.047481
v -0.607229 0.255033 1.038181
v -0.563129 0.270933 1.037781
v -0.640929 0.373333 1.034681
v -0.649029 0.487633 1.017281
v -0.571329 0.359333 1.026381
v -0.707329 0.366333 1.020181
v -0.721429 0.368333 0.941381
v -0.786329 0.548933 1.017581
v -0.916229 0.755333 1.041781
v -0.988329 0.728033 1.012081
v -0.862429 0.539933 0.940181
v -0.744229 0.625933 1.022981
v -0.695429 0.663833 1.056481
v -0.623329 0.551333 1.027181
v -0.586029 0.589933 1.061381
v -0.532929 0.505533 1.042181
v -0.562229 0.447833 1.024381
v -0.504329 0.543733 1.080081
v -0.454329 0.459133 1.060781
v -0.431429 0.504433 1.098382
v -0.381129 0.410533 1.082981
v -0.482829 0.399633 1.037481
v -0.408829 0.346333 1.054681
v -0.506729 0.328533 1.035281
v -0.444329 0.286633 1.048781
v -0.520029 0.264533 1.041581
v -0.474429 0.235333 1.050381
v -0.519429 0.223133 1.045882
v -0.489829 0.193633 1.053181
v -0.506629 0.158533 1.051881
v -0.457529 0.150933 1.058281
v -0.427529 0.111533 1.064281
v -0.471129 0.106533 1.053381
v -0.434129 0.193433 1.061781
v -0.387129 0.236833 1.065781
v -0.401729 0.153333 1.070982
v -0.335529 0.290533 1.073681
v -0.307629 0.362033 1.105181
v -0.293129 0.431033 1.138381
v -0.236729 0.416333 1.156381
v -0.276129 0.481933 1.132881
v -0.362929 0.467233 1.119982
v -0.342429 0.514233 1.121481
v -0.311329 0.558033 1.097781
v -0.408729 0.546833 1.110281
v -0.373429 0.591433 1.091681
v -0.478429 0.587233 1.100681
v -0.436329 0.637133 1.087781
v -0.554029 0.642333 1.095581
v -0.508229 0.700633 1.072681
v -0.650629 0.724333 1.095881
v -0.787629 0.847233 1.113781
v -0.610029 0.783433 1.050481
v -0.747629 0.907633 1.049481
v -0.590629 0.799033 0.943981
v -0.571029 0.819433 0.804381
v -0.738429 0.928433 0.931681
v -0.477029 0.711133 0.965681
v -0.392229 0.652133 0.987781
v -0.456029 0.706633 0.822681
v -0.363929 0.816233 0.694381
v -0.359229 0.634133 0.845081
v -0.258229 0.724533 0.716481
v -0.269629 0.610333 0.867881
v -0.326029 0.609833 1.002081
v -0.268729 0.572533 1.012781
v -0.212329 0.533533 1.024481
v -0.201129 0.571433 0.884981
v -0.105329 0.596733 0.746081
v -0.136429 0.532133 0.903081
v -0.036729 0.542733 0.763881
v 0.027671 0.493033 0.793281
v 0.053371 0.531633 0.608481
v 0.083371 0.482333 0.457481
v -0.017829 0.598933 0.588981
v 0.139671 0.475733 0.636081
v 0.161871 0.429933 0.470781
v -0.051585 0.435269 0.967692
v -0.195229 0.494633 1.111981
v -0.250329 0.524333 1.104882
v -0.217629 0.458633 1.139781
v 0.163871 0.313133 0.215781
v 0.171171 0.238233 0.123981
v 0.193671 0.218033 0.030281
v 0.071771 0.254633 0.122481
v -0.038929 0.289033 0.109681
v 0.098671 0.231933 0.026281
v 0.071271 0.340033 0.213681
v 0.077771 0.421833 0.325981
v -0.037229 0.373933 0.208281
v -0.144229 0.413433 0.202081
v -0.021229 0.471233 0.315181
v -0.007329 0.543433 0.441881
v -0.120029 0.522233 0.304081
v -0.096929 0.606733 0.424581
v -0.239129 0.585233 0.290281
v -0.400529 0.669033 0.272981
v -0.206229 0.681633 0.403681
v -0.270029 0.470233 0.188181
v -0.426929 0.561733 0.155181
v -0.271929 0.389433 0.072381
v -0.428329 0.481233 0.030281
v -0.262729 0.327833 -0.015219
v -0.146729 0.330633 0.095381
v -0.131629 0.280133 0.005981
v -0.111029 0.241033 -0.070719
v -0.017229 0.252033 0.017081
v 0.004871 0.216033 -0.058219
v 0.020271 0.171533 -0.131519
v 0.122971 0.201433 -0.050119
v 0.136371 0.152033 -0.121419
v 0.232871 0.151033 -0.120119
v 0.146271 0.079233 -0.198019
v 0.157271 -0.028567 -0.290919
v 0.032171 0.105033 -0.211819
v -0.079629 0.135233 -0.229319
v 0.045171 0.006933 -0.310919
v 0.052971 -0.115667 -0.437619
v -0.064329 0.044933 -0.332319
v -0.195229 0.092633 -0.358819
v -0.056829 -0.073867 -0.461119
v -0.192229 -0.029267 -0.483719
v -0.064829 -0.220167 -0.623119
v -0.206629 -0.183967 -0.643919
v 0.048471 -0.258667 -0.598119
v -0.089629 -0.346267 -0.801119
v -0.138329 -0.414467 -0.967719
v -0.233729 -0.315567 -0.823819
v 0.024271 -0.381067 -0.775319
v -0.028329 -0.443667 -0.948019
v 0.134171 -0.423867 -0.744319
v 0.076671 -0.485267 -0.922219
v 0.161271 -0.297867 -0.572819
v 0.225271 -0.463767 -0.721119
v 0.162371 -0.534267 -0.898419
v 0.256471 -0.329267 -0.556719
v 0.290512 -0.473779 -0.711908
v 0.227712 -0.553379 -0.885208
v 0.323912 -0.333179 -0.546408
v 0.265871 -0.168867 -0.416519
v 0.166371 -0.150867 -0.419819
v 0.175012 -0.556679 -1.042108
v 0.109171 -0.538367 -1.055619
v 0.141512 -0.558579 -1.137508
v 0.081071 -0.539167 -1.142519
v 0.105012 -0.578479 -1.182508
v 0.056371 -0.552167 -1.195019
v 0.008271 -0.599667 -1.218619
v -0.047229 -0.646667 -1.200719
v -0.093129 -0.682567 -1.169719
v -0.129429 -0.722367 -1.115019
v -0.155429 -0.725067 -1.030619
v -0.153429 -0.708767 -0.945119
v -0.157829 -0.680367 -0.854319
v -0.229229 -0.645767 -0.880219
v -0.162729 -0.646267 -0.766019
v -0.165529 -0.613767 -0.690419
v -0.240529 -0.610367 -0.791919
v -0.250829 -0.575867 -0.718719
v -0.330429 -0.578367 -0.817519
v -0.345529 -0.543367 -0.745419
v -0.423029 -0.553067 -0.840119
v -0.316429 -0.613867 -0.907919
v -0.302529 -0.643167 -1.006519
v -0.406729 -0.588867 -0.933419
v -0.390329 -0.617967 -1.036919
v -0.539529 -0.562567 -0.984219
v -0.558929 -0.525867 -0.886019
v -0.752429 -0.519267 -1.090719
v -0.518229 -0.589467 -1.092119
v -0.720129 -0.538167 -1.198919
v -0.489829 -0.593767 -1.196119
v -0.453929 -0.568767 -1.278419
v -0.680429 -0.526267 -1.287619
v -0.369729 -0.630867 -1.140919
v -0.339729 -0.615767 -1.228419
v -0.287329 -0.659367 -1.104819
v -0.262029 -0.649867 -1.189419
v -0.209329 -0.694167 -1.068519
v -0.218329 -0.675567 -0.974619
v -0.188029 -0.684767 -1.150919
v -0.152229 -0.653767 -1.204219
v -0.108929 -0.617667 -1.237419
v -0.226629 -0.621467 -1.244419
v -0.304329 -0.587067 -1.283419
v -0.186329 -0.587767 -1.280119
v -0.143229 -0.535167 -1.293819
v -0.268129 -0.555467 -1.320219
v -0.386429 -0.508867 -1.359619
v -0.232829 -0.500467 -1.334219
v -0.357029 -0.457067 -1.371819
v -0.224329 -0.459467 -1.275319
v -0.121529 -0.486767 -1.246119
v -0.213029 -0.452067 -1.206019
v -0.352829 -0.425167 -1.311819
v -0.527229 -0.366267 -1.368219
v -0.345029 -0.424467 -1.236419
v -0.525829 -0.371767 -1.286719
v -0.322629 -0.415667 -1.129419
v -0.512729 -0.368567 -1.168719
v -0.278329 -0.384967 -0.989719
v -0.186729 -0.441067 -1.108219
v -0.080729 -0.465167 -1.092719
v -0.107529 -0.474267 -1.184019
v 0.022971 -0.497267 -1.073719
v -0.004029 -0.502267 -1.160419
v -0.022229 -0.517967 -1.215119
v -0.058729 -0.568567 -1.249419
v -0.473729 -0.341367 -1.023119
v -0.428629 -0.268667 -0.855619
v -0.695029 -0.261167 -1.086719
v -0.920529 -0.149667 -1.188719
v -0.724029 -0.283067 -1.239019
v -0.653929 -0.192367 -0.912719
v -0.616329 -0.050567 -0.725419
v -0.890929 -0.087467 -1.003019
v -1.109629 0.039833 -1.110219
v -0.844529 0.058933 -0.808519
v -0.809829 0.218333 -0.629619
v -1.076029 0.167833 -0.891019
v -1.026829 0.328433 -0.707519
v -1.253829 0.298033 -0.987019
v -1.362129 0.424533 -1.077919
v -1.208829 0.440133 -0.791719
v -1.267029 0.190733 -1.220119
v -1.366429 0.325833 -1.313019
v -1.244529 0.142233 -1.428419
v -1.108929 -0.004867 -1.312419
v -1.229329 0.100733 -1.590319
v -1.351229 0.252233 -1.524219
v -1.324229 0.191733 -1.694919
v -1.403229 0.326233 -1.598919
v -1.370629 0.255433 -1.786919
v -1.409729 0.413133 -1.375519
v -1.433129 0.378033 -1.657319
v -1.400529 0.299333 -1.859119
v -1.451429 0.434933 -1.708719
v -1.435229 0.473733 -1.423519
v -1.431829 0.570733 -1.184019
v -1.448629 0.544933 -1.479419
v -1.436329 0.649733 -1.247919
v -1.476829 0.609333 -1.529319
v -1.475629 0.715233 -1.302019
v -1.546829 0.737833 -1.321919
v -1.474729 0.488033 -1.751119
v -1.540029 0.649233 -1.558519
v -1.619529 0.639733 -1.552019
v -1.602429 0.556533 -1.792019
v -1.525029 0.533933 -1.785019
v -1.514129 0.409033 -1.967319
v -1.459229 0.382733 -1.942819
v -1.450529 0.295933 -2.066219
v -1.426829 0.342633 -1.908119
v -1.413129 0.261233 -2.039319
v -1.394329 0.195533 -2.140319
v -1.382729 0.221533 -1.993319
v -1.363629 0.151333 -2.088919
v -1.346229 0.181833 -1.911619
v -1.342829 0.107533 -1.988519
v -1.303929 0.123933 -1.806219
v -1.286929 0.059433 -1.875219
v -1.228729 0.040633 -1.694219
v -1.221529 -0.009467 -1.761019
v -1.104229 -0.057967 -1.580719
v -0.920129 -0.161367 -1.468119
v -1.110829 -0.096567 -1.648519
v -1.098929 -0.018467 -1.473419
v -0.924429 -0.153867 -1.348819
v -1.114729 -0.125867 -1.699119
v -0.931629 -0.190867 -1.541919
v -0.738829 -0.312367 -1.496119
v -0.943129 -0.217267 -1.589319
v -0.709629 -0.264867 -1.461019
v -0.717629 -0.267567 -1.365119
v -0.535429 -0.393967 -1.423919
v -0.569929 -0.440667 -1.411719
v -0.779029 -0.352867 -1.485019
v -0.603029 -0.467967 -1.387419
v -0.639729 -0.496167 -1.349719
v -0.418329 -0.538267 -1.327519
v -0.812629 -0.376167 -1.465819
v -0.848029 -0.400267 -1.437519
v -1.000929 -0.285367 -1.587319
v -0.966829 -0.257767 -1.609119
v -1.034229 -0.308167 -1.551619
v -1.168229 -0.186467 -1.698619
v -1.200729 -0.208467 -1.660819
v -1.135929 -0.162067 -1.718019
v -1.313729 -0.121467 -1.792919
v -1.425529 -0.085867 -1.892819
v -1.359829 -0.136567 -1.761319
v -1.267129 -0.098367 -1.805619
v -1.223329 -0.058467 -1.807919
v -1.363529 -0.051767 -1.902219
v -1.356529 0.034633 -2.039519
v -1.307029 -0.007567 -1.907119
v -1.395829 -0.047467 -2.058819
v -1.476929 -0.111967 -2.026219
v -1.417629 -0.036467 -2.200519
v -1.473329 0.007033 -2.264019
v -1.511729 -0.128867 -2.145219
v -1.366529 0.067033 -2.170719
v -1.411229 0.111033 -2.230919
v -1.463829 0.147433 -2.253419
v -1.528129 0.170033 -2.259819
v -1.442229 0.230833 -2.163419
v -1.523829 0.040533 -2.291119
v -1.614629 -0.068567 -2.235519
v -1.576829 0.072933 -2.292719
v -1.642229 0.108633 -2.254919
v -1.656829 -0.028967 -2.246819
v -1.698729 0.026933 -2.212919
v -1.715929 -0.057767 -2.125819
v -1.684529 -0.096767 -2.101419
v -1.734629 -0.012267 -2.146919
v -1.757529 -0.044867 -2.038719
v -1.777029 0.007233 -2.097219
v -1.789529 -0.024367 -1.968219
v -1.712329 -0.080867 -1.993119
v -1.734529 -0.074667 -1.909619
v -1.650729 -0.106467 -1.972119
v -1.572829 -0.118067 -1.979819
v -1.649529 -0.101867 -1.886419
v -1.640729 -0.124567 -2.079119
v -1.566529 -0.102067 -2.208919
v -1.578529 -0.139167 -2.068819
v -1.518229 -0.101067 -1.868919
v -1.672029 -0.107667 -1.818619
v -1.704729 -0.092967 -1.730019
v -1.548929 -0.093367 -1.780619
v -1.754929 -0.073167 -1.849919
v -1.779629 -0.060467 -1.769719
v -1.804729 -0.012967 -1.904619
v -1.850529 0.037533 -1.956719
v -1.826829 -0.001567 -1.816119
v -1.857429 0.059433 -1.857119
v -1.848529 0.048633 -1.671719
v -1.870629 0.113733 -1.709119
v -1.802129 -0.007067 -1.630219
v -1.874429 0.115033 -1.500219
v -1.826129 0.062033 -1.462919
v -1.901129 0.183033 -1.330119
v -1.888129 0.183933 -1.535319
v -1.917329 0.246433 -1.357819
v -1.928629 0.224833 -1.557219
v -1.955129 0.282433 -1.373519
v -1.912529 0.153533 -1.733519
v -2.051429 0.283133 -1.590219
v -2.328229 0.404833 -1.662919
v -2.067329 0.346733 -1.398119
v -2.035429 0.219833 -1.778619
v -2.027129 0.165333 -1.932219
v -2.333729 0.316033 -1.864419
v -2.752829 0.375733 -1.945519
v -2.337029 0.249033 -2.030319
v -2.774529 0.281333 -2.126819
v -2.345529 0.206133 -2.120019
v -2.780729 0.229233 -2.245319
v -2.352629 0.187433 -2.177819
v -2.036029 0.128133 -2.082819
v -2.031229 0.128933 -2.021119
v -1.897929 0.072133 -1.981519
v -1.900929 0.097533 -1.882519
v -1.897829 0.085133 -2.051019
v -1.900029 0.138733 -2.106619
v -1.838229 0.041733 -2.045119
v -1.837729 0.117833 -2.107419
v -1.823629 0.188233 -2.123619
v -1.758329 0.078533 -2.149019
v -1.722829 0.148633 -2.169319
v -1.698729 0.205233 -2.160119
v -1.606929 0.185233 -2.230519
v -1.680329 0.269333 -2.121619
v -1.798529 0.236533 -2.113419
v -1.772329 0.290433 -2.083719
v -1.877829 0.257933 -2.116319
v -1.852629 0.305633 -2.081919
v -2.023629 0.287433 -2.162019
v -1.895629 0.208233 -2.132119
v -2.032329 0.235933 -2.178419
v -2.340729 0.296433 -2.273419
v -2.036729 0.169633 -2.144819
v -2.348629 0.226333 -2.242519
v -2.772729 0.217033 -2.338119
v -2.754229 0.291633 -2.400919
v -2.739529 0.378433 -2.421119
v -3.186929 0.385533 -2.565519
v -3.220229 0.322733 -2.493019
v -3.159329 0.472133 -2.592019
v -3.615429 0.567433 -2.683819
v -3.656029 0.500533 -2.640819
v -4.032929 0.759833 -2.769519
v -3.670229 0.505933 -2.541219
v -4.047029 0.756633 -2.679419
v -3.645829 0.564533 -2.397619
v -3.236729 0.324233 -2.389819
v -3.226129 0.378133 -2.250919
v -3.194829 0.461933 -2.037119
v -3.146229 0.573633 -1.788019
v -3.595729 0.650233 -2.162219
v -3.532529 0.751033 -1.875319
v -3.954829 0.881433 -2.274319
v -3.868529 0.984333 -1.958919
v -4.030330 0.788933 -2.525819
v -4.255030 1.144933 -2.380319
v -4.343929 1.053533 -2.644019
v -4.152830 1.247833 -2.042319
v -4.510129 1.393133 -2.467419
v -4.723629 1.556833 -2.518619
v -4.596930 1.301133 -2.736019
v -4.405330 1.497933 -2.117119
v -4.287230 1.604633 -1.748219
v -4.609429 1.676633 -2.162319
v -4.485730 1.782833 -1.776919
v -4.709929 1.760433 -2.179619
v -4.573730 1.884733 -1.792019
v -4.769629 1.796133 -2.171519
v -4.833729 1.620833 -2.552119
v -4.903430 1.548633 -2.865919
v -4.894629 1.651333 -2.570219
v -4.980830 1.692333 -2.561119
v -4.986629 1.572433 -2.906219
v -5.084529 1.590933 -2.911919
v -5.037230 1.499733 -3.065719
v -5.060329 1.484833 -3.186119
v -5.139830 1.495333 -3.076019
v -4.948730 1.494633 -3.016719
v -4.959030 1.466533 -3.105619
v -4.811930 1.452933 -2.953719
v -4.790830 1.476533 -2.805119
v -4.829229 1.427533 -3.030319
v -4.607830 1.286733 -2.884019
v -4.609230 1.284133 -2.955919
v -4.606929 1.274733 -3.052419
v -4.332630 1.049233 -2.959619
v -4.355130 1.029133 -2.878319
v -3.993929 0.813633 -2.815119
v -4.358729 1.032333 -2.795919
v -3.970829 0.863633 -2.837119
v -4.294529 1.102333 -3.010919
v -3.590629 0.626733 -2.702319
v -3.586329 0.698633 -2.692119
v -3.953729 0.925433 -2.855219
v -3.939129 0.987833 -2.838219
v -4.254729 1.169833 -3.031919
v -3.589829 0.754733 -2.661119
v -3.186729 0.564333 -2.461919
v -3.582829 0.778233 -2.614519
v -3.555929 0.802233 -2.503619
v -3.179629 0.579633 -2.421519
v -3.926729 1.016733 -2.785719
v -3.901729 1.040033 -2.659619
v -4.211929 1.264833 -2.928319
v -4.449029 1.479033 -3.026319
v -4.234729 1.231833 -2.983419
v -4.175630 1.300433 -2.797919
v -4.133929 1.348533 -2.522619
v -4.400229 1.526333 -2.901219
v -4.341330 1.592833 -2.632619
v -4.588329 1.675833 -2.966519
v -4.629829 1.634033 -3.097719
v -4.683430 1.761333 -3.033919
v -4.500929 1.766533 -2.711819
v -4.584630 1.858533 -2.765919
v -4.372129 1.889033 -2.391319
v -4.224629 2.012533 -2.051219
v -4.209030 1.718233 -2.322519
v -4.466330 1.972933 -2.417519
v -4.311230 2.105033 -2.068319
v -4.521029 2.031033 -2.434519
v -4.368129 2.161833 -2.070419
v -4.416729 2.240833 -2.092019
v -4.649330 1.914533 -2.802719
v -4.549530 2.124733 -2.481319
v -4.687230 2.018333 -2.867219
v -4.599229 2.216633 -2.508319
v -4.677829 2.266433 -2.481019
v -4.452229 2.336033 -2.111519
v -4.753129 2.127433 -2.911119
v -4.884629 2.061833 -3.232819
v -4.847429 2.217033 -2.911419
v -5.016829 2.150833 -3.241719
v -4.947430 2.272333 -2.877819
v -4.757929 2.273633 -2.429819
v -5.137629 2.227933 -3.221019
v -5.030729 2.294933 -2.825419
v -4.823629 2.296933 -2.392019
v -5.190829 2.308233 -2.718019
v -5.231529 2.276533 -3.160619
v -5.501229 2.277533 -3.191519
v -5.345829 2.209033 -3.306919
v -5.395929 2.303733 -3.038419
v -5.716730 2.377933 -2.846319
v -6.091829 2.609233 -2.641619
v -5.818029 2.375633 -3.000619
v -5.502429 2.397433 -2.531619
v -5.220329 2.540933 -2.163719
v -4.958029 2.356933 -2.313919
v -5.878630 2.620233 -2.316719
v -6.165430 3.043033 -2.174819
v -5.941130 3.010633 -1.747919
v -5.580530 2.731033 -1.951319
v -5.367330 2.790333 -1.537719
v -5.042029 2.600633 -1.736519
v -5.212629 2.843333 -1.164719
v -5.673629 3.058433 -1.366019
v -5.458729 3.103633 -1.030919
v -5.879630 3.353033 -1.269519
v -6.124829 3.393133 -1.671619
v -5.632130 3.358633 -0.956419
v -5.969429 3.557933 -1.257719
v -6.199729 3.629133 -1.663219
v -5.729929 3.519033 -0.943319
v -6.031829 3.672933 -1.260519
v -6.078829 3.765233 -1.257619
v -5.794429 3.624033 -0.948519
v -6.290130 3.725333 -1.634719
v -6.330830 3.816533 -1.628219
v -6.580629 3.743833 -1.995019
v -6.610929 3.848733 -1.992219
v -6.792230 3.746533 -2.309819
v -6.492630 3.637433 -2.031319
v -6.732430 3.624533 -2.328419
v -6.855830 3.592533 -2.488319
v -6.624730 3.406933 -2.369619
v -6.395830 3.025533 -2.486019
v -6.347529 3.452033 -2.099119
v -6.757929 3.381633 -2.503719
v -6.500030 3.031933 -2.652819
v -6.567130 3.017133 -2.721519
v -6.189529 2.618233 -2.805419
v -6.240230 2.611933 -2.861519
v -6.326129 2.572233 -2.915119
v -5.866230 2.363833 -3.056319
v -5.557129 2.252233 -3.263419
v -5.926730 2.322733 -3.089119
v -5.639229 2.121733 -3.242019
v -5.630929 2.189433 -3.318819
v -5.959429 2.276233 -3.049719
v -6.438529 2.462333 -2.895919
v -5.965030 2.255733 -2.969719
v -6.393929 2.453733 -2.735819
v -5.642329 2.104933 -3.164419
v -5.938529 2.197033 -2.738219
v -5.521229 2.005633 -2.474119
v -5.629630 2.036833 -2.937819
v -6.323430 2.452533 -2.501219
v -5.787729 2.238833 -2.315319
v -6.130829 2.540833 -2.116519
v -5.579329 2.330233 -1.824219
v -5.396629 2.407433 -1.365719
v -5.319429 2.099633 -1.956619
v -5.882229 2.657733 -1.666719
v -5.701930 2.680033 -1.195719
v -6.151129 3.003733 -1.522119
v -6.410530 2.930933 -1.968819
v -6.372630 3.267733 -1.411419
v -5.952929 3.003233 -1.058119
v -6.113029 3.291633 -0.986819
v -5.726429 3.061133 -0.718019
v -5.507830 2.749733 -0.834119
v -5.863430 3.338433 -0.665519
v -5.539129 3.135733 -0.540219
v -5.677430 3.382133 -0.480619
v -5.346330 2.850233 -0.637219
v -5.424729 3.163133 -0.410219
v -5.241230 2.906133 -0.501519
v -5.558730 3.388733 -0.350119
v -5.316929 3.180933 -0.308519
v -5.133229 2.950433 -0.402119
v -5.209529 3.197733 -0.222919
v -5.461130 3.375233 -0.236719
v -5.359829 3.369733 -0.145119
v -5.528930 3.473133 -0.188319
v -5.596630 3.481333 -0.115619
v -5.427229 3.451233 -0.093819
v -5.635530 3.491933 -0.300419
v -5.749229 3.508633 -0.450419
v -5.706230 3.505733 -0.231419
v -5.826829 3.513633 -0.387019
v -5.789430 3.547733 -0.133119
v -5.694329 3.510633 -0.009319
v -5.910429 3.538233 -0.287319
v -5.838930 3.648433 -0.055519
v -5.753429 3.613433 0.078381
v -5.848929 3.733333 -0.013819
v -5.965730 3.628133 -0.206119
v -6.163030 3.564833 -0.417219
v -5.988729 3.713233 -0.164919
v -6.005229 3.790233 -0.124819
v -6.209129 3.651333 -0.363419
v -6.499529 3.609433 -0.693119
v -6.225029 3.744933 -0.331719
v -6.512030 3.717933 -0.660019
v -6.248730 3.819033 -0.264519
v -6.525630 3.799933 -0.601119
v -6.300829 3.930533 -0.141319
v -6.039929 3.847033 -0.048519
v -5.888030 3.856233 0.095081
v -6.099329 3.933033 0.069681
v -6.213329 4.073133 0.260181
v -5.950530 3.920333 0.205481
v -6.050529 4.043833 0.372381
v -5.818130 3.917533 0.287381
v -5.702529 3.901233 0.351481
v -5.766429 3.845133 0.196581
v -5.914330 4.031734 0.445381
v -6.008929 4.186433 0.597681
v -5.799429 4.013333 0.507481
v -5.680029 4.004333 0.562881
v -5.894730 4.162833 0.659281
v -5.774829 4.150033 0.712681
v -5.958930 4.295834 0.755681
v -5.999030 4.417233 0.832581
v -5.836830 4.268233 0.806681
v -6.075029 4.332933 0.695281
v -6.118730 4.467333 0.773481
v -6.217330 4.365633 0.643381
v -6.383629 4.428133 0.570181
v -6.262030 4.512733 0.728081
v -6.148230 4.208933 0.533881
v -6.322430 4.254533 0.447581
v -6.552229 4.300533 0.315781
v -6.606629 4.500333 0.459781
v -6.836629 4.356033 0.091881
v -6.437230 4.079733 0.094281
v -6.698030 4.126634 -0.199819
v -7.011230 4.132733 -0.512619
v -6.569029 3.928033 -0.471219
v -6.885230 3.909333 -0.842919
v -6.842229 3.782633 -0.993219
v -7.199230 3.909733 -1.208319
v -7.189129 3.743333 -1.365719
v -7.429930 3.944733 -1.512319
v -7.309030 4.159133 -0.815419
v -7.504930 4.238833 -1.077919
v -7.481130 4.396934 -0.354919
v -7.681729 4.476833 -0.563819
v -7.156829 4.391033 -0.150419
v -7.571830 4.693534 -0.092819
v -7.229229 4.661734 0.065281
v -7.611230 5.013833 0.051981
v -7.788730 4.780233 -0.280719
v -7.854329 5.116134 -0.118019
v -7.910230 4.844534 -0.396319
v -7.771029 4.538433 -0.682119
v -8.000830 5.184234 -0.219319
v -7.947430 4.899234 -0.485419
v -7.796129 4.579634 -0.753719
v -7.938330 4.951533 -0.598419
v -8.079630 5.232634 -0.307219
v -8.071830 5.290033 -0.434819
v -8.070430 5.610434 -0.076819
v -8.042729 5.569234 -0.028919
v -8.115629 5.844334 0.178781
v -8.200529 5.926534 0.149781
v -8.087729 5.644134 -0.178219
v -8.160729 5.943233 -0.011319
v -8.238930 6.085934 0.057181
v -8.030930 6.017333 -0.081119
v -7.893729 5.936533 -0.028919
v -7.997529 5.684733 -0.280319
v -7.974429 6.122434 0.000681
v -8.150129 6.138433 -0.000719
v -8.254829 6.213834 0.044581
v -8.219029 6.268534 0.021981
v -8.094029 6.195233 -0.008019
v -8.058829 6.262433 0.004881
v -7.934230 6.180533 0.048081
v -8.202330 6.331333 0.003181
v -8.035029 6.344633 0.014381
v -8.202629 6.402933 -0.000719
v -8.030729 6.441633 0.048981
v -7.886629 6.272433 0.059781
v -7.863930 6.375434 0.096281
v -7.794330 6.225134 0.100881
v -7.664330 6.158234 0.172481
v -7.769730 6.326834 0.141981
v -7.844629 6.129534 0.088781
v -7.704430 6.056833 0.163781
v -7.875930 6.069934 0.048381
v -7.722930 5.989834 0.136881
v -7.728930 5.850333 0.074781
v -7.406429 5.853733 0.223981
v -7.398829 5.729234 0.161481
v -7.026030 5.674033 0.347981
v -7.403230 5.922733 0.251381
v -7.037230 5.745633 0.379981
v -7.375230 6.040434 0.256881
v -7.042130 5.868533 0.415481
v -6.731229 5.667733 0.602981
v -7.031129 6.013734 0.440281
v -7.051730 6.118134 0.531281
v -7.365829 6.162333 0.304281
v -6.734930 5.810833 0.613981
v -6.451230 5.650733 0.735981
v -6.758029 5.904834 0.689681
v -6.804729 5.915733 0.795781
v -6.480330 5.749434 0.814281
v -6.278629 5.659134 0.894581
v -6.529729 5.760134 0.921881
v -6.569829 5.713533 1.021381
v -6.338930 5.666533 1.011081
v -6.382030 5.610833 1.105281
v -6.187530 5.617233 1.083281
v -6.239429 5.564034 1.192781
v -6.117829 5.607533 0.952781
v -6.026330 5.623134 1.165081
v -6.106830 5.560233 1.309681
v -5.862130 5.601733 1.250781
v -5.947229 5.592633 1.004981
v -5.785329 5.546534 1.074981
v -5.885530 5.467433 0.873181
v -5.730430 5.412233 0.940481
v -5.855929 5.283633 0.840781
v -6.067430 5.490833 0.855881
v -6.243829 5.546433 0.815081
v -6.026929 5.338634 0.809881
v -6.207530 5.402333 0.785181
v -6.011529 5.194633 0.807781
v -6.022230 5.113934 0.803981
v -5.840829 5.131233 0.837581
v -6.178629 5.267234 0.767681
v -6.396029 5.373034 0.701681
v -6.174429 5.186533 0.755581
v -6.189330 5.097934 0.711181
v -6.380529 5.289534 0.686481
v -6.693530 5.456233 0.552681
v -6.391230 5.190933 0.639081
v -6.425029 5.021434 0.507181
v -6.687230 5.353434 0.489181
v -7.016230 5.562433 0.288281
v -6.688829 5.164133 0.338681
v -6.685929 4.938733 0.148081
v -6.995930 5.334333 0.140281
v -7.373130 5.458034 0.009381
v -6.975729 5.052834 -0.041519
v -6.947330 4.795334 -0.227419
v -7.326030 5.141434 -0.196819
v -7.626029 5.227234 -0.339119
v -7.278529 4.852433 -0.387819
v -7.219230 4.578134 -0.648519
v -7.556629 4.921333 -0.529719
v -7.480530 4.615933 -0.786519
v -7.718630 4.964233 -0.610419
v -7.612129 4.626933 -0.846819
v -7.806729 5.291834 -0.442719
v -7.823830 4.985833 -0.645419
v -7.651130 4.637633 -0.851219
v -7.940129 5.318233 -0.485419
v -7.782229 4.643033 -0.854119
v -7.613830 4.331433 -1.331819
v -7.638129 4.254733 -1.248619
v -7.495029 4.339334 -1.339419
v -7.580729 4.131133 -1.851419
v -7.523230 4.029433 -2.090019
v -7.402829 4.173833 -1.849619
v -7.539330 3.870333 -1.984619
v -7.664729 3.994033 -1.764319
v -7.523529 3.801933 -1.883019
v -7.549930 3.949033 -1.661219
v -7.591729 4.252733 -1.192819
v -7.484329 3.735533 -1.986719
v -7.417130 3.773233 -1.703019
v -7.399130 3.694733 -1.795719
v -7.182129 3.661133 -1.437519
v -7.360929 3.603233 -1.901719
v -7.140830 3.569833 -1.527519
v -7.303630 3.510533 -2.014419
v -7.441930 3.650833 -2.100319
v -7.474230 3.687433 -2.211919
v -7.395229 3.556033 -2.217319
v -7.318729 3.486033 -2.338319
v -7.438829 3.590533 -2.319819
v -7.500429 3.626933 -2.416319
v -7.369229 3.509333 -2.439719
v -7.508730 3.732133 -2.339819
v -7.501929 3.830133 -2.301619
v -7.569229 3.765233 -2.461219
v -7.560530 3.857933 -2.442719
v -7.601430 3.789133 -2.574519
v -7.559930 3.665033 -2.510519
v -7.587330 3.709033 -2.607519
v -7.488830 3.577933 -2.608219
v -7.361529 3.565633 -2.698019
v -7.528330 3.637633 -2.688219
v -7.430030 3.537333 -2.526619
v -7.302429 3.526533 -2.624719
v -7.171229 3.581233 -2.655719
v -7.237229 3.472933 -2.548319
v -7.105529 3.528233 -2.614719
v -7.132430 3.385733 -2.532619
v -7.213729 3.443733 -2.419419
v -7.131829 3.354233 -2.422019
v -7.118929 3.413333 -2.214619
v -7.033830 3.338933 -2.213719
v -6.860929 3.450633 -1.837719
v -7.213930 3.457333 -2.134319
v -6.979429 3.431133 -1.742519
v -6.671730 3.430833 -1.278919
v -7.083529 3.465833 -1.622519
v -6.766429 3.481233 -1.172619
v -6.443429 3.516533 -0.756419
v -6.807729 3.599033 -1.109519
v -6.828929 3.704433 -1.055819
v -6.356329 3.465833 -0.858519
v -6.090429 3.495833 -0.512219
v -6.263130 3.465633 -0.952019
v -6.566629 3.442233 -1.369919
v -6.198329 3.422133 -0.973719
v -6.005030 3.485533 -0.610119
v -5.936930 3.464333 -0.650619
v -6.496130 3.385133 -1.381619
v -6.754529 3.406333 -1.860919
v -6.607230 3.272633 -1.889319
v -6.871830 3.196033 -2.234719
v -6.957930 3.208233 -2.436619
v -6.626229 2.861333 -2.337819
v -6.694729 2.870133 -2.552719
v -6.729829 2.874833 -2.664319
v -6.672130 2.951733 -2.751719
v -6.972829 3.232333 -2.530219
v -6.920030 3.301533 -2.628619
v -6.813029 3.369033 -2.582019
v -7.042930 3.460633 -2.605319
v -6.924429 3.546733 -2.583119
v -6.984729 3.642033 -2.592719
v -7.081830 3.682233 -2.644519
v -7.009329 3.824133 -2.542119
v -6.903830 3.708933 -2.482919
v -6.940129 3.850733 -2.463419
v -6.970729 4.019733 -2.443119
v -6.825530 3.868133 -2.300519
v -6.851230 4.010833 -2.290219
v -6.629930 3.971633 -1.993319
v -6.970729 4.122033 -2.208019
v -7.111929 4.132333 -2.082619
v -7.097630 4.134733 -2.352219
v -6.745830 4.073833 -1.930219
v -6.439929 4.072033 -1.596219
v -6.883430 4.105633 -1.826619
v -6.588729 4.105433 -1.503519
v -6.957129 4.132934 -1.709419
v -6.676929 4.136333 -1.397219
v -7.016630 4.212334 -1.492319
v -7.180830 4.136233 -1.954819
v -7.254529 4.163134 -1.705619
v -7.292330 4.164233 -2.084519
v -7.231929 4.156933 -2.218319
v -7.352030 4.165733 -1.815919
v -7.392630 4.151834 -2.124819
v -7.337330 4.125633 -2.279619
v -7.174230 4.126933 -2.431819
v -7.397030 4.077833 -2.392219
v -7.487729 3.968433 -2.316519
v -7.490930 3.997933 -2.194619
v -7.499330 3.802533 -2.113119
v -7.524529 3.951433 -2.449819
v -7.557830 3.930133 -2.577819
v -7.454729 4.034534 -2.495619
v -7.324329 4.067533 -2.600119
v -7.502230 3.993633 -2.614919
v -7.389629 4.010833 -2.689119
v -7.515129 3.957633 -2.696419
v -7.446130 3.936233 -2.756819
v -7.555730 3.903733 -2.694119
v -7.580130 3.854533 -2.685719
v -7.478430 3.873433 -2.788919
v -7.495729 3.829533 -2.795719
v -7.349230 3.841933 -2.781619
v -7.355829 3.900333 -2.763819
v -7.356330 3.786633 -2.791719
v -7.251029 3.827133 -2.723219
v -7.253530 3.751333 -2.739719
v -7.162330 3.822433 -2.660719
v -7.288429 3.916733 -2.722219
v -7.201330 3.949933 -2.657419
v -7.119130 3.983733 -2.593719
v -7.250830 4.105333 -2.513119
v -7.042530 4.007333 -2.520919
v -7.082230 3.818233 -2.604619
v -7.161930 3.717033 -2.689019
v -7.236929 3.624233 -2.715419
v -7.312630 3.678733 -2.768119
v -7.417029 3.630333 -2.757819
v -7.403629 3.734233 -2.802519
v -7.519629 3.778933 -2.784719
v -7.456129 3.685333 -2.786519
v -7.534829 3.710533 -2.747519
v -7.581530 3.736633 -2.679519
v -7.587930 3.795133 -2.680319
v -7.592730 3.864933 -2.569519
v -7.474529 4.340834 -1.330119
v -7.362029 4.356433 -1.254419
v -7.113729 4.366833 -1.084219
v -6.845029 4.317733 -0.836019
v -6.756629 4.179433 -1.195519
v -6.902430 4.557433 -0.476719
v -6.582329 4.303933 -0.583019
v -6.511630 4.137333 -0.888619
v -6.630429 4.523334 -0.262919
v -6.371930 4.244634 -0.330519
v -6.416530 4.455133 -0.040819
v -6.177430 4.203134 -0.146619
v -6.294630 4.091933 -0.607919
v -6.200329 4.035833 -0.751119
v -6.118629 4.051833 -0.389819
v -6.047029 3.999033 -0.516619
v -5.942629 4.059533 -0.238119
v -5.993629 4.184433 -0.013019
v -5.770430 4.075433 -0.121319
v -5.901030 4.013933 -0.352419
v -5.829730 3.990633 -0.422419
v -5.739830 4.033033 -0.231019
v -5.568329 4.071033 -0.136619
v -5.678529 4.018733 -0.305019
v -5.512129 4.072033 -0.216419
v -5.529230 4.041634 -0.436719
v -5.676529 3.986433 -0.537019
v -5.376530 4.087033 -0.347419
v -5.375030 3.935533 -0.540419
v -5.517429 3.902633 -0.639119
v -5.296830 3.772233 -0.586419
v -5.243629 3.961233 -0.444819
v -5.127130 3.968833 -0.327419
v -5.184529 3.790333 -0.484419
v -5.199629 3.634033 -0.454619
v -5.092330 3.800833 -0.362019
v -4.927829 3.680333 -0.157619
v -4.958930 3.798433 -0.129619
v -5.106830 3.652433 -0.343219
v -5.080130 3.572533 -0.343519
v -5.177629 3.553733 -0.452119
v -5.020730 3.480933 -0.337319
v -4.891230 3.608933 -0.170619
v -4.833230 3.527133 -0.170219
v -4.550029 3.660033 0.163081
v -4.171629 3.701433 0.534481
v -4.507430 3.587733 0.151581
v -4.580929 3.726033 0.177781
v -4.622029 3.822633 0.202681
v -4.220230 3.850233 0.543581
v -4.197330 3.762433 0.550581
v -3.859729 3.782033 0.790981
v -3.601529 3.790733 0.962381
v -3.851829 3.722733 0.796981
v -3.885929 3.849533 0.800481
v -3.919929 3.920033 0.821881
v -3.620729 3.845633 0.976581
v -3.642029 3.901133 1.004381
v -3.446329 3.849633 1.099281
v -3.427029 3.807833 1.095581
v -3.466429 3.889033 1.124481
v -3.344529 3.860533 1.198381
v -3.315129 3.827333 1.207481
v -3.274029 3.899033 1.272481
v -3.385729 3.889533 1.190481
v -3.359129 3.918633 1.245581
v -3.351129 3.961233 1.308981
v -3.483529 3.949533 1.248181
v -3.480529 3.926433 1.176981
v -3.671929 3.946533 1.055681
v -3.687729 3.959433 1.144581
v -3.971529 3.982333 0.878981
v -4.041329 3.984433 0.953581
v -4.261829 3.944133 0.557981
v -4.342330 3.986533 0.636381
v -4.427229 3.987333 0.723781
v -4.727630 3.992033 0.297981
v -4.977329 3.931633 -0.104619
v -4.656529 3.926733 0.225281
v -5.041130 4.040333 -0.034519
v -4.817430 3.978033 0.395481
v -5.136029 4.028733 0.071981
v -4.866230 4.026433 0.455381
v -5.181329 4.059733 0.142781
v -4.906529 4.083333 0.525381
v -4.482130 4.026934 0.771381
v -4.103930 3.998633 0.999681
v -4.529230 4.072233 0.814381
v -4.154930 4.039333 1.029881
v -4.578829 4.141133 0.876481
v -4.198730 4.089033 1.067081
v -4.612229 4.216534 0.948781
v -4.953229 4.182233 0.637481
v -5.267529 4.216633 0.411381
v -4.988929 4.290333 0.759481
v -4.994830 4.375733 0.858981
v -5.307230 4.347433 0.587781
v -5.526830 4.356234 0.482081
v -5.320330 4.453633 0.713881
v -5.321429 4.547633 0.819281
v -5.541029 4.486233 0.620181
v -5.709229 4.496333 0.552981
v -5.541830 4.606334 0.729181
v -5.710730 4.638333 0.667481
v -5.540529 4.730333 0.840081
v -5.708930 4.783633 0.778781
v -5.318629 4.651234 0.923681
v -5.533929 4.841634 0.923281
v -5.311329 4.748934 1.003181
v -5.701129 4.908434 0.861481
v -5.526229 4.911934 0.961181
v -5.301129 4.820333 1.035281
v -5.690730 4.980034 0.902381
v -5.529329 4.998834 0.970181
v -5.683330 5.065333 0.902381
v -5.304029 4.907233 1.041981
v -5.556729 5.161533 0.974781
v -5.332729 5.060333 1.049881
v -5.703730 5.223233 0.909881
v -5.600530 5.337133 1.023781
v -5.381730 5.212533 1.112481
v -5.645529 5.466233 1.152781
v -5.426730 5.306033 1.242881
v -5.719830 5.499434 1.321681
v -5.812530 5.433634 1.467281
v -5.499030 5.304133 1.387781
v -5.083129 4.974934 1.465081
v -5.582829 5.237433 1.488981
v -5.162029 4.913033 1.556981
v -5.656730 5.117233 1.522481
v -5.690829 4.980034 1.510081
v -5.894030 5.279233 1.512381
v -5.246729 4.808933 1.599081
v -4.789430 4.477533 1.689481
v -5.294529 4.695133 1.583581
v -4.849629 4.386833 1.670481
v -5.322629 4.574433 1.550181
v -4.880030 4.296733 1.634781
v -5.323329 4.466333 1.463781
v -5.712130 4.833533 1.474381
v -5.730830 4.698733 1.396481
v -5.938029 4.975134 1.429481
v -6.087229 5.055333 1.408681
v -5.923130 5.124733 1.479181
v -5.971429 4.819433 1.373381
v -5.976329 4.706134 1.266981
v -6.123829 4.898833 1.356381
v -6.136129 4.765634 1.258081
v -6.257929 5.003134 1.307381
v -6.384629 5.105233 1.227081
v -6.220230 5.147834 1.351481
v -6.274230 4.863833 1.223081
v -6.217929 4.787733 1.089881
v -6.377629 4.986733 1.134781
v -6.334330 4.895833 1.018281
v -6.503530 5.082733 1.015381
v -6.722330 5.169534 0.913881
v -6.474830 4.998433 0.928081
v -6.544030 5.177934 1.129981
v -6.530729 5.308333 1.192281
v -6.769030 5.255633 1.041581
v -7.059229 5.403533 0.948681
v -6.755429 5.397134 1.120481
v -6.690829 5.524433 1.133081
v -7.026330 5.549633 1.030081
v -6.964930 5.679833 1.048581
v -7.348229 5.726633 0.944881
v -7.287129 5.868934 0.967781
v -7.396130 5.585134 0.851281
v -7.673630 5.912534 0.798681
v -7.713129 5.796233 0.700181
v -7.927930 6.064734 0.645681
v -7.616329 6.046233 0.819881
v -7.870130 6.171634 0.646281
v -7.551430 6.173433 0.769881
v -7.219329 5.994734 0.911581
v -7.814830 6.269834 0.599681
v -7.490430 6.254133 0.642781
v -7.158830 6.094733 0.799681
v -7.763029 6.336833 0.491081
v -7.439229 6.279333 0.502181
v -7.714930 6.364734 0.371881
v -7.391829 6.248333 0.389181
v -7.104929 6.138233 0.659281
v -7.663930 6.343734 0.275881
v -7.643029 6.263333 0.208181
v -7.790629 6.409233 0.212181
v -7.889930 6.456933 0.174681
v -7.842930 6.435233 0.310981
v -7.894629 6.405133 0.430881
v -7.941429 6.485733 0.277581
v -8.116030 6.538633 0.237181
v -7.989429 6.463233 0.401681
v -8.042230 6.392633 0.507481
v -8.152329 6.525833 0.351281
v -8.191230 6.462234 0.449881
v -8.326530 6.577033 0.299481
v -8.299330 6.590834 0.196181
v -8.462629 6.588233 0.257181
v -8.350730 6.519433 0.387081
v -8.380930 6.427934 0.436981
v -8.478230 6.536433 0.338581
v -8.499629 6.456433 0.384181
v -8.547029 6.521033 0.301781
v -8.562730 6.544833 0.233481
v -8.576229 6.455434 0.317381
v -8.572630 6.388734 0.333181
v -8.614530 6.449834 0.245781
v -8.618730 6.439433 0.165381
v -8.596029 6.354934 0.286981
v -8.603430 6.321834 0.221481
v -8.530529 6.292233 0.347781
v -8.424930 6.238934 0.401281
v -8.533329 6.240334 0.281481
v -8.518129 6.365833 0.385181
v -8.407929 6.325933 0.441381
v -8.276429 6.258734 0.497581
v -8.235929 6.365033 0.498981
v -8.148629 6.188634 0.541281
v -8.309930 6.161734 0.452581
v -8.327229 6.091733 0.367681
v -8.196329 6.088433 0.490181
v -8.220129 6.020634 0.391681
v -8.113330 6.037534 0.522381
v -7.977429 5.958633 0.579481
v -8.137730 5.969934 0.417681
v -8.059529 6.140134 0.575381
v -8.005130 6.243334 0.584381
v -8.097630 6.293134 0.550481
v -7.948030 6.341033 0.541181
v -7.998030 5.889434 0.468581
v -8.140829 5.946033 0.314381
v -8.225730 5.994933 0.290981
v -8.003730 5.857533 0.371881
v -7.728430 5.685833 0.482281
v -7.981230 5.754434 0.247481
v -7.701329 5.596334 0.368881
v -7.903729 5.491934 0.048381
v -7.649630 5.350634 0.204381
v -7.309830 5.196234 0.369081
v -7.359329 5.391334 0.523881
v -7.255929 4.939334 0.197581
v -6.969830 5.021434 0.542581
v -6.999229 5.196234 0.659281
v -6.934830 4.801933 0.406281
v -6.667230 4.861134 0.684981
v -6.637129 4.680034 0.571781
v -6.691629 5.012234 0.781881
v -6.446730 4.743433 0.762281
v -6.419129 4.588634 0.663981
v -6.461430 4.887733 0.849381
v -6.288229 4.650434 0.818981
v -6.306829 4.780334 0.913881
v -6.141829 4.595834 0.862881
v -6.163129 4.712334 0.964981
v -6.014929 4.545134 0.917781
v -6.029930 4.659834 1.013681
v -5.889329 4.492534 0.974181
v -5.894529 4.611134 1.059281
v -5.674930 4.403633 1.039881
v -5.874829 4.373333 0.884581
v -5.666329 4.297533 0.949281
v -5.634329 4.203333 0.875481
v -5.293829 4.151533 1.047781
v -5.290529 4.231733 1.134981
v -5.006730 4.040234 1.122081
v -5.267129 4.069333 0.974881
v -4.880529 3.942333 1.101681
v -5.218929 3.979133 0.896881
v -4.809030 3.860033 1.045881
v -5.156730 3.877633 0.793281
v -5.578730 4.095833 0.788881
v -5.493829 3.959633 0.653581
v -5.407129 3.846433 0.517281
v -5.361929 3.775133 0.446181
v -5.097030 3.787633 0.694281
v -5.582630 3.888833 0.409981
v -5.536930 3.811633 0.334681
v -5.658130 3.823833 0.273781
v -5.530729 3.741633 0.311881
v -5.328529 3.649533 0.373281
v -5.341730 3.716833 0.408581
v -5.654130 3.753733 0.247981
v -5.535830 3.661733 0.294581
v -5.663330 3.674133 0.226481
v -5.525429 3.560833 0.259381
v -5.463530 3.459733 0.174781
v -5.309629 3.573433 0.336481
v -5.656030 3.573633 0.184581
v -5.593229 3.464233 0.093581
v -5.489029 3.452633 -0.021119
v -5.370329 3.449233 0.064681
v -5.319129 3.440833 -0.003719
v -5.263030 3.476933 0.275581
v -5.192629 3.436333 0.191981
v -4.903329 3.384933 0.411681
v -5.147729 3.425233 0.131081
v -5.083429 3.366833 0.076381
v -4.858930 3.382133 0.361681
v -4.802030 3.335533 0.315681
v -4.517930 3.334533 0.657881
v -4.470829 3.295233 0.625581
v -4.562530 3.335933 0.695681
v -4.186530 3.318133 0.988181
v -4.140230 3.285233 0.963381
v -3.939429 3.270433 1.286081
v -4.233230 3.321933 1.018781
v -3.987929 3.282633 1.314581
v -4.035329 3.317133 1.352481
v -4.295030 3.329033 1.071781
v -4.343130 3.381633 1.120181
v -4.623529 3.351233 0.756481
v -4.671730 3.414233 0.812981
v -4.962430 3.425433 0.479081
v -5.006229 3.504733 0.534881
v -5.027830 3.580433 0.569481
v -5.047130 3.651433 0.605381
v -4.690730 3.500833 0.841281
v -4.374829 3.455433 1.154381
v -4.704030 3.582233 0.864681
v -4.387129 3.534633 1.170181
v -4.710129 3.657933 0.882481
v -4.391530 3.599933 1.177781
v -4.395730 3.659133 1.191081
v -4.728129 3.726233 0.918981
v -5.065829 3.716233 0.640081
v -4.760029 3.790633 0.979881
v -4.412029 3.710833 1.228481
v -4.130229 3.666633 1.436681
v -4.472730 3.782733 1.257081
v -4.626130 3.888633 1.259881
v -4.168530 3.730933 1.493181
v -4.009429 3.614433 1.635681
v -4.171730 3.738933 1.606281
v -4.485529 3.884533 1.406481
v -4.443930 3.899633 1.499981
v -4.822629 4.105433 1.391281
v -4.216630 3.745633 1.691181
v -4.464330 3.930533 1.573081
v -4.834529 4.148233 1.459281
v -4.506330 3.985633 1.668881
v -4.873630 4.201933 1.559581
v -4.509930 4.083433 1.732581
v -4.242630 3.817533 1.779281
v -4.238029 3.918633 1.844081
v -4.076330 3.724733 1.853881
v -4.067830 3.654333 1.775481
v -4.057429 3.810633 1.920681
v -3.964429 3.673633 1.896981
v -3.872630 3.627633 1.927281
v -3.925529 3.732633 1.958981
v -3.961229 3.614133 1.835881
v -3.940629 3.569333 1.779881
v -3.850229 3.573033 1.896181
v -3.838930 3.525233 1.854681
v -3.703030 3.517833 1.905981
v -3.694530 3.589033 1.923781
v -3.808129 3.664133 1.955081
v -3.731130 3.735233 1.951281
v -3.607329 3.553933 2.072281
v -3.636529 3.675033 1.975281
v -3.564529 3.767333 1.977181
v -3.584730 3.727833 2.150681
v -3.608329 3.637133 2.115381
v -3.562829 3.579933 2.229581
v -3.546030 3.641733 2.269781
v -3.573830 3.537333 2.166081
v -3.520929 3.514233 2.261081
v -3.552229 3.486633 2.174281
v -3.496530 3.561233 2.317981
v -3.492730 3.442733 2.247281
v -3.545129 3.419933 2.154381
v -3.448529 3.483933 2.307781
v -3.462929 3.367433 2.215481
v -3.435430 3.296233 2.180581
v -3.534530 3.350533 2.132581
v -3.405029 3.403333 2.262681
v -3.344029 3.449233 2.277981
v -3.368030 3.326833 2.214181
v -3.305830 3.369233 2.217881
v -3.337329 3.266033 2.184281
v -3.410029 3.243533 2.148881
v -3.308829 3.215133 2.157481
v -3.267030 3.304933 2.181881
v -3.209630 3.355533 2.141481
v -3.229729 3.248933 2.152481
v -3.169029 3.293433 2.109281
v -3.194030 3.193533 2.117181
v -3.129230 3.231433 2.073881
v -3.150929 3.131933 2.067681
v -3.279230 3.166133 2.125681
v -3.361929 3.152933 2.089581
v -3.240629 3.110733 2.078581
v -3.184929 3.039833 2.005881
v -3.327429 3.104233 2.045281
v -3.277329 3.037733 1.981981
v -3.419930 3.117433 1.976281
v -3.449930 3.161333 2.014781
v -3.526229 3.163533 1.870981
v -3.380030 3.054633 1.927181
v -3.335730 2.990033 1.874881
v -3.492129 3.115933 1.832681
v -3.455629 3.061333 1.796081
v -3.581130 3.185833 1.723881
v -3.628029 3.231133 1.739481
v -3.643429 3.198933 1.630281
v -3.547830 3.138833 1.700481
v -3.506229 3.080333 1.685881
v -3.602729 3.164633 1.614781
v -3.562329 3.102233 1.614581
v -3.634629 3.178933 1.511481
v -3.582729 3.111833 1.530681
v -3.628229 3.164633 1.415681
v -3.696829 3.197533 1.416581
v -3.685729 3.200533 1.535281
v -3.726229 3.216133 1.550581
v -3.734829 3.210133 1.431181
v -3.777529 3.224033 1.443581
v -3.833229 3.253733 1.244081
v -3.782929 3.221933 1.230781
v -3.887129 3.269233 1.263081
v -4.078929 3.231633 0.931181
v -4.389329 3.209733 0.574281
v -4.004630 3.174933 0.894681
v -3.923329 3.117633 0.860781
v -4.291029 3.104233 0.515581
v -4.566730 3.055433 0.188981
v -4.190829 3.006133 0.458981
v -4.107029 2.933933 0.411881
v -4.439529 2.916733 0.113081
v -4.645730 2.844333 -0.146919
v -4.336730 2.815133 0.048981
v -4.520629 2.726933 -0.230519
v -4.285729 2.762733 0.022181
v -4.057829 2.896633 0.384781
v -4.458529 2.667033 -0.265219
v -4.254029 2.724033 0.013481
v -4.009329 2.854933 0.363481
v -4.420630 2.627633 -0.274219
v -4.231030 2.645133 0.022381
v -4.000529 2.759233 0.375581
v -4.222330 2.541433 0.048981
v -4.385129 2.560633 -0.265619
v -4.362629 2.467933 -0.241019
v -4.494130 2.496433 -0.440819
v -4.585129 2.438333 -0.556019
v -4.467730 2.397633 -0.418419
v -4.539229 2.562433 -0.440919
v -4.613130 2.524533 -0.564319
v -4.683929 2.488333 -0.689219
v -4.647530 2.574733 -0.550819
v -4.715930 2.642533 -0.505719
v -4.719530 2.547433 -0.671219
v -4.576930 2.601433 -0.428619
v -4.639229 2.669033 -0.392019
v -4.773930 2.800133 -0.302119
v -4.859129 2.777333 -0.409319
v -4.942530 2.984633 -0.201119
v -4.801229 3.010533 -0.052919
v -5.107530 3.206633 -0.130019
v -5.035429 2.971133 -0.304619
v -4.952330 3.213233 0.012381
v -5.249030 3.376833 -0.062119
v -4.693930 3.213133 0.254881
v -4.947529 2.751333 -0.514019
v -4.794529 2.615233 -0.618119
v -5.041929 2.692533 -0.621419
v -4.874030 2.550833 -0.735919
v -5.124030 2.610633 -0.769619
v -5.239429 2.497833 -0.995319
v -4.927229 2.462233 -0.901219
v -5.002029 2.348933 -1.145819
v -4.831530 2.401233 -0.965619
v -4.794429 2.483433 -0.794019
v -4.884429 2.299233 -1.215919
v -4.772830 2.364433 -1.000019
v -4.823030 2.265033 -1.243919
v -4.692229 2.289233 -1.040319
v -4.688729 2.339333 -0.851319
v -4.748129 2.433333 -0.824519
v -4.664829 2.378833 -0.683719
v -4.633629 2.244233 -0.681619
v -4.558929 2.320333 -0.538519
v -4.635930 2.221033 -0.873019
v -4.549329 2.123533 -0.710119
v -4.560530 2.130833 -0.909019
v -4.425129 2.069933 -0.769019
v -4.480730 2.201133 -0.556819
v -4.361430 2.140833 -0.613219
v -4.409430 2.275333 -0.417219
v -4.317329 2.347633 -0.227019
v -4.297729 2.217033 -0.472119
v -4.216929 2.282633 -0.270219
v -4.198629 2.200933 -0.533019
v -4.119830 2.282033 -0.337619
v -4.255929 2.118733 -0.669319
v -4.037029 2.280733 -0.390819
v -4.114930 2.177433 -0.573119
v -4.058430 2.147033 -0.581819
v -4.173029 2.103533 -0.706219
v -4.223929 2.060833 -0.857419
v -4.117330 2.082433 -0.710219
v -4.040629 2.019333 -0.715219
v -4.172530 2.032433 -0.848219
v -4.220630 2.022333 -1.015919
v -4.099430 1.963133 -0.841119
v -4.151030 1.934733 -0.998519
v -3.977629 1.796533 -0.859619
v -4.027830 1.758433 -1.006419
v -3.808229 1.570633 -0.886819
v -3.923029 1.850833 -0.735119
v -3.756029 1.624833 -0.766719
v -3.877529 1.898133 -0.605519
v -3.807629 1.974233 -0.427219
v -3.989129 2.072533 -0.587219
v -3.715729 1.667433 -0.638219
v -3.646029 1.745633 -0.462419
v -3.504429 1.418233 -0.680819
v -3.441629 1.492633 -0.509719
v -3.240629 1.189633 -0.720119
v -3.538529 1.379933 -0.800819
v -3.580729 1.331833 -0.913719
v -3.266029 1.156133 -0.832319
v -3.298129 1.112133 -0.937519
v -2.951929 0.976533 -0.843619
v -2.971929 0.937733 -0.949419
v -2.640029 0.809533 -0.837819
v -2.933829 1.010533 -0.734719
v -2.892529 1.076333 -0.580019
v -2.630529 0.847833 -0.730419
v -2.602429 0.910633 -0.582619
v -2.353229 0.706733 -0.733719
v -2.142329 0.615333 -0.743519
v -2.349129 0.665233 -0.839019
v -2.341129 0.761933 -0.590019
v -2.292929 0.855533 -0.377519
v -2.137129 0.671733 -0.606919
v -2.099129 0.746733 -0.403619
v -2.075929 0.596033 -0.598119
v -2.021929 0.678033 -0.406519
v -2.057329 0.537033 -0.581619
v -2.086529 0.534733 -0.734319
v -2.082129 0.471933 -0.717319
v -2.057329 0.496833 -0.841719
v -2.125229 0.574133 -0.847119
v -2.014329 0.465133 -0.941719
v -2.055929 0.431033 -0.828219
v -2.071229 0.281533 -0.776119
v -1.996529 0.404633 -0.926519
v -1.946929 0.379233 -1.017219
v -2.015829 0.275533 -0.888219
v -1.982929 0.428633 -1.034319
v -1.969229 0.394233 -1.117419
v -2.085629 0.490233 -1.041419
v -2.102629 0.533533 -0.947319
v -2.333029 0.589933 -1.043319
v -2.084329 0.443033 -1.123219
v -2.330829 0.525633 -1.262219
v -2.336129 0.549233 -1.134119
v -2.084929 0.390933 -1.228619
v -1.970129 0.341833 -1.217619
v -1.922429 0.312933 -1.206719
v -1.924629 0.353933 -1.102519
v -1.915629 0.242333 -1.181719
v -1.883629 0.174333 -1.152119
v -1.929729 0.269433 -1.074019
v -1.960429 0.276433 -0.984019
v -1.900729 0.190233 -1.041119
v -1.818129 0.151033 -1.013419
v -1.921329 0.179133 -0.942119
v -1.818229 0.155933 -0.916219
v -1.936229 0.168833 -0.833819
v -1.941429 0.178033 -0.718819
v -1.805829 0.165733 -0.814819
v -1.667529 0.218633 -0.810719
v -1.787529 0.194233 -0.716519
v -1.643029 0.254533 -0.727219
v -1.771429 0.243233 -0.625919
v -1.775429 0.313133 -0.518319
v -1.935229 0.225033 -0.611819
v -1.620329 0.300833 -0.649519
v -1.624729 0.355533 -0.541019
v -1.473429 0.302233 -0.625219
v -1.484129 0.265333 -0.705719
v -1.341229 0.224133 -0.557919
v -1.479629 0.358033 -0.522219
v -1.519029 0.445433 -0.373019
v -1.340129 0.284133 -0.466819
v -1.354029 0.363633 -0.329219
v -1.172929 0.177133 -0.412719
v -0.980229 0.059133 -0.362819
v -1.170629 0.258333 -0.290519
v -1.182029 0.116433 -0.496019
v -1.191729 0.068733 -0.562719
v -0.992829 -0.000667 -0.441519
v -0.780929 -0.104567 -0.397019
v -1.007029 -0.048667 -0.506419
v -1.019729 -0.094867 -0.573619
v -0.792529 -0.151467 -0.461719
v -0.595629 -0.233367 -0.429719
v -0.803329 -0.197567 -0.527919
v -0.603529 -0.279567 -0.493319
v -0.811429 -0.249667 -0.604519
v -1.028529 -0.146867 -0.656219
v -0.608229 -0.329367 -0.564719
v -0.814529 -0.314467 -0.701119
v -1.032329 -0.213667 -0.766119
v -0.607029 -0.386967 -0.650519
v -0.811129 -0.380967 -0.801519
v -1.031529 -0.284367 -0.883119
v -0.797329 -0.435067 -0.891819
v -0.598129 -0.442367 -0.737119
v -0.580029 -0.486667 -0.809819
v -0.459129 -0.477467 -0.701219
v -0.441929 -0.516867 -0.768919
v -0.468829 -0.429167 -0.619719
v -0.358929 -0.505967 -0.676319
v -0.259729 -0.539667 -0.648419
v -0.366729 -0.460867 -0.595919
v -0.369129 -0.414167 -0.517319
v -0.265929 -0.497067 -0.569419
v -0.172329 -0.537067 -0.538719
v -0.268429 -0.453667 -0.493519
v -0.174729 -0.492867 -0.465019
v -0.266829 -0.415467 -0.432419
v -0.174329 -0.454267 -0.407019
v -0.263729 -0.379567 -0.378419
v -0.366829 -0.373267 -0.452619
v -0.362629 -0.334567 -0.394919
v -0.468829 -0.333467 -0.470319
v -0.463329 -0.290967 -0.409119
v -0.471529 -0.378367 -0.538419
v -0.457929 -0.247267 -0.348219
v -0.455529 -0.195367 -0.274119
v -0.358729 -0.294367 -0.337219
v -0.587629 -0.186767 -0.366619
v -0.583129 -0.132667 -0.289619
v -0.587529 -0.066267 -0.182219
v -0.771529 -0.047367 -0.319619
v -0.768329 0.028533 -0.212919
v -0.973029 0.140533 -0.252419
v -0.779629 0.119533 -0.047219
v -0.607429 0.012233 -0.022119
v -0.980129 0.239033 -0.076419
v -0.809529 0.230233 0.204281
v -0.847729 0.288733 0.464581
v -0.640729 0.117833 0.209881
v -1.006629 0.355833 0.195381
v -1.060429 0.388633 0.479481
v -1.216229 0.478933 0.189681
v -1.186329 0.353033 -0.097219
v -1.279829 0.501133 0.492381
v -1.413029 0.603033 0.177281
v -1.469629 0.629733 0.492681
v -1.383629 0.460033 -0.118919
v -1.603629 0.666533 0.163381
v -1.628429 0.721833 0.481181
v -1.569229 0.550633 -0.149819
v -1.770929 0.626533 0.178381
v -1.770129 0.730033 0.485981
v -1.743829 0.517633 -0.142819
v -1.876229 0.630533 0.185181
v -1.934429 0.675433 0.178981
v -1.864529 0.509133 -0.126419
v -1.860729 0.752333 0.481781
v -1.855829 0.816133 0.685081
v -1.920229 0.787933 0.469081
v -1.924029 0.858833 0.667081
v -1.971629 0.836033 0.451081
v -1.961729 0.740233 0.165281
v -1.968629 0.631033 -0.134419
v -1.968329 0.810733 0.153081
v -2.000829 0.903933 0.432481
v -1.968929 0.707733 -0.146819
v -1.974529 0.892233 0.141981
v -2.018629 0.986733 0.422381
v -2.070529 0.836533 -0.139019
v -2.040729 0.996433 0.152881
v -1.986929 0.767433 -0.153419
v -2.060429 1.104833 0.439081
v -2.190829 1.140433 0.209781
v -2.376429 1.332433 0.284381
v -2.247629 0.963833 -0.097219
v -2.176529 1.260233 0.508181
v -2.183229 1.305833 0.700181
v -2.332629 1.450833 0.606781
v -2.319329 1.504833 0.792981
v -2.508229 1.676033 0.709281
v -2.480329 1.723233 0.894881
v -2.676829 1.918933 0.805481
v -2.580129 1.550533 0.362281
v -2.787429 1.779333 0.444381
v -2.713529 1.343833 0.000981
v -2.957229 1.559633 0.059781
v -2.473029 1.143633 -0.048119
v -2.818429 1.185333 -0.323419
v -2.543429 1.014133 -0.350919
v -3.094829 1.379533 -0.282319
v -3.189029 1.257033 -0.555719
v -3.339829 1.619133 -0.225419
v -3.548129 1.865233 -0.169419
v -3.182529 1.800033 0.127981
v -3.385229 2.033633 0.193081
v -2.976129 2.009733 0.527081
v -2.808629 2.164133 0.881681
v -3.148129 2.231533 0.597281
v -2.948529 2.381933 0.954881
v -3.309129 2.426833 0.646981
v -3.431129 2.578033 0.683081
v -3.107529 2.568433 1.019081
v -3.559229 2.233833 0.239681
v -3.684529 2.388433 0.270281
v -3.722029 2.077733 -0.126619
v -3.843729 2.241133 -0.100719
v -3.906629 2.325833 -0.085019
v -3.919429 2.148633 -0.407219
v -3.984229 2.234333 -0.400019
v -3.943129 2.369833 -0.069519
v -3.748129 2.477533 0.293781
v -3.778829 2.532233 0.311381
v -3.488529 2.667833 0.713681
v -3.525329 2.723133 0.742281
v -3.281929 2.795433 1.091381
v -3.232929 2.711033 1.065481
v -3.318329 2.839433 1.131581
v -3.212529 2.837133 1.275681
v -3.247529 2.858733 1.331981
v -3.158729 2.776533 1.272881
v -3.040829 2.623133 1.229081
v -3.208229 2.792833 1.412281
v -3.035829 2.623633 1.343781
v -3.158929 2.765533 1.521681
v -3.299129 2.887933 1.464781
v -3.398629 2.941133 1.484181
v -3.313329 2.895033 1.369181
v -3.387329 2.911333 1.388781
v -3.272029 2.855533 1.550881
v -3.353329 2.925533 1.559581
v -3.329229 2.908033 1.606381
v -3.433529 2.980533 1.584781
v -3.502830 3.039533 1.608181
v -3.381529 2.950633 1.635881
v -3.479129 2.983033 1.521481
v -3.537829 2.971133 1.436981
v -3.546629 3.036433 1.537481
v -3.587929 3.042133 1.437281
v -3.646829 3.035433 1.219081
v -3.596629 3.118733 1.426581
v -3.645929 2.935333 1.247181
v -3.794429 2.868233 0.833581
v -3.762929 2.779733 0.843581
v -3.582029 2.861433 1.243781
v -3.516429 2.842233 1.219781
v -3.470629 2.931133 1.414381
v -3.436529 2.909833 1.380881
v -3.702229 2.748133 0.831481
v -3.455329 2.836933 1.205681
v -3.640629 2.737433 0.812181
v -3.387129 2.840033 1.176281
v -3.581529 2.740733 0.779281
v -3.815829 2.582233 0.329781
v -3.869129 2.598833 0.360281
v -3.941429 2.598833 0.392681
v -4.069729 2.413433 0.009481
v -3.997329 2.403333 -0.038119
v -4.164129 2.443833 0.051781
v -4.002930 2.653333 0.401881
v -3.788029 2.967233 0.809581
v -3.809029 3.032933 0.811581
v -3.855029 3.069433 0.833281
v -3.641329 3.108533 1.207181
v -3.671629 3.149433 1.213081
v -3.727429 3.184133 1.216381
v -3.669229 3.185733 1.390081
v -3.449729 3.017833 1.667181
v -3.295829 2.895233 1.682881
v -3.363830 2.951533 1.729681
v -3.179630 2.857933 1.709681
v -3.253530 2.853633 1.623181
v -3.104229 2.790233 1.619181
v -2.979929 2.780633 1.620081
v -2.922329 2.644633 1.483481
v -2.849029 2.653933 1.501381
v -2.989029 2.632333 1.431481
v -2.762629 2.454833 1.380181
v -2.620429 2.252033 1.310681
v -2.817429 2.443933 1.327181
v -2.696129 2.477533 1.410481
v -2.551929 2.292533 1.349081
v -2.632929 2.522733 1.415981
v -2.486629 2.352033 1.352781
v -2.778829 2.680733 1.507481
v -2.592329 2.592733 1.404281
v -2.441829 2.421033 1.347481
v -2.558929 2.673233 1.386781
v -2.739429 2.747533 1.497881
v -2.901929 2.805133 1.605081
v -2.892429 2.869133 1.564981
v -2.711129 2.824933 1.470481
v -2.979529 2.975933 1.442681
v -2.653529 2.886833 1.451081
v -2.753329 3.009033 1.501481
v -2.766829 3.140833 1.526181
v -2.679929 3.034333 1.492281
v -2.675329 3.131333 1.528181
v -2.605129 2.964833 1.450481
v -2.481629 2.869533 1.363181
v -2.583129 3.088033 1.512881
v -2.592330 3.228933 1.583681
v -2.507629 3.070033 1.459381
v -2.459029 3.117833 1.383481
v -2.521529 3.225633 1.552381
v -2.554929 3.368333 1.609381
v -2.490129 3.270633 1.494681
v -2.506629 3.401733 1.574881
v -2.495629 3.344733 1.441681
v -2.475629 3.216733 1.312781
v -2.528429 3.438833 1.401281
v -2.489829 3.455333 1.522881
v -2.492929 3.550433 1.576181
v -2.511729 3.524433 1.468781
v -2.565329 3.603233 1.427481
v -2.499229 3.601233 1.517081
v -2.474629 3.674233 1.555781
v -2.542129 3.669433 1.467881
v -2.507329 3.728233 1.500781
v -2.612129 3.760333 1.427481
v -2.720729 3.862233 1.425181
v -2.632929 3.695533 1.389581
v -2.573329 3.802133 1.471381
v -2.633329 3.884533 1.455481
v -2.719129 3.921133 1.520281
v -2.599929 3.976833 1.507881
v -2.559129 3.909533 1.474381
v -2.664929 3.937733 1.514081
v -2.671730 3.950133 1.602481
v -2.714129 3.939033 1.606181
v -2.674629 3.921133 1.700481
v -2.612230 3.988733 1.598881
v -2.608130 3.959633 1.702781
v -2.517129 4.047633 1.587681
v -2.504329 4.025733 1.505481
v -2.407629 4.088433 1.572781
v -2.512729 4.023133 1.687781
v -2.469229 3.988233 1.766581
v -2.407229 4.082733 1.667681
v -2.401929 4.046733 1.730981
v -2.297029 4.103434 1.656581
v -2.322829 4.031834 1.716781
v -2.374429 3.955333 1.731581
v -2.267629 4.003833 1.680981
v -2.281329 3.947633 1.672681
v -2.217429 4.039933 1.626581
v -2.232029 3.945533 1.596781
v -2.256029 4.034133 1.560981
v -2.274729 3.973433 1.536281
v -2.309829 4.078533 1.561781
v -2.325829 4.022634 1.508581
v -2.361229 3.953533 1.481281
v -2.402929 4.051933 1.505881
v -2.409429 3.996833 1.471981
v -2.472529 3.964133 1.467181
v -2.430129 3.892333 1.476581
v -2.395029 3.836833 1.526381
v -2.507929 3.843733 1.485881
v -2.459029 3.783733 1.522481
v -2.432630 3.742733 1.579881
v -2.376329 3.812833 1.587581
v -2.301329 3.872633 1.586681
v -2.386329 3.796233 1.658881
v -2.324830 3.872033 1.663081
v -2.428429 3.876633 1.739681
v -2.574029 3.899633 1.805281
v -2.468230 3.790733 1.743881
v -2.498029 3.701133 1.726881
v -2.584229 3.796233 1.793881
v -2.605229 3.701833 1.759181
v -2.675129 3.738533 1.773681
v -2.669729 3.802833 1.814981
v -2.675829 3.874633 1.782381
v -2.745130 3.870433 1.770881
v -2.770930 3.944933 1.776881
v -2.767329 3.892633 1.824381
v -2.721529 3.907033 1.690581
v -2.770429 3.908033 1.722481
v -2.761729 3.836133 1.831281
v -2.728329 3.813433 1.797381
v -2.727429 3.755033 1.777181
v -2.735229 3.704433 1.745281
v -2.758130 3.776333 1.813981
v -2.766929 3.793533 1.876181
v -2.760930 3.714233 1.787481
v -2.764829 3.648833 1.752981
v -2.769729 3.721533 1.851481
v -2.819429 3.724333 1.904281
v -2.773829 3.652333 1.816781
v -2.819930 3.648733 1.866581
v -2.771430 3.590533 1.775281
v -2.764729 3.579933 1.711081
v -2.814630 3.582833 1.821981
v -2.776629 3.541633 1.747581
v -2.764230 3.512233 1.697581
v -2.805830 3.522533 1.772481
v -2.799229 3.466933 1.717081
v -2.866030 3.497333 1.814481
v -2.874830 3.565233 1.868481
v -2.948829 3.500933 1.836181
v -2.858530 3.436533 1.754981
v -2.938930 3.438433 1.770181
v -2.849530 3.381333 1.689981
v -2.834529 3.330233 1.618181
v -2.928129 3.379033 1.701581
v -2.787730 3.409933 1.660481
v -2.694730 3.356533 1.609881
v -2.767030 3.350033 1.599681
v -2.731529 3.457833 1.640581
v -2.649129 3.468033 1.658381
v -2.723629 3.560333 1.684581
v -2.731430 3.644633 1.714281
v -2.662829 3.571333 1.700781
v -2.673630 3.654133 1.732681
v -2.588929 3.595433 1.714081
v -2.578229 3.490133 1.661481
v -2.517030 3.612933 1.682881
v -2.475430 3.636533 1.620481
v -2.520730 3.515133 1.630281
v -2.442829 3.717733 1.649681
v -2.692129 3.701633 1.744481
v -2.620830 3.354133 1.627681
v -2.749929 3.259933 1.559281
v -2.827829 3.252233 1.562181
v -2.862529 3.138833 1.508281
v -2.917329 3.251533 1.563181
v -3.031529 3.194833 1.608381
v -2.997829 3.256633 1.581781
v -2.911129 3.314933 1.639981
v -2.997429 3.149433 1.454081
v -3.025929 3.044833 1.573581
v -2.966830 2.967333 1.662081
v -2.972029 3.013933 1.706981
v -3.033629 3.130233 1.684881
v -2.991030 3.082333 1.776481
v -3.055130 3.192933 1.787481
v -3.092730 3.247533 1.873681
v -3.014829 3.148733 1.873281
v -3.067930 3.252533 1.698181
v -3.006729 3.309033 1.638081
v -3.119430 3.319233 1.762381
v -3.027730 3.384833 1.700981
v -3.138129 3.306433 1.911581
v -3.141629 3.381333 1.797581
v -3.154029 3.458133 1.828981
v -3.189229 3.374833 1.920281
v -3.036429 3.449033 1.763781
v -3.047430 3.518433 1.817581
v -3.054830 3.589833 1.868181
v -3.156830 3.540733 1.863181
v -3.068429 3.672533 1.908581
v -2.958730 3.567433 1.900081
v -2.972430 3.652733 1.943881
v -2.988230 3.746333 1.990881
v -2.882829 3.640733 1.916981
v -2.887529 3.724833 1.960481
v -2.884029 3.812333 1.992981
v -2.867029 3.894333 2.013281
v -2.813129 3.802633 1.935381
v -2.989130 3.843733 2.016681
v -3.132529 3.902333 1.998981
v -2.956429 3.921133 2.040681
v -3.035229 3.961133 2.033981
v -2.915629 3.999733 2.052181
v -2.862030 4.096334 2.044381
v -2.843329 3.983433 2.032881
v -2.971730 4.014333 2.054381
v -2.928429 4.089933 2.049481
v -2.897229 4.090433 2.029181
v -2.924629 4.165333 2.021781
v -2.906029 4.162833 1.976181
v -2.863230 4.173733 1.977981
v -2.938529 4.222533 1.989181
v -2.908930 4.225733 1.947981
v -2.945729 4.258634 1.904581
v -2.864130 4.233133 1.935081
v -2.875429 4.260933 1.861881
v -2.810829 4.246133 1.957581
v -2.781029 4.276433 1.903981
v -2.748930 4.258133 2.006881
v -2.823529 4.187833 1.998681
v -2.840230 4.111233 2.052581
v -2.775630 4.204033 2.042881
v -2.723330 4.221533 2.114081
v -2.798130 4.132733 2.078681
v -2.777230 4.056833 2.078281
v -2.743229 4.152534 2.141981
v -2.682430 4.167633 2.217481
v -2.676229 4.238133 2.201181
v -2.715029 4.087433 2.131881
v -2.673529 4.015634 2.116081
v -2.657729 4.102833 2.210281
v -2.617330 4.032434 2.194581
v -2.609430 4.117633 2.282481
v -2.570729 4.049533 2.271781
v -2.577529 4.125033 2.328081
v -2.627029 4.176833 2.290181
v -2.573829 4.175734 2.346081
v -2.629829 4.244534 2.286981
v -2.599629 4.306833 2.251581
v -2.573430 4.244534 2.358181
v -2.470429 4.286734 2.326781
v -2.490629 4.232133 2.392481
v -2.543629 4.305734 2.313281
v -2.517329 4.325633 2.254881
v -2.544930 4.323234 2.200381
v -2.464629 4.310133 2.242781
v -2.485929 4.314834 2.161481
v -2.408030 4.268833 2.223281
v -2.436329 4.267233 2.138881
v -2.385629 4.200933 2.217081
v -2.411330 4.243633 2.311981
v -2.438030 4.207733 2.360881
v -2.393729 4.173933 2.294281
v -2.433130 4.142734 2.362081
v -2.408429 4.105633 2.256181
v -2.470030 4.087433 2.297881
v -2.508830 4.069933 2.222881
v -2.533530 4.080633 2.343881
v -2.509130 4.150933 2.386181
v -2.554229 4.056133 2.143181
v -2.451530 4.081933 2.184481
v -2.500629 4.070933 2.102081
v -2.417229 4.132833 2.152481
v -2.465129 4.118333 2.068081
v -2.395829 4.145433 2.207981
v -2.413529 4.200334 2.137081
v -2.457129 4.187333 2.050181
v -2.512429 4.174233 1.957281
v -2.479330 4.256333 2.053681
v -2.527129 4.306033 2.079081
v -2.542229 4.239333 1.969781
v -2.588429 4.277634 1.999481
v -2.604029 4.232433 1.876081
v -2.651629 4.281834 1.910981
v -2.577630 4.159733 1.865781
v -2.681030 4.221133 1.794781
v -2.778929 4.206333 1.724881
v -2.731629 4.265833 1.843081
v -2.643630 4.145333 1.775081
v -2.732329 4.141033 1.695381
v -2.751029 4.048833 1.746981
v -2.686430 4.081833 1.840781
v -2.607329 4.096633 1.904781
v -2.706029 4.032434 1.885481
v -2.643830 4.062833 1.945081
v -2.673729 4.026333 1.985181
v -2.566730 4.065633 2.018181
v -2.527430 4.104433 1.980381
v -2.613430 4.044833 2.058781
v -2.724530 4.001033 2.050081
v -2.725630 3.993833 1.936481
v -2.757629 3.930233 1.896981
v -2.761230 3.982633 2.004481
v -2.748430 3.989433 1.831781
v -2.782229 3.934433 1.983281
v -2.810030 4.025933 2.048181
v -2.800430 3.874833 1.960381
v -2.765429 3.859233 1.893881
v -2.794029 3.979933 1.700981
v -2.843430 4.061133 1.613181
v -2.859430 4.135633 1.614981
v -2.927329 4.068133 1.475881
v -2.829930 3.998333 1.591381
v -2.896229 3.999533 1.467781
v -2.807729 3.956533 1.561781
v -2.776429 3.941033 1.652781
v -2.865529 3.942533 1.464881
v -2.770529 3.928733 1.537581
v -2.746830 3.939133 1.617981
v -2.746130 3.915633 1.679781
v -2.809329 3.898633 1.453881
v -2.863029 3.848633 1.383081
v -2.933229 3.914333 1.363181
v -2.787329 3.818033 1.367981
v -2.923629 3.803833 1.298281
v -2.832429 3.759533 1.314981
v -2.773329 3.726233 1.310381
v -2.888629 3.702833 1.246581
v -2.810229 3.672933 1.242681
v -2.995129 3.756733 1.205181
v -2.960429 3.649233 1.152181
v -3.055829 3.565233 1.050581
v -2.879129 3.602833 1.159081
v -3.074429 3.677433 1.139181
v -3.220029 3.653633 1.160081
v -3.142129 3.588133 1.050781
v -3.251029 3.465633 0.915481
v -3.194929 3.459233 0.894481
v -3.238429 3.556733 1.071681
v -3.334329 3.530333 1.078381
v -3.326529 3.455633 0.943381
v -3.515929 3.384233 0.700981
v -3.448029 3.346333 0.682281
v -3.426329 3.504533 0.944081
v -3.508429 3.570133 0.957981
v -3.626129 3.450733 0.715681
v -3.893729 3.333533 0.430281
v -3.737929 3.521233 0.738681
v -4.019030 3.440033 0.452781
v -3.800629 3.596633 0.764381
v -3.558029 3.628233 0.976581
v -4.100430 3.544833 0.486081
v -3.835329 3.664433 0.789781
v -4.147230 3.635833 0.516881
v -3.590029 3.740233 0.968381
v -3.581629 3.687233 0.982681
v -3.403229 3.715633 1.119381
v -3.270829 3.748733 1.208281
v -3.414829 3.763233 1.107681
v -3.397029 3.650133 1.132981
v -3.373929 3.580333 1.120781
v -3.268429 3.692833 1.203681
v -3.166729 3.756933 1.214181
v -3.156029 3.792733 1.251181
v -3.103529 3.761033 1.207081
v -3.033029 3.847533 1.271281
v -2.983029 3.961733 1.366381
v -3.081629 3.888233 1.314781
v -3.179529 3.826533 1.277581
v -3.148829 3.917833 1.366881
v -3.245929 3.955733 1.332781
v -3.037029 4.006534 1.408981
v -3.183129 4.033733 1.423281
v -3.220229 3.864733 1.280681
v -3.092929 4.063633 1.480481
v -3.251529 4.093333 1.516081
v -3.267129 4.011733 1.390681
v -3.320329 4.044033 1.444881
v -3.359029 3.993833 1.358781
v -3.384629 4.013333 1.401981
v -3.465229 3.969333 1.319981
v -3.583829 3.939433 1.287981
v -3.449629 3.992633 1.381581
v -3.455629 3.999033 1.423381
v -3.531229 3.988433 1.437281
v -3.547329 3.956933 1.379781
v -3.684229 4.000033 1.339781
v -3.705829 3.971233 1.265481
v -3.895929 4.064433 1.255481
v -3.669729 4.031734 1.404581
v -3.885529 4.110233 1.315981
v -3.655529 4.067433 1.456281
v -3.893329 4.183033 1.369281
v -3.636929 4.102734 1.492381
v -3.513929 4.011633 1.475681
v -3.426729 4.013933 1.445481
v -3.490729 4.028133 1.516181
v -3.624729 4.139033 1.527281
v -3.474729 4.042933 1.561581
v -3.387129 4.039534 1.487581
v -3.357029 4.066433 1.545381
v -3.354929 4.067033 1.618481
v -3.270329 4.129533 1.614581
v -3.283329 4.116433 1.696481
v -3.181230 4.193933 1.625681
v -3.218930 4.206833 1.707481
v -3.124629 4.253734 1.763081
v -3.256929 4.179733 1.758581
v -3.317629 4.093133 1.823781
v -3.240030 4.195133 1.802981
v -3.299630 4.096633 1.754181
v -3.383130 4.059633 1.741881
v -3.501729 4.076633 1.726281
v -3.368229 4.065333 1.687081
v -3.397830 4.048933 1.801081
v -3.474130 3.957833 1.873681
v -3.404230 3.993033 1.883281
v -3.516429 4.049933 1.808181
v -3.691430 4.150434 1.793981
v -3.644629 3.972933 1.885781
v -3.562329 3.892233 1.899081
v -3.755529 3.886333 1.941681
v -3.789430 4.074533 1.867181
v -3.905230 3.980933 1.912281
v -4.006330 4.203933 1.833381
v -3.912829 4.273533 1.752281
v -4.118030 4.104533 1.863181
v -4.305530 4.353133 1.746681
v -4.215030 4.425633 1.665381
v -4.412729 4.255333 1.780281
v -4.688529 4.577833 1.651281
v -4.599929 4.655434 1.569481
v -4.572229 4.684633 1.464681
v -5.037729 4.989134 1.350381
v -4.562530 4.685534 1.368781
v -4.192629 4.462633 1.572681
v -4.191229 4.476033 1.488281
v -3.886930 4.310534 1.663981
v -3.660130 4.178433 1.711381
v -3.883130 4.323934 1.585281
v -3.858829 4.310733 1.517381
v -3.650630 4.188833 1.643181
v -3.490630 4.077233 1.671981
v -3.633229 4.173233 1.579381
v -3.478029 4.063233 1.614381
v -4.169730 4.462733 1.419281
v -3.838629 4.274933 1.460481
v -4.149529 4.429133 1.359881
v -3.842629 4.229633 1.418581
v -4.158329 4.377033 1.320181
v -4.204929 4.339933 1.276281
v -4.539129 4.536433 1.212881
v -4.522729 4.599533 1.238281
v -4.572430 4.474934 1.187881
v -4.945729 4.689834 1.117581
v -4.966829 4.617933 1.096581
v -4.934229 4.769433 1.121281
v -4.538829 4.653733 1.295581
v -4.957329 4.875834 1.161281
v -5.004429 4.954734 1.241081
v -4.979730 4.534433 1.033281
v -4.612830 4.417833 1.138981
v -4.987629 4.450933 0.948581
v -4.601530 4.347233 1.089481
v -4.610929 4.282033 1.023481
v -4.224529 4.266533 1.214081
v -4.309430 4.336033 1.214981
v -4.213830 4.203134 1.172481
v -4.222929 4.144533 1.114581
v -4.480730 4.167433 1.771081
v -4.196429 4.013833 1.875081
v -3.994629 3.897933 1.932981
v -3.850329 3.809133 1.977981
v -3.650730 3.818733 1.945181
v -3.505030 3.836733 1.913181
v -3.439330 3.810233 1.924581
v -3.477329 3.756633 1.998981
v -3.459429 3.892533 1.890281
v -3.403830 3.888533 1.895581
v -3.330329 3.887233 1.903681
v -3.368629 3.794933 1.920481
v -3.295129 4.001733 1.948781
v -3.348430 4.006733 1.914481
v -3.285930 3.784633 1.908181
v -3.244629 3.893933 1.929681
v -3.219729 3.772733 1.905081
v -3.299729 3.679733 1.969381
v -3.191629 3.717933 1.899681
v -3.167729 3.626133 1.886381
v -3.270929 3.622933 1.952581
v -3.091130 3.769833 1.944981
v -3.241230 3.543733 1.941281
v -3.248329 3.570533 2.111581
v -3.280729 3.508833 2.237281
v -3.281429 3.658233 2.147481
v -3.216630 3.488933 2.077881
v -3.225729 3.457233 1.925481
v -3.182930 3.412733 2.053781
v -3.246229 3.424833 2.181781
v -3.143929 3.342333 2.034281
v -3.100430 3.276433 2.011481
v -3.056329 3.211433 1.963081
v -3.081429 3.167133 2.024481
v -3.022130 3.096733 1.946881
v -3.092629 3.057933 1.992381
v -2.983629 3.033933 1.856281
v -2.970129 2.990333 1.782081
v -3.038729 2.995733 1.903881
v -3.000129 2.957933 1.828381
v -3.072330 2.930133 1.846381
v -3.023030 2.897633 1.773881
v -2.977530 2.942733 1.749081
v -2.966029 2.968833 1.733381
v -2.972529 2.864633 1.697981
v -2.960730 2.927133 1.657581
v -3.064229 2.842533 1.714281
v -3.122030 2.882233 1.783781
v -3.241430 2.903033 1.770381
v -3.172529 2.923033 1.847281
v -3.221529 2.973733 1.910581
v -3.290229 2.945633 1.822481
v -3.415329 3.006533 1.764381
v -3.124830 2.974433 1.922081
v -3.323030 3.597933 2.283181
v -3.348730 3.720433 2.156781
v -3.380330 3.675033 2.289881
v -3.418230 3.763333 2.160781
v -3.350729 3.716033 1.989881
v -3.413330 3.748933 2.008981
v -3.424329 3.724433 2.256181
v -3.507130 3.770733 2.161681
v -3.488029 3.697233 2.284981
v -3.441130 3.618533 2.342981
v -3.387129 3.535233 2.332681
v -3.294630 4.107033 1.896081
v -3.224629 4.196834 1.862281
v -3.261729 4.112433 1.950481
v -3.222329 4.133634 2.009181
v -3.206029 4.198333 1.928881
v -3.251029 4.007333 1.995781
v -3.217829 4.044133 2.044481
v -3.145030 3.987733 2.064581
v -3.189329 4.086133 2.089881
v -3.144029 4.034733 2.109281
v -3.129230 4.060033 2.159981
v -3.081330 4.025133 2.124281
v -3.072429 3.997533 2.072781
v -3.004129 4.030233 2.086681
v -3.010329 4.034634 2.137381
v -2.938329 4.080333 2.088581
v -2.941730 4.073633 2.136981
v -2.923529 4.154133 2.072081
v -2.940029 4.218833 2.046381
v -2.923830 4.144733 2.125981
v -2.920330 4.147133 2.176381
v -2.934429 4.212234 2.105781
v -2.933029 4.210033 2.159081
v -2.974930 4.268933 2.082081
v -3.042530 4.301533 2.062881
v -2.982430 4.269033 2.018781
v -2.967530 4.265833 2.136981
v -2.958030 4.265733 2.201281
v -3.030129 4.298833 2.118481
v -3.099329 4.281834 2.109181
v -3.017730 4.291333 2.183481
v -3.007030 4.295333 2.273881
v -3.081330 4.279533 2.172181
v -3.068830 4.278733 2.256181
v -3.130229 4.237833 2.171681
v -3.155429 4.178633 2.180681
v -3.146230 4.233433 2.110981
v -3.118129 4.237333 2.246381
v -3.115530 4.217033 2.328681
v -3.142529 4.178133 2.245881
v -3.144229 4.109734 2.258981
v -3.140229 4.156734 2.314481
v -3.133029 4.099633 2.379381
v -3.124429 4.089833 2.315181
v -3.097929 4.048533 2.380781
v -3.068229 4.054033 2.333981
v -3.055729 4.008833 2.398681
v -3.016429 4.040833 2.358481
v -3.095330 4.059033 2.273681
v -3.032530 4.047333 2.291881
v -3.111830 4.065933 2.216581
v -3.154629 4.114133 2.199881
v -3.053530 4.040733 2.233081
v -2.984930 4.045533 2.242281
v -3.072030 4.039633 2.176281
v -3.001129 4.037833 2.185481
v -2.939229 4.079534 2.183781
v -2.930029 4.089833 2.243181
v -2.921229 4.098933 2.319681
v -2.908230 4.153033 2.237181
v -2.888429 4.155434 2.320581
v -2.919230 4.215034 2.221281
v -2.890630 4.225933 2.310081
v -2.880529 4.213333 2.419381
v -2.939130 4.281834 2.293681
v -2.936729 4.272933 2.408281
v -3.008130 4.282833 2.381281
v -2.960730 4.198733 2.509181
v -2.988430 4.102433 2.574481
v -2.903329 4.148334 2.520381
v -3.023429 4.212133 2.477481
v -3.077830 4.199033 2.441981
v -3.039730 4.121233 2.545681
v -3.057729 4.048333 2.593881
v -3.087830 4.117733 2.512081
v -3.095629 4.044933 2.560081
v -3.126430 4.082433 2.473681
v -3.136729 4.027534 2.439481
v -3.121929 4.158533 2.406881
v -3.129629 4.012333 2.527981
v -3.119129 3.956933 2.579581
v -3.127830 3.962933 2.495981
v -3.111330 3.910333 2.552781
v -3.097729 3.922233 2.482481
v -3.099429 3.979633 2.433281
v -3.085730 3.878133 2.532381
v -3.052729 3.896633 2.490381
v -3.056730 3.870433 2.519581
v -3.009130 3.875033 2.508381
v -3.051630 3.944933 2.448481
v -3.003629 3.923833 2.471581
v -2.959329 3.925333 2.502981
v -3.006229 3.985333 2.418781
v -2.960629 3.995233 2.450581
v -2.914730 4.025233 2.477281
v -2.964030 4.050533 2.382481
v -2.915529 4.083833 2.401981
v -2.973130 4.062233 2.309581
v -2.877229 4.137333 2.414681
v -2.879329 4.079534 2.506181
v -2.903529 4.006333 2.579981
v -2.934129 3.941333 2.633081
v -2.939229 4.061833 2.588981
v -2.912230 3.950433 2.539281
v -2.935430 3.893533 2.587981
v -2.969729 3.874333 2.542381
v -2.979330 3.846033 2.612981
v -2.991030 3.892533 2.652081
v -3.050329 3.842533 2.586881
v -2.988230 3.852533 2.564281
v -3.024930 3.846933 2.543581
v -3.070930 3.874233 2.624681
v -3.073629 3.929533 2.632581
v -3.069629 3.986033 2.620881
v -3.014230 3.942733 2.657081
v -3.032029 3.984633 2.635681
v -2.969929 3.992933 2.640381
v -3.013129 4.027033 2.618181
v -3.100129 3.997933 2.590181
v -3.069530 4.262933 2.353081
v -3.170029 4.107333 2.142781
v -3.172430 4.172633 2.122881
v -3.193429 4.158033 2.067381
v -3.164929 4.224234 2.054681
v -3.115730 4.278934 2.053181
v -3.185430 4.210333 1.993781
v -3.128730 4.276934 1.991981
v -3.051029 4.302834 1.999781
v -3.133529 4.272433 1.924281
v -3.047529 4.288733 1.933981
v -3.128429 4.268434 1.852581
v -3.024129 4.274633 1.871181
v -2.988329 4.263033 1.803081
v -2.980629 4.257934 1.955381
v -2.946429 4.230233 1.725881
v -2.828429 4.242333 1.785781
v -2.902829 4.190333 1.655281
v -3.069229 4.225733 1.666281
v -3.027230 4.180933 1.581681
v -2.977429 4.131133 1.513081
v -3.141129 4.151533 1.534781
v -3.889629 4.020733 1.207681
v -3.939029 4.002833 1.141281
v -3.815929 3.972833 1.157581
v -3.286029 3.792833 1.206981
v -4.420330 3.475733 0.123381
v -4.704130 3.397233 -0.195519
v -4.293729 3.347433 0.086081
v -4.141129 3.213033 0.057681
v -4.521629 3.266133 -0.249919
v -4.680930 3.184233 -0.418319
v -4.334429 3.126033 -0.295319
v -4.175829 3.018633 -0.340119
v -4.472129 3.047533 -0.482919
v -4.568329 3.000233 -0.605919
v -4.299029 2.945033 -0.542419
v -4.209429 2.895133 -0.582519
v -4.386529 2.899433 -0.675219
v -4.289129 2.847433 -0.720019
v -4.474229 2.851233 -0.807619
v -4.556729 2.766133 -0.961819
v -4.366829 2.799033 -0.860419
v -4.663630 2.955933 -0.731619
v -4.757430 2.877733 -0.871019
v -4.884329 3.100533 -0.651219
v -4.783030 3.141633 -0.533719
v -5.088729 3.269533 -0.582519
v -4.987030 3.038733 -0.777719
v -5.194429 3.229433 -0.700919
v -5.085030 2.949133 -0.934319
v -5.300829 3.176233 -0.835819
v -4.836229 2.764133 -1.061319
v -4.927229 2.649633 -1.336419
v -4.616529 2.650033 -1.184519
v -4.683330 2.537533 -1.491919
v -4.493330 2.605733 -1.258119
v -4.558129 2.496633 -1.571019
v -4.412429 2.584833 -1.306419
v -4.438829 2.714233 -1.024519
v -4.349929 2.687533 -1.072119
v -4.281730 2.802533 -0.917419
v -4.212229 2.834733 -0.766519
v -4.156730 2.796833 -0.978219
v -4.229929 2.716733 -1.146919
v -4.014729 2.741033 -1.012019
v -4.091730 2.833533 -0.832019
v -4.033229 2.840533 -0.678819
v -3.952529 2.779233 -0.873319
v -3.815329 2.671733 -0.867819
v -3.889329 2.816233 -0.737819
v -3.819029 2.856533 -0.513219
v -3.767929 2.693833 -0.727619
v -3.719729 2.738633 -0.504419
v -3.776829 2.540533 -0.655619
v -3.742029 2.466333 -0.639419
v -3.800529 2.524233 -0.801819
v -3.729829 2.590033 -0.435419
v -3.789629 2.437833 -0.771119
v -3.848429 2.408633 -0.897619
v -3.746329 2.345733 -0.747919
v -3.691729 2.382833 -0.623119
v -3.638529 2.191433 -0.707219
v -3.803429 2.308833 -0.870919
v -3.697229 2.147133 -0.827419
v -3.877429 2.260033 -1.049219
v -3.993829 2.182233 -1.330419
v -3.768029 2.091233 -1.004719
v -3.934529 2.363433 -1.072119
v -3.961829 2.450233 -1.101119
v -4.066830 2.285933 -1.345619
v -4.194329 2.199033 -1.694319
v -4.115429 2.363733 -1.356619
v -4.242730 2.270933 -1.700319
v -4.152730 2.461833 -1.395019
v -4.275429 2.362933 -1.728619
v -4.223929 2.539433 -1.406019
v -3.986329 2.577233 -1.166619
v -4.098330 2.670533 -1.180619
v -3.876929 2.642033 -1.005419
v -3.862029 2.497433 -0.932719
v -4.339230 2.436033 -1.727619
v -4.316130 2.583133 -1.370719
v -4.416029 2.469633 -1.679219
v -4.525229 2.387633 -2.071619
v -4.489530 2.489833 -1.619619
v -4.598129 2.394333 -2.010719
v -4.658929 2.413133 -1.972119
v -4.782629 2.471533 -1.898819
v -4.111129 2.099533 -1.682019
v -3.953329 1.935433 -1.646719
v -4.064330 1.842433 -1.998719
v -3.849529 2.022333 -1.298919
v -3.744929 1.712033 -1.596219
v -3.499829 1.440233 -1.543519
v -3.652729 1.812033 -1.258119
v -3.853729 1.608433 -1.924019
v -3.612029 1.321733 -1.840819
v -3.998929 1.477633 -2.223819
v -3.722829 1.216533 -2.132319
v -3.399329 0.970333 -2.020119
v -3.836629 1.105033 -2.417419
v -3.489229 0.873633 -2.287519
v -3.100429 0.687333 -2.120719
v -2.684829 0.570533 -1.960619
v -3.151629 0.613833 -2.325519
v -3.047729 0.762933 -1.854719
v -2.655929 0.647633 -1.705419
v -2.976229 0.874233 -1.602919
v -2.604329 0.781033 -1.476819
v -3.321029 1.052833 -1.738519
v -2.884829 1.038333 -1.373519
v -2.549329 0.942733 -1.264219
v -2.823029 1.202133 -1.114119
v -3.213229 1.190333 -1.473519
v -3.124929 1.347033 -1.180619
v -3.075429 1.461533 -0.906119
v -3.410729 1.564933 -1.221019
v -3.353329 1.660233 -0.930919
v -3.586629 1.888633 -0.963919
v -3.295929 1.733633 -0.759119
v -3.244029 1.790633 -0.644019
v -3.030729 1.538933 -0.739119
v -3.522929 1.951333 -0.787919
v -3.467129 2.000733 -0.668719
v -3.408129 2.052733 -0.552719
v -3.324429 2.131833 -0.385419
v -3.191829 1.847733 -0.530319
v -3.572029 2.242133 -0.593019
v -3.489129 2.314433 -0.410119
v -3.614629 2.447533 -0.425719
v -3.360229 2.436333 -0.095919
v -3.195029 2.261333 -0.111119
v -3.180229 2.605833 0.238681
v -3.473929 2.575333 -0.093119
v -3.535429 2.652533 -0.091619
v -3.280229 2.750333 0.266281
v -3.134229 2.879533 0.624681
v -3.335429 2.829233 0.275481
v -3.196729 2.960533 0.649481
v -3.385229 2.892833 0.278281
v -3.221429 3.037233 0.636381
v -3.375029 3.033033 0.221081
v -3.586729 2.721433 -0.093919
v -3.604129 2.856433 -0.140419
v -3.675829 2.974333 -0.149619
v -3.778029 2.984733 -0.089219
v -3.464329 3.145333 0.231281
v -3.202229 3.160733 0.577981
v -3.253129 3.273033 0.567581
v -3.567329 3.148333 0.300481
v -3.335129 3.315433 0.610781
v -3.629729 3.184233 0.337181
v -3.396629 3.336733 0.649581
v -3.683029 3.223233 0.365381
v -3.856629 3.017033 -0.041019
v -3.916929 3.058033 -0.007419
v -4.037029 2.909833 -0.399519
v -4.093430 2.965633 -0.374119
v -3.938729 2.886733 -0.458419
v -4.143630 2.856833 -0.616719
v -3.998829 3.111433 0.025281
v -3.763729 3.257433 0.401381
v -3.138429 3.422233 0.875181
v -3.085029 3.362733 0.862681
v -3.059629 3.270833 0.888181
v -2.948029 3.450533 1.069881
v -2.992129 3.509633 1.057881
v -2.808329 3.562733 1.147681
v -2.881729 3.395333 1.055581
v -2.742029 3.503533 1.156281
v -2.683829 3.403533 1.151781
v -2.833429 3.325533 1.024281
v -3.048129 3.180033 0.914981
v -2.779029 3.242733 0.995481
v -2.866729 3.248833 1.009281
v -3.035729 3.103133 0.918081
v -2.968729 3.033333 0.894981
v -2.873629 2.896633 0.823281
v -2.755329 2.701333 0.729281
v -3.032329 2.742933 0.561781
v -2.678529 3.110633 0.951581
v -2.543729 2.922133 0.857381
v -2.573329 3.242733 1.137881
v -2.543729 3.344933 1.295381
v -2.435229 3.036133 1.119081
v -2.374129 2.950833 1.278281
v -2.254129 2.787933 1.004181
v -2.251729 2.749233 1.194981
v -2.111829 2.567633 0.938481
v -2.397529 2.687833 0.773081
v -2.250029 2.464533 0.697381
v -2.613729 2.474333 0.624581
v -2.460729 2.252233 0.537781
v -2.745929 2.338933 0.391481
v -2.577329 2.123333 0.321181
v -2.864729 2.209033 0.138781
v -2.899329 2.558433 0.478581
v -3.040529 2.417233 0.195881
v -2.670829 2.006933 0.091981
v -2.999029 2.060533 -0.133219
v -3.116029 1.931133 -0.375819
v -2.788829 1.860633 -0.145019
v -2.889529 1.733633 -0.362419
v -2.562529 1.710833 -0.150719
v -2.474929 1.838233 0.078781
v -2.351129 1.557333 -0.123419
v -2.651829 1.580533 -0.345219
v -2.418429 1.439033 -0.314219
v -2.702729 1.498933 -0.484519
v -2.734529 1.442133 -0.595619
v -2.457029 1.365533 -0.453719
v -2.951529 1.651033 -0.509319
v -2.992029 1.593733 -0.623319
v -2.487129 1.304633 -0.559119
v -2.216829 1.232433 -0.423219
v -2.011329 1.142833 -0.407919
v -2.185829 1.296733 -0.279619
v -2.241029 1.184133 -0.536219
v -2.032629 1.102633 -0.524819
v -2.265829 1.129133 -0.637319
v -2.050829 1.059633 -0.627719
v -2.513129 1.249733 -0.666519
v -2.276229 1.058833 -0.761819
v -2.054229 0.992233 -0.740419
v -2.259729 0.959433 -0.943219
v -2.530329 1.180433 -0.810219
v -2.794529 1.314833 -0.866219
v -2.533529 1.077133 -1.025519
v -2.764529 1.388733 -0.708719
v -2.029829 0.883833 -0.889719
v -2.241929 0.844033 -1.156319
v -1.997629 0.767333 -1.075919
v -2.252729 0.716833 -1.371019
v -2.269029 0.608333 -1.598519
v -1.985129 0.656933 -1.285919
v -1.980029 0.558233 -1.510719
v -1.841429 0.625833 -1.249819
v -1.834629 0.548633 -1.479219
v -1.749129 0.615633 -1.245519
v -1.854829 0.732333 -1.042919
v -1.887129 0.849033 -0.867019
v -1.760829 0.729033 -1.039819
v -1.791029 0.854933 -0.870119
v -1.693329 0.783533 -1.072419
v -1.726929 0.916533 -0.908419
v -1.627329 0.826733 -1.098919
v -1.677729 0.665733 -1.277319
v -1.681529 0.580433 -1.508619
v -1.758629 0.555133 -1.482119
v -1.618929 0.716233 -1.310219
v -1.758429 0.510933 -1.718119
v -1.684029 0.528833 -1.751319
v -1.751229 0.443733 -1.909719
v -1.820729 0.510033 -1.716219
v -1.957429 0.554733 -1.763919
v -1.813629 0.452533 -1.911219
v -1.828829 0.370533 -2.020819
v -1.952229 0.493433 -1.965119
v -1.975429 0.402233 -2.070219
v -2.279129 0.494533 -2.047119
v -2.298529 0.436533 -2.153119
v -2.273629 0.543233 -1.842319
v -2.711729 0.506833 -2.162819
v -2.725629 0.482233 -2.269119
v -2.732529 0.466833 -2.325019
v -2.314429 0.399833 -2.216819
v -2.327729 0.354633 -2.264119
v -2.004829 0.334333 -2.123719
v -2.737129 0.435733 -2.377519
v -3.177329 0.537333 -2.508719
v -1.756129 0.359733 -2.021119
v -1.669829 0.343433 -2.053219
v -1.670529 0.438533 -1.941119
v -1.582929 0.329333 -2.087519
v -1.590129 0.257033 -2.169119
v -1.508129 0.317633 -2.088418
v -1.584829 0.427033 -1.970719
v -1.508929 0.249233 -2.179619
v -1.547629 0.844233 -1.109919
v -1.653629 0.966033 -0.936519
v -1.550729 0.997633 -0.956219
v -1.676129 1.079433 -0.794919
v -1.754229 1.027133 -0.768119
v -1.684829 1.130633 -0.665719
v -1.563529 1.104133 -0.807019
v -1.456229 1.060933 -0.787319
v -1.579929 1.145733 -0.671319
v -1.595729 1.158733 -0.554719
v -1.485329 1.100333 -0.654919
v -1.510729 1.122533 -0.542019
v -1.428329 1.022133 -0.628919
v -1.403329 0.937833 -0.597919
v -1.399729 0.969333 -0.750919
v -1.458129 1.056133 -0.517619
v -1.482929 1.089633 -0.406119
v -1.440429 0.975233 -0.485519
v -1.441529 1.029533 -0.377219
v -1.388729 0.990233 -0.355119
v -1.445429 1.093033 -0.249119
v -1.391329 1.054033 -0.231319
v -1.447829 1.183233 -0.083219
v -1.482329 1.152433 -0.278719
v -1.532829 1.202933 -0.303619
v -1.468729 1.249633 -0.115219
v -1.520229 1.292933 -0.131419
v -1.405629 1.302933 0.072081
v -1.442729 1.359333 0.055181
v -1.495629 1.397733 0.052281
v -1.402229 1.460633 0.203481
v -1.354929 1.408333 0.207481
v -1.321429 1.578233 0.327381
v -1.460029 1.501333 0.211881
v -1.398529 1.627033 0.343681
v -1.523529 1.530733 0.225781
v -1.595329 1.545133 0.234481
v -1.555429 1.417233 0.060481
v -1.478229 1.666033 0.360681
v -1.566629 1.695433 0.366481
v -1.410029 1.769633 0.531481
v -1.503329 1.830333 0.528181
v -1.481229 1.823433 0.719181
v -1.544229 1.887833 0.718081
v -1.594529 1.871533 0.508681
v -1.669329 1.701433 0.354981
v -1.600629 1.941433 0.722581
v -1.661829 1.888133 0.493081
v -1.754829 1.672433 0.363981
v -1.707929 1.913733 0.496281
v -1.657929 1.995533 0.743081
v -1.756929 1.962333 0.516681
v -1.802829 1.672633 0.376581
v -1.863629 1.715133 0.394081
v -1.815429 1.526333 0.232581
v -1.894329 1.562833 0.248781
v -1.814929 1.396433 0.088081
v -1.761829 1.511733 0.236481
v -1.680029 1.524133 0.240881
v -1.754429 1.386933 0.085281
v -1.771929 1.266433 -0.095519
v -1.684029 1.386733 0.090581
v -1.619629 1.417133 0.073081
v -1.708729 1.264433 -0.098619
v -1.652029 1.293033 -0.117719
v -1.735129 1.172333 -0.282219
v -1.678929 1.198833 -0.300919
v -1.797429 1.181933 -0.277319
v -1.747829 1.133233 -0.420919
v -1.808029 1.100633 -0.400019
v -1.816229 1.067633 -0.512419
v -1.886129 1.113133 -0.403319
v -1.862129 1.190133 -0.274819
v -1.904329 1.053933 -0.507819
v -1.917729 1.006933 -0.608219
v -1.826829 1.039233 -0.623119
v -1.916129 0.943833 -0.719119
v -1.820329 0.968433 -0.735119
v -1.761829 1.089533 -0.646619
v -1.756929 1.120033 -0.535919
v -1.688629 1.153133 -0.552219
v -1.689729 1.168533 -0.440419
v -1.607429 1.174433 -0.443719
v -1.606829 1.215033 -0.309819
v -1.529629 1.148833 -0.432319
v -1.586429 1.304533 -0.130019
v -1.836729 1.272833 -0.089619
v -1.979429 1.213733 -0.271219
v -1.945429 1.309433 -0.086019
v -2.132129 1.412733 -0.098519
v -1.913429 1.431133 0.099981
v -2.085029 1.531833 0.102681
v -2.281529 1.682533 0.089381
v -2.044829 1.656533 0.269781
v -1.986829 1.810033 0.422881
v -2.222929 1.797533 0.280081
v -2.141229 1.939833 0.454381
v -2.402829 1.946433 0.292081
v -2.302129 2.079433 0.488181
v -2.109329 2.304033 0.636081
v -1.980429 2.175733 0.590881
v -2.001629 2.400833 0.889281
v -2.028729 2.370133 1.087081
v -1.912329 2.263233 0.851681
v -1.811429 2.150233 0.811481
v -1.937029 2.247133 1.055481
v -1.969829 2.197533 1.197081
v -1.851529 2.131833 1.025681
v -1.772829 2.029633 0.985681
v -1.886129 2.084833 1.180281
v -1.928929 2.006333 1.244481
v -1.795329 1.977333 1.166781
v -1.702129 1.918733 1.050681
v -1.696329 1.886833 1.120081
v -1.854529 1.907433 1.233881
v -1.743629 1.879633 1.189681
v -1.789529 1.824633 1.229681
v -1.676529 1.817933 1.188681
v -1.730229 1.755933 1.235481
v -1.617129 1.763433 1.193381
v -1.633829 1.842333 1.088781
v -1.572229 1.799033 1.076281
v -1.628629 1.855133 0.976181
v -1.624129 1.888633 0.869481
v -1.567229 1.801133 0.940181
v -1.561129 1.832933 0.841481
v -1.510329 1.750233 0.925981
v -1.501229 1.776933 0.829581
v -1.448629 1.697733 0.918481
v -1.509629 1.755433 1.073081
v -1.560229 1.709833 1.197281
v -1.450029 1.705133 1.067281
v -1.390829 1.647333 1.060581
v -1.502529 1.655233 1.193181
v -1.444429 1.600233 1.185081
v -1.563229 1.576733 1.246681
v -1.619729 1.635933 1.250381
v -1.627929 1.496633 1.257281
v -1.506529 1.520433 1.238481
v -1.568829 1.436633 1.251481
v -1.448829 1.469533 1.232381
v -1.507929 1.384433 1.244581
v -1.375729 1.410033 1.232981
v -1.386529 1.543633 1.175881
v -1.317229 1.475633 1.166781
v -1.330229 1.581833 1.055281
v -1.264429 1.507533 1.054681
v -1.305229 1.579833 0.919281
v -1.300129 1.571733 0.817581
v -1.251629 1.494633 0.923181
v -1.378529 1.643833 0.917381
v -1.369329 1.646733 0.819181
v -1.342529 1.675033 0.711881
v -1.436929 1.714933 0.822581
v -1.412629 1.749433 0.716581
v -1.327629 1.710033 0.525081
v -1.272229 1.598433 0.706881
v -1.251529 1.640233 0.517881
v -1.211529 1.525933 0.705381
v -1.194029 1.569633 0.515181
v -1.168329 1.466033 0.711081
v -1.237929 1.496933 0.822281
v -1.189229 1.431133 0.837881
v -1.128129 1.347733 0.861781
v -1.197930 1.416033 0.942681
v -1.131429 1.325133 0.971981
v -1.194229 1.418633 1.059781
v -1.227529 1.385533 1.157581
v -1.132529 1.313233 1.061581
v -1.053829 1.225933 1.070781
v -1.129729 1.278933 1.141981
v -1.023729 1.173333 1.124381
v -1.177129 1.215333 1.203981
v -1.066829 1.101033 1.163481
v -1.266329 1.157933 1.194781
v -1.281629 1.323233 1.227781
v -1.355429 1.253933 1.227881
v -1.438929 1.327633 1.238081
v -1.415229 1.214733 1.205181
v -1.364729 1.139933 1.167481
v -1.490729 1.252133 1.207981
v -1.566229 1.302233 1.212381
v -1.499029 1.156333 1.132381
v -1.346029 1.034833 1.058681
v -1.566529 1.101633 1.036381
v -1.620929 1.230333 1.144081
v -1.673829 1.171133 1.054381
v -1.704329 1.294633 1.148181
v -1.751629 1.233033 1.052581
v -1.640529 1.360633 1.220181
v -1.775329 1.366033 1.142181
v -1.839329 1.458433 1.148981
v -1.825729 1.292933 1.052681
v -1.708529 1.426333 1.224381
v -1.756529 1.495133 1.225181
v -1.774529 1.559033 1.230281
v -1.681929 1.560433 1.257281
v -1.727629 1.622133 1.251881
v -1.779629 1.673933 1.241981
v -1.674429 1.695333 1.246181
v -1.821029 1.579433 1.210881
v -1.831029 1.738433 1.234881
v -1.866029 1.637133 1.203181
v -1.890429 1.818133 1.239981
v -1.920929 1.719333 1.210881
v -1.962129 1.914833 1.254381
v -2.047029 2.029933 1.271481
v -1.990529 1.815533 1.229481
v -2.025529 1.711633 1.193781
v -2.075929 1.933333 1.254481
v -2.180029 2.081033 1.273681
v -2.112529 1.834333 1.228781
v -2.172229 1.737433 1.200181
v -2.221029 1.995933 1.263081
v -2.287329 1.908333 1.254081
v -2.347329 2.175033 1.303481
v -2.415629 2.101933 1.301181
v -2.302829 2.246933 1.301081
v -2.263229 2.318933 1.306781
v -2.216029 2.394733 1.296481
v -2.405529 2.496433 1.334781
v -2.145429 2.164133 1.288481
v -2.104329 2.246133 1.273881
v -2.012429 2.119833 1.258281
v -2.057929 2.320633 1.216081
v -2.166729 2.469033 1.245281
v -2.322129 2.653233 1.282981
v -2.140829 2.523333 1.127581
v -2.365829 2.574233 1.319181
v -2.518029 2.752533 1.371381
v -2.489829 2.041833 1.258781
v -2.541429 2.006033 1.174281
v -2.365729 1.827533 1.212281
v -2.241429 1.646933 1.144681
v -2.427929 1.770033 1.119481
v -2.295429 1.574333 1.043081
v -2.465329 1.736933 1.005481
v -2.580429 1.984433 1.078281
v -2.319329 1.528833 0.916381
v -2.192829 1.334533 0.836281
v -2.180329 1.404433 0.973481
v -2.116329 1.172033 0.783981
v -2.099829 1.267533 0.926481
v -2.076429 1.088633 0.761381
v -2.102129 1.136633 0.635481
v -2.064829 1.035333 0.613881
v -2.036929 0.970833 0.621481
v -1.990829 0.908333 0.643981
v -1.983129 0.989633 0.778881
v -2.044029 1.040533 0.762981
v -1.939829 1.088533 0.890081
v -2.010329 1.132433 0.894181
v -1.949029 1.247333 0.986081
v -2.054429 1.183433 0.903981
v -2.002929 1.310333 1.006081
v -2.059629 1.393633 1.036981
v -1.949829 1.424733 1.082481
v -2.007329 1.508033 1.112181
v -1.903029 1.529333 1.150181
v -1.893529 1.354633 1.061981
v -1.957029 1.613533 1.168381
v -2.079629 1.609233 1.149581
v -2.137529 1.506033 1.081781
v -1.879729 1.196133 0.974181
v -1.802729 1.150633 0.966881
v -1.726029 1.103333 0.962481
v -1.856429 1.049633 0.886581
v -1.903029 0.944233 0.794381
v -1.775329 1.009833 0.884481
v -1.674129 0.953633 0.885881
v -1.822829 0.903633 0.805381
v -1.723529 0.852933 0.815681
v -1.584729 0.785833 0.822281
v -1.764129 0.771833 0.697381
v -1.638929 0.710033 0.708081
v -1.486929 0.610133 0.715581
v -1.416129 0.688133 0.822681
v -1.291629 0.490333 0.700581
v -1.353929 0.755333 0.882981
v -1.300729 0.807533 0.936281
v -1.528729 0.869133 0.887681
v -1.164129 0.611833 0.863881
v -1.110029 0.661533 0.910481
v -0.920729 0.506933 0.884381
v -1.048929 0.702933 0.957481
v -1.246729 0.853033 0.986481
v -1.420129 0.993433 1.009381
v -1.182429 0.887633 1.030781
v -1.097129 0.909033 1.062681
v -1.251029 1.043133 1.103481
v -1.014329 0.925933 1.106781
v -0.849829 0.786833 1.072381
v -0.936229 0.980733 1.140881
v -1.153329 1.052133 1.140281
v -0.908529 1.068833 1.066581
v -0.892629 1.077033 0.918081
v -1.033229 1.208933 1.006881
v -1.025829 1.223033 0.891881
v -1.012929 1.268733 0.742981
v -1.113229 1.389333 0.723681
v -1.004329 1.320333 0.563481
v -0.874329 1.125833 0.765581
v -0.849529 1.197633 0.593681
v -0.714529 0.972333 0.787381
v -0.672629 1.064733 0.628381
v -0.506229 0.927833 0.662581
v -0.692329 1.071433 0.450781
v -0.752229 0.980233 0.336181
v -0.880829 1.190033 0.418381
v -0.508329 0.943933 0.486081
v -0.545529 0.875833 0.355981
v -0.344829 0.824933 0.520181
v -0.207329 0.727733 0.549181
v -0.360429 0.772733 0.380381
v -0.103229 0.657433 0.570881
v -0.178629 0.653133 0.729881
v -0.592029 0.765833 0.253181
v -0.796329 0.875133 0.225481
v -0.613429 0.665533 0.118381
v -0.815129 0.777433 0.077781
v -0.611329 0.588933 -0.019719
v -0.812229 0.700733 -0.069819
v -0.603329 0.524933 -0.116819
v -0.590229 0.471133 -0.196019
v -0.421029 0.416733 -0.060519
v -0.797429 0.647433 -0.179619
v -0.783229 0.596733 -0.265819
v -1.005129 0.746333 -0.228419
v -0.993829 0.694433 -0.319019
v -1.015729 0.803333 -0.114919
v -1.189229 0.839533 -0.275219
v -1.182129 0.784733 -0.369719
v -1.196429 0.899133 -0.158119
v -1.322629 0.926933 -0.320519
v -1.318129 0.870433 -0.420619
v -1.325929 0.989733 -0.200419
v -1.319029 1.075133 -0.046619
v -1.193429 0.981433 -0.003619
v -1.314029 1.159533 0.128181
v -1.391629 1.138333 -0.071019
v -1.395829 1.225833 0.110181
v -1.325129 1.347233 0.231081
v -1.261429 1.276033 0.259181
v -1.214429 1.470833 0.329281
v -1.260029 1.522033 0.321281
v -1.154329 1.511433 0.521781
v -1.157429 1.401133 0.353981
v -1.049729 1.295133 0.390081
v -1.103429 1.436733 0.538181
v -1.141029 1.173933 0.301681
v -0.958329 1.080433 0.319881
v -1.176829 1.075833 0.160681
v -0.997129 0.982233 0.194081
v -1.015829 0.884033 0.037881
v -1.318829 0.807433 -0.516419
v -1.395529 0.924933 -0.455819
v -1.397229 0.862933 -0.557619
v -1.381829 0.803233 -0.667219
v -1.392829 0.872833 -0.709719
v -1.407829 0.777033 -0.823919
v -1.370329 0.721133 -0.784219
v -1.313729 0.741333 -0.619919
v -1.180329 0.651533 -0.554019
v -1.313729 0.654033 -0.731319
v -1.329129 0.546033 -0.874119
v -1.185129 0.559533 -0.658019
v -1.003529 0.453733 -0.580119
v -0.793729 0.344233 -0.505519
v -0.994729 0.552233 -0.485619
v -0.788129 0.443833 -0.415219
v -0.990229 0.631833 -0.402519
v -0.783329 0.526733 -0.339819
v -1.179129 0.724433 -0.460519
v -0.580529 0.413733 -0.272319
v -0.388529 0.319633 -0.217319
v -0.573929 0.343233 -0.353919
v -0.571129 0.248433 -0.447619
v -0.375129 0.257033 -0.302719
v -0.367929 0.162733 -0.398019
v -0.209929 0.180333 -0.256119
v -0.226329 0.238933 -0.170119
v -0.244929 0.281633 -0.092019
v -0.093829 0.198233 -0.146519
v -0.405729 0.366033 -0.138019
v -0.374229 0.032633 -0.514519
v -0.397229 -0.131467 -0.672619
v -0.584329 0.117233 -0.563419
v -1.386329 0.616233 -0.928619
v -1.419529 0.672333 -0.973319
v -1.410229 0.507833 -1.136819
v -1.419929 0.755933 -1.040119
v -1.467029 0.825133 -1.094419
v -1.401729 0.870733 -0.882819
v -1.445929 0.962433 -0.936219
v -1.477829 0.936233 0.949781
v -1.625129 1.038133 0.956681
v -2.703429 2.225533 1.158181
v -2.612329 1.975733 0.982981
v -2.732429 2.219833 1.065781
v -2.879129 2.430733 1.153781
v -2.857529 2.438433 1.250881
v -2.667729 2.234733 1.240281
v -1.697629 1.949233 0.925081
v -1.723329 2.059633 0.774681
v -1.856829 2.056233 0.550181
v -2.623829 3.472333 1.293281
v -2.584029 3.537333 1.368081
v -2.689629 3.563533 1.270481
v -2.750729 3.626533 1.248181
v -2.659829 3.619833 1.344781
v -2.721429 3.689633 1.317981
v -2.705929 3.764133 1.367081
v -2.751029 3.779633 1.351681
v -3.678129 2.522533 -0.430419
v -5.455029 3.389033 -0.781819
v -5.333930 3.416033 -0.667419
v -5.535629 3.514033 -0.770719
v -5.391329 3.520733 -0.663219
v -5.586229 3.604633 -0.769019
v -5.617330 3.731733 -0.778819
v -5.426529 3.600633 -0.653019
v -5.435229 3.751933 -0.680619
v -5.304530 3.612833 -0.550519
v -5.279729 3.533333 -0.554419
v -5.225729 3.438633 -0.556119
v -5.123930 3.459033 -0.445719
v -4.986529 3.298133 -0.467619
v -4.881030 3.331433 -0.358819
v -5.829529 3.734133 -0.959619
v -5.672629 3.872133 -0.767019
v -5.872230 3.846133 -0.954919
v -5.806530 3.966433 -0.687719
v -5.953330 3.986433 -0.913819
v -5.955130 3.974233 -0.586719
v -6.096429 4.005933 -0.823819
v -6.321330 4.047934 -1.146719
v -6.421730 4.080033 -1.058619
v -6.181429 4.010233 -1.230619
v -6.107729 3.869233 -1.260319
v -6.350430 3.931933 -1.633319
v -2.707530 4.287733 1.961881
v -2.640729 4.287333 2.038881
v -2.687530 4.267133 2.078681
v -2.587329 4.308434 2.121281
v -2.641929 4.291833 2.165881
v -2.672229 3.255233 1.575581
v -2.328729 3.896533 1.527181
v -1.995229 0.621733 -0.396519
v -1.981429 0.526833 -0.370819
v -1.922929 0.441433 -0.353019
v -2.046629 0.407333 -0.533519
v -1.927129 0.311033 -0.502519
v -2.084829 0.322233 -0.656019
v -1.817329 0.407233 -0.358419
v -1.678829 0.438333 -0.381619
v -1.937829 0.555833 -0.124219
v -0.670429 0.192133 0.450281
v -0.517629 0.037233 0.204581
v -0.533129 0.125533 0.434681
v -0.416429 -0.027367 0.193681
v -0.485629 -0.064167 -0.014619
v -0.386829 -0.121567 -0.017219
v -0.463229 -0.134867 -0.169319
v -0.365429 -0.187767 -0.166319
v -0.357929 -0.245967 -0.266419
v -0.266529 -0.238867 -0.164119
v -0.178729 -0.278067 -0.156419
v -0.260729 -0.297167 -0.257919
v -0.285229 -0.173867 -0.021919
v -0.195429 -0.214667 -0.021719
v -0.312329 -0.088067 0.180881
v -0.310729 -0.001067 0.400981
v -0.217329 -0.135267 0.169781
v -0.205329 -0.069367 0.385681
v -0.181588 -0.157279 0.363092
v -0.086488 -0.378779 -0.275808
v -0.173629 -0.336467 -0.245119
v -0.172629 -0.381267 -0.307219
v -0.173029 -0.417967 -0.357119
v -0.261029 -0.342467 -0.324519
v -0.168429 -0.579167 -0.617619
v -0.372929 -0.102067 0.564381
v -0.391029 -0.158367 0.700381
v -0.405329 -0.138967 0.800481
v -0.422929 -0.084267 0.875181
v -0.446129 -0.029667 0.939781
v -0.480329 0.014233 0.992481
v -0.480729 0.061633 1.029281
v -0.471229 -0.058467 0.710281
v -0.484929 -0.038267 0.578881
v -0.423829 0.063833 0.418381
v -0.597329 0.026433 0.599381
v -0.727829 0.103633 0.624081
v -1.022629 -0.343867 -0.990319
v -0.776929 -0.481067 -0.983919
v -1.006029 -0.394867 -1.096519
v -1.180829 -0.273967 -1.177119
v -0.978429 -0.435067 -1.212319
v -0.935829 -0.444767 -1.319219
v -1.152929 -0.314867 -1.300619
v -1.296329 -0.179767 -1.379219
v -1.110829 -0.329267 -1.414719
v -1.264429 -0.209667 -1.503019
v -1.071329 -0.325667 -1.496519
v -1.234229 -0.220967 -1.596619
v -0.889529 -0.426467 -1.392019
v -1.396229 -0.131467 -1.697219
v -1.427529 -0.114967 -1.602119
v -1.455829 -0.074867 -1.471919
v -1.583229 -0.072467 -1.686919
v -1.610129 -0.022067 -1.551919
v -1.642929 0.018333 -1.392319
v -1.730629 -0.035667 -1.592119
v -1.756529 0.029633 -1.428919
v -1.791229 0.075433 -1.263619
v -1.670429 0.063533 -1.236519
v -1.810329 0.126033 -1.121419
v -1.860729 0.122033 -1.297019
v -1.679929 0.126533 -1.103719
v -1.500929 0.089433 -1.083419
v -1.686029 0.168733 -0.995019
v -1.684429 0.194033 -0.900619
v -1.507729 0.143133 -0.969519
v -1.508129 0.190433 -0.867519
v -1.344529 0.034133 -0.907719
v -1.340729 -0.032967 -1.028519
v -1.348529 0.094933 -0.792419
v -1.198929 -0.090667 -0.837319
v -1.198329 -0.163267 -0.959719
v -1.200729 -0.025267 -0.719719
v -1.198429 0.024233 -0.632619
v -1.348829 0.140033 -0.704019
v -1.345929 0.180233 -0.630119
v -1.498229 0.229233 -0.783419
v -1.192629 -0.222167 -1.068919
v -1.335129 -0.088867 -1.137019
v -1.326229 -0.142367 -1.247619
v -1.492629 0.032733 -1.201719
v -1.479629 -0.024767 -1.330419
v -2.673629 0.676933 -1.142419
v -3.025329 0.830433 -1.156419
v -2.681629 0.641933 -1.283619
v -2.656629 0.729433 -1.047119
v -2.644129 0.777733 -0.946919
v -3.000129 0.882233 -1.049419
v -3.330829 1.065733 -1.048119
v -3.357829 1.024433 -1.172819
v -3.617229 1.289833 -1.038519
v -3.850329 1.530333 -1.024619
v -3.645229 1.256533 -1.180419
v -3.884429 1.504933 -1.184519
v -3.695429 1.195833 -1.367219
v -3.948129 1.450733 -1.393119
v -3.759829 1.115133 -1.652219
v -3.397129 0.962833 -1.341319
v -3.052129 0.773633 -1.307519
v -3.452429 0.876133 -1.595019
v -3.095429 0.683233 -1.531619
v -2.692529 0.592733 -1.497619
v -2.720529 0.495233 -1.729619
v -2.326329 0.479933 -1.450419
v -4.029029 1.371633 -1.705219
v -4.165629 1.699533 -1.423419
v -4.326930 1.897833 -1.449519
v -4.082029 1.740733 -1.186519
v -4.220829 1.929433 -1.195119
v -4.303030 2.027633 -1.209219
v -4.432429 1.983533 -1.450419
v -4.372829 2.066833 -1.207619
v -4.273230 2.076733 -1.032719
v -4.365530 2.080333 -1.003719
v -4.452929 2.074833 -1.179519
v -4.465129 2.085733 -0.957019
v -4.310530 2.063633 -0.825819
v -4.526030 2.087833 -1.142219
v -4.624030 2.027233 -1.368519
v -4.588230 2.117533 -1.102419
v -4.666029 2.043033 -1.333419
v -4.643929 2.181533 -1.066119
v -4.710330 2.087533 -1.299719
v -4.844830 1.950133 -1.630619
v -4.759830 2.180233 -1.272819
v -4.940129 2.139133 -1.598619
v -4.901929 2.032733 -1.604919
v -5.091330 1.888833 -2.021719
v -5.135329 1.990433 -2.026519
v -5.037529 1.785433 -2.021619
v -5.246329 1.817433 -2.529719
v -5.185730 1.702033 -2.494019
v -5.397530 1.767433 -2.952119
v -5.362629 1.895233 -2.541919
v -5.481430 1.889833 -3.014519
v -5.409430 1.919533 -2.539419
v -5.522130 1.942633 -3.018719
v -5.194230 2.021033 -2.013019
v -4.998330 2.184933 -1.582219
v -5.127530 2.243333 -1.517519
v -5.533629 1.993133 -3.259619
v -5.532929 2.026233 -3.363819
v -5.484329 1.916633 -3.255719
v -5.425029 1.763433 -3.173719
v -5.480129 1.941133 -3.392519
v -5.441829 1.749433 -3.285219
v -5.430929 1.844533 -3.492219
v -5.374429 1.934333 -3.528219
v -5.428229 2.041333 -3.468019
v -5.313629 2.109733 -3.465319
v -5.407029 2.179433 -3.379919
v -5.492029 2.114133 -3.428419
v -5.152329 2.053633 -3.488019
v -5.291729 1.976433 -3.547519
v -5.249529 2.157133 -3.370319
v -5.104529 2.110933 -3.409119
v -4.965729 2.012933 -3.388219
v -5.025529 1.961333 -3.463119
v -4.863729 1.887933 -3.329219
v -4.926529 1.847433 -3.410219
v -4.811529 1.770433 -3.237119
v -4.790829 1.940233 -3.179819
v -4.758729 1.818533 -3.090719
v -4.855229 1.725233 -3.331319
v -4.728129 1.715733 -3.174119
v -4.753729 1.680233 -3.248019
v -4.807229 1.610433 -3.302619
v -4.654029 1.604233 -3.166019
v -4.704929 1.540833 -3.216019
v -4.475130 1.446533 -3.087319
v -4.512030 1.384033 -3.140219
v -4.566329 1.319433 -3.118719
v -4.767329 1.479533 -3.201519
v -4.879829 1.539133 -3.291019
v -4.819630 1.412733 -3.143119
v -4.933829 1.458933 -3.226019
v -5.003929 1.495733 -3.296019
v -5.094929 1.530133 -3.383019
v -5.153829 1.494033 -3.339419
v -4.958929 1.571033 -3.352019
v -4.899529 1.636733 -3.360819
v -5.049629 1.586133 -3.424319
v -5.122929 1.583733 -3.511619
v -5.011529 1.645333 -3.436719
v -5.097329 1.645933 -3.530319
v -4.990029 1.711033 -3.460119
v -5.026129 1.796633 -3.502219
v -5.067529 1.696133 -3.527119
v -5.107429 1.739533 -3.588319
v -5.161229 1.801933 -3.620119
v -5.149329 1.673833 -3.613319
v -5.182529 1.607433 -3.591819
v -5.207229 1.726733 -3.654519
v -5.249129 1.651033 -3.643019
v -5.276929 1.777133 -3.656119
v -5.226329 1.856933 -3.627419
v -5.338629 1.840533 -3.611619
v -5.328929 1.699133 -3.640319
v -5.402929 1.760933 -3.590319
v -5.363429 1.615833 -3.578119
v -5.295029 1.577033 -3.585519
v -5.430529 1.658133 -3.524719
v -5.373529 1.552533 -3.468419
v -5.316129 1.529733 -3.473719
v -5.414829 1.590033 -3.444119
v -5.353629 1.531133 -3.318119
v -5.410429 1.586733 -3.335519
v -5.299029 1.499133 -3.326119
v -5.349029 1.501733 -3.167119
v -5.272029 1.464533 -3.176419
v -5.419229 1.583233 -3.189719
v -5.318429 1.519833 -3.053419
v -5.307529 1.641833 -2.887419
v -5.238729 1.492733 -3.064719
v -5.231530 1.600933 -2.881919
v -5.399429 1.594733 -3.072619
v -5.173329 1.589133 -2.895019
v -5.118730 1.662433 -2.499519
v -4.972730 1.742033 -2.041519
v -5.058929 1.663633 -2.523319
v -4.910130 1.755833 -2.079519
v -4.760029 1.911833 -1.691819
v -4.845729 1.798533 -2.132319
v -4.706130 1.937433 -1.740119
v -4.568429 2.023133 -1.405319
v -4.634830 1.929033 -1.778619
v -4.501530 2.011833 -1.435519
v -4.801929 1.912533 -1.657219
v -5.175529 1.458533 -3.183819
v -5.227829 1.481433 -3.326919
v -5.260029 1.516533 -3.459819
v -5.232329 1.546433 -3.550519
v -5.198529 1.514733 -3.427619
v -5.170729 1.531433 -3.480019
v -5.459729 1.707333 -3.414319
v -5.286229 1.893033 -3.600919
v -5.190729 1.955533 -3.561319
v -5.098529 1.883533 -3.543919
v -2.340629 0.625933 -0.943019
v -3.819429 3.240033 1.463581
v -3.861629 3.259233 1.491581
v -3.763629 3.234433 1.565281
v -3.789229 3.255733 1.593881
v -3.715930 3.235733 1.635581
v -3.716929 3.252733 1.671081
v -3.679229 3.220933 1.642281
v -3.731629 3.275733 1.699381
v -3.751729 3.304233 1.723581
v -3.641429 3.259333 1.780081
v -3.814330 3.283233 1.623681
v -3.832729 3.320533 1.648981
v -3.898429 3.294933 1.524081
v -3.924129 3.344533 1.552481
v -4.072730 3.372633 1.387081
v -3.944129 3.397633 1.575581
v -4.099929 3.436733 1.412981
v -3.959129 3.452733 1.590381
v -3.847330 3.360733 1.671381
v -3.768730 3.336533 1.745881
v -3.862929 3.406433 1.690081
v -3.785729 3.376033 1.766881
v -3.884130 3.460033 1.705081
v -3.975229 3.505533 1.598181
v -3.925930 3.523533 1.720081
v -3.806230 3.425033 1.787681
v -3.707930 3.406733 1.863081
v -3.826330 3.477433 1.815281
v -3.712530 3.460833 1.884081
v -3.640329 3.424533 2.031281
v -3.634930 3.363633 2.008781
v -3.623129 3.489733 2.047181
v -3.616630 3.311233 1.982181
v -3.515130 3.289233 2.104381
v -3.695529 3.358433 1.843181
v -3.595930 3.269833 1.955481
v -3.494629 3.240933 2.075881
v -3.681230 3.319433 1.823781
v -3.573629 3.235033 1.928481
v -3.662729 3.287833 1.802581
v -3.472630 3.200033 2.045981
v -3.551929 3.201533 1.901781
v -3.385829 3.198733 2.119281
v -3.991230 3.557533 1.593181
v -4.036829 3.623033 1.701981
v -4.125629 3.555633 1.430981
v -4.120029 3.610733 1.422481
v -4.013629 3.609833 1.573881
v -4.115230 3.502333 1.426181
v -5.294529 4.405833 1.353781
v -5.720630 4.615633 1.283481
v -5.275529 4.363333 1.279881
v -5.692430 4.571033 1.198281
v -5.277730 4.303833 1.217981
v -5.678229 4.500333 1.128981
v -4.836430 4.074634 1.318081
v -4.887630 4.042334 1.219081
v -5.933030 4.668134 1.155781
v -6.083729 4.713233 1.130481
v -5.759729 3.704933 0.122781
v -5.752930 3.779733 0.152981
v -5.853129 3.806633 0.024181
v -6.704529 5.100933 0.845181
v -7.010329 5.283134 0.726481
v -7.380030 5.475134 0.615081
v -7.019829 5.338034 0.797381
v -7.381330 5.521234 0.695481
v -7.720630 5.729234 0.567781
v -6.899829 4.586133 0.271881
v -8.307329 6.055233 0.166781
v -8.323930 6.065034 0.270181
v -8.425830 6.142333 0.241981
v -8.433530 6.173233 0.332081
v -8.393029 6.138034 0.150181
v -8.521029 6.216534 0.196881
v -8.581129 6.309033 0.144781
v -8.474730 6.217834 0.121681
v -8.387130 6.261833 0.046681
v -8.402729 6.215234 0.077481
v -8.524429 6.306434 0.068381
v -8.536630 6.403234 0.046281
v -8.453329 6.348433 0.019781
v -8.406730 6.377033 -0.003319
v -8.351130 6.312834 0.016181
v -8.490729 6.392533 0.019681
v -8.433829 6.420533 -0.005119
v -8.481230 6.473933 0.012081
v -8.335730 6.426833 -0.010519
v -8.369530 6.496034 0.012381
v -8.324129 6.366834 -0.006819
v -8.407929 6.561033 0.071581
v -8.222329 6.479334 0.032281
v -8.259629 6.550034 0.102181
v -8.067530 6.511634 0.135981
v -8.442430 6.602934 0.157181
v -8.521830 6.520634 0.066081
v -8.548929 6.546634 0.141381
v -8.588229 6.422533 0.094581
v -8.318330 6.161633 0.081281
v -6.847229 5.865833 0.900881
v -6.895529 5.781334 0.988881
v -6.618229 5.628034 1.096981
v -6.422729 5.524333 1.172781
v -6.281529 5.465034 1.264081
v -6.476530 5.423933 1.193581
v -6.316929 5.354934 1.277581
v -6.354529 5.237634 1.268681
v -6.192629 5.280933 1.375181
v -6.166229 5.418633 1.380481
v -6.070330 5.201734 1.454581
v -6.043029 5.360033 1.479181
v -5.963629 5.535334 1.420881
v -5.860630 5.044634 0.856581
v -5.873330 4.970034 0.809581
v -5.883530 4.829233 0.728681
v -6.039430 5.032034 0.760781
v -6.055029 4.879933 0.671481
v -6.061729 4.699333 0.548081
v -6.222129 4.937034 0.605381
v -6.243529 4.752234 0.456281
v -6.449729 4.826433 0.330981
v -6.239729 4.578834 0.303081
v -6.444230 4.643733 0.163581
v -6.216030 4.401333 0.113281
v -6.053229 4.531834 0.405381
v -5.877530 4.508233 0.484781
v -6.032829 4.360733 0.227881
v -5.858930 4.348833 0.320881
v -5.820029 4.181833 0.096381
v -5.693130 4.349733 0.403581
v -5.650730 4.198333 0.187081
v -5.600229 4.099033 -0.023719
v -5.482830 4.219633 0.274681
v -5.427129 4.134733 0.068081
v -5.393730 4.101334 -0.040519
v -5.212430 4.124633 0.234681
v -5.341129 4.107634 -0.120619
v -5.226029 4.104433 -0.240019
v -5.885829 4.662033 0.617081
v -6.669829 4.725233 -0.032219
v -7.869729 5.641933 -0.214819
v -7.694830 5.560333 -0.102919
v -6.711229 5.538433 0.581381
v -6.424530 5.507633 0.713781
vn -0.3619 -0.5909 0.7210
vn -0.5646 -0.8129 0.1429
vn -0.3567 -0.5956 0.7198
vn -0.2433 -0.4597 0.8541
vn -0.2767 -0.4319 0.8585
vn -0.3637 -0.6516 0.6657
vn -0.5205 -0.8469 0.1084
vn -0.5382 -0.8427 -0.0085
vn -0.5393 -0.7074 0.4569
vn -0.4844 -0.5566 0.6749
vn -0.6760 -0.6035 0.4228
vn -0.6206 -0.6224 0.4770
vn -0.3975 -0.4988 0.7702
vn -0.5833 -0.5075 0.6342
vn -0.7505 -0.6010 0.2746
vn -0.6944 -0.6395 0.3301
vn -0.8201 -0.5304 0.2147
vn -0.6552 -0.7152 0.2433
vn -0.7467 -0.6650 0.0130
vn -0.8228 -0.5413 0.1728
vn -0.8397 -0.5431 -0.0015
vn -0.8206 -0.5700 0.0400
vn -0.7867 -0.6046 0.1246
vn -0.8065 -0.5784 0.1223
vn -0.8206 -0.5038 0.2698
vn -0.8131 -0.5504 0.1898
vn -0.5685 -0.4243 0.7048
vn -0.5711 -0.3773 0.7291
vn -0.4931 -0.1215 0.8615
vn -0.2531 -0.1422 0.9569
vn -0.1372 -0.0157 0.9904
vn -0.0865 0.1358 0.9870
vn 0.0264 0.0748 0.9968
vn -0.0935 -0.0200 0.9954
vn -0.6223 -0.3033 0.7217
vn -0.0750 -0.0165 0.9970
vn -0.1430 -0.0672 0.9874
vn -0.3422 -0.3027 0.8895
vn -0.7725 -0.4914 0.4022
vn -0.1323 -0.2325 0.9635
vn -0.2020 -0.3604 0.9106
vn -0.3393 -0.4661 0.8171
vn -0.5112 -0.5331 0.6742
vn -0.2177 -0.2529 0.9427
vn -0.2170 -0.3961 0.8922
vn -0.2745 -0.4070 0.8712
vn -0.3619 -0.4040 0.8401
vn -0.3615 -0.2981 0.8835
vn -0.4051 -0.3670 0.8374
vn -0.4142 -0.2987 0.8598
vn -0.4021 -0.2851 0.8700
vn -0.4260 -0.2910 0.8567
vn -0.3101 -0.1919 0.9311
vn -0.2636 -0.0937 0.9601
vn -0.3066 -0.1067 0.9458
vn -0.1366 0.0689 0.9882
vn -0.1870 0.0785 0.9792
vn -0.0996 0.1086 0.9891
vn -0.1438 0.1203 0.9823
vn -0.0520 0.1611 0.9856
vn -0.1254 0.0760 0.9892
vn -0.1834 -0.0163 0.9829
vn -0.1702 0.0703 0.9829
vn 0.2134 -0.2063 0.9549
vn 0.2572 -0.4728 0.8428
vn -0.2963 -0.2811 0.9128
vn 0.0151 0.0181 0.9997
vn 0.9687 -0.2439 0.0454
vn -0.0634 -0.4922 0.8682
vn 0.1824 -0.4162 0.8908
vn -0.3155 -0.1048 0.9431
vn 0.2414 -0.3473 0.9062
vn -0.0321 0.3382 0.9405
vn -0.0216 0.2230 0.9746
vn -0.1024 0.1125 0.9884
vn 0.3068 0.6292 0.7142
vn 0.2901 0.6794 0.6740
vn 0.3063 0.7170 0.6262
vn -0.1326 -0.0369 0.9905
vn 0.3494 0.5789 0.7367
vn -0.1101 -0.0627 0.9919
vn 0.0232 -0.0204 0.9995
vn 0.4374 0.5987 0.6709
vn 0.5229 0.6374 0.5660
vn 0.1534 0.0396 0.9874
vn 0.6130 0.7688 0.1819
vn 0.6064 0.6290 0.4865
vn 0.5674 0.8114 0.1405
vn 0.5313 0.7144 0.4553
vn 0.5805 0.6434 0.4991
vn 0.6669 0.7094 0.2280
vn 0.3478 0.8616 0.3697
vn 0.5152 0.7224 0.4612
vn 0.5455 0.7516 0.3709
vn 0.5363 0.7287 0.4259
vn 0.2970 0.8799 0.3708
vn 0.4532 0.8526 0.2601
vn 0.5167 0.8389 0.1710
vn 0.4988 0.8168 0.2899
vn 0.3875 0.8514 0.3533
vn 0.4702 0.8262 0.3104
vn 0.4006 0.8582 0.3211
vn 0.5430 0.7508 0.3760
vn 0.5074 0.7866 0.3518
vn 0.5389 0.5162 0.6657
vn 0.6345 0.6581 0.4054
vn 0.5141 0.7945 0.3231
vn 0.6327 0.7742 0.0170
vn 0.6062 0.7941 0.0431
vn 0.9513 0.1788 0.2511
vn 0.5532 0.7853 -0.2782
vn 0.5859 0.7252 -0.3616
vn 0.9913 0.1312 0.0037
vn 0.4238 0.2480 0.8712
vn 0.9189 0.3202 -0.2306
vn -0.4062 -0.9137 0.0155
vn 0.9376 0.3478 0.0008
vn 0.1451 0.9587 -0.2448
vn 0.2284 0.8659 -0.4451
vn 0.9893 0.1283 -0.0692
vn 0.3178 0.8015 -0.5065
vn 0.2633 0.7528 -0.6032
vn 0.2303 0.9203 -0.3163
vn 0.4425 0.7642 -0.4693
vn 0.2862 0.7083 -0.6454
vn 0.4227 0.7065 -0.5676
vn 0.3866 0.7572 -0.5265
vn 0.3445 0.6784 -0.6489
vn 0.4194 0.6515 -0.6322
vn 0.4261 0.6058 -0.6719
vn 0.5457 0.7132 -0.4399
vn 0.4468 0.6374 -0.6277
vn 0.4915 0.6538 -0.5753
vn 0.4023 0.6329 -0.6615
vn 0.5204 0.6993 -0.4901
vn 0.5341 0.7018 -0.4714
vn 0.4932 0.7098 -0.5029
vn 0.5466 0.7212 -0.4256
vn 0.4583 0.7800 -0.4260
vn 0.3323 0.8664 -0.3727
vn 0.4281 0.8273 -0.3638
vn 0.2773 0.8800 -0.3856
vn 0.1940 0.8906 -0.4113
vn 0.2263 0.8707 -0.4366
vn 0.2966 0.8263 -0.4787
vn 0.2234 0.8146 -0.5352
vn 0.1391 0.8099 -0.5698
vn 0.9108 0.3803 -0.1609
vn 0.2196 0.6670 -0.7120
vn 0.1743 0.6841 -0.7083
vn 0.3475 0.6744 -0.6515
vn 0.2606 0.7375 -0.6231
vn 0.3281 0.7563 -0.5660
vn 0.3568 0.7027 -0.6156
vn 0.3519 0.6911 -0.6313
vn 0.2090 0.7251 -0.6562
vn 0.3549 0.6844 -0.6369
vn 0.3815 0.6950 -0.6094
vn 0.4029 0.7555 -0.5167
vn 0.3364 0.6722 -0.6595
vn 0.2835 0.7285 -0.6237
vn 0.3352 0.7251 -0.6015
vn 0.3062 0.8068 -0.5053
vn 0.2667 0.8129 -0.5178
vn 0.4057 0.7684 -0.4950
vn 0.3757 0.7046 -0.6020
vn 0.3573 0.8726 -0.3331
vn 0.2685 0.8991 -0.3456
vn 0.2494 0.8995 -0.3587
vn 0.4916 0.8134 -0.3110
vn 0.4541 0.7303 -0.5103
vn 0.4296 0.8451 -0.3183
vn 0.3108 0.7769 -0.5476
vn 0.3632 0.6790 -0.6380
vn 0.3860 0.8497 -0.3590
vn 0.6381 0.5659 0.5221
vn 0.6922 0.4607 0.5555
vn -0.0115 -0.4353 0.9002
vn 0.9576 0.2659 -0.1112
vn 0.8204 0.1214 0.5588
vn 0.3809 0.9108 -0.1595
vn 0.7833 0.1692 0.5982
vn 0.4120 0.8568 -0.3100
vn 0.2005 -0.9739 -0.1060
vn 0.4164 0.5150 -0.7493
vn 0.3419 -0.3094 -0.8873
vn 0.3280 -0.7544 -0.5686
vn 0.0571 -0.9571 -0.2841
vn 0.2343 -0.8367 -0.4949
vn -0.1078 -0.9910 0.0799
vn -0.0895 -0.9676 0.2361
vn -0.0954 -0.9425 0.3202
vn -0.1034 -0.9237 0.3690
vn -0.4440 -0.8404 0.3107
vn -0.4508 -0.8560 0.2531
vn -0.4651 -0.8665 0.1814
vn -0.4376 -0.8285 0.3496
vn -0.0846 -0.9050 0.4169
vn -0.3625 -0.8754 0.3199
vn -0.3578 -0.8592 0.3657
vn -0.3055 -0.8928 0.3309
vn -0.3007 -0.9165 0.2638
vn -0.3695 -0.8934 0.2554
vn -0.3708 -0.9140 0.1646
vn -0.2947 -0.9433 0.1525
vn -0.3119 -0.8926 0.3255
vn -0.2829 -0.9301 0.2343
vn -0.2717 -0.9571 0.1010
vn -0.3901 -0.8748 0.2874
vn -0.3494 -0.9238 0.1566
vn -0.2950 -0.9520 -0.0814
vn -0.2269 -0.9567 -0.1824
vn -0.2666 -0.9603 -0.0822
vn -0.1809 -0.8933 -0.4115
vn -0.1397 -0.8600 -0.4908
vn -0.2246 -0.9012 -0.3707
vn -0.1142 -0.7948 -0.5960
vn -0.2032 -0.9054 -0.3728
vn -0.3364 -0.9400 -0.0572
vn -0.2308 -0.8812 -0.4126
vn -0.4333 -0.9003 -0.0406
vn -0.0260 -0.7883 -0.6148
vn 0.1974 -0.5982 -0.7766
vn 0.1648 -0.6007 -0.7823
vn -0.0325 -0.8088 -0.5872
vn 0.1030 -0.5691 -0.8158
vn 0.4211 0.0605 -0.9050
vn 0.3932 0.2058 -0.8961
vn 0.0623 -0.5322 -0.8443
vn -0.0726 -0.8019 -0.5931
vn -0.0844 -0.7679 -0.6350
vn 0.3908 0.3053 -0.8684
vn 0.3488 0.8526 -0.3892
vn 0.3625 0.8984 -0.2478
vn 0.3964 0.7507 -0.5286
vn 0.2398 0.9561 -0.1683
vn 0.2819 0.9316 -0.2295
vn 0.2628 0.9605 -0.0911
vn 0.4641 0.8658 -0.1872
vn 0.3642 0.9313 0.0059
vn 0.3434 0.9216 -0.1807
vn 0.2383 0.9470 -0.2155
vn 0.3297 0.8715 -0.3629
vn 0.2244 0.9508 -0.2134
vn 0.2763 0.9366 -0.2156
vn 0.3702 0.8842 -0.2849
vn 0.3896 0.9005 -0.1934
vn 0.4238 0.6143 -0.6656
vn 0.3811 -0.1081 -0.9182
vn 0.3271 0.7808 -0.5322
vn 0.4429 0.7314 -0.5186
vn 0.4613 0.8243 -0.3282
vn 0.4777 0.8782 -0.0248
vn 0.5350 0.6956 -0.4796
vn 0.5959 0.7810 -0.1870
vn 0.4442 0.6310 -0.6360
vn 0.5032 0.6063 -0.6158
vn 0.6924 0.6555 -0.3016
vn 0.7005 0.7119 -0.0504
vn 0.5792 0.5967 -0.5554
vn 0.4929 0.5836 -0.6454
vn 0.4247 0.5734 -0.7006
vn 0.5426 0.5566 -0.6291
vn 0.6634 0.5056 -0.5516
vn 0.7569 0.5095 -0.4094
vn 0.8711 0.4031 -0.2806
vn 0.7791 0.6043 -0.1668
vn 0.8846 0.4523 -0.1138
vn 0.8002 0.4369 -0.4108
vn 0.7586 0.6459 -0.0859
vn 0.8128 0.5673 -0.1325
vn 0.6970 0.7046 -0.1332
vn 0.7817 0.5934 -0.1919
vn 0.8301 0.5431 -0.1264
vn 0.8797 0.4640 -0.1044
vn 0.9357 0.3373 -0.1036
vn 0.9370 0.3434 -0.0648
vn 0.8699 0.4869 -0.0791
vn 0.8874 0.4510 -0.0957
vn 0.9721 0.2148 -0.0947
vn 0.9550 0.2909 -0.0578
vn 0.9689 0.2192 -0.1151
vn 0.9882 0.1055 -0.1114
vn 0.9693 0.1983 -0.1450
vn 0.6928 0.6365 -0.3390
vn 0.7922 0.5523 -0.2598
vn 0.8615 0.4754 -0.1785
vn 0.0373 0.9194 -0.3915
vn 0.2822 0.8844 -0.3718
vn -0.4533 0.8466 -0.2788
vn -0.0822 0.8808 -0.4663
vn 0.5136 0.7684 -0.3819
vn 0.7057 0.6206 -0.3417
vn 0.3822 0.7576 -0.5291
vn 0.0703 0.7850 -0.6154
vn 0.8775 0.4478 -0.1717
vn 0.6250 0.6546 -0.4252
vn 0.8114 0.5222 -0.2625
vn 0.8862 0.4342 -0.1619
vn 0.5302 0.6567 -0.5363
vn 0.7933 0.4947 -0.3550
vn 0.9625 0.2218 -0.1560
vn 0.9452 0.1599 -0.2848
vn 0.8823 0.4291 -0.1935
vn 0.8931 0.2435 -0.3784
vn 0.8746 0.4672 -0.1292
vn 0.8286 0.4396 -0.3468
vn 0.7956 0.5320 -0.2898
vn 0.6998 0.5980 -0.3908
vn 0.6916 0.6299 -0.3534
vn 0.5403 0.8140 -0.2133
vn 0.5564 0.6901 -0.4628
vn 0.5678 0.8228 -0.0228
vn 0.4749 0.8731 0.1101
vn 0.6040 0.3535 -0.7143
vn 0.7204 0.3417 -0.6035
vn 0.3323 -0.0271 -0.9428
vn 0.5134 0.7309 -0.4497
vn 0.4173 0.2201 -0.8817
vn 0.0750 -0.5200 -0.8509
vn 0.1206 -0.5506 -0.8260
vn -0.0510 -0.7131 -0.6992
vn 0.0344 -0.7131 -0.7002
vn -0.0462 -0.7782 -0.6263
vn 0.3718 -0.3525 -0.8588
vn 0.0134 -0.7534 -0.6574
vn 0.3979 -0.3958 -0.8277
vn 0.0165 -0.7736 -0.6335
vn -0.1909 -0.8796 -0.4358
vn -0.1412 -0.8579 -0.4941
vn 0.0850 -0.8306 -0.5504
vn 0.2936 -0.6332 -0.7161
vn 0.4574 -0.7510 -0.4762
vn 0.2804 -0.9279 -0.2458
vn -0.1184 -0.9584 -0.2597
vn -0.0019 -0.9990 0.0436
vn 0.7172 -0.0688 -0.6935
vn 0.7150 -0.3548 -0.6023
vn 0.7754 -0.6152 -0.1423
vn 0.9523 -0.2122 -0.2194
vn 0.2916 -0.9190 -0.2652
vn 0.6789 -0.5233 -0.5151
vn 0.9319 -0.0771 -0.3543
vn 0.6682 0.1712 -0.7240
vn -0.0147 -0.8087 -0.5880
vn 0.4280 -0.3203 -0.8451
vn 0.4060 0.3889 -0.8270
vn 0.1810 -0.1474 -0.9724
vn 0.1370 0.7343 -0.6648
vn 0.0504 0.5299 -0.8465
vn -0.2412 -0.6706 -0.7015
vn -0.5316 -0.3917 -0.7510
vn -0.4971 0.2644 -0.8264
vn -0.1896 0.0922 -0.9775
vn -0.7486 -0.1055 -0.6545
vn -0.6822 -0.5970 -0.4221
vn -0.5538 -0.7889 -0.2663
vn -0.6697 -0.7313 -0.1291
vn -0.7059 -0.3930 -0.5893
vn -0.7125 -0.4789 -0.5128
vn -0.6613 -0.6528 -0.3696
vn -0.6793 -0.7331 -0.0350
vn -0.5087 -0.8605 -0.0288
vn -0.4953 -0.8624 -0.1044
vn -0.2612 -0.9632 0.0629
vn -0.1073 -0.9942 -0.0046
vn -0.3432 -0.9342 -0.0969
vn -0.0244 -0.9871 0.1584
vn -0.0832 -0.9954 0.0467
vn 0.3875 -0.9218 0.0132
vn -0.0921 -0.9957 0.0098
vn -0.1268 -0.9868 0.1003
vn -0.6230 -0.7804 0.0541
vn -0.2044 -0.9555 0.2125
vn -0.1508 -0.9565 0.2498
vn -0.7325 -0.6799 -0.0347
vn -0.8255 -0.5621 -0.0503
vn -0.5359 -0.8399 -0.0853
vn -0.6736 -0.7387 0.0242
vn -0.7939 -0.6028 0.0796
vn -0.8560 -0.5064 0.1042
vn -0.8854 -0.4633 0.0388
vn -0.8889 -0.4570 0.0302
vn -0.8997 -0.4352 0.0346
vn -0.6518 -0.7351 0.1866
vn -0.6349 -0.7461 0.2004
vn -0.9030 -0.4276 0.0415
vn -0.8863 -0.4546 0.0882
vn -0.6101 -0.7629 0.2136
vn -0.6361 -0.7379 0.2257
vn -0.4636 -0.8540 0.2361
vn -0.5015 -0.8386 0.2129
vn -0.6302 -0.7430 0.2254
vn -0.3511 -0.8718 0.3417
vn -0.4483 -0.8546 0.2621
vn -0.4023 -0.8827 0.2427
vn -0.4291 -0.8489 0.3086
vn -0.3012 -0.8745 0.3801
vn -0.2633 -0.8712 0.4144
vn -0.6098 -0.7718 0.1800
vn -0.2066 -0.8403 0.5012
vn -0.2188 -0.8668 0.4481
vn -0.2522 -0.8528 0.4574
vn -0.2297 -0.8846 0.4059
vn -0.3376 -0.9146 0.2225
vn -0.1102 -0.9866 -0.1200
vn -0.2110 -0.9419 0.2612
vn -0.0196 -0.9289 -0.3699
vn -0.1504 -0.9566 -0.2498
vn -0.5293 -0.8484 0.0114
vn -0.3173 -0.8252 -0.4673
vn -0.0334 -0.5391 -0.8416
vn -0.4251 -0.3664 -0.8277
vn -0.1553 0.0460 -0.9868
vn 0.2175 -0.0772 -0.9730
vn -0.6267 -0.1646 -0.7617
vn -0.5068 0.2173 -0.8342
vn -0.0956 0.3991 -0.9119
vn -0.2910 0.5574 -0.7775
vn -0.1468 0.7034 -0.6954
vn -0.3681 0.4821 -0.7950
vn -0.2170 0.6158 -0.7574
vn -0.0639 0.5967 -0.7999
vn 0.2550 0.3476 -0.9023
vn 0.2305 0.5412 -0.8087
vn 0.3053 0.5079 -0.8055
vn 0.3598 0.3852 -0.8498
vn 0.3060 -0.1164 -0.9449
vn 0.1195 -0.6499 -0.7506
vn 0.1601 -0.6747 -0.7205
vn 0.2723 -0.1836 -0.9445
vn 0.3200 0.3628 -0.8752
vn 0.2228 -0.4451 -0.8673
vn 0.3642 0.1926 -0.9112
vn -0.1604 -0.9158 -0.3681
vn 0.1319 -0.5692 -0.8116
vn 0.3644 0.2223 -0.9043
vn -0.2941 -0.8232 -0.4856
vn 0.0454 -0.4272 -0.9030
vn 0.2748 -0.1045 -0.9558
vn -0.6208 -0.7839 0.0149
vn -0.4038 -0.7561 -0.5150
vn -0.5303 -0.8273 0.1853
vn -0.6271 -0.7020 0.3375
vn -0.5180 -0.7478 0.4153
vn -0.3799 -0.9082 0.1758
vn -0.3983 -0.8452 0.3563
vn -0.3824 -0.8318 0.4022
vn -0.5420 -0.7519 0.3755
vn -0.3563 -0.8208 0.4465
vn -0.5303 -0.7290 0.4329
vn -0.6293 -0.6441 0.4350
vn -0.6272 -0.6650 0.4055
vn -0.6828 -0.6019 0.4142
vn -0.6895 -0.5965 0.4108
vn -0.7013 -0.6450 0.3036
vn -0.6553 -0.6252 0.4239
vn -0.7091 -0.6588 0.2512
vn -0.6824 -0.6265 0.3767
vn -0.5755 -0.7054 0.4138
vn -0.6581 -0.7083 0.2553
vn -0.6389 -0.6522 0.4080
vn -0.6409 -0.6229 0.4485
vn -0.6806 -0.5878 0.4374
vn -0.6397 -0.6516 0.4076
vn -0.4978 -0.7539 0.4288
vn -0.1744 -0.9110 0.3738
vn -0.2568 -0.8987 0.3555
vn -0.5346 -0.7581 0.3736
vn -0.4954 -0.8066 0.3223
vn -0.4128 -0.8170 0.4026
vn -0.3064 -0.8727 0.3801
vn -0.0038 -0.9629 0.2697
vn -0.0164 -0.9303 0.3663
vn -0.1561 -0.9326 0.3255
vn -0.3532 -0.8428 0.4062
vn -0.3101 -0.9379 0.1556
vn -0.0189 -0.9998 -0.0034
vn 0.0712 -0.9408 0.3314
vn 0.1265 -0.9900 0.0626
vn -0.5004 -0.8323 0.2384
vn -0.5468 -0.7770 0.3118
vn -0.6956 -0.7137 0.0816
vn -0.6413 -0.7651 0.0579
vn -0.4744 -0.8367 -0.2736
vn -0.3527 -0.7290 -0.5866
vn -0.6098 -0.7720 -0.1791
vn -0.0431 -0.4962 -0.8671
vn -0.6987 -0.7115 0.0748
vn 0.1430 -0.3850 -0.9118
vn -0.0003 -0.5019 -0.8649
vn 0.3959 -0.1098 -0.9117
vn 0.4917 0.2619 -0.8305
vn 0.6390 0.3527 -0.6836
vn 0.4170 -0.0145 -0.9088
vn 0.5982 0.5468 -0.5858
vn 0.4329 0.8114 -0.3926
vn 0.5982 0.7141 -0.3637
vn 0.6908 0.6287 -0.3571
vn 0.6726 0.6848 -0.2804
vn 0.5752 0.7394 -0.3499
vn 0.3956 0.8205 -0.4127
vn 0.7507 0.5955 -0.2861
vn 0.6976 0.5257 -0.4869
vn 0.6402 0.4141 -0.6470
vn 0.6847 0.5853 -0.4343
vn 0.6522 0.5576 -0.5135
vn 0.7410 0.5516 -0.3830
vn 0.7741 0.5101 -0.3749
vn 0.7586 0.4855 -0.4346
vn 0.6981 0.5603 -0.4457
vn 0.7262 0.5374 -0.4288
vn 0.7414 0.5164 -0.4286
vn 0.7598 0.4917 -0.4253
vn 0.6801 0.5565 -0.4773
vn 0.6734 0.5432 -0.5015
vn 0.7117 0.5502 -0.4368
vn 0.7320 0.4599 -0.5026
vn 0.6444 0.6166 -0.4523
vn 0.7449 0.5255 -0.4112
vn 0.8480 0.3310 -0.4140
vn 0.8380 0.3412 -0.4259
vn 0.8484 0.3299 -0.4140
vn 0.8948 0.2267 -0.3847
vn 0.6682 0.6249 -0.4038
vn 0.8968 0.2253 -0.3807
vn 0.7665 0.5201 -0.3768
vn 0.6907 0.5886 -0.4202
vn 0.2437 0.9308 -0.2726
vn 0.8846 0.2161 -0.4132
vn 0.6530 0.5859 -0.4798
vn 0.5085 0.7898 -0.3430
vn 0.3000 0.9349 -0.1897
vn 0.4871 0.7637 -0.4236
vn 0.3160 0.8491 -0.4233
vn 0.1097 0.9744 -0.1965
vn 0.1037 0.9926 -0.0633
vn 0.2174 0.9414 -0.2580
vn 0.1435 0.9359 -0.3218
vn 0.1290 0.9857 -0.1085
vn 0.0724 0.9836 -0.1654
vn 0.1082 0.8802 -0.4620
vn 0.0690 0.9416 -0.3296
vn 0.2317 0.9203 -0.3152
vn 0.2670 0.9391 -0.2165
vn 0.4752 0.7729 -0.4204
vn 0.5567 0.7595 -0.3366
vn 0.2553 0.9240 -0.2847
vn 0.5302 0.7573 -0.3814
vn 0.2731 0.8726 -0.4050
vn 0.2695 0.8928 -0.3610
vn 0.3337 0.8555 -0.3960
vn 0.7451 0.5132 -0.4259
vn 0.6385 0.6416 -0.4250
vn 0.3193 0.9212 -0.2223
vn 0.4320 0.8458 -0.3130
vn 0.3068 0.8965 -0.3198
vn 0.4236 0.7900 -0.4433
vn 0.5696 0.6707 -0.4751
vn 0.5437 0.6287 -0.5560
vn 0.6169 0.5232 -0.5880
vn 0.7132 0.4894 -0.5018
vn 0.8423 0.3569 -0.4038
vn 0.7931 0.3807 -0.4755
vn 0.6687 0.4170 -0.6156
vn 0.7599 0.4354 -0.4826
vn 0.7471 0.5172 -0.4176
vn 0.7072 0.2797 -0.6493
vn 0.7051 0.5419 -0.4573
vn 0.7734 0.3322 -0.5400
vn 0.7134 0.2321 -0.6612
vn 0.7087 0.4431 -0.5491
vn 0.7975 0.2460 -0.5509
vn 0.5839 0.6319 -0.5096
vn 0.7627 0.3399 -0.5502
vn 0.7895 0.1725 -0.5890
vn 0.6957 0.4284 -0.5766
vn 0.7018 0.3536 -0.6184
vn 0.7315 0.2852 -0.6194
vn 0.6419 0.5001 -0.5812
vn 0.5572 0.5334 -0.6364
vn 0.6508 0.5471 -0.5265
vn 0.6672 0.5748 -0.4738
vn 0.5761 0.6102 -0.5438
vn 0.4544 0.4632 -0.7609
vn 0.3511 0.6852 -0.6381
vn 0.0616 0.8165 -0.5741
vn 0.3030 0.5387 -0.7861
vn -0.0622 0.3574 -0.9319
vn -0.4022 0.2064 -0.8920
vn -0.0320 0.8475 -0.5299
vn -0.5689 0.2323 -0.7890
vn -0.7295 -0.5928 -0.3413
vn -0.5568 -0.6002 -0.5742
vn -0.6406 -0.7481 -0.1734
vn -0.6416 -0.5257 -0.5586
vn -0.4853 -0.8529 -0.1925
vn -0.6115 -0.7802 0.1315
vn -0.4850 -0.8741 0.0268
vn -0.5730 -0.8173 -0.0610
vn -0.4996 -0.8343 0.2330
vn -0.4870 -0.8168 0.3092
vn -0.5862 -0.7551 0.2936
vn -0.5532 -0.6884 0.4690
vn -0.5122 -0.7571 0.4056
vn -0.6057 -0.6845 0.4056
vn -0.4404 -0.8105 0.3863
vn -0.2789 -0.8862 0.3699
vn -0.4672 -0.8209 0.3284
vn -0.5846 -0.7397 0.3334
vn -0.6562 -0.6697 0.3476
vn -0.6421 -0.5619 0.5215
vn -0.6363 -0.6155 0.4650
vn -0.5929 -0.7264 0.3475
vn -0.7160 -0.4830 0.5040
vn -0.6895 -0.5853 0.4267
vn -0.4841 -0.6826 0.5474
vn -0.6390 -0.4461 0.6266
vn -0.4399 -0.6187 0.6509
vn -0.6042 -0.5174 0.6060
vn -0.5933 -0.5159 0.6179
vn -0.5226 -0.5303 0.6676
vn -0.5994 -0.5990 0.5310
vn -0.5458 -0.5763 0.6083
vn -0.4189 -0.6348 0.6492
vn -0.4338 -0.6179 0.6557
vn -0.6081 -0.6155 0.5014
vn -0.4568 -0.6108 0.6468
vn -0.4048 -0.6600 0.6329
vn -0.4954 -0.6565 0.5688
vn -0.4579 -0.6889 0.5620
vn -0.4246 -0.8797 0.2143
vn -0.3971 -0.8752 0.2763
vn -0.3303 -0.9134 0.2380
vn -0.2478 -0.9635 0.1013
vn -0.2506 -0.9670 -0.0459
vn -0.0759 -0.9965 -0.0335
vn -0.0425 -0.9918 0.1206
vn -0.2920 -0.8877 0.3561
vn -0.4951 -0.8153 0.3003
vn -0.7036 -0.5037 0.5013
vn -0.5544 -0.8137 0.1745
vn -0.7588 -0.4974 0.4206
vn -0.5403 -0.6018 0.5881
vn -0.7408 -0.3583 0.5683
vn -0.5853 -0.4695 0.6610
vn -0.5816 -0.4863 0.6522
vn -0.4140 -0.7614 0.4988
vn -0.4533 -0.6613 0.5977
vn -0.6206 -0.6100 0.4926
vn -0.5902 -0.5060 0.6290
vn -0.7189 -0.3924 0.5738
vn -0.6583 -0.4897 0.5717
vn -0.4005 -0.8376 0.3714
vn -0.5981 -0.5836 0.5492
vn -0.4950 -0.7022 0.5118
vn -0.5061 -0.7470 0.4311
vn -0.4396 -0.8112 0.3857
vn -0.3845 -0.8168 0.4302
vn -0.3725 -0.8496 0.3734
vn -0.4173 -0.8412 0.3438
vn -0.3506 -0.8630 0.3636
vn -0.3992 -0.7948 0.4570
vn -0.4383 -0.8092 0.3913
vn -0.3550 -0.8058 0.4739
vn -0.3896 -0.7996 0.4570
vn -0.4996 -0.6782 0.5389
vn -0.3422 -0.8207 0.4576
vn -0.3529 -0.8122 0.4645
vn -0.4977 -0.5459 0.6740
vn -0.3306 -0.8103 0.4839
vn -0.4258 -0.6964 0.5776
vn -0.4214 -0.6994 0.5773
vn -0.3938 -0.7157 0.5768
vn -0.3436 -0.8122 0.4715
vn -0.3691 -0.7342 0.5698
vn -0.4695 -0.6209 0.6277
vn -0.4068 -0.6607 0.6308
vn -0.5268 -0.5473 0.6504
vn -0.4599 -0.5981 0.6564
vn -0.4473 -0.5976 0.6654
vn -0.4409 -0.5898 0.6765
vn -0.4654 -0.5493 0.6941
vn -0.4669 -0.5448 0.6966
vn -0.5069 -0.5612 0.6542
vn -0.4559 -0.6952 0.5557
vn -0.5175 -0.6622 0.5419
vn -0.5337 -0.5428 0.6485
vn -0.5352 -0.5685 0.6249
vn -0.5104 -0.6956 0.5055
vn -0.4611 -0.8021 0.3794
vn -0.4098 -0.8289 0.3808
vn -0.4794 -0.7781 0.4060
vn -0.4202 -0.7191 0.5534
vn -0.6142 -0.6560 0.4387
vn -0.5572 -0.6440 0.5242
vn -0.5257 -0.8097 0.2607
vn -0.6464 -0.6160 0.4503
vn -0.6771 -0.5154 0.5253
vn -0.5698 -0.7691 0.2894
vn -0.6678 -0.7095 0.2252
vn -0.4970 -0.7546 0.4285
vn -0.6929 -0.5022 0.5174
vn -0.5539 -0.5262 0.6452
vn -0.5009 -0.4805 0.7198
vn -0.4693 -0.5377 0.7005
vn -0.5535 -0.4222 0.7179
vn -0.6344 -0.4253 0.6454
vn -0.8214 -0.4708 0.3220
vn -0.8080 -0.5835 0.0816
vn -0.9319 -0.3627 -0.0061
vn -0.9192 -0.3805 -0.1019
vn -0.7017 -0.4514 0.5512
vn -0.8173 0.0099 -0.5761
vn -0.6718 0.3073 -0.6740
vn -0.8122 0.1099 -0.5729
vn -0.9412 -0.2927 0.1688
vn -0.9670 0.0759 -0.2433
vn -0.8056 -0.3958 0.4408
vn -0.9544 -0.2513 0.1611
vn -0.6983 -0.5851 0.4123
vn -0.8324 -0.5533 0.0306
vn -0.8149 -0.0476 -0.5776
vn -0.6641 -0.2660 -0.6987
vn -0.3347 0.0676 -0.9399
vn -0.0080 0.4052 -0.9142
vn 0.3846 0.3403 -0.8581
vn 0.5787 0.4036 -0.7086
vn -0.1282 0.5189 -0.8452
vn -0.2905 -0.2350 -0.9276
vn -0.1399 -0.1808 -0.9735
vn -0.3919 -0.4643 -0.7942
vn -0.0283 0.0657 -0.9974
vn 0.1418 0.1155 -0.9831
vn 0.4414 0.1206 -0.8892
vn 0.3996 0.0747 -0.9136
vn 0.0205 -0.1505 -0.9884
vn 0.2505 0.1742 -0.9523
vn 0.3174 0.5908 -0.7418
vn 0.1232 0.1917 -0.9737
vn 0.1861 0.6134 -0.7675
vn 0.4783 0.4466 -0.7562
vn 0.5661 0.4130 -0.7134
vn 0.4849 0.0811 -0.8708
vn 0.4064 0.0650 -0.9114
vn 0.4678 0.0495 -0.8825
vn 0.5008 0.4224 -0.7555
vn 0.4807 0.2695 -0.8345
vn 0.4244 0.0740 -0.9024
vn 0.5747 0.2915 -0.7647
vn 0.5145 0.4092 -0.7536
vn 0.3809 0.1570 -0.9112
vn 0.4177 0.3710 -0.8294
vn 0.4256 0.4562 -0.7815
vn 0.5603 0.4309 -0.7074
vn 0.5560 0.4558 -0.6951
vn 0.5573 0.3210 -0.7658
vn 0.5142 0.1518 -0.8442
vn 0.3872 0.1510 -0.9095
vn 0.5798 0.3507 -0.7354
vn 0.5836 0.3577 -0.7291
vn 0.5262 0.1668 -0.8338
vn 0.5497 0.3078 -0.7766
vn 0.4525 0.5397 -0.7099
vn 0.5539 0.7924 -0.2555
vn 0.6006 0.7731 -0.2040
vn 0.5204 0.8184 -0.2439
vn 0.5042 0.4282 -0.7499
vn 0.3211 0.8998 0.2954
vn 0.4190 0.8452 0.3318
vn 0.4034 0.8898 0.2134
vn 0.4498 0.8434 -0.2938
vn 0.4345 0.4441 -0.7835
vn 0.2444 0.9103 0.3340
vn 0.1294 0.7638 0.6324
vn 0.2403 0.7374 0.6313
vn 0.0299 0.9706 0.2387
vn -0.0057 0.7604 0.6494
vn -0.2417 0.8185 0.5212
vn -0.0268 0.9907 0.1334
vn 0.2675 0.8824 -0.3870
vn 0.2847 0.9421 0.1769
vn -0.3000 0.7972 0.5238
vn -0.0720 0.7192 0.6910
vn 0.2621 0.8852 -0.3845
vn 0.2536 0.5430 -0.8005
vn 0.3213 0.5324 -0.7832
vn 0.4993 0.8266 -0.2595
vn 0.5836 0.4562 -0.6718
vn 0.3440 0.1166 -0.9317
vn 0.2079 0.1812 -0.9612
vn 0.3128 0.2532 -0.9154
vn 0.3194 0.1618 -0.9337
vn 0.2360 0.0137 -0.9717
vn 0.2915 -0.1039 -0.9509
vn 0.3442 0.1402 -0.9284
vn 0.3870 0.2448 -0.8890
vn 0.4654 0.2693 -0.8431
vn 0.4233 0.1925 -0.8853
vn 0.4391 0.3905 -0.8091
vn 0.4261 0.3917 -0.8155
vn 0.5053 0.3763 -0.7766
vn 0.5794 0.4380 -0.6873
vn 0.6396 0.4471 -0.6253
vn 0.4863 0.4586 -0.7438
vn 0.5940 0.4518 -0.6656
vn 0.6392 0.4848 -0.5970
vn 0.5498 0.4878 -0.6781
vn 0.5296 0.5141 -0.6746
vn 0.6315 0.5318 -0.5642
vn 0.6236 0.5120 -0.5907
vn 0.4640 0.5238 -0.7144
vn 0.4405 0.5161 -0.7346
vn 0.4538 0.6139 -0.6459
vn 0.6119 0.5895 -0.5273
vn 0.4895 0.6186 -0.6146
vn 0.4670 0.5888 -0.6597
vn 0.5039 0.5411 -0.6733
vn 0.3982 0.7468 -0.5326
vn 0.3883 0.7696 -0.5069
vn 0.3317 0.7793 -0.5317
vn 0.4441 0.5567 -0.7021
vn 0.4426 0.5345 -0.7200
vn 0.2991 0.7753 -0.5563
vn 0.1659 0.7290 -0.6641
vn -0.0360 0.4945 -0.8685
vn -0.0505 0.4630 -0.8849
vn -0.8737 -0.4604 0.1570
vn -0.6558 0.6492 -0.3854
vn -0.9749 -0.2098 -0.0746
vn -0.6376 0.6430 -0.4242
vn 0.0442 0.8844 -0.4646
vn -0.0305 0.9815 -0.1892
vn -0.8813 0.3561 -0.3106
vn -0.9467 -0.2289 -0.2268
vn -0.8065 -0.5874 0.0670
vn -0.6209 -0.6662 0.4131
vn -0.7041 -0.5930 0.3906
vn -0.5409 -0.7506 0.3796
vn -0.8398 -0.5422 0.0290
vn -0.9760 -0.2074 -0.0666
vn -0.7227 -0.6172 0.3110
vn -0.6624 -0.5952 0.4549
vn -0.6144 -0.6851 0.3913
vn -0.7041 -0.6660 0.2464
vn -0.4158 -0.8693 0.2673
vn -0.5641 -0.8134 0.1420
vn -0.8481 -0.5157 0.1218
vn -0.7057 -0.6977 0.1228
vn -0.9256 -0.3543 0.1333
vn -0.7701 -0.6176 0.1597
vn -0.3660 -0.9222 0.1247
vn -0.5182 -0.8521 0.0728
vn -0.9297 -0.2130 0.3004
vn -0.7861 -0.5514 0.2792
vn -0.5101 -0.8597 0.0258
vn -0.9808 -0.0082 0.1947
vn -0.9385 0.1665 0.3024
vn -0.9268 -0.1354 0.3502
vn -0.8581 -0.4691 0.2087
vn -0.9466 0.3167 0.0607
vn -0.9958 -0.0347 0.0851
vn -0.9289 -0.3678 -0.0429
vn -0.5642 -0.8091 -0.1641
vn -0.4833 -0.8754 0.0124
vn -0.0704 -0.8162 -0.5735
vn -0.1288 -0.6553 -0.7443
vn -0.0705 -0.8823 -0.4654
vn -0.3401 -0.8199 -0.4606
vn 0.2568 -0.4953 -0.8299
vn 0.3716 -0.4538 -0.8099
vn 0.0411 -0.3458 -0.9374
vn -0.5846 -0.6049 -0.5407
vn -0.5383 -0.8424 -0.0240
vn -0.4823 -0.8405 0.2469
vn -0.7019 -0.7093 0.0649
vn -0.5801 -0.7248 0.3717
vn -0.1398 -0.9813 0.1324
vn -0.0654 -0.9976 -0.0235
vn -0.2459 -0.9578 0.1490
vn -0.0754 -0.9915 0.1062
vn -0.4920 -0.7481 0.4453
vn -0.6756 -0.4892 0.5515
vn -0.0965 -0.9846 0.1461
vn -0.6301 -0.4964 0.5971
vn -0.1501 -0.9557 0.2531
vn -0.0918 -0.9843 0.1508
vn -0.1868 -0.9596 0.2104
vn -0.5602 -0.7411 0.3702
vn -0.5542 -0.6931 0.4609
vn -0.4462 -0.7594 0.4735
vn -0.3927 -0.8472 0.3577
vn -0.4511 -0.8131 0.3679
vn -0.6319 -0.6606 0.4054
vn -0.6973 -0.7113 0.0889
vn -0.7625 -0.6089 0.2186
vn -0.7081 -0.6137 0.3493
vn -0.8544 -0.4721 -0.2169
vn -0.7129 -0.6013 -0.3608
vn -0.4005 0.0977 -0.9111
vn -0.2712 0.0190 -0.9623
vn -0.1174 -0.1452 -0.9824
vn 0.4249 0.2547 -0.8687
vn 0.5067 0.1590 -0.8473
vn 0.4657 0.0127 -0.8849
vn 0.6554 0.2304 -0.7193
vn 0.7383 0.2340 -0.6326
vn 0.7943 0.2170 -0.5674
vn 0.5384 0.5362 -0.6502
vn 0.7009 0.5317 -0.4753
vn 0.6231 0.5431 -0.5629
vn 0.7119 0.4759 -0.5165
vn 0.3282 0.9309 -0.1602
vn 0.3646 0.9053 -0.2180
vn 0.1458 0.9844 -0.0982
vn 0.1043 0.9920 0.0710
vn -0.0140 0.9953 -0.0957
vn 0.4560 0.8483 -0.2691
vn 0.1905 0.9779 -0.0858
vn 0.1601 0.9864 0.0361
vn 0.1887 0.9677 -0.1674
vn 0.2464 0.9641 -0.0987
vn 0.2193 0.9224 -0.3180
vn 0.3477 0.9271 -0.1399
vn 0.1860 0.9563 -0.2256
vn 0.0490 0.9988 -0.0056
vn 0.2690 0.9577 -0.1025
vn -0.4624 0.8658 -0.1911
vn -0.4400 0.8646 -0.2427
vn -0.9031 0.3548 -0.2418
vn 0.1402 0.9348 -0.3264
vn -0.5328 0.8438 -0.0645
vn -0.8866 0.4596 0.0531
vn -0.8434 0.5174 0.1447
vn -0.5696 0.8217 -0.0171
vn -0.8321 0.5543 0.0189
vn -0.0139 0.9358 -0.3523
vn 0.0175 0.8967 -0.4422
vn -0.5889 0.7922 -0.1601
vn -0.5882 0.6779 -0.4410
vn 0.0096 0.7979 -0.6027
vn -0.1134 0.6251 -0.7723
vn -0.2458 0.3659 -0.8976
vn -0.9126 0.2309 -0.3373
vn -0.7886 0.4276 -0.4418
vn -0.3628 0.1899 -0.9123
vn 0.2748 0.4430 -0.8534
vn 0.3390 0.2080 -0.9175
vn 0.2871 0.0765 -0.9548
vn 0.4328 0.4332 -0.7906
vn 0.5491 0.1927 -0.8132
vn 0.5123 0.0674 -0.8562
vn 0.5711 0.1910 -0.7983
vn 0.4995 0.0251 -0.8660
vn 0.4211 0.4690 -0.7763
vn 0.4463 0.4959 -0.7449
vn 0.5851 0.1936 -0.7875
vn 0.2682 0.9203 -0.2846
vn 0.3195 -0.3063 -0.8967
vn 0.0476 -0.1413 -0.9888
vn -0.2523 -0.4261 -0.8688
vn -0.5794 -0.0467 -0.8137
vn -0.6597 -0.6485 -0.3797
vn -0.6930 -0.3358 -0.6380
vn -0.9155 -0.2278 -0.3315
vn -0.9499 -0.0099 -0.3123
vn 0.2022 0.8630 -0.4630
vn 0.1519 0.8981 -0.4128
vn 0.3429 0.8833 -0.3196
vn 0.4194 0.8418 -0.3398
vn 0.4089 0.8847 -0.2238
vn 0.5027 0.7792 -0.3743
vn 0.4731 0.8569 -0.2047
vn 0.5733 0.7397 -0.3523
vn 0.5684 0.6868 -0.4529
vn 0.5952 0.6607 -0.4573
vn 0.4614 0.7711 -0.4387
vn 0.3794 0.8724 -0.3081
vn 0.2578 0.9549 -0.1470
vn 0.3089 0.9486 -0.0695
vn 0.1464 0.9497 -0.2769
vn 0.2325 0.8951 -0.3804
vn 0.3529 0.8222 -0.4466
vn 0.1173 0.9176 -0.3798
vn 0.0360 0.9499 -0.3105
vn 0.0293 0.9807 -0.1932
vn -0.1391 0.9748 -0.1742
vn -0.0885 0.9783 -0.1872
vn -0.2206 0.9714 -0.0882
vn 0.0314 0.9445 -0.3269
vn 0.0052 0.9528 -0.3035
vn -0.0806 0.9408 -0.3293
vn 0.3063 0.6796 -0.6666
vn 0.3401 0.6363 -0.6924
vn 0.0514 0.9235 -0.3802
vn 0.5133 0.5664 -0.6447
vn 0.4835 0.2026 -0.8516
vn 0.6009 0.1206 -0.7902
vn 0.7956 0.1252 -0.5927
vn 0.7274 0.0722 -0.6824
vn 0.3192 0.9146 -0.2482
vn 0.6704 0.4978 -0.5502
vn 0.7482 0.0093 -0.6634
vn 0.7290 -0.0200 -0.6842
vn 0.6639 0.3405 -0.6658
vn 0.7625 0.2548 -0.5948
vn 0.6633 0.2873 -0.6910
vn 0.6968 0.2483 -0.6729
vn 0.6136 0.4376 -0.6573
vn 0.5671 0.4536 -0.6875
vn 0.5720 0.3914 -0.7208
vn 0.5217 0.5051 -0.6875
vn 0.6102 0.4234 -0.6696
vn 0.5914 0.4379 -0.6771
vn 0.5589 0.5266 -0.6405
vn 0.5753 0.4174 -0.7034
vn 0.5844 0.4561 -0.6712
vn 0.5936 0.2659 -0.7596
vn 0.6006 0.4129 -0.6846
vn 0.6285 0.2291 -0.7433
vn 0.5193 0.4160 -0.7465
vn 0.5637 0.1917 -0.8034
vn 0.5750 0.2088 -0.7911
vn 0.5922 0.1134 -0.7978
vn 0.4952 0.4726 -0.7290
vn 0.4764 0.6366 -0.6064
vn 0.4211 0.7228 -0.5479
vn 0.4393 0.6695 -0.5989
vn 0.4491 0.7172 -0.5327
vn 0.5297 0.4805 -0.6990
vn 0.6460 0.1434 -0.7497
vn 0.5931 0.4550 -0.6643
vn 0.5632 0.3493 -0.7489
vn 0.4510 0.6546 -0.6068
vn 0.3620 0.5849 -0.7259
vn 0.4122 0.5169 -0.7503
vn 0.3480 0.7349 -0.5821
vn 0.2944 0.8716 -0.3919
vn 0.0660 0.9627 -0.2623
vn 0.1743 0.8336 -0.5242
vn 0.1330 0.9877 -0.0826
vn 0.2717 0.9131 -0.3040
vn 0.0939 0.9940 -0.0564
vn 0.2323 0.9401 -0.2496
vn 0.1066 0.9839 -0.1435
vn 0.1606 0.9667 -0.1994
vn 0.5294 0.6267 -0.5718
vn 0.2001 0.9699 -0.1387
vn 0.1829 0.9720 -0.1476
vn 0.7337 0.4604 -0.4997
vn 0.4092 0.9026 -0.1334
vn 0.1990 0.9787 0.0514
vn 0.3766 0.8845 -0.2755
vn 0.3258 0.8454 -0.4233
vn 0.3838 0.8482 -0.3649
vn 0.3817 0.8278 -0.4111
vn 0.3752 0.7838 -0.4948
vn 0.2722 0.9004 -0.3394
vn 0.3539 0.7802 -0.5158
vn 0.4035 0.7113 -0.5756
vn 0.4205 0.7355 -0.5312
vn 0.3967 0.7392 -0.5442
vn 0.3788 0.6610 -0.6478
vn 0.4034 0.7065 -0.5815
vn 0.4209 0.7154 -0.5578
vn 0.3524 0.8346 -0.4234
vn 0.4061 0.7965 -0.4479
vn 0.3710 0.7513 -0.5458
vn 0.4157 0.6976 -0.5835
vn 0.4181 0.6893 -0.5916
vn 0.4009 0.6589 -0.6364
vn 0.2857 0.7656 -0.5764
vn 0.3401 0.6600 -0.6698
vn 0.4028 0.6103 -0.6822
vn 0.4419 0.6592 -0.6085
vn 0.3035 0.6562 -0.6909
vn 0.2658 0.7665 -0.5847
vn 0.3205 0.5826 -0.7469
vn 0.4478 0.5715 -0.6877
vn 0.4417 0.5985 -0.6683
vn 0.4052 0.5395 -0.7380
vn 0.4523 0.4452 -0.7728
vn 0.4252 0.4276 -0.7978
vn 0.4246 0.4412 -0.7906
vn 0.3382 0.2303 -0.9125
vn 0.4243 0.2536 -0.8693
vn 0.3259 0.1116 -0.9388
vn 0.3707 0.1029 -0.9231
vn 0.3746 0.1992 -0.9055
vn 0.3703 0.0224 -0.9287
vn 0.4518 0.2438 -0.8582
vn 0.4411 0.3224 -0.8376
vn 0.5817 0.6217 -0.5245
vn 0.6223 0.4862 -0.6135
vn 0.4783 0.1737 -0.8608
vn 0.5900 0.8072 -0.0166
vn 0.6054 0.7810 -0.1534
vn 0.4670 0.7117 0.5248
vn 0.5230 0.7858 0.3302
vn 0.2231 0.4349 0.8724
vn 0.4215 0.7432 0.5196
vn 0.2169 0.5008 0.8379
vn -0.0575 0.0873 0.9945
vn -0.0910 0.0477 0.9947
vn -0.2369 -0.2313 0.9436
vn -0.2463 -0.1000 0.9640
vn -0.0923 0.1540 0.9838
vn -0.1254 0.1462 0.9813
vn -0.2589 -0.1184 0.9586
vn -0.3138 -0.1528 0.9371
vn -0.3909 -0.3854 0.8358
vn -0.4339 -0.4275 0.7931
vn -0.3366 -0.2742 0.9008
vn -0.4845 -0.7164 0.5020
vn -0.5233 -0.7237 0.4500
vn -0.3896 -0.5972 0.7012
vn -0.3304 -0.4393 0.8353
vn -0.3022 -0.2573 0.9179
vn -0.4224 -0.3567 0.8332
vn -0.3725 -0.2351 0.8978
vn -0.4061 -0.1479 0.9018
vn -0.3293 -0.8356 0.4397
vn -0.4161 -0.8173 0.3986
vn -0.4628 -0.7399 0.4883
vn -0.7235 -0.5216 0.4521
vn -0.6202 -0.2467 0.7447
vn -0.6585 -0.3141 0.6839
vn -0.5429 -0.1012 0.8337
vn -0.5239 -0.0481 0.8504
vn -0.7782 -0.4968 0.3841
vn -0.6059 -0.7644 0.2204
vn -0.3927 -0.8968 0.2039
vn -0.7097 -0.6183 0.3376
vn -0.6233 -0.5811 0.5233
vn -0.6237 -0.6630 0.4141
vn -0.5434 -0.7091 0.4493
vn -0.5299 -0.5477 0.6475
vn -0.4882 -0.6475 0.5851
vn -0.5452 -0.5972 0.5883
vn -0.3812 -0.1409 0.9137
vn -0.3832 -0.1964 0.9026
vn -0.5074 -0.6557 0.5591
vn -0.5197 -0.7787 0.3515
vn -0.1774 0.2021 0.9632
vn -0.3804 -0.1827 0.9066
vn -0.4086 -0.1812 0.8945
vn -0.1244 0.2436 0.9619
vn -0.1962 0.2193 0.9557
vn -0.5653 -0.6070 0.5586
vn -0.5545 -0.2017 0.8074
vn -0.5167 -0.0361 0.8554
vn -0.5989 -0.5746 0.5579
vn -0.3603 0.2649 0.8944
vn -0.3574 0.3599 0.8618
vn -0.0977 0.6688 0.7370
vn -0.0787 0.7027 0.7071
vn 0.0629 0.5482 0.8340
vn 0.2585 0.7812 0.5682
vn 0.1586 0.8937 0.4198
vn 0.1576 0.8899 0.4280
vn 0.3293 0.9384 0.1050
vn 0.3128 0.9336 0.1748
vn 0.4844 0.8190 -0.3075
vn 0.4454 0.8328 -0.3288
vn 0.5339 0.7971 -0.2822
vn 0.4156 0.8934 0.1705
vn 0.4400 0.8410 -0.3149
vn 0.3297 0.9392 0.0959
vn 0.2915 0.8261 0.4823
vn 0.2714 0.8476 0.4560
vn 0.2587 0.9121 -0.3179
vn 0.2634 0.9642 0.0294
vn -0.0095 0.6819 0.7314
vn 0.0546 0.6337 0.7716
vn -0.0953 0.7043 0.7035
vn 0.1784 0.9004 0.3967
vn 0.0632 0.9306 0.3604
vn 0.2003 0.9773 -0.0691
vn -0.2341 0.9337 0.2711
vn -0.2857 0.7149 0.6382
vn -0.4565 0.3227 0.8291
vn -0.2834 0.3408 0.8964
vn -0.6106 0.6102 0.5048
vn -0.6623 0.7413 0.1089
vn -0.9496 0.2097 0.2330
vn -0.7628 0.2619 0.5912
vn -0.8954 -0.2245 0.3846
vn -0.7981 -0.0199 0.6022
vn -0.9647 0.1499 -0.2166
vn -0.6486 0.7141 -0.2632
vn -0.9236 -0.3810 0.0421
vn -0.6809 -0.4057 0.6097
vn -0.5760 -0.0578 0.8154
vn -0.7294 -0.6237 0.2811
vn -0.4530 -0.0678 0.8889
vn -0.6352 -0.6532 0.4121
vn -0.5534 -0.4065 0.7270
vn -0.4004 -0.0710 0.9136
vn -0.2310 0.3081 0.9229
vn -0.1960 0.2576 0.9462
vn -0.3796 -0.0864 0.9211
vn -0.5336 -0.4092 0.7402
vn -0.5391 -0.4341 0.7218
vn -0.5684 -0.7149 0.4072
vn -0.6008 -0.6869 0.4090
vn -0.5769 -0.7227 0.3806
vn -0.5358 -0.4429 0.7189
vn -0.4341 -0.0547 0.8992
vn -0.5912 -0.4388 0.6767
vn -0.5783 -0.6991 0.4205
vn -0.2358 0.2920 0.9269
vn 0.0410 0.6520 0.7571
vn -0.5810 -0.7681 0.2690
vn -0.6004 -0.7224 0.3431
vn -0.5959 -0.7844 0.1722
vn -0.6163 -0.6200 0.4855
vn -0.5713 -0.7075 0.4159
vn -0.5745 -0.6940 0.4340
vn -0.6143 -0.4822 0.6246
vn -0.5926 -0.6289 0.5033
vn -0.6251 -0.4688 0.6241
vn -0.5420 -0.6389 0.5459
vn -0.5283 -0.5691 0.6302
vn -0.5664 -0.5241 0.6360
vn -0.5930 -0.5069 0.6256
vn -0.5290 -0.5313 0.6618
vn -0.5374 -0.5073 0.6736
vn -0.5781 -0.4853 0.6560
vn -0.5390 -0.5104 0.6700
vn -0.5395 -0.4981 0.6789
vn -0.5793 -0.4956 0.6471
vn -0.4881 -0.5596 0.6698
vn -0.5211 -0.5206 0.6764
vn -0.5893 -0.5982 0.5430
vn -0.4844 -0.7448 0.4589
vn -0.4468 -0.5868 0.6753
vn -0.5191 -0.5492 0.6549
vn -0.4123 -0.7769 0.4759
vn -0.4807 -0.6873 0.5446
vn -0.5073 -0.5468 0.6661
vn -0.4625 -0.6355 0.6183
vn -0.4376 -0.6122 0.6585
vn -0.4265 -0.6232 0.6555
vn -0.4204 -0.6646 0.6177
vn -0.4110 -0.6719 0.6161
vn -0.4195 -0.6447 0.6390
vn -0.4276 -0.6823 0.5930
vn -0.4192 -0.6909 0.5890
vn -0.4391 -0.7144 0.5448
vn -0.4064 -0.7393 0.5370
vn -0.4271 -0.7618 0.4871
vn -0.4141 -0.7260 0.5491
vn -0.3991 -0.7800 0.4820
vn -0.4533 -0.7485 0.4840
vn -0.4039 -0.7919 0.4580
vn -0.3837 -0.7925 0.4741
vn -0.4218 -0.7921 0.4412
vn -0.4788 -0.5484 0.6856
vn -0.4604 -0.6786 0.5723
vn -0.4413 -0.7259 0.5275
vn -0.4618 -0.2692 0.8451
vn -0.4205 -0.2336 0.8767
vn -0.4562 -0.4599 0.7618
vn -0.4917 -0.5351 0.6870
vn -0.5607 -0.2478 0.7900
vn -0.3614 -0.5474 0.7548
vn -0.6135 -0.2522 0.7483
vn -0.6028 -0.5352 0.5918
vn -0.4058 -0.5659 0.7177
vn -0.3795 -0.8914 0.2479
vn -0.1841 -0.9057 0.3819
vn -0.3502 -0.8183 0.4558
vn -0.7864 -0.2499 0.5649
vn -0.0746 -0.9948 0.0691
vn -0.2662 -0.9259 0.2679
vn -0.2322 -0.9616 0.1464
vn -0.4767 -0.7846 0.3964
vn -0.2857 -0.9261 0.2465
vn -0.2506 -0.9653 0.0733
vn -0.4009 -0.7486 0.5280
vn -0.4681 -0.7439 0.4770
vn -0.2568 -0.9500 0.1778
vn -0.0878 -0.9961 0.0003
vn -0.2613 -0.9480 0.1819
vn -0.4695 -0.7724 0.4276
vn -0.4677 -0.7763 0.4226
vn -0.2619 -0.9526 0.1546
vn -0.0752 -0.9971 0.0074
vn -0.1537 -0.9881 -0.0060
vn -0.4552 -0.8210 0.3446
vn -0.3250 -0.9357 0.1373
vn -0.5089 -0.7857 0.3518
vn -0.2542 -0.9414 0.2216
vn -0.3247 -0.9154 0.2378
vn -0.5014 -0.7106 0.4936
vn -0.6054 -0.5689 0.5567
vn -0.6218 -0.5886 0.5167
vn -0.5702 -0.5656 0.5958
vn -0.6845 -0.2878 0.6698
vn -0.6092 -0.4684 0.6399
vn -0.5548 -0.5070 0.6596
vn -0.6575 -0.2650 0.7053
vn -0.6509 -0.4012 0.6445
vn -0.6993 -0.1605 0.6966
vn -0.6229 -0.3504 0.6994
vn -0.6861 -0.1442 0.7131
vn -0.6274 -0.3935 0.6720
vn -0.5430 -0.5973 0.5902
vn -0.5107 -0.5817 0.6331
vn -0.5529 -0.5986 0.5796
vn -0.5238 -0.6790 0.5144
vn -0.6521 -0.5314 0.5408
vn -0.5690 -0.7733 0.2797
vn -0.4986 -0.7653 0.4070
vn -0.4891 -0.7189 0.4939
vn -0.7022 -0.7117 0.0171
vn -0.5355 -0.8435 -0.0430
vn -0.8577 -0.4441 0.2591
vn -0.5320 -0.8198 0.2117
vn -0.5294 -0.7480 0.4002
vn -0.5042 -0.7534 0.4220
vn -0.5631 -0.8074 0.1761
vn -0.5408 -0.7760 0.3248
vn -0.5759 -0.8061 0.1358
vn -0.6080 -0.5733 0.5492
vn -0.5880 -0.6607 0.4666
vn -0.4780 -0.3804 0.7917
vn -0.5268 -0.2780 0.8032
vn -0.5647 -0.5466 0.6183
vn -0.4069 -0.2071 0.8897
vn -0.5044 -0.7116 0.4892
vn -0.4919 -0.5502 0.6748
vn -0.3363 -0.2567 0.9061
vn -0.3171 -0.5172 0.7949
vn -0.5934 -0.7176 0.3645
vn -0.5942 -0.7413 0.3120
vn -0.3899 -0.5901 0.7069
vn -0.4653 -0.6146 0.6369
vn -0.6440 -0.1834 0.7427
vn -0.4988 -0.1431 0.8548
vn 0.0003 -0.2956 0.9553
vn -0.8443 0.0403 0.5343
vn -0.9156 -0.0359 0.4005
vn 0.0587 -0.0075 0.9982
vn -0.7074 0.1707 0.6859
vn -0.7487 0.5956 0.2911
vn -0.2323 0.7073 0.6677
vn 0.0046 0.2869 0.9580
vn -0.9590 0.0007 0.2835
vn -0.8889 -0.1781 0.4220
vn -0.7627 0.1917 0.6177
vn -0.9063 -0.2881 0.3092
vn -0.5507 -0.2140 0.8068
vn -0.7469 -0.3458 0.5680
vn -0.8587 -0.2600 0.4416
vn -0.6116 -0.4758 0.6321
vn -0.7771 -0.2568 0.5746
vn -0.2673 -0.4670 0.8429
vn -0.4712 -0.5098 0.7197
vn -0.0785 -0.5386 0.8389
vn -0.0042 -0.4542 0.8909
vn -0.3823 -0.5463 0.7452
vn -0.6645 -0.4238 0.6155
vn -0.6264 -0.5213 0.5796
vn 0.4027 -0.3777 0.8338
vn 0.2680 -0.1886 0.9448
vn 0.4219 -0.3184 0.8489
vn 0.4177 -0.2190 0.8818
vn -0.0123 -0.4530 0.8914
vn -0.3752 -0.6176 0.6912
vn -0.0002 -0.5089 0.8608
vn 0.7698 0.1033 0.6299
vn 0.4253 -0.2330 0.8746
vn 0.7548 0.1085 0.6469
vn 0.8065 0.0220 0.5908
vn 0.0194 -0.5887 0.8081
vn 0.4309 -0.3183 0.8444
vn 0.7213 0.0521 0.6907
vn 0.4224 -0.4080 0.8094
vn 0.7293 -0.0378 0.6831
vn 0.0220 -0.6640 0.7474
vn -0.3469 -0.6983 0.6262
vn -0.3215 -0.7503 0.5776
vn 0.0531 -0.7239 0.6878
vn -0.2548 -0.7809 0.5703
vn -0.5623 -0.7118 0.4209
vn -0.5728 -0.7078 0.4134
vn -0.5700 -0.7134 0.4077
vn -0.6794 -0.6869 0.2581
vn -0.7024 -0.6600 0.2663
vn -0.4447 -0.7938 0.4149
vn -0.7030 -0.6499 0.2889
vn -0.6912 -0.6918 0.2089
vn -0.5924 -0.7553 0.2802
vn -0.7584 -0.5954 0.2651
vn -0.4957 -0.8408 0.2176
vn -0.7131 -0.6708 0.2037
vn -0.7109 -0.6409 0.2897
vn -0.7794 -0.5571 0.2867
vn -0.8688 -0.4621 0.1777
vn -0.5994 -0.7934 0.1059
vn -0.9308 -0.3310 0.1552
vn -0.2886 -0.9560 0.0536
vn -0.6753 -0.7313 0.0958
vn -0.3356 -0.9348 0.1162
vn -0.3331 -0.9282 0.1656
vn -0.3063 -0.9497 0.0653
vn -0.4244 -0.8650 0.2677
vn -0.3827 -0.9086 0.1673
vn -0.3271 -0.9448 0.0190
vn -0.1736 -0.9844 0.0281
vn -0.4977 -0.8279 0.2586
vn -0.3787 -0.8288 0.4118
vn -0.4277 -0.7951 0.4301
vn -0.4917 -0.7287 0.4766
vn -0.4615 -0.7403 0.4889
vn -0.3806 -0.8240 0.4198
vn -0.5095 -0.8029 0.3094
vn -0.4254 -0.7609 0.4901
vn -0.4789 -0.6879 0.5454
vn -0.3565 -0.7904 0.4981
vn -0.4219 -0.7313 0.5359
vn -0.4449 -0.7165 0.5373
vn -0.4230 -0.7983 0.4288
vn -0.4018 -0.7434 0.5347
vn -0.4836 -0.6592 0.5759
vn -0.3929 -0.7606 0.5169
vn -0.3768 -0.8014 0.4645
vn -0.5445 -0.6629 0.5139
vn -0.7142 -0.4199 0.5600
vn -0.7297 -0.3679 0.5764
vn -0.4799 -0.6850 0.5481
vn -0.6408 -0.5048 0.5784
vn -0.8783 0.0533 0.4752
vn -0.8102 -0.2103 0.5471
vn -0.7924 -0.3048 0.5283
vn -0.8581 -0.0542 0.5106
vn -0.8286 -0.1906 0.5263
vn -0.8565 -0.1267 0.5003
vn -0.7443 -0.2517 0.6186
vn -0.7696 -0.1758 0.6139
vn -0.7154 -0.4119 0.5644
vn -0.7877 -0.1245 0.6033
vn -0.7345 -0.2846 0.6160
vn -0.6162 -0.5666 0.5471
vn -0.7533 -0.3644 0.5475
vn -0.4865 -0.6686 0.5624
vn -0.5368 -0.6867 0.4901
vn -0.4313 -0.7689 0.4720
vn -0.4964 -0.6961 0.5187
vn -0.4266 -0.7307 0.5331
vn -0.3310 -0.7824 0.5276
vn -0.4201 -0.7365 0.5302
vn -0.4308 -0.7359 0.5223
vn -0.5109 -0.6520 0.5602
vn -0.5279 -0.6324 0.5669
vn -0.5094 -0.6220 0.5947
vn -0.3520 -0.7255 0.5914
vn -0.5163 -0.6719 0.5310
vn -0.3121 -0.7203 0.6195
vn -0.2698 -0.7852 0.5574
vn -0.3091 -0.7598 0.5720
vn -0.2539 -0.8347 0.4886
vn -0.3583 -0.8194 0.4474
vn -0.2239 -0.8987 0.3771
vn -0.2608 -0.8684 0.4218
vn -0.3782 -0.7651 0.5212
vn -0.6369 -0.6485 0.4169
vn -0.4370 -0.8290 0.3491
vn -0.2739 -0.8936 0.3556
vn -0.4747 -0.7674 0.4310
vn -0.7262 -0.6180 0.3013
vn -0.8383 -0.5077 0.1989
vn -0.8879 -0.2199 0.4041
vn -0.8323 -0.4217 0.3598
vn -0.8293 -0.5529 0.0813
vn -0.4167 -0.7130 0.5639
vn -0.5230 -0.7971 0.3018
vn -0.1473 -0.9702 0.1923
vn -0.5871 -0.8062 0.0736
vn -0.2279 -0.9736 0.0111
vn -0.0746 -0.8764 0.4758
vn -0.5011 -0.6619 0.5575
vn -0.0420 -0.9032 0.4272
vn -0.6192 -0.5545 0.5559
vn -0.0766 -0.9153 0.3954
vn 0.1610 -0.9491 0.2706
vn 0.0390 -0.8980 0.4384
vn -0.2306 -0.8777 0.4201
vn -0.1624 -0.8324 0.5299
vn 0.0562 -0.9005 0.4312
vn -0.1141 -0.8898 0.4420
vn -0.6215 -0.6312 0.4641
vn -0.3933 -0.7496 0.5323
vn 0.0055 -0.9961 0.0882
vn -0.2997 -0.9387 0.1705
vn -0.6071 -0.7145 0.3478
vn -0.6532 -0.6163 0.4398
vn -0.5883 -0.6200 0.5191
vn -0.6515 -0.5602 0.5116
vn -0.7579 -0.6080 0.2367
vn -0.7648 -0.5707 0.2990
vn -0.6927 -0.5587 0.4561
vn -0.6796 -0.5531 0.4818
vn -0.6537 -0.6019 0.4587
vn -0.7397 -0.5797 0.3418
vn -0.7038 -0.6373 0.3139
vn -0.6534 -0.5906 0.4735
vn -0.6647 -0.5854 0.4642
vn -0.6942 -0.5375 0.4787
vn -0.7060 -0.5377 0.4608
vn -0.7124 -0.5450 0.4421
vn -0.6590 -0.5704 0.4902
vn -0.5999 -0.6656 0.4440
vn -0.5858 -0.6362 0.5020
vn -0.4921 -0.7310 0.4727
vn -0.5043 -0.7661 0.3985
vn -0.5872 -0.6755 0.4460
vn -0.4930 -0.7686 0.4076
vn -0.5853 -0.6780 0.4447
vn -0.4736 -0.7547 0.4540
vn -0.4517 -0.8156 0.3616
vn -0.4130 -0.7788 0.4721
vn -0.4464 -0.8058 0.3892
vn -0.4273 -0.8534 0.2986
vn -0.4081 -0.8407 0.3559
vn -0.4369 -0.8173 0.3756
vn -0.4359 -0.7787 0.4513
vn -0.4395 -0.7796 0.4461
vn -0.3949 -0.8305 0.3928
vn -0.3839 -0.8564 0.3452
vn -0.6078 -0.7424 0.2817
vn -0.3868 -0.8692 0.3080
vn -0.5900 -0.7834 0.1952
vn -0.5419 -0.7544 0.3705
vn -0.4357 -0.8031 0.4064
vn -0.4465 -0.7834 0.4324
vn -0.4847 -0.7900 0.3754
vn -0.7563 -0.5609 0.3367
vn -0.8584 -0.4005 0.3205
vn -0.9230 -0.2186 0.3167
vn -0.9579 -0.1003 0.2690
vn -0.9280 -0.3582 0.1025
vn -0.9999 0.0044 -0.0115
vn -0.8962 -0.4215 -0.1381
vn -0.9339 -0.0548 -0.3534
vn -0.5251 -0.8239 0.2133
vn -0.7900 -0.6014 -0.1194
vn -0.8842 -0.4393 -0.1588
vn -0.8409 -0.3445 -0.4174
vn -0.8824 -0.2255 -0.4129
vn -0.6900 -0.7177 0.0939
vn -0.9119 -0.3405 -0.2291
vn -0.8842 -0.2454 -0.3974
vn -0.4243 -0.8140 0.3967
vn -0.4656 -0.8008 0.3768
vn -0.5784 -0.7634 0.2875
vn -0.9051 -0.4247 0.0204
vn -0.3436 -0.8855 0.3127
vn -0.3459 -0.9014 0.2606
vn -0.4222 -0.8537 0.3048
vn -0.3867 -0.9031 0.1869
vn -0.4845 -0.8062 0.3396
vn -0.8555 -0.4751 0.2057
vn -0.9660 -0.2586 0.0062
vn -0.7457 -0.6551 0.1217
vn -0.7952 -0.6060 0.0200
vn -0.9532 -0.2189 -0.2085
vn -0.7279 -0.6774 -0.1063
vn -0.5671 -0.8017 -0.1887
vn -0.1687 -0.9806 0.0997
vn -0.3263 -0.9220 0.2086
vn 0.0087 -0.9992 0.0401
vn -0.4280 -0.9007 -0.0744
vn -0.3103 -0.9210 0.2356
vn 0.1579 -0.9767 0.1456
vn 0.2538 -0.9028 0.3472
vn 0.1789 -0.9390 0.2936
vn 0.2014 -0.8875 0.4144
vn 0.0947 -0.9634 0.2507
vn 0.2673 -0.8430 0.4667
vn -0.2278 -0.8238 0.5190
vn 0.1925 -0.8120 0.5509
vn -0.2895 -0.7477 0.5976
vn 0.1363 -0.8635 0.4855
vn -0.3421 -0.8289 0.4427
vn 0.1656 -0.8727 0.4593
vn -0.3914 -0.8081 0.4402
vn -0.3304 -0.8318 0.4460
vn -0.6285 -0.6646 0.4041
vn -0.6032 -0.6639 0.4420
vn -0.5504 -0.7115 0.4368
vn -0.4996 -0.7953 0.3434
vn -0.2387 -0.8786 0.4138
vn 0.1771 -0.8763 0.4481
vn -0.5279 -0.7451 0.4077
vn -0.5706 -0.6622 0.4857
vn -0.5156 -0.6538 0.5538
vn -0.5650 -0.6295 0.5335
vn -0.4979 -0.6387 0.5866
vn -0.5260 -0.7128 0.4639
vn -0.5118 -0.6425 0.5704
vn -0.6007 -0.6246 0.4990
vn -0.4213 -0.7033 0.5726
vn -0.4495 -0.7087 0.5439
vn -0.5140 -0.6732 0.5316
vn -0.4227 -0.7170 0.5543
vn -0.4258 -0.6990 0.5745
vn -0.4008 -0.7123 0.5762
vn -0.4075 -0.7253 0.5549
vn -0.3967 -0.7280 0.5592
vn -0.4300 -0.7298 0.5315
vn -0.5502 -0.6960 0.4614
vn -0.4414 -0.7455 0.4994
vn -0.5768 -0.6930 0.4324
vn -0.3904 -0.7587 0.5215
vn -0.3776 -0.7856 0.4901
vn -0.4404 -0.7774 0.4491
vn -0.5742 -0.7208 0.3883
vn -0.4185 -0.8280 0.3732
vn -0.3494 -0.8227 0.4485
vn -0.3292 -0.8594 0.3912
vn -0.3308 -0.8412 0.4278
vn -0.3519 -0.8124 0.4649
vn -0.3643 -0.8372 0.4080
vn -0.3175 -0.8649 0.3887
vn -0.3790 -0.8105 0.4465
vn -0.4376 -0.7967 0.4169
vn -0.4318 -0.8153 0.3858
vn -0.3920 -0.7833 0.4826
vn -0.4359 -0.7743 0.4587
vn -0.0613 -0.8961 0.4395
vn -0.0740 -0.8692 0.4889
vn -0.0957 -0.8631 0.4960
vn -0.4343 -0.7491 0.5003
vn -0.2910 -0.7876 0.5432
vn -0.4260 -0.7392 0.5216
vn -0.4013 -0.7557 0.5175
vn -0.4085 -0.7403 0.5339
vn -0.3870 -0.7527 0.5326
vn -0.3714 -0.7795 0.5044
vn -0.4003 -0.7313 0.5523
vn -0.4190 -0.7387 0.5280
vn -0.4125 -0.7313 0.5431
vn -0.4305 -0.7668 0.4761
vn -0.4236 -0.7621 0.4896
vn -0.4324 -0.7653 0.4768
vn -0.4569 -0.8110 0.3653
vn -0.4684 -0.7921 0.3915
vn -0.4825 -0.7485 0.4550
vn -0.5276 -0.7770 0.3433
vn -0.5084 -0.7883 0.3465
vn -0.5216 -0.7930 0.3148
vn -0.5344 -0.8088 0.2456
vn -0.5137 -0.8270 0.2284
vn -0.5113 -0.8406 0.1787
vn -0.4696 -0.8604 -0.1980
vn -0.4509 -0.8775 -0.1633
vn -0.4633 -0.8677 -0.1801
vn -0.5088 -0.8487 0.1443
vn -0.4774 -0.8200 0.3156
vn -0.4827 -0.8191 0.3100
vn -0.4228 -0.8946 0.1448
vn -0.5213 -0.8504 -0.0706
vn -0.5254 -0.8505 -0.0251
vn -0.0297 -0.9761 0.2154
vn -0.1391 -0.9217 0.3621
vn 0.1228 -0.9458 0.3008
vn -0.2657 -0.9587 0.1011
vn 0.1796 -0.9100 0.3736
vn -0.2020 -0.9480 0.2457
vn -0.3528 -0.8692 0.3464
vn -0.2273 -0.8997 0.3726
vn -0.7573 -0.6118 0.2286
vn -0.8003 -0.5462 0.2472
vn -0.3785 -0.8693 0.3178
vn -0.6349 -0.7262 0.2638
vn -0.4987 -0.7649 0.4078
vn -0.6265 -0.6827 0.3761
vn -0.8502 -0.5102 0.1298
vn -0.9653 -0.2433 0.0946
vn -0.9969 -0.0786 0.0067
vn -0.9834 -0.1366 0.1191
vn -0.9850 -0.1381 0.1031
vn -0.9494 -0.3100 -0.0498
vn -0.9359 -0.3317 0.1185
vn -0.8056 -0.5369 0.2506
vn -0.6950 -0.6431 0.3214
vn -0.9484 -0.3148 -0.0368
vn -0.8650 -0.4996 0.0476
vn -0.5179 -0.7731 0.3662
vn -0.5684 -0.7185 0.4008
vn -0.4724 -0.7609 0.4447
vn -0.5617 -0.6997 0.4414
vn -0.7434 -0.6405 0.1926
vn -0.6876 -0.6667 0.2875
vn -0.4812 -0.7257 0.4916
vn -0.9053 -0.4245 -0.0139
vn -0.8306 -0.5488 0.0947
vn -0.7642 -0.6185 0.1827
vn -0.6834 -0.6544 0.3237
vn -0.5581 -0.6845 0.4690
vn -0.7018 -0.5559 0.4455
vn -0.7745 -0.5840 0.2430
vn -0.7694 -0.4977 0.4005
vn -0.5501 -0.6609 0.5106
vn -0.4770 -0.6929 0.5408
vn -0.4978 -0.6582 0.5648
vn -0.4961 -0.6988 0.5153
vn -0.4571 -0.7556 0.4691
vn -0.5667 -0.6350 0.5250
vn -0.6160 -0.6111 0.4970
vn -0.5281 -0.6284 0.5712
vn -0.5455 -0.6197 0.5642
vn -0.5712 -0.6111 0.5480
vn -0.5527 -0.5945 0.5840
vn -0.6413 -0.5712 0.5123
vn -0.6158 -0.6233 0.4819
vn -0.5577 -0.5904 0.5834
vn -0.5711 -0.6008 0.5593
vn -0.5745 -0.5860 0.5714
vn -0.6089 -0.6569 0.4447
vn -0.6428 -0.6017 0.4741
vn -0.5912 -0.5824 0.5580
vn -0.6793 -0.5888 0.4380
vn -0.6657 -0.5895 0.4576
vn -0.6443 -0.6280 0.4365
vn -0.4880 -0.6923 0.5316
vn -0.4186 -0.7855 0.4559
vn -0.5930 -0.5581 0.5804
vn -0.5941 -0.5594 0.5780
vn -0.5636 -0.6073 0.5600
vn -0.3513 -0.8013 0.4843
vn -0.5975 -0.6658 0.4469
vn -0.1808 -0.9478 0.2628
vn -0.7343 -0.6674 0.1240
vn -0.5975 -0.7944 0.1091
vn -0.7023 -0.7089 -0.0646
vn -0.5281 -0.8485 0.0333
vn -0.6652 -0.7285 0.1637
vn -0.7155 -0.6630 0.2202
vn -0.5064 -0.8198 0.2674
vn -0.6421 -0.7649 0.0514
vn -0.5969 -0.8022 -0.0136
vn -0.2788 -0.9459 0.1659
vn -0.5972 -0.8011 0.0400
vn -0.3665 -0.9020 0.2284
vn -0.1703 -0.9378 0.3026
vn -0.5342 -0.8156 0.2225
vn -0.4110 -0.8334 0.3694
vn -0.6092 -0.7852 0.1116
vn -0.6261 -0.7763 0.0730
vn -0.4840 -0.8376 0.2535
vn -0.6035 -0.7198 0.3430
vn -0.7123 -0.6077 0.3512
vn -0.6619 -0.7210 0.2052
vn -0.2285 -0.8725 0.4320
vn -0.5547 -0.7082 0.4367
vn -0.8913 -0.3214 0.3199
vn -0.9550 0.0864 0.2838
vn -0.9102 -0.2539 0.3273
vn -0.8594 -0.3042 0.4110
vn -0.9153 -0.0262 0.4020
vn -0.6522 -0.6024 0.4602
vn -0.3860 -0.8147 0.4327
vn -0.2319 -0.9049 0.3568
vn -0.0338 -0.9430 0.3311
vn -0.0492 -0.8652 0.4990
vn 0.0578 -0.9599 0.2745
vn 0.0215 -0.9672 0.2531
vn 0.0218 -0.9595 0.2809
vn 0.0687 -0.9837 0.1661
vn 0.0502 -0.9258 0.3748
vn -0.3002 -0.7965 0.5248
vn 0.0167 -0.9172 0.3980
vn -0.1984 -0.8600 0.4701
vn -0.0684 -0.9002 0.4300
vn -0.4111 -0.7029 0.5804
vn -0.8911 -0.0822 0.4463
vn -0.6847 -0.5597 0.4668
vn -0.6210 -0.7193 0.3114
vn -0.5068 -0.8564 0.0984
vn -0.5786 -0.7743 0.2562
vn -0.4873 -0.8379 0.2458
vn -0.3090 -0.8730 0.3772
vn -0.2587 -0.8807 0.3967
vn -0.2380 -0.8465 0.4762
vn -0.2249 -0.7019 0.6759
vn 0.1533 -0.6937 0.7038
vn 0.0676 -0.8303 0.5531
vn -0.4528 -0.7519 0.4792
vn -0.3510 -0.5836 0.7323
vn 0.0040 -0.5753 0.8179
vn -0.5492 -0.6662 0.5046
vn -0.4181 -0.5330 0.7356
vn -0.0314 -0.4198 0.9071
vn 0.1848 -0.1544 0.9706
vn 0.2731 -0.1857 0.9439
vn 0.3069 -0.3322 0.8919
vn 0.2750 -0.0329 0.9609
vn 0.4132 -0.0284 0.9102
vn 0.3014 0.0504 0.9522
vn 0.4217 0.0002 0.9067
vn 0.5002 0.0095 0.8659
vn 0.5964 -0.1500 0.7886
vn 0.7069 0.5211 0.4783
vn 0.4095 0.0637 0.9101
vn 0.5313 0.3328 0.7791
vn -0.0138 -0.2018 0.9793
vn 0.3866 -0.1620 0.9079
vn 0.4035 -0.0379 0.9142
vn -0.0526 -0.2607 0.9640
vn 0.1143 -0.3010 0.9468
vn -0.2482 -0.3327 0.9098
vn 0.3462 -0.3486 0.8710
vn -0.0741 -0.3470 0.9349
vn 0.2639 -0.4609 0.8473
vn 0.5037 -0.1077 0.8571
vn 0.6947 -0.2843 0.6607
vn 0.0925 -0.3521 0.9314
vn -0.2614 -0.3425 0.9024
vn 0.6883 -0.2206 0.6911
vn 0.9547 0.0702 0.2892
vn 0.9636 -0.0031 0.2675
vn 0.5024 -0.2271 0.8343
vn 0.8705 -0.1500 0.4688
vn 0.9820 0.1479 -0.1173
vn 0.9290 0.3305 -0.1663
vn 0.8088 0.4128 -0.4188
vn 0.8751 0.2140 -0.4340
vn 0.9996 0.0258 -0.0121
vn 0.9855 -0.1396 0.0967
vn 0.9025 0.1600 -0.3999
vn 0.9219 -0.0045 -0.3873
vn 0.7657 -0.2638 0.5867
vn 0.7245 0.3148 -0.6132
vn 0.7357 0.2350 -0.6352
vn 0.7222 0.0525 -0.6897
vn 0.8906 -0.2351 -0.3894
vn 0.9260 -0.3475 0.1474
vn 0.5496 0.2695 -0.7907
vn 0.6252 -0.1036 -0.7736
vn 0.6219 0.1975 -0.7578
vn 0.2023 0.6632 -0.7206
vn 0.1028 0.4443 -0.8899
vn 0.4801 0.4564 -0.7491
vn 0.4647 0.1271 -0.8763
vn -0.0711 0.9211 -0.3829
vn -0.4051 0.7780 -0.4802
vn -0.3712 0.7045 -0.6049
vn 0.0381 0.1636 -0.9858
vn -0.4005 0.9156 0.0368
vn -0.1134 0.9918 0.0588
vn -0.5316 0.8448 0.0603
vn -0.4641 0.8137 0.3501
vn -0.4575 0.7954 0.3975
vn -0.4447 0.7991 0.4045
vn -0.4593 0.8881 -0.0192
vn -0.1802 0.9478 -0.2631
vn -0.3251 0.6919 -0.6447
vn -0.2075 0.9203 0.3318
vn 0.0039 0.4413 0.8974
vn -0.0281 0.3003 0.9534
vn 0.0466 0.6301 0.7751
vn 0.3684 0.2847 0.8850
vn 0.3370 0.8808 0.3326
vn 0.4117 -0.1397 0.9005
vn 0.6490 -0.3924 0.6518
vn 0.6476 -0.0498 0.7604
vn 0.8936 -0.4328 -0.1191
vn 0.9367 0.3273 0.1243
vn 0.6754 0.4011 -0.6189
vn 0.6600 -0.1419 -0.7377
vn 0.3380 0.8080 -0.4825
vn 0.4127 0.3636 -0.8351
vn 0.3904 -0.1139 -0.9136
vn 0.0862 0.2825 -0.9554
vn -0.0296 0.7170 -0.6965
vn 0.1953 -0.3168 -0.9282
vn -0.1286 0.1630 -0.9782
vn 0.2254 -0.1718 -0.9590
vn 0.4973 -0.5819 -0.6435
vn 0.5854 -0.4968 -0.6407
vn 0.5817 -0.3674 -0.7257
vn 0.6969 -0.6751 -0.2420
vn 0.7894 -0.5158 -0.3327
vn 0.7102 -0.6852 -0.1613
vn 0.6636 -0.5629 0.4927
vn 0.7283 -0.5907 0.3475
vn 0.8275 -0.5079 0.2394
vn 0.4869 -0.2114 0.8475
vn 0.5433 -0.2521 0.8008
vn 0.5970 -0.3748 0.7093
vn 0.1997 -0.2029 0.9586
vn 0.0666 -0.3996 0.9143
vn -0.0725 -0.5329 0.8430
vn 0.0064 -0.0497 0.9987
vn -0.1956 0.5944 0.7801
vn -0.0413 0.9339 0.3552
vn 0.5884 0.6315 0.5049
vn 0.2759 0.0791 0.9579
vn 0.7613 0.6349 0.1318
vn 0.9721 0.0048 -0.2345
vn 0.9962 0.0425 0.0755
vn 0.9460 0.1206 0.3010
vn 0.8685 -0.1490 0.4727
vn 0.2758 -0.4623 0.8427
vn 0.8910 -0.2699 0.3651
vn 0.4380 -0.4723 0.7649
vn -0.1147 -0.4593 0.8809
vn 0.8933 -0.1562 0.4214
vn 0.9470 -0.1288 0.2944
vn 0.8688 -0.2280 0.4395
vn 0.8940 -0.2146 0.3933
vn 0.2489 -0.3831 0.8895
vn 0.8774 -0.2519 0.4083
vn 0.6498 -0.3243 0.6875
vn 0.6535 -0.3655 0.6628
vn 0.6690 -0.3993 0.6269
vn 0.9001 -0.2566 0.3521
vn 0.8673 -0.2950 0.4011
vn 0.7933 -0.2028 0.5741
vn 0.6722 -0.4458 0.5911
vn 0.6722 -0.4568 0.5827
vn 0.7290 -0.2575 0.6342
vn 0.3921 -0.6467 0.6542
vn 0.3944 -0.5780 0.7144
vn 0.4510 -0.5119 0.7311
vn 0.0065 -0.7009 0.7132
vn 0.0247 -0.7385 0.6738
vn 0.0342 -0.7096 0.7038
vn 0.3961 -0.6716 0.6262
vn 0.3535 -0.6311 0.6905
vn 0.4947 -0.5236 0.6936
vn 0.1785 -0.7347 0.6545
vn 0.1221 -0.5643 0.8165
vn -0.1110 -0.3902 0.9140
vn 0.2789 -0.3476 0.8952
vn -0.0216 -0.3454 0.9382
vn 0.1685 -0.3294 0.9291
vn -0.0978 -0.3855 0.9175
vn -0.1666 -0.3560 0.9195
vn 0.1850 -0.4286 0.8844
vn 0.3263 -0.3425 0.8810
vn 0.6622 -0.4180 0.6219
vn 0.0330 -0.3032 0.9524
vn 0.0580 -0.4380 0.8971
vn -0.0385 -0.3352 0.9414
vn 0.1303 -0.6396 0.7576
vn 0.4229 -0.3589 0.8321
vn 0.9061 -0.1565 0.3931
vn 0.4860 -0.2992 0.8211
vn 0.4721 -0.5553 0.6847
vn 0.9563 0.2906 0.0310
vn 0.9471 0.3151 -0.0604
vn 0.9509 0.2876 -0.1139
vn 0.9448 0.3271 -0.0174
vn 0.8702 0.4927 -0.0109
vn 0.9255 0.3747 -0.0547
vn 0.9025 0.0673 0.4255
vn 0.8591 0.1520 0.4887
vn 0.8152 0.5790 0.0164
vn 0.9008 0.4302 0.0584
vn 0.3283 -0.5598 0.7608
vn 0.8228 0.5671 0.0386
vn 0.8283 -0.0294 0.5596
vn 0.6697 -0.1773 0.7212
vn 0.1574 -0.6176 0.7706
vn 0.8816 0.4510 0.1394
vn -0.0039 -0.5788 0.8154
vn 0.4865 -0.2370 0.8409
vn -0.0539 -0.5823 0.8112
vn -0.1461 -0.5148 0.8448
vn 0.2755 -0.1394 0.9511
vn -0.2724 -0.4236 0.8639
vn -0.0969 -0.4642 0.8804
vn 0.4243 -0.4171 0.8038
vn -0.1730 -0.3260 0.9294
vn -0.3369 -0.3935 0.8554
vn 0.4051 -0.3720 0.8352
vn 0.6616 -0.3163 0.6799
vn 0.3494 -0.2973 0.8885
vn 0.3293 -0.3109 0.8916
vn -0.1160 -0.2991 0.9471
vn 0.7165 -0.3730 0.5895
vn -0.0531 -0.4445 0.8942
vn -0.2779 -0.4707 0.8374
vn 0.2483 -0.3522 0.9024
vn 0.0104 -0.2385 0.9711
vn 0.1524 -0.0836 0.9848
vn 0.2116 -0.2815 0.9359
vn -0.4004 0.2554 0.8800
vn 0.0734 0.4085 0.9098
vn 0.7991 -0.0606 0.5982
vn -0.3296 0.5326 0.7796
vn 0.9403 0.2764 0.1983
vn 0.4107 0.4834 0.7731
vn 0.2967 0.7095 0.6392
vn 0.7669 0.5901 0.2523
vn -0.1600 0.7982 0.5808
vn 0.4366 0.8991 0.0309
vn 0.1722 0.9667 0.1893
vn -0.1921 0.9810 0.0263
vn -0.0265 0.9995 0.0187
vn -0.5937 0.5133 0.6197
vn -0.4585 0.7909 0.4052
vn -0.1499 0.9843 0.0935
vn -0.6708 0.5467 0.5011
vn -0.4515 0.7593 0.4685
vn -0.5428 0.2299 0.8078
vn -0.6578 0.2096 0.7234
vn -0.5056 0.8533 0.1273
vn -0.8076 -0.0165 0.5895
vn -0.7705 0.5406 0.3377
vn -0.4750 -0.3631 0.8016
vn -0.2039 -0.4262 0.8813
vn -0.6082 -0.4155 0.6764
vn -0.8056 0.4573 0.3767
vn -0.7961 -0.0752 0.6005
vn -0.6937 -0.4318 0.5765
vn -0.2018 -0.9206 0.3342
vn -0.1241 -0.9329 0.3381
vn -0.2064 -0.8984 0.3876
vn -0.7235 -0.4005 0.5623
vn -0.6699 -0.3263 0.6669
vn -0.0956 -0.6973 0.7104
vn -0.7577 -0.0953 0.6457
vn -0.7549 0.3261 0.5690
vn -0.6181 -0.1405 0.7734
vn -0.5282 0.2834 0.8004
vn -0.5051 0.8147 0.2848
vn -0.5368 0.8402 0.0771
vn -0.1873 0.7958 0.5758
vn 0.1194 0.3341 0.9350
vn 0.3511 0.7678 0.5359
vn 0.0625 0.9946 0.0830
vn 0.4596 0.8838 0.0875
vn -0.1089 0.9920 -0.0633
vn 0.8067 0.5898 -0.0372
vn 0.3582 0.9176 -0.1720
vn 0.7922 0.4415 0.4214
vn 0.9116 0.0898 -0.4012
vn 0.7469 0.5546 -0.3669
vn 0.9905 0.0967 -0.0979
vn 0.6477 0.1872 0.7386
vn 0.9423 -0.1516 0.2985
vn 0.9306 -0.3235 -0.1711
vn 0.7312 -0.6578 0.1806
vn 0.5955 -0.4282 0.6798
vn 0.4371 -0.8408 0.3194
vn 0.3041 -0.9522 0.0287
vn -0.0791 -0.3292 0.9409
vn 0.2827 -0.9589 -0.0228
vn 0.5144 -0.8519 -0.0980
vn 0.8490 -0.4154 -0.3266
vn 0.4424 -0.8707 -0.2151
vn 0.7671 -0.4774 -0.4285
vn 0.6567 0.5163 -0.5497
vn 0.8636 0.0373 -0.5029
vn 0.6413 -0.6103 -0.4650
vn 0.6061 0.6573 -0.4479
vn 0.2442 0.9049 -0.3486
vn 0.2488 0.9194 -0.3047
vn 0.2454 0.9279 -0.2806
vn 0.6280 0.5616 -0.5388
vn 0.8069 0.0179 -0.5904
vn 0.4354 0.6634 -0.6085
vn 0.7607 -0.1702 -0.6264
vn 0.8128 -0.1524 -0.5622
vn 0.6363 0.0982 -0.7652
vn 0.2461 0.7709 -0.5875
vn 0.0890 0.9335 -0.3475
vn 0.7891 -0.4069 -0.4601
vn 0.6790 -0.6566 -0.3285
vn 0.5333 -0.7132 -0.4548
vn 0.4690 -0.8133 -0.3445
vn 0.9151 -0.3541 -0.1929
vn 0.7259 -0.6384 -0.2560
vn 0.4226 -0.8633 -0.2758
vn 0.4788 -0.8648 -0.1510
vn 0.3380 -0.9351 -0.1063
vn 0.0301 -0.9525 0.3031
vn 0.3931 -0.7607 0.5166
vn 0.7452 -0.6668 -0.0008
vn 0.6554 -0.4682 0.5927
vn 0.9432 -0.3177 0.0970
vn 0.9399 0.1269 -0.3169
vn 0.8165 0.1327 -0.5619
vn 0.5521 0.4902 -0.6745
vn 0.4544 0.5145 -0.7272
vn 0.8268 0.4741 -0.3028
vn 0.6566 0.7451 0.1169
vn 0.6497 0.4700 -0.5975
vn 0.5765 0.7496 -0.3254
vn 0.6222 0.5200 -0.5852
vn 0.1624 0.9782 0.1297
vn 0.2140 0.9371 -0.2758
vn 0.2814 0.7425 -0.6078
vn 0.3072 0.8841 0.3522
vn 0.1850 0.6397 -0.7460
vn 0.4296 0.6250 -0.6518
vn 0.5319 0.4926 -0.6888
vn 0.4511 0.5497 -0.7031
vn 0.0761 0.6295 -0.7732
vn 0.2807 0.5990 -0.7499
vn 0.3708 0.5676 -0.7351
vn 0.3876 0.5403 -0.7469
vn 0.3266 0.6196 -0.7138
vn 0.3533 0.5946 -0.7223
vn 0.2806 0.5506 -0.7862
vn 0.3750 0.5352 -0.7569
vn 0.3113 0.5615 -0.7667
vn 0.3411 0.5777 -0.7416
vn 0.0365 0.6380 -0.7692
vn 0.5489 0.4025 -0.7326
vn -0.0972 0.6113 -0.7854
vn -0.2219 0.6517 -0.7253
vn -0.0664 0.7392 -0.6702
vn -0.3093 0.7360 -0.6022
vn 0.1027 0.8059 -0.5831
vn -0.1715 0.8752 -0.4523
vn 0.0276 0.8949 -0.4453
vn 0.0328 0.7521 -0.6582
vn 0.3412 0.5717 -0.7461
vn 0.3263 0.7657 -0.5543
vn 0.4424 0.7459 -0.4979
vn 0.1238 0.8869 -0.4451
vn 0.5035 0.6449 -0.5750
vn 0.3593 0.7276 -0.5843
vn 0.3960 0.6854 -0.6110
vn 0.2704 0.8389 -0.4724
vn 0.3970 0.7169 -0.5731
vn 0.5142 0.6200 -0.5927
vn 0.4827 0.5771 -0.6587
vn 0.5640 0.4283 -0.7060
vn 0.5847 0.1032 -0.8047
vn 0.5459 0.3866 -0.7434
vn 0.5562 0.5672 -0.6074
vn 0.5966 -0.0265 -0.8021
vn 0.6092 -0.0603 -0.7907
vn 0.6464 -0.0383 -0.7620
vn 0.5881 0.1120 -0.8010
vn 0.1241 0.3817 -0.9159
vn 0.3254 0.1972 -0.9248
vn 0.4478 0.3064 -0.8400
vn -0.0680 0.6102 -0.7893
vn -0.0056 0.6608 -0.7505
vn -0.1700 0.6649 -0.7273
vn 0.2599 0.6502 -0.7140
vn 0.0826 0.6125 -0.7861
vn 0.1898 0.6165 -0.7642
vn 0.0471 0.6840 -0.7280
vn 0.0869 0.7403 -0.6666
vn 0.3094 0.6503 -0.6938
vn -0.0070 0.6838 -0.7296
vn -0.2135 0.8510 -0.4798
vn -0.1391 0.8954 -0.4230
vn 0.0215 0.7985 -0.6016
vn -0.0051 0.8590 -0.5120
vn -0.2082 0.8955 -0.3935
vn -0.1349 0.9517 -0.2759
vn -0.2244 0.9275 -0.2989
vn 0.1102 0.9887 -0.1017
vn 0.0444 0.9326 -0.3582
vn 0.0681 0.8540 -0.5159
vn -0.2224 0.9387 -0.2633
vn 0.4000 0.8149 -0.4195
vn 0.4434 0.7335 -0.5151
vn 0.4136 0.6879 -0.5964
vn 0.2967 0.9098 -0.2903
vn 0.3480 0.7642 -0.5431
vn 0.4505 0.6157 -0.6465
vn 0.4548 0.4571 -0.7643
vn 0.4411 0.6008 -0.6667
vn 0.1580 0.8600 -0.4851
vn 0.4873 0.4773 -0.7313
vn 0.4672 0.5265 -0.7103
vn 0.1901 0.9020 -0.3875
vn -0.2218 0.9210 -0.3204
vn 0.5508 0.6256 -0.5525
vn 0.1842 0.9371 -0.2964
vn -0.2371 0.9205 -0.3107
vn -0.3100 0.9281 -0.2062
vn -0.3549 0.9344 -0.0317
vn -0.5588 0.8000 -0.2185
vn -0.7101 0.7041 0.0057
vn -0.2188 0.9758 -0.0030
vn -0.1558 0.7351 -0.6598
vn -0.5085 0.8355 -0.2080
vn -0.3047 0.8627 -0.4035
vn -0.0174 0.9226 -0.3853
vn -0.2295 0.9452 -0.2320
vn -0.6586 0.7502 0.0586
vn -0.7686 0.6382 -0.0445
vn -0.7139 0.6894 0.1228
vn -0.6930 0.7167 -0.0775
vn -0.1489 0.9877 0.0482
vn -0.2793 0.8739 0.3978
vn 0.3115 0.9316 0.1875
vn 0.1769 0.7512 0.6360
vn 0.3481 0.9371 -0.0247
vn -0.0469 0.4186 0.9070
vn -0.4158 0.4791 0.7730
vn -0.5852 0.2744 0.7630
vn 0.3131 0.6871 0.6556
vn 0.1848 0.4227 0.8872
vn 0.1291 0.3580 0.9248
vn 0.1477 0.2920 0.9449
vn 0.1511 0.4540 0.8781
vn 0.0006 0.3462 0.9382
vn 0.0723 0.5054 0.8599
vn -0.0945 0.3079 0.9467
vn 0.2670 0.7416 0.6153
vn 0.2551 0.7602 0.5976
vn 0.0518 0.5144 0.8560
vn -0.1436 0.2340 0.9616
vn 0.3315 0.7329 0.5940
vn 0.1150 0.4673 0.8766
vn 0.4651 0.8617 0.2027
vn 0.3907 0.8714 0.2968
vn 0.5598 0.7839 -0.2685
vn 0.5007 0.8639 -0.0539
vn 0.4459 0.8918 0.0771
vn 0.4458 0.8901 0.0949
vn 0.3883 0.8641 0.3203
vn 0.4452 0.8354 0.3223
vn 0.5299 0.8439 0.0839
vn 0.4590 0.8799 -0.1229
vn 0.5180 0.8422 -0.1495
vn 0.5543 0.8002 -0.2291
vn 0.3039 0.9247 -0.2293
vn 0.5568 0.6764 -0.4822
vn 0.5042 0.6732 -0.5409
vn 0.4413 0.4462 -0.7786
vn 0.3365 0.2556 -0.9063
vn 0.4200 0.4641 -0.7799
vn 0.4457 0.4809 -0.7551
vn 0.2786 0.0823 -0.9569
vn 0.3140 0.3228 -0.8929
vn 0.3368 0.2233 -0.9147
vn 0.3807 0.3538 -0.8543
vn 0.5132 0.7668 -0.3855
vn 0.4807 0.5639 -0.6715
vn 0.5555 0.8264 0.0921
vn 0.3503 0.5092 -0.7861
vn 0.4297 0.6482 -0.6287
vn 0.3836 0.5943 -0.7068
vn 0.4131 0.5558 -0.7214
vn 0.3906 0.5352 -0.7490
vn 0.4008 0.5368 -0.7424
vn -0.2953 0.0795 0.9521
vn -0.3123 -0.1106 0.9435
vn -0.1566 0.1895 0.9693
vn -0.0026 0.0931 0.9957
vn 0.1235 0.5228 0.8435
vn -0.0228 0.3244 0.9456
vn -0.0092 0.9379 0.3467
vn 0.1453 0.6160 0.7743
vn -0.0854 0.2231 0.9710
vn -0.2245 -0.0258 0.9741
vn 0.2148 0.5049 0.8360
vn 0.1109 0.2406 0.9643
vn -0.3735 -0.2943 0.8797
vn -0.6445 -0.0099 0.7646
vn -0.6996 -0.2072 0.6838
vn -0.0434 -0.0328 0.9985
vn 0.7012 0.4718 0.5345
vn 0.0859 -0.1075 0.9905
vn 0.8234 0.2586 0.5051
vn 0.8936 0.1716 0.4147
vn 0.9450 0.2872 0.1567
vn 0.9349 0.3147 0.1643
vn 0.8225 0.0191 0.5684
vn 0.8423 0.4987 0.2046
vn 0.7188 0.2286 0.6566
vn 0.9054 0.4012 0.1389
vn 0.9324 0.2167 0.2894
vn 0.8634 0.4705 0.1822
vn 0.8639 0.4417 0.2422
vn 0.8840 0.4150 0.2152
vn 0.8461 -0.0829 0.5265
vn 0.4597 -0.4915 0.7397
vn 0.5516 -0.5555 0.6222
vn 0.9463 -0.0635 0.3171
vn 0.9789 -0.0791 0.1886
vn 0.6970 -0.5339 0.4786
vn 0.2599 -0.7832 0.5648
vn 0.4585 -0.7017 0.5453
vn 0.1341 -0.7666 0.6279
vn 0.8832 -0.3382 0.3249
vn 0.9942 -0.0557 0.0917
vn 0.9173 0.0674 0.3925
vn 0.6827 -0.4053 0.6080
vn -0.0195 -0.8671 0.4978
vn -0.1169 -0.8501 0.5135
vn -0.3633 -0.8553 0.3693
vn -0.1756 -0.8197 0.5451
vn -0.6292 -0.7286 0.2705
vn 0.4675 0.5756 0.6709
vn 0.5386 0.7469 0.3898
vn 0.2291 0.7974 0.5582
vn 0.6229 0.7654 0.1619
vn 0.3322 0.9351 0.1231
vn 0.3068 0.9177 0.2525
vn -0.2433 0.9497 0.1973
vn -0.3166 0.6145 0.7226
vn -0.0397 0.2253 0.9735
vn -0.7784 0.5356 0.3275
vn -0.8105 0.4122 0.4162
vn -0.6710 0.7205 0.1749
vn -0.7633 -0.1418 0.6302
vn -0.8634 0.3338 0.3783
vn -0.7565 0.6302 0.1750
vn -0.2835 -0.6327 0.7207
vn -0.4593 -0.6504 0.6051
vn -0.8537 -0.1433 0.5006
vn -0.9188 0.2589 0.2981
vn -0.9088 -0.2218 0.3534
vn -0.0927 -0.9159 0.3906
vn -0.5936 -0.7135 0.3721
vn 0.0408 -0.7777 0.6273
vn 0.3668 -0.8084 0.4604
vn 0.8799 -0.4599 0.1197
vn 0.2321 -0.9676 0.0995
vn 0.7974 -0.6033 0.0145
vn 0.9985 -0.0492 -0.0247
vn 0.9990 0.0448 -0.0082
vn 0.8954 0.4452 0.0059
vn 0.9319 0.3626 -0.0119
vn 0.9896 -0.0664 -0.1277
vn 0.9354 0.3360 -0.1103
vn 0.6849 0.7269 -0.0492
vn 0.6443 0.7623 -0.0613
vn 0.5975 0.7980 -0.0785
vn 0.0784 0.9968 0.0123
vn 0.1309 0.9893 0.0643
vn 0.1489 0.9883 0.0324
vn 0.6459 0.7458 -0.1630
vn -0.4920 0.8611 0.1285
vn -0.5398 0.8362 0.0964
vn -0.4166 0.9012 0.1193
vn -0.0113 0.9999 0.0054
vn 0.5093 0.8542 -0.1046
vn -0.4582 0.8835 0.0974
vn -0.7800 0.6041 0.1633
vn -0.7937 0.5867 0.1608
vn -0.9466 0.2391 0.2162
vn -0.8033 0.5703 0.1718
vn -0.9272 0.2568 0.2727
vn -0.9632 0.2219 0.1514
vn -0.8206 0.5357 0.1993
vn -0.5747 0.7768 0.2576
vn -0.9850 0.1141 0.1295
vn -0.9355 -0.2782 0.2177
vn -0.9367 -0.3233 0.1341
vn -0.8960 0.3410 0.2842
vn -0.9843 -0.1765 -0.0086
vn -0.8225 -0.5686 0.0164
vn -0.5928 -0.6390 -0.4901
vn -0.3242 -0.9300 -0.1733
vn -0.4932 -0.8640 0.1013
vn 0.1549 -0.8882 -0.4325
vn -0.1561 -0.6752 -0.7209
vn 0.0023 -0.9978 0.0661
vn -0.1596 -0.9838 0.0810
vn -0.6108 -0.7785 0.1443
vn -0.2218 -0.9510 0.2156
vn 0.3650 -0.9253 0.1031
vn 0.2458 -0.9693 -0.0005
vn 0.7993 -0.5998 -0.0370
vn 0.8380 -0.5456 -0.0004
vn 0.9677 -0.1482 -0.2039
vn 0.4415 -0.8967 -0.0329
vn 0.7611 -0.6321 -0.1453
vn 0.9178 0.3648 -0.1568
vn 0.9537 -0.2230 -0.2020
vn 0.9083 0.3128 -0.2778
vn 0.8774 0.4215 0.2292
vn 0.9777 -0.2023 -0.0563
vn 0.3591 0.8664 0.3470
vn -0.1946 0.9278 0.3182
vn 0.1241 0.6871 0.7159
vn -0.3459 0.7155 0.6070
vn -0.3697 0.5734 0.7311
vn -0.0032 0.5458 0.8379
vn 0.6851 0.4251 0.5915
vn -0.6455 0.6045 0.4668
vn -0.6533 0.5024 0.5664
vn -0.7160 0.4447 0.5381
vn -0.4088 0.5156 0.7530
vn -0.1172 0.5002 0.8580
vn -0.9190 0.2846 0.2727
vn -0.9414 -0.2150 -0.2600
vn -0.9494 0.1581 0.2714
vn -0.8906 -0.0806 0.4476
vn -0.9328 -0.3111 -0.1819
vn -0.8831 -0.4607 0.0891
vn -0.7021 0.3049 0.6435
vn -0.5755 -0.6149 -0.5391
vn -0.6401 -0.7171 -0.2757
vn -0.4900 -0.5683 -0.6611
vn -0.0771 -0.6512 -0.7549
vn -0.1581 -0.6901 -0.7063
vn -0.3243 -0.7544 -0.5707
vn 0.2314 -0.7079 -0.6673
vn 0.0264 -0.9413 -0.3366
vn 0.3071 -0.5972 -0.7410
vn 0.2829 -0.6538 -0.7018
vn 0.6212 -0.5382 -0.5696
vn 0.6137 -0.5214 -0.5929
vn 0.5269 -0.7448 -0.4094
vn 0.8077 -0.4419 -0.3903
vn 0.8862 -0.4002 -0.2335
vn 0.7352 -0.6034 -0.3089
vn 0.9863 -0.0956 0.1341
vn 0.9164 0.0602 0.3958
vn 0.4559 0.4277 0.7805
vn 0.7240 -0.1311 0.6772
vn 0.2418 0.3741 0.8953
vn 0.8431 -0.5319 0.0797
vn 0.6200 -0.6819 -0.3880
vn 0.1804 -0.3550 0.9173
vn 0.4041 -0.8793 -0.2519
vn 0.4176 -0.8396 0.3475
vn -0.5957 -0.5021 0.6269
vn -0.3852 -0.9133 0.1326
vn -0.6074 -0.0233 0.7941
vn -0.4772 0.2954 0.8276
vn -0.2794 0.3780 0.8826
vn -0.1335 0.0902 0.9869
vn -0.8263 0.5394 0.1621
vn -0.8223 0.5447 0.1648
vn -0.5522 0.8336 0.0090
vn -0.4739 0.8805 -0.0059
vn 0.0841 0.9913 -0.1011
vn 0.1212 0.9812 -0.1502
vn -0.3463 0.9332 -0.0960
vn 0.1778 0.9788 -0.1016
vn 0.0584 0.9743 -0.2174
vn 0.1521 0.9157 -0.3719
vn 0.2359 0.8352 -0.4969
vn 0.0535 0.9488 -0.3113
vn 0.0565 0.8795 -0.4725
vn 0.1639 0.7016 -0.6935
vn 0.3072 0.8613 -0.4047
vn 0.1814 0.9647 -0.1910
vn 0.5251 0.6241 -0.5786
vn 0.5093 0.6665 -0.5443
vn 0.3914 0.6734 -0.6272
vn 0.3785 0.7436 -0.5512
vn 0.4970 0.7193 -0.4854
vn 0.4114 0.7617 -0.5006
vn 0.3110 0.7401 -0.5963
vn 0.2980 0.7774 -0.5539
vn 0.3028 0.8207 -0.4846
vn 0.3920 0.7987 -0.4565
vn 0.4055 0.7799 -0.4768
vn 0.2929 0.7996 -0.5243
vn 0.3350 0.7506 -0.5696
vn 0.2670 0.8341 -0.4827
vn 0.4240 0.7679 -0.4802
vn 0.2835 0.8511 -0.4419
vn 0.1594 0.9082 -0.3870
vn 0.2151 0.8319 -0.5116
vn 0.2341 0.7735 -0.5890
vn 0.1631 0.8384 -0.5201
vn -0.0090 0.9197 -0.3925
vn 0.0366 0.8740 -0.4846
vn 0.2735 0.7886 -0.5508
vn 0.3371 0.7107 -0.6174
vn 0.3248 0.7396 -0.5894
vn 0.4632 0.6459 -0.6069
vn 0.4802 0.6237 -0.6168
vn 0.4815 0.6084 -0.6309
vn 0.4928 0.5984 -0.6317
vn 0.3439 0.7284 -0.5926
vn 0.2478 0.8283 -0.5024
vn 0.1382 0.8965 -0.4209
vn 0.1803 0.9458 -0.2700
vn 0.0611 0.9216 -0.3834
vn 0.0052 0.9724 -0.2333
vn -0.1072 0.9293 -0.3534
vn -0.0331 0.9638 -0.2647
vn -0.1810 0.8954 -0.4067
vn -0.1733 0.9340 -0.3126
vn 0.1287 0.9754 -0.1792
vn -0.0204 0.9843 -0.1753
vn 0.0359 0.9261 -0.3755
vn -0.1255 0.9027 -0.4115
vn 0.3836 0.7230 -0.5746
vn 0.3920 0.7903 -0.4709
vn 0.3768 0.8422 -0.3857
vn 0.0764 0.9795 -0.1862
vn 0.7821 0.3272 -0.5303
vn 0.3770 0.8706 -0.3161
vn 0.8395 0.3510 -0.4147
vn 0.4387 0.8220 -0.3632
vn 0.0809 0.9548 -0.2862
vn 0.9168 0.2685 -0.2957
vn 0.9509 -0.0413 -0.3068
vn 0.9772 0.0550 -0.2049
vn 0.9209 0.2410 -0.3065
vn 0.9124 0.2065 -0.3533
vn 0.8678 0.3494 -0.3532
vn 0.9139 0.1713 -0.3681
vn 0.8295 0.3182 -0.4590
vn 0.8219 0.3541 -0.4462
vn 0.8909 0.1455 -0.4303
vn 0.9012 -0.0773 -0.4264
vn 0.7735 0.4455 -0.4507
vn 0.6967 0.4563 -0.5535
vn 0.7430 0.4636 -0.4828
vn 0.8130 0.3789 -0.4421
vn 0.7842 0.4903 -0.3802
vn 0.7410 0.5330 -0.4084
vn 0.8484 0.2344 -0.4747
vn 0.7259 0.5761 -0.3757
vn 0.8631 0.0108 -0.5049
vn 0.7731 0.4355 -0.4612
vn 0.8278 0.2699 -0.4918
vn 0.7627 0.5188 -0.3862
vn 0.8646 0.3272 -0.3814
vn 0.7233 0.5809 -0.3733
vn 0.7655 0.3534 -0.5377
vn 0.7412 0.2811 -0.6096
vn 0.4489 0.7076 -0.5457
vn 0.8070 0.4229 -0.4122
vn 0.4545 0.8058 -0.3796
vn 0.0211 0.8991 -0.4372
vn 0.1188 0.9446 -0.3059
vn 0.1588 0.9421 -0.2952
vn 0.0106 0.9694 -0.2452
vn 0.2007 0.9299 -0.3082
vn 0.2931 0.9115 -0.2884
vn 0.7267 0.5212 -0.4475
vn 0.7160 0.5882 -0.3759
vn 0.7241 0.5111 -0.4630
vn 0.7220 0.5666 -0.3970
vn 0.7123 0.6061 -0.3540
vn 0.7127 0.5488 -0.4370
vn 0.6806 0.5753 -0.4537
vn 0.6581 0.5751 -0.4859
vn 0.6868 0.4922 -0.5349
vn 0.6322 0.6443 -0.4304
vn 0.6238 0.6680 -0.4059
vn 0.6339 0.6363 -0.4396
vn 0.5622 0.7008 -0.4391
vn 0.3993 0.8154 -0.4192
vn 0.4619 0.8052 -0.3719
vn 0.2519 0.9230 -0.2908
vn 0.2502 0.9171 -0.3104
vn 0.4709 0.7933 -0.3860
vn 0.2795 0.8617 -0.4236
vn 0.4508 0.6994 -0.5546
vn 0.3154 0.7420 -0.5916
vn 0.4148 0.6775 -0.6074
vn 0.3948 0.7374 -0.5481
vn 0.5561 0.6363 -0.5346
vn 0.4469 0.7544 -0.4808
vn 0.4668 0.7847 -0.4079
vn 0.5072 0.7241 -0.4674
vn 0.6469 0.6508 -0.3974
vn 0.6110 0.6700 -0.4216
vn 0.5006 0.7411 -0.4475
vn 0.7051 0.5921 -0.3902
vn 0.6712 0.5561 -0.4902
vn 0.5873 0.6228 -0.5169
vn 0.5083 0.7101 -0.4872
vn 0.5588 0.6051 -0.5671
vn 0.5210 0.6863 -0.5075
vn 0.6465 0.5306 -0.5482
vn 0.6439 0.5279 -0.5538
vn 0.6886 0.4796 -0.5439
vn 0.6707 0.5395 -0.5091
vn 0.6105 0.5593 -0.5608
vn 0.5638 0.5986 -0.5690
vn 0.6684 0.5741 -0.4730
vn 0.6473 0.5355 -0.5425
vn 0.6205 0.5572 -0.5518
vn 0.5588 0.5848 -0.5880
vn 0.6100 0.5425 -0.5776
vn 0.6512 0.5245 -0.5485
vn 0.7458 0.4982 -0.4422
vn 0.6708 0.5118 -0.5367
vn 0.6647 0.5313 -0.5253
vn 0.5189 0.6433 -0.5630
vn 0.5511 0.6307 -0.5464
vn 0.7181 0.4258 -0.5504
vn 0.8510 0.1593 -0.5004
vn 0.8088 0.2858 -0.5141
vn 0.8944 -0.0637 -0.4427
vn 0.8818 0.0301 -0.4706
vn 0.8307 0.1773 -0.5277
vn 0.8588 0.1695 -0.4834
vn 0.3907 0.7850 -0.4807
vn 0.2448 0.8537 -0.4596
vn 0.0170 0.9362 -0.3511
vn 0.0394 0.8976 -0.4390
vn 0.4932 0.6602 -0.5665
vn 0.1170 0.8725 -0.4744
vn 0.2451 0.7920 -0.5592
vn 0.2157 0.8817 -0.4196
vn 0.0046 0.9157 -0.4019
vn 0.1983 0.8418 -0.5021
vn 0.3222 0.8261 -0.4624
vn 0.2942 0.8672 -0.4018
vn 0.1465 0.9499 -0.2761
vn 0.4056 0.6562 -0.6363
vn 0.7216 0.3556 -0.5940
vn 0.7965 0.0326 -0.6038
vn 0.4123 0.4251 -0.8058
vn 0.3456 0.4887 -0.8011
vn 0.2912 0.5089 -0.8101
vn 0.5715 0.4106 -0.7105
vn 0.5951 0.4371 -0.6744
vn 0.3152 0.4311 -0.8455
vn 0.7012 -0.0260 -0.7125
vn 0.1413 0.2324 -0.9623
vn 0.5389 0.3226 -0.7781
vn 0.1952 0.4681 -0.8618
vn 0.2650 0.5479 -0.7935
vn 0.3161 0.5423 -0.7784
vn 0.2539 0.5730 -0.7792
vn 0.3354 0.5755 -0.7458
vn 0.3017 0.5442 -0.7829
vn 0.7505 0.5854 -0.3068
vn 0.6671 0.4719 -0.5764
vn 0.8507 0.3195 0.4175
vn 0.7755 0.5705 -0.2705
vn 0.8084 0.4718 0.3519
vn 0.7896 0.5840 -0.1884
vn 0.3560 0.5172 -0.7783
vn 0.3423 0.5500 -0.7618
vn 0.3731 0.5477 -0.7489
vn 0.3528 0.5509 -0.7563
vn 0.5285 0.6122 -0.5881
vn 0.5205 0.6043 -0.6032
vn 0.5371 0.6207 -0.5712
vn 0.5233 0.6167 -0.5881
vn 0.5245 0.6216 -0.5818
vn 0.5796 0.5858 -0.5664
vn 0.5431 0.5995 -0.5880
vn 0.5674 0.5842 -0.5803
vn 0.4995 0.6243 -0.6007
vn 0.5183 0.6271 -0.5814
vn 0.4512 0.6629 -0.5974
vn 0.5204 0.6548 -0.5482
vn 0.5284 0.6386 -0.5595
vn 0.5352 0.6306 -0.5620
vn 0.4957 0.6776 -0.5433
vn 0.4660 0.6477 -0.6028
vn 0.4399 0.7227 -0.5331
vn 0.4707 0.6974 -0.5404
vn 0.5202 0.6571 -0.5454
vn 0.4873 0.7278 -0.4826
vn 0.4279 0.7346 -0.5265
vn 0.4852 0.7467 -0.4549
vn 0.4454 0.7913 -0.4189
vn 0.3779 0.7909 -0.4813
vn 0.3369 0.8336 -0.4377
vn 0.4294 0.7368 -0.5222
vn 0.2673 0.8229 -0.5013
vn 0.4087 0.8306 -0.3782
vn 0.3516 0.7860 -0.5085
vn 0.4634 0.7614 -0.4534
vn 0.3558 0.8134 -0.4602
vn 0.3768 0.8160 -0.4384
vn 0.3499 0.7960 -0.4939
vn 0.4081 0.8175 -0.4063
vn 0.4769 0.7776 -0.4099
vn 0.4729 0.7704 -0.4276
vn 0.4108 0.8055 -0.4271
vn 0.3456 0.8129 -0.4688
vn 0.3586 0.8280 -0.4310
vn 0.3142 0.8627 -0.3963
vn 0.3186 0.8233 -0.4698
vn 0.2001 0.9245 -0.3244
vn 0.1883 0.9547 -0.2305
vn 0.2198 0.9075 -0.3579
vn -0.0129 0.9621 -0.2724
vn -0.2631 0.9339 -0.2421
vn -0.3454 0.7668 -0.5410
vn 0.1676 0.8554 -0.4902
vn 0.0796 0.8345 -0.5452
vn -0.4219 0.6747 -0.6056
vn -0.6725 0.5149 -0.5317
vn -0.6220 0.6002 -0.5028
vn -0.3203 0.8750 -0.3629
vn -0.4792 0.6514 -0.5883
vn -0.4282 0.7103 -0.5587
vn -0.6570 0.6872 -0.3099
vn -0.5701 0.7949 -0.2076
vn -0.5253 0.7978 -0.2961
vn 0.0345 0.8020 -0.5963
vn -0.1704 0.9545 -0.2449
vn 0.1274 0.9754 -0.1798
vn -0.0116 0.8753 -0.4835
vn -0.4018 0.8619 -0.3094
vn 0.2827 0.8528 -0.4391
vn 0.2134 0.9615 -0.1733
vn 0.2443 0.8366 -0.4902
vn 0.2528 0.6936 -0.6746
vn 0.2688 0.6061 -0.7486
vn 0.1537 0.9207 -0.3587
vn 0.1001 0.9649 -0.2429
vn 0.2133 0.8268 -0.5205
vn 0.2540 0.9333 -0.2538
vn 0.3040 0.7188 -0.6253
vn 0.2888 0.8811 -0.3746
vn 0.3486 0.6951 -0.6287
vn 0.4132 0.7786 -0.4723
vn -0.0143 0.7363 -0.6765
vn -0.1496 0.8114 -0.5651
vn -0.1220 0.7346 -0.6675
vn -0.0111 0.7500 -0.6614
vn 0.2868 0.7676 -0.5732
vn 0.0111 0.7785 -0.6276
vn 0.0871 0.8963 -0.4349
vn -0.4156 0.7723 -0.4805
vn -0.6581 0.5999 -0.4550
vn -0.3251 0.8990 -0.2933
vn 0.1417 0.9690 -0.2025
vn 0.6461 0.7248 -0.2391
vn 0.6319 0.7724 -0.0645
vn 0.1522 0.9804 -0.1249
vn -0.2533 0.9485 -0.1905
vn 0.6140 0.7880 -0.0458
vn 0.8843 0.4657 0.0335
vn 0.8897 0.4542 0.0452
vn 0.9492 0.3057 -0.0752
vn 0.9650 0.2255 0.1342
vn 0.9979 0.0509 -0.0403
vn 0.9354 0.3479 -0.0634
vn 0.8219 0.5591 -0.1090
vn 0.7835 0.5676 -0.2530
vn 0.7164 0.5896 -0.3730
vn 0.6781 0.6526 -0.3381
vn 0.7388 0.6085 -0.2898
vn 0.8170 0.4955 -0.2950
vn 0.6474 0.6822 -0.3399
vn 0.8430 0.4188 -0.3377
vn 0.4709 0.7788 -0.4145
vn 0.8189 0.4053 -0.4065
vn 0.6702 0.5316 -0.5178
vn 0.4034 0.7711 -0.4926
vn 0.3418 0.7684 -0.5410
vn 0.8963 0.1467 -0.4185
vn 0.6752 0.3074 -0.6705
vn 0.4675 0.5805 -0.6666
vn 0.5657 0.5840 -0.5822
vn 0.4010 0.7218 -0.5640
vn 0.2705 0.6998 -0.6612
vn 0.2661 0.7693 -0.5809
vn 0.0479 0.8482 -0.5275
vn 0.1177 0.7363 -0.6663
vn 0.2331 0.7142 -0.6600
vn -0.0314 0.7006 -0.7129
vn 0.1816 0.6499 -0.7380
vn -0.2715 0.8054 -0.5269
vn 0.4904 0.7888 -0.3705
vn 0.5537 0.7779 -0.2971
vn 0.6178 0.7517 -0.2306
vn 0.6711 0.7316 0.1195
vn 0.6988 0.6873 0.1983
vn 0.3784 0.7796 -0.4991
vn -0.1079 0.5945 -0.7968
vn 0.6733 0.7393 0.0097
vn 0.2766 0.7285 -0.6267
vn -0.2051 0.5763 -0.7911
vn 0.2902 0.6560 -0.6968
vn 0.6879 0.7255 -0.0226
vn 0.3606 0.6346 -0.6836
vn 0.6956 0.7180 -0.0237
vn 0.0032 0.5974 -0.8019
vn 0.1810 0.5268 -0.8305
vn 0.2605 0.6864 -0.6790
vn 0.1949 0.6804 -0.7064
vn 0.3009 0.7379 -0.6042
vn 0.1476 0.7820 -0.6056
vn 0.1183 0.6885 -0.7155
vn 0.0756 0.8062 -0.5868
vn -0.1649 0.6710 -0.7229
vn -0.2189 0.7939 -0.5673
vn 0.1435 0.8471 -0.5117
vn -0.2845 0.8430 -0.4566
vn 0.0245 0.8815 -0.4716
vn -0.3878 0.8302 -0.4004
vn -0.2232 0.8958 -0.3843
vn 0.0964 0.8658 -0.4911
vn -0.3863 0.8793 -0.2784
vn -0.5480 0.8261 -0.1315
vn -0.1255 0.9195 -0.3725
vn -0.3704 0.9044 -0.2119
vn -0.5863 0.8023 -0.1120
vn 0.1355 0.8607 -0.4907
vn 0.1107 0.8713 -0.4780
vn 0.0638 0.9049 -0.4208
vn -0.4975 0.7859 -0.3672
vn 0.0338 0.8701 -0.4917
vn 0.0174 0.8604 -0.5094
vn -0.4914 0.6914 -0.5296
vn -0.5967 0.7347 -0.3228
vn -0.3484 0.9246 -0.1538
vn 0.1383 0.9736 -0.1814
vn -0.0378 0.9237 -0.3812
vn 0.6020 0.7774 -0.1826
vn -0.0563 0.8756 -0.4798
vn 0.3781 0.7692 -0.5151
vn 0.4554 0.7110 -0.5359
vn 0.4579 0.6761 -0.5772
vn 0.3943 0.6391 -0.6603
vn 0.2465 0.5063 -0.8264
vn 0.4693 0.6279 -0.6209
vn 0.2856 0.5227 -0.8032
vn 0.4979 0.6339 -0.5919
vn 0.3254 0.5368 -0.7784
vn 0.3775 0.6197 -0.6881
vn 0.3743 0.6442 -0.6670
vn 0.7598 0.6289 -0.1649
vn 0.7951 0.5681 -0.2122
vn 0.8005 0.5207 0.2969
vn 0.8139 0.5241 0.2507
vn 0.7192 0.6914 -0.0682
vn 0.8098 0.5386 0.2328
vn 0.6871 0.4187 0.5938
vn 0.6667 0.4500 0.5941
vn 0.8031 0.5554 0.2159
vn 0.6482 0.5104 0.5650
vn 0.4042 0.1897 0.8948
vn 0.3939 0.1844 0.9005
vn 0.3239 0.1780 0.9292
vn 0.6577 0.6419 0.3943
vn 0.7254 0.6548 0.2125
vn 0.5141 0.4535 0.7280
vn 0.4926 0.5424 0.6806
vn 0.1997 0.1913 0.9610
vn 0.1413 0.2489 0.9582
vn 0.4818 0.5657 0.6692
vn 0.6354 0.7122 0.2985
vn 0.7026 0.6979 0.1389
vn 0.5883 0.7766 0.2254
vn 0.6913 0.7105 0.1317
vn 0.7556 0.6149 0.2258
vn 0.7178 0.6354 0.2847
vn 0.6689 0.7341 0.1168
vn 0.6866 0.6553 0.3148
vn 0.5961 0.7609 0.2564
vn 0.6375 0.7574 0.1411
vn 0.6775 0.6667 0.3107
vn 0.6738 0.6998 0.2373
vn 0.4933 0.5267 0.6923
vn 0.5198 0.4753 0.7098
vn 0.7111 0.6571 0.2502
vn 0.6269 0.7709 0.1130
vn 0.5431 0.4435 0.7130
vn 0.2567 0.1518 0.9545
vn 0.2742 0.1642 0.9475
vn 0.2103 0.1932 0.9583
vn -0.1090 -0.0536 0.9926
vn -0.0409 -0.0901 0.9951
vn -0.0003 -0.1090 0.9940
vn 0.5412 0.4767 0.6927
vn 0.2147 0.1932 0.9574
vn 0.2397 0.2167 0.9463
vn -0.0108 -0.1218 0.9925
vn -0.0147 -0.1646 0.9863
vn 0.5823 0.5038 0.6380
vn 0.6955 0.6532 0.2993
vn 0.7586 0.6503 0.0403
vn 0.7509 0.6097 0.2538
vn 0.8327 0.5503 0.0611
vn 0.7106 0.6781 0.1875
vn 0.7468 0.6433 0.1689
vn 0.6717 0.6906 0.2680
vn 0.7221 0.6313 0.2829
vn 0.7088 0.6577 0.2551
vn 0.7375 0.6157 0.2775
vn 0.7272 0.6686 -0.1555
vn 0.7911 0.5982 -0.1273
vn 0.7583 0.5967 0.2627
vn 0.7515 0.6305 0.1945
vn 0.8392 0.5387 -0.0749
vn 0.7717 0.5872 0.2443
vn 0.7614 0.6111 0.2164
vn 0.7460 0.6320 0.2102
vn 0.8049 0.5898 0.0654
vn 0.7833 0.6128 0.1049
vn 0.7454 0.6217 0.2407
vn 0.7876 0.5714 0.2304
vn 0.7764 0.5980 0.1992
vn 0.6407 0.4916 0.5898
vn 0.6412 0.5775 0.5053
vn 0.7414 0.6618 0.1111
vn 0.7354 0.6661 0.1244
vn 0.2999 0.0215 0.9537
vn 0.6869 0.4452 0.5744
vn 0.3125 0.1542 0.9373
vn -0.1451 -0.4700 0.8707
vn -0.0133 -0.4219 0.9066
vn 0.0212 -0.2557 0.9665
vn -0.1409 -0.4677 0.8726
vn -0.1836 -0.6083 0.7722
vn -0.2975 -0.6511 0.6982
vn -0.2062 -0.4477 0.8701
vn -0.2292 -0.4025 0.8863
vn -0.3490 -0.5917 0.7267
vn -0.2406 -0.5550 0.7963
vn -0.2289 -0.6045 0.7630
vn -0.3288 -0.6577 0.6777
vn -0.4569 -0.5261 0.7173
vn -0.3888 -0.6227 0.6790
vn -0.2500 -0.3795 0.8908
vn -0.3939 -0.5202 0.7578
vn -0.4375 -0.5677 0.6973
vn -0.3705 -0.3266 0.8695
vn -0.5224 -0.4598 0.7181
vn -0.3240 -0.4808 0.8148
vn -0.4631 -0.3809 0.8003
vn -0.4198 -0.2631 0.8686
vn -0.4370 -0.1946 0.8782
vn -0.4330 -0.1320 0.8917
vn -0.1703 -0.0032 0.9854
vn -0.1998 -0.0403 0.9790
vn 0.1404 0.2549 0.9567
vn -0.1187 -0.0802 0.9897
vn -0.3314 -0.2239 0.9165
vn -0.1794 -0.2655 0.9473
vn -0.0011 -0.1159 0.9933
vn -0.0785 -0.2608 0.9622
vn 0.0763 -0.0990 0.9922
vn 0.0945 -0.0536 0.9941
vn -0.0363 -0.1997 0.9792
vn -0.0853 -0.3247 0.9420
vn -0.1986 -0.3462 0.9169
vn -0.0152 -0.2643 0.9643
vn 0.0113 -0.1545 0.9879
vn 0.0605 -0.1481 0.9871
vn -0.0348 -0.2503 0.9675
vn -0.0753 -0.3759 0.9236
vn -0.0522 -0.2632 0.9633
vn 0.1511 -0.1054 0.9829
vn 0.1239 -0.1071 0.9865
vn -0.0539 -0.3158 0.9473
vn 0.1105 -0.0490 0.9927
vn 0.1474 -0.0691 0.9867
vn 0.3623 0.1364 0.9220
vn 0.4003 0.1806 0.8984
vn 0.6898 0.3970 0.6054
vn 0.6541 0.3943 0.6455
vn 0.3598 0.1259 0.9245
vn 0.5703 0.1769 0.8022
vn 0.8272 0.3368 0.4498
vn -0.4403 -0.4541 0.7746
vn -0.6946 -0.4998 0.5174
vn -0.3739 -0.4295 0.8220
vn -0.6757 -0.5678 0.4702
vn -0.3070 -0.5401 0.7836
vn -0.6342 -0.5487 0.5448
vn -0.5784 -0.6261 0.5229
vn -0.7895 -0.4775 0.3855
vn -0.7752 -0.5567 0.2987
vn -0.7464 -0.6211 0.2390
vn -0.8033 -0.5527 0.2219
vn -0.5845 -0.5918 0.5551
vn -0.6192 -0.5132 0.5943
vn -0.8495 -0.4752 0.2293
vn -0.5605 -0.5269 0.6389
vn -0.8265 -0.4946 0.2688
vn -0.9277 -0.3728 -0.0212
vn -0.7183 -0.5742 0.3930
vn -0.8598 -0.5013 0.0965
vn -0.7386 -0.6226 0.2586
vn -0.5684 -0.6253 0.5348
vn -0.3052 -0.5892 0.7481
vn -0.4299 -0.5883 0.6849
vn -0.2548 -0.5380 0.8035
vn -0.2648 -0.5130 0.8165
vn -0.3223 -0.4914 0.8091
vn -0.3122 -0.5179 0.7964
vn -0.2671 -0.4705 0.8410
vn -0.1999 -0.4520 0.8693
vn -0.3325 -0.3617 0.8710
vn -0.1317 -0.4190 0.8984
vn -0.3020 -0.5420 0.7842
vn -0.2819 -0.5750 0.7680
vn -0.2221 -0.5756 0.7870
vn -0.2987 -0.5870 0.7525
vn -0.4454 -0.5950 0.6691
vn -0.2628 -0.5132 0.8170
vn -0.3262 -0.5699 0.7542
vn -0.2894 -0.4844 0.8256
vn -0.3553 -0.5824 0.7312
vn -0.3472 -0.5679 0.7462
vn -0.4431 -0.7825 0.4374
vn -0.3336 -0.5642 0.7552
vn -0.4540 -0.8278 0.3296
vn -0.4860 -0.8107 0.3265
vn -0.3252 -0.5541 0.7663
vn -0.5148 -0.8169 0.2602
vn -0.2944 -0.4918 0.8194
vn -0.2931 -0.4994 0.8153
vn -0.3089 -0.5218 0.7952
vn -0.3080 -0.5161 0.7993
vn -0.2503 -0.4930 0.8332
vn -0.3409 -0.5530 0.7602
vn -0.2840 -0.5057 0.8146
vn -0.2778 -0.4664 0.8398
vn -0.2481 -0.6036 0.7577
vn -0.2616 -0.4791 0.8379
vn -0.2359 -0.4422 0.8653
vn 0.2134 0.0414 0.9761
vn 0.2679 -0.0581 0.9617
vn 0.6661 0.6020 0.4404
vn 0.6864 0.6981 0.2039
vn 0.7140 0.6702 0.2026
vn 0.6279 0.6911 0.3581
vn 0.6803 0.6809 0.2711
vn 0.6797 0.7334 -0.0148
vn 0.7994 0.5981 -0.0566
vn 0.5933 0.7960 0.1199
vn 0.5702 0.7842 0.2448
vn 0.5665 0.6862 0.4563
vn 0.5502 0.7479 -0.3715
vn 0.5138 0.6891 -0.5110
vn 0.6054 0.7658 -0.2170
vn 0.4074 0.6207 -0.6699
vn 0.4042 0.5556 -0.7265
vn 0.3518 0.5495 -0.7578
vn 0.4845 0.6821 -0.5478
vn 0.5978 0.7929 -0.1184
vn 0.6035 0.7973 -0.0151
vn 0.4174 0.6364 -0.6487
vn 0.5470 0.8368 0.0228
vn 0.4843 0.7401 -0.4667
vn 0.4417 0.6561 -0.6119
vn 0.4880 0.7144 -0.5014
vn 0.5048 0.7917 -0.3440
vn 0.5386 0.7316 -0.4180
vn 0.5047 0.7928 -0.3416
vn 0.5525 0.7186 -0.4222
vn 0.5538 0.7058 -0.4419
vn 0.5197 0.7707 -0.3687
vn 0.5226 0.6992 -0.4878
vn 0.4804 0.7942 -0.3721
vn 0.4924 0.7823 -0.3814
vn 0.4879 0.7543 -0.4394
vn 0.5412 0.7297 -0.4179
vn 0.5459 0.7516 -0.3703
vn 0.5551 0.7424 -0.3751
vn 0.6121 0.6804 -0.4029
vn 0.6493 0.6799 -0.3408
vn 0.6883 0.6336 -0.3532
vn 0.7051 0.5957 -0.3846
vn 0.5673 0.7013 -0.4317
vn 0.6563 0.6468 -0.3884
vn 0.5151 0.6757 -0.5273
vn 0.5940 0.6460 -0.4794
vn 0.8150 0.3478 -0.4636
vn 0.5750 0.3259 -0.7505
vn 0.6835 0.1571 -0.7128
vn 0.6705 0.4036 -0.6225
vn 0.6712 0.3973 -0.6258
vn 0.5010 0.4734 -0.7245
vn 0.5718 0.5559 -0.6034
vn 0.4689 0.6856 -0.5569
vn 0.4977 0.7329 -0.4638
vn 0.6024 0.6772 -0.4226
vn 0.8750 0.4560 -0.1625
vn 0.6924 0.6174 -0.3732
vn 0.9792 0.1107 -0.1703
vn 0.8838 0.4240 -0.1980
vn 0.8464 0.4170 -0.3313
vn 0.5921 0.6107 -0.5258
vn 0.7546 0.4765 -0.4511
vn 0.5373 0.6875 -0.4885
vn 0.5248 0.5778 -0.6251
vn 0.6144 0.5496 -0.5661
vn 0.5601 0.5430 -0.6256
vn 0.4826 0.5827 -0.6539
vn 0.4869 0.5660 -0.6653
vn 0.5413 0.5568 -0.6301
vn 0.5036 0.6592 -0.5584
vn 0.5141 0.6962 -0.5011
vn 0.4583 0.6717 -0.5820
vn 0.4792 0.7668 -0.4271
vn 0.4651 0.7009 -0.5408
vn 0.4372 0.6105 -0.6604
vn 0.4160 0.6284 -0.6573
vn 0.4041 0.8197 -0.4059
vn 0.3841 0.6150 -0.6886
vn 0.3472 0.6781 -0.6478
vn 0.8753 0.3694 -0.3121
vn 0.9733 0.1574 -0.1669
vn 0.9402 0.2776 -0.1973
vn 0.9695 0.1720 -0.1749
vn 0.6494 0.6191 -0.4417
vn 0.9727 0.1071 -0.2061
vn 0.6787 0.5580 -0.4775
vn -0.7394 -0.5629 0.3693
vn -0.7434 -0.5838 0.3263
vn -0.6910 -0.6529 0.3103
vn -0.6764 -0.6758 0.2929
vn 0.3842 0.6301 -0.6748
vn 0.7474 0.3862 -0.5406
vn 0.7052 0.4168 -0.5735
vn 0.6609 0.3381 -0.6700
vn 0.5884 0.4948 -0.6395
vn 0.5587 0.4051 -0.7237
vn 0.5839 0.4409 -0.6817
vn 0.5424 0.4850 -0.6859
vn 0.5728 0.3904 -0.7208
vn 0.5856 0.3580 -0.7273
vn 0.6000 0.1987 -0.7749
vn 0.5966 0.1085 -0.7952
vn 0.5777 0.2233 -0.7851
vn 0.6659 0.0492 -0.7444
vn 0.6373 0.2967 -0.7112
vn 0.5960 0.4518 -0.6638
vn 0.4148 0.6428 -0.6441
vn 0.5029 0.5957 -0.6263
vn 0.6780 0.4651 -0.5692
vn 0.2552 0.9387 -0.2319
vn 0.4554 0.8490 -0.2681
vn 0.1907 0.9815 -0.0141
vn 0.1310 0.9898 -0.0553
vn 0.2979 0.9505 -0.0883
vn 0.5593 0.7856 -0.2648
vn 0.2499 0.9667 -0.0547
vn 0.7787 0.3414 -0.5264
vn 0.7810 0.3458 -0.5201
vn -0.1693 0.9847 -0.0425
vn -0.1955 0.9769 -0.0862
vn -0.9145 -0.2520 0.3166
vn -0.5354 -0.6869 0.4915
vn -0.8493 -0.2677 0.4550
vn -0.8937 -0.3775 0.2426
vn 0.0607 -0.8720 0.4856
vn -0.4653 -0.8635 -0.1948
vn -0.5117 -0.8120 0.2806
vn -0.5066 -0.8489 -0.1510
vn -0.4748 -0.8202 0.3190
vn -0.4917 -0.8146 0.3076
vn -0.4446 -0.8416 0.3066
vn -0.4367 -0.8202 0.3696
vn -0.4047 -0.8577 0.3172
vn -0.4181 -0.8171 0.3969
vn 0.1642 -0.8936 0.4177
vn -0.0031 -0.8081 0.5891
vn -0.4234 -0.7615 0.4907
vn -0.3170 -0.7877 0.5282
vn 0.0696 -0.9699 0.2335
vn -0.4315 -0.8474 0.3094
vn -0.5409 -0.8296 -0.1382
vn -0.8060 -0.5378 -0.2473
vn -0.3129 -0.7680 0.5588
vn -0.4240 -0.7418 0.5196
vn -0.3136 -0.7622 0.5664
vn 0.7920 0.1482 0.5923
vn -0.5821 -0.6855 -0.4374
vn -0.0766 -0.9952 0.0604
vn -0.0460 -0.9272 0.3717
vn -0.1884 -0.7975 0.5732
vn -0.2087 -0.7914 0.5745
vn -0.3200 -0.8162 0.4811
vn -0.3282 -0.5286 0.7828
vn -0.5404 -0.7823 -0.3097
vn -0.5385 -0.8279 -0.1568
vn -0.5646 -0.7583 0.3258
vn -0.5369 -0.8126 0.2270
vn -0.6628 -0.7254 0.1856
vn -0.6836 -0.6704 0.2885
vn -0.4750 -0.8792 0.0370
vn -0.3634 -0.8845 -0.2925
vn -0.6327 -0.7744 -0.0081
vn -0.5058 -0.8411 -0.1916
vn -0.6347 -0.7720 0.0353
vn -0.5455 -0.8380 0.0113
vn -0.6851 -0.7117 0.1554
vn -0.3390 -0.8826 -0.3258
vn -0.1796 -0.8264 -0.5337
vn -0.3975 -0.8954 -0.2006
vn -0.4403 -0.8918 0.1042
vn -0.3207 -0.9467 -0.0315
vn -0.4833 -0.8575 0.1763
vn -0.2252 -0.9404 0.2548
vn -0.2352 -0.9082 0.3462
vn -0.3308 -0.9150 0.2307
vn -0.2830 -0.9429 0.1754
vn -0.4756 -0.8413 0.2570
vn -0.4162 -0.8894 0.1889
vn -0.1949 -0.9244 0.3278
vn -0.0965 -0.9162 0.3890
vn -0.3884 -0.8477 0.3613
vn -0.4421 -0.8177 0.3686
vn -0.0233 -0.9608 0.2764
vn -0.3247 -0.8443 0.4263
vn -0.6571 -0.6773 0.3308
vn -0.6840 -0.6516 0.3279
vn -0.6506 -0.6796 0.3389
vn -0.6718 -0.6460 0.3625
vn -0.6509 -0.6668 0.3629
vn -0.6848 -0.6400 0.3484
vn -0.6542 -0.6697 0.3514
vn -0.6336 -0.6458 0.4260
vn -0.3107 -0.8359 0.4525
vn -0.6951 -0.6563 0.2934
vn -0.4674 -0.8216 0.3262
vn -0.3538 -0.9123 0.2064
vn -0.3791 -0.8478 0.3709
vn -0.3712 -0.7966 0.4771
vn -0.3828 -0.7632 0.5205
vn -0.4014 -0.8096 0.4283
vn -0.3727 -0.8331 0.4086
vn -0.3914 -0.8704 0.2988
vn -0.5142 -0.7522 0.4120
vn -0.6336 -0.6910 0.3480
vn -0.5342 -0.7572 0.3760
vn -0.6107 -0.7090 0.3526
vn -0.7064 -0.6313 0.3201
vn -0.6388 -0.6777 0.3642
vn -0.7135 -0.6116 0.3419
vn -0.5356 -0.7472 0.3935
vn -0.6369 -0.6521 0.4113
vn -0.5436 -0.7319 0.4109
vn -0.3502 -0.8338 0.4267
vn -0.2898 -0.9028 0.3177
vn -0.6710 -0.6078 0.4246
vn -0.7295 -0.5778 0.3660
vn -0.7500 -0.5761 0.3251
vn -0.6240 -0.6244 0.4698
vn -0.7705 -0.5471 0.3272
vn -0.5972 -0.7054 0.3817
vn -0.3626 -0.8272 0.4291
vn -0.2588 -0.9307 0.2584
vn -0.1316 -0.9409 0.3122
vn -0.4167 -0.8986 0.1375
vn -0.0545 -0.9984 -0.0122
vn -0.1964 -0.9609 0.1951
vn -0.4735 -0.8351 0.2800
vn 0.0123 -0.9573 0.2888
vn -0.0406 -0.9878 0.1506
vn -0.2626 -0.8763 0.4038
vn -0.5815 -0.6602 0.4754
vn -0.7566 -0.5835 0.2951
vn -0.6801 -0.5598 0.4733
vn -0.5005 -0.6793 0.5367
vn -0.7154 -0.4941 0.4940
vn -0.6819 -0.5382 0.4953
vn -0.6204 -0.6451 0.4461
vn -0.8137 -0.3901 0.4310
vn -0.6371 -0.6284 0.4463
vn -0.7570 -0.5580 0.3399
vn -0.7173 -0.6213 0.3154
vn -0.6780 -0.5935 0.4336
vn -0.8564 -0.4313 0.2839
vn -0.5182 -0.8066 0.2842
vn -0.3538 -0.8529 0.3840
vn -0.8217 -0.5619 0.0956
vn -0.4903 -0.8443 0.2162
vn -0.7456 -0.6663 -0.0123
vn -0.3772 -0.8196 0.4313
vn -0.9099 -0.4085 -0.0726
vn -0.8813 -0.2367 -0.4090
vn -0.7996 -0.5848 -0.1366
vn -0.7932 -0.3633 -0.4888
vn -0.9870 -0.1403 0.0783
vn -0.9648 -0.2412 0.1052
vn -0.9036 0.1228 -0.4103
vn -0.6196 0.2385 -0.7478
vn -0.5049 0.2161 -0.8357
vn -0.0176 0.7779 -0.6282
vn -0.0075 0.6854 -0.7281
vn -0.1834 0.4982 -0.8474
vn -0.3848 0.2926 -0.8754
vn 0.1451 0.8413 -0.5208
vn 0.2830 0.6019 -0.7467
vn 0.3440 0.7363 -0.5827
vn 0.5544 0.3508 -0.7547
vn 0.6186 0.4806 -0.6215
vn 0.7987 0.1963 -0.5688
vn 0.6848 0.1033 -0.7214
vn 0.7295 0.0692 -0.6805
vn 0.8411 0.2842 -0.4601
vn 0.8801 0.2821 -0.3819
vn 0.7261 0.5162 -0.4542
vn 0.7183 0.3085 -0.6236
vn 0.6828 0.3532 -0.6395
vn 0.5311 -0.2070 -0.8217
vn 0.5120 -0.3108 -0.8008
vn 0.4328 -0.1383 -0.8908
vn 0.3638 -0.0518 -0.9300
vn 0.6384 0.4071 -0.6532
vn -0.1168 -0.5858 -0.8020
vn -0.2638 -0.8926 -0.3656
vn 0.1686 -0.5595 -0.8115
vn -0.0439 -0.9160 -0.3987
vn 0.3146 -0.5952 -0.7394
vn 0.1301 -0.8728 -0.4705
vn 0.3874 -0.5830 -0.7142
vn 0.1624 -0.9392 -0.3027
vn 0.3305 -0.8157 -0.4749
vn 0.5233 -0.6263 -0.5779
vn 0.5517 -0.4732 -0.6868
vn 0.5928 -0.6021 -0.5349
vn 0.3164 -0.8807 -0.3526
vn 0.6850 -0.4053 -0.6054
vn 0.6801 -0.2785 -0.6781
vn 0.6413 -0.2396 -0.7289
vn 0.6723 0.0503 -0.7385
vn 0.6838 -0.0640 -0.7269
vn 0.2551 -0.0041 -0.9669
vn 0.4706 0.2408 -0.8488
vn 0.5541 0.2924 -0.7794
vn 0.0210 -0.4087 -0.9124
vn 0.5572 -0.3054 -0.7721
vn 0.4025 -0.6056 -0.6864
vn -0.1324 0.1660 -0.9772
vn 0.1445 0.3883 -0.9101
vn -0.4114 -0.1896 -0.8915
vn -0.4700 0.3725 -0.8002
vn -0.1999 0.4856 -0.8510
vn -0.7434 0.1034 -0.6608
vn -0.5639 -0.5239 -0.6384
vn -0.8689 -0.2803 -0.4081
vn -0.2754 -0.9173 -0.2877
vn -0.5243 -0.8085 -0.2674
vn -0.8223 -0.5605 -0.0980
vn -0.6218 -0.7774 -0.0947
vn -0.8532 -0.5211 0.0208
vn -0.9190 -0.3917 0.0441
vn -0.6179 -0.7833 0.0680
vn -0.3817 -0.9179 -0.1085
vn -0.2447 -0.9678 0.0594
vn -0.4678 -0.7783 0.4189
vn -0.8656 -0.3965 0.3057
vn -0.2900 -0.8675 0.4042
vn -0.0874 -0.9173 0.3885
vn -0.0152 -0.9277 0.3731
vn 0.2156 -0.9687 0.1230
vn -0.2052 -0.9513 0.2301
vn 0.4583 -0.8746 0.1583
vn 0.3771 -0.9177 0.1249
vn 0.2641 -0.9446 0.1946
vn 0.3475 -0.9173 0.1945
vn -0.1005 -0.9409 0.3233
vn 0.0367 -0.9678 0.2489
vn -0.1047 -0.9112 0.3985
vn -0.0783 -0.9727 -0.2185
vn -0.0474 -0.9683 -0.2453
vn 0.1458 -0.9570 -0.2508
vn 0.1116 -0.8277 -0.5500
vn -0.2153 -0.6935 -0.6876
vn -0.9974 -0.0709 -0.0124
vn 0.2245 0.4976 -0.8378
vn -0.3281 -0.9425 0.0630
vn -0.3873 -0.8952 0.2205
vn -0.4559 -0.8644 0.2121
vn -0.4498 -0.8309 0.3276
vn -0.4101 -0.8418 0.3509
vn -0.4520 -0.8018 0.3909
vn -0.5435 -0.7258 0.4216
vn -0.4800 -0.7603 0.4377
vn -0.5305 -0.7067 0.4681
vn -0.6483 -0.5722 0.5023
vn -0.6374 -0.6857 0.3515
vn -0.6297 -0.7162 0.3008
vn -0.6036 -0.6970 0.3870
vn -0.6643 -0.5507 0.5054
vn -0.6920 -0.4972 0.5234
vn -0.7100 -0.4287 0.5586
vn -0.6795 -0.4020 0.6137
vn -0.7490 -0.3356 0.5713
vn -0.7140 -0.2441 0.6562
vn -0.7214 -0.4524 0.5242
vn -0.5948 -0.6141 0.5187
vn -0.6246 -0.5473 0.5571
vn -0.6278 -0.5254 0.5743
vn -0.7284 -0.4973 0.4712
vn -0.7976 -0.2922 0.5277
vn -0.7140 -0.6188 0.3276
vn -0.5756 -0.5994 0.5562
vn -0.7240 -0.2849 0.6282
vn -0.7857 -0.3035 0.5390
vn -0.7667 -0.4233 0.4826
vn -0.8488 -0.0963 0.5199
vn -0.8102 -0.3728 0.4522
vn -0.7422 -0.5551 0.3755
vn -0.5922 -0.6148 0.5210
vn -0.7150 -0.5608 0.4175
vn -0.6744 -0.6791 0.2899
vn -0.7201 -0.6229 0.3056
vn -0.5768 -0.6741 0.4615
vn -0.6854 -0.6743 0.2749
vn -0.3689 -0.6434 0.6708
vn -0.8657 -0.2536 0.4317
vn -0.6046 -0.7965 -0.0007
vn -0.7306 -0.0144 0.6827
vn -0.7344 -0.0838 0.6735
vn -0.4928 -0.8131 0.3100
vn -0.4887 -0.7111 0.5055
vn -0.4659 -0.7738 0.4291
vn -0.4516 -0.6082 0.6528
vn -0.4899 -0.6897 0.5332
vn -0.3544 -0.9007 0.2513
vn -0.7145 -0.3714 0.5930
vn -0.5654 -0.6232 0.5403
vn -0.5507 -0.7130 0.4340
vn -0.5559 -0.7637 0.3282
vn -0.7033 -0.6603 -0.2633
vn -0.6201 -0.7808 0.0764
vn -0.5694 -0.7085 -0.4168
vn -0.6028 -0.7978 -0.0067
vn -0.5146 -0.6799 -0.5225
vn -0.6580 -0.7414 -0.1314
vn -0.8246 -0.4424 -0.3526
vn -0.5578 -0.4599 -0.6909
vn -0.2581 -0.4612 -0.8489
vn -0.4171 -0.5168 -0.7476
vn -0.4955 -0.1612 -0.8535
vn -0.6267 -0.0537 -0.7774
vn -0.8101 0.0583 -0.5834
vn -0.2754 -0.3809 -0.8826
vn -0.1778 0.0109 -0.9840
vn -0.1683 -0.2483 -0.9539
vn -0.1259 -0.3900 -0.9122
vn -0.3712 0.3316 -0.8673
vn 0.0398 0.5201 -0.8532
vn 0.0412 0.1655 -0.9854
vn -0.0162 -0.1993 -0.9798
vn -0.0008 0.8009 -0.5988
vn 0.2293 0.8500 -0.4742
vn -0.1517 0.9722 -0.1784
vn -0.5410 0.5569 -0.6302
vn 0.1056 0.5724 0.8132
vn -0.0262 0.5093 0.8602
vn -0.2870 0.2300 0.9299
vn -0.2207 0.4830 0.8473
vn -0.4482 0.4787 0.7549
vn -0.5073 0.1631 0.8462
vn -0.5689 0.0224 0.8221
vn -0.5361 0.3291 0.7774
vn -0.3375 0.1844 0.9231
vn 0.2266 0.5410 0.8099
vn 0.3400 0.1047 -0.9346
vn 0.4021 0.4359 -0.8052
vn 0.3797 0.4872 -0.7865
vn 0.4250 0.4576 -0.7810
vn 0.4466 0.5498 -0.7059
vn 0.3489 0.5617 -0.7502
vn 0.5303 0.5380 -0.6552
vn 0.4352 0.6363 -0.6369
vn 0.5341 0.6085 -0.5870
vn 0.6120 0.5800 -0.5376
vn 0.5148 0.6913 -0.5071
vn 0.4222 0.7227 -0.5472
vn 0.3573 0.6572 -0.6636
vn 0.3183 0.7488 -0.5813
vn 0.2368 0.8511 -0.4686
vn 0.1460 0.8708 -0.4694
vn 0.2010 0.8808 -0.4287
vn 0.1688 0.9337 -0.3157
vn 0.0685 0.9928 -0.0978
vn 0.0034 0.9984 0.0569
vn 0.5660 0.5017 -0.6542
vn 0.5196 0.5195 -0.6784
vn 0.4237 0.2038 -0.8826
vn 0.4089 0.5795 -0.7050
s 1
usemtl _17174_Tiamat_v1default
f 2//1 4//2 1//3
f 1//3 2909//4 2//1
f 3//5 1//3 5//6
f 1//3 6//7 5//6
f 5//6 3120//8 7//9
f 8//10 5//6 7//9
f 5//6 8//10 3//5
f 11//11 8//10 10//12
f 2911//13 8//10 9//14
f 7//9 10//12 8//10
f 10//12 15//15 11//11
f 7//9 12//16 10//12
f 14//17 13//18 3116//19
f 16//20 12//16 14//17
f 19//21 15//15 16//20
f 11//11 17//22 18//23
f 18//23 20//24 22//25
f 21//26 17//22 19//21
f 24//27 20//24 21//26
f 22//25 23//28 26//29
f 55//30 23//28 24//27
f 26//29 23//28 25//31
f 25//31 27//32 26//29
f 30//33 26//29 27//32
f 22//25 26//29 28//34
f 31//35 28//34 29//36
f 42//37 28//34 30//33
f 28//34 31//35 22//25
f 29//36 33//38 31//35
f 22//25 32//39 18//23
f 32//39 31//35 33//38
f 33//38 37//40 34//41
f 34//41 35//42 33//38
f 35//42 36//43 33//38
f 33//38 36//43 32//39
f 33//38 39//44 37//40
f 2919//45 37//40 38//46
f 38//46 39//44 40//47
f 40//47 41//48 43//49
f 29//36 41//48 39//44
f 42//37 44//50 41//48
f 43//49 44//50 45//51
f 45//51 46//52 67//53
f 46//52 47//54 48//55
f 30//33 47//54 42//37
f 48//55 49//56 50//57
f 27//32 49//56 30//33
f 50//57 51//58 52//59
f 52//59 53//60 54//61
f 53//60 27//32 25//31
f 54//61 25//31 55//30
f 55//30 56//62 54//61
f 54//61 59//63 52//59
f 61//64 56//62 57//65
f 57//65 56//62 58//66
f 52//59 60//67 50//57
f 61//64 60//67 59//63
f 61//64 57//65 103//68
f 103//68 60//67 61//64
f 63//69 62//70 103//68
f 62//70 60//67 103//68
f 48//55 63//69 46//52
f 62//70 50//57 60//67
f 46//52 64//71 67//53
f 63//69 65//72 64//71
f 66//73 64//71 65//72
f 67//53 66//73 68//74
f 70//75 67//53 68//74
f 71//76 68//74 69//77
f 69//77 66//73 105//78
f 45//51 72//79 43//49
f 73//80 70//75 71//76
f 73//80 74//81 72//79
f 43//49 74//81 40//47
f 76//82 74//81 75//83
f 38//46 74//81 76//82
f 78//84 77//85 76//82
f 76//82 2919//45 38//46
f 75//83 78//84 76//82
f 80//86 79//87 78//84
f 78//84 83//88 80//86
f 80//86 85//89 81//90
f 81//90 82//91 80//86
f 83//88 87//92 85//89
f 73//80 83//88 75//83
f 81//90 86//93 2933//94
f 88//95 85//89 87//92
f 88//95 87//92 89//96
f 90//97 89//96 87//92
f 87//92 84//98 90//97
f 71//76 84//98 73//80
f 89//96 91//99 93//100
f 69//77 90//97 71//76
f 105//78 91//99 69//77
f 93//100 92//101 95//102
f 93//100 2943//103 89//96
f 95//102 94//104 93//100
f 95//102 104//105 97//106
f 97//106 96//107 95//102
f 100//108 96//107 98//109
f 98//109 97//106 101//110
f 101//110 99//111 98//109
f 98//109 118//112 100//108
f 103//68 102//113 101//110
f 97//106 103//68 101//110
f 97//106 104//105 103//68
f 104//105 92//101 105//78
f 105//78 106//114 104//105
f 103//68 104//105 106//114
f 65//72 106//114 66//73
f 106//114 65//72 103//68
f 65//72 63//69 103//68
f 107//115 102//113 103//68
f 103//68 3102//116 107//115
f 108//117 107//115 3102//116
f 108//117 112//118 110//119
f 3102//116 109//120 108//117
f 110//119 107//115 108//117
f 111//121 113//122 110//119
f 110//119 132//123 111//121
f 107//115 113//122 114//124
f 114//124 115//125 117//126
f 129//127 115//125 111//121
f 117//126 116//128 119//129
f 117//126 99//111 114//124
f 119//129 118//112 117//126
f 121//130 120//131 119//129
f 119//129 124//132 121//130
f 121//130 125//133 122//134
f 122//134 123//135 121//130
f 127//136 124//132 126//137
f 126//137 116//128 129//127
f 126//137 2952//138 127//136
f 129//127 128//139 126//137
f 111//121 130//140 129//127
f 3009//141 130//140 131//142
f 131//142 132//123 133//143
f 133//143 112//118 135//144
f 133//143 3010//145 131//142
f 135//144 134//146 133//143
f 136//147 135//144 109//120
f 135//144 112//118 109//120
f 109//120 137//148 136//147
f 137//148 139//149 138//150
f 138//150 136//147 137//148
f 138//150 142//151 140//152
f 140//152 136//147 138//150
f 141//153 134//146 140//152
f 140//152 144//154 141//153
f 143//155 139//149 166//156
f 146//157 142//151 143//155
f 141//153 145//158 3007//159
f 147//160 144//154 146//157
f 146//157 149//161 147//160
f 143//155 148//162 146//157
f 149//161 151//163 153//164
f 154//165 148//162 150//166
f 155//167 151//163 154//165
f 153//164 152//168 226//169
f 154//165 157//170 155//167
f 150//166 156//171 154//165
f 160//172 156//171 159//173
f 159//173 158//174 161//175
f 159//173 163//176 160//172
f 161//175 162//177 159//173
f 3103//178 161//175 165//179
f 137//148 3103//178 165//179
f 139//149 165//179 166//156
f 165//179 158//174 166//156
f 166//156 150//166 143//155
f 160//172 167//180 168//181
f 168//181 169//182 170//183
f 170//183 169//182 171//184
f 171//184 172//185 170//183
f 171//184 173//186 172//185
f 174//187 171//184 169//182
f 167//180 174//187 169//182
f 176//188 175//189 167//180
f 167//180 163//176 176//188
f 177//190 176//188 163//176
f 178//191 163//176 162//177
f 162//177 179//192 178//191
f 181//193 179//192 162//177
f 183//194 179//192 181//193
f 178//191 180//195 205//196
f 181//193 184//197 183//194
f 162//177 182//198 181//193
f 185//199 184//197 186//200
f 185//199 180//195 183//194
f 186//200 187//201 185//199
f 185//199 190//202 188//203
f 189//204 190//202 191//205
f 205//196 188//203 189//204
f 193//206 190//202 187//201
f 191//205 192//207 195//208
f 3122//209 192//207 193//206
f 195//208 194//210 196//211
f 196//211 197//212 195//208
f 195//208 200//213 191//205
f 201//214 197//212 198//215
f 198//215 199//216 304//217
f 203//218 200//213 201//214
f 191//205 202//219 189//204
f 206//220 202//219 203//218
f 189//204 204//221 205//196
f 205//196 177//190 178//191
f 176//188 204//221 206//220
f 206//220 175//189 176//188
f 203//218 207//222 206//220
f 175//189 208//223 174//187
f 211//224 207//222 209//225
f 209//225 213//226 211//224
f 201//214 209//225 203//218
f 212//227 208//223 211//224
f 211//224 215//228 212//227
f 214//229 210//230 305//231
f 216//232 213//226 214//229
f 212//227 215//228 217//233
f 220//234 215//228 216//232
f 217//233 218//235 212//227
f 218//235 219//236 229//237
f 222//238 217//233 220//234
f 216//232 221//239 220//234
f 220//234 223//240 222//238
f 222//238 225//241 224//242
f 224//242 219//236 222//238
f 224//242 234//243 226//169
f 226//169 227//244 224//242
f 229//237 227//244 228//245
f 228//245 152//168 155//167
f 228//245 231//246 229//237
f 155//167 230//247 228//245
f 168//181 157//170 160//172
f 170//183 230//247 168//181
f 172//185 231//246 170//183
f 229//237 232//248 218//235
f 218//235 232//248 233//249
f 173//186 232//248 172//185
f 233//249 212//227 218//235
f 174//187 233//249 173//186
f 226//169 235//250 153//164
f 239//251 234//243 236//252
f 236//252 225//241 238//253
f 236//252 241//254 239//251
f 238//253 237//255 236//252
f 240//256 235//250 239//251
f 239//251 243//257 240//256
f 242//258 237//255 253//259
f 245//260 241//254 242//258
f 240//256 244//261 3014//262
f 246//263 243//257 245//260
f 245//260 249//264 246//263
f 242//258 247//265 245//260
f 248//266 250//267 251//268
f 2992//269 247//265 248//266
f 253//259 250//267 242//258
f 251//268 252//270 255//271
f 292//272 252//270 253//259
f 255//271 254//273 256//274
f 256//274 257//275 255//271
f 255//271 259//276 251//268
f 260//277 258//278 261//279
f 263//280 257//275 260//277
f 261//279 262//281 260//277
f 260//277 265//282 263//280
f 264//283 259//276 263//280
f 263//280 266//284 264//283
f 268//285 265//282 267//286
f 267//286 262//281 270//287
f 269//288 268//285 267//286
f 267//286 271//289 269//288
f 270//287 271//289 267//286
f 272//290 269//288 271//289
f 273//291 272//290 271//289
f 271//289 274//292 273//291
f 274//292 270//287 276//293
f 276//293 275//294 274//292
f 2626//295 274//292 275//294
f 270//287 278//296 276//293
f 277//297 275//294 276//293
f 276//293 279//298 277//297
f 281//299 278//296 261//279
f 331//300 279//298 280//301
f 282//302 279//298 281//299
f 281//299 284//303 282//302
f 261//279 283//304 281//299
f 286//305 283//304 285//306
f 285//306 258//278 256//274
f 285//306 288//307 286//305
f 256//274 287//308 285//306
f 291//309 287//308 289//310
f 289//310 254//273 292//272
f 290//311 289//310 292//272
f 289//310 295//312 291//309
f 292//272 293//313 290//311
f 253//259 293//313 292//272
f 299//314 293//313 238//253
f 291//309 297//315 294//316
f 294//316 288//307 291//309
f 296//317 297//315 295//312
f 295//312 298//318 296//317
f 298//318 295//312 290//311
f 300//319 296//317 298//318
f 290//311 299//314 298//318
f 299//314 221//239 298//318
f 298//318 221//239 300//319
f 296//317 301//320 302//321
f 214//229 300//319 216//232
f 305//231 301//320 214//229
f 302//321 303//322 306//323
f 306//323 304//217 307//324
f 198//215 303//322 305//231
f 306//323 309//325 302//321
f 307//324 308//326 306//323
f 313//327 308//326 311//328
f 312//329 308//326 310//330
f 312//329 314//331 311//328
f 311//328 317//332 313//327
f 319//333 314//331 315//334
f 315//334 316//335 352//336
f 313//327 317//332 318//337
f 321//338 317//332 319//333
f 319//333 322//339 320//340
f 320//340 321//338 319//333
f 315//334 322//339 319//333
f 322//339 326//341 324//342
f 327//343 322//339 324//342
f 324//342 328//344 327//343
f 324//342 350//345 325//346
f 327//343 280//301 282//302
f 282//302 320//340 327//343
f 329//347 325//346 332//348
f 328//344 331//300 280//301
f 329//347 2627//349 331//300
f 332//348 330//350 329//347
f 325//346 333//351 332//348
f 336//352 332//348 333//351
f 335//353 330//350 334//354
f 335//353 336//352 337//355
f 337//355 336//352 338//356
f 338//356 333//351 339//357
f 339//357 341//358 338//356
f 338//356 340//359 337//355
f 338//356 342//360 340//359
f 391//361 341//358 343//362
f 343//362 344//363 345//364
f 345//364 346//365 348//366
f 349//367 344//363 339//357
f 348//366 347//368 352//336
f 347//368 349//367 351//369
f 339//357 350//345 349//367
f 350//345 351//369 349//367
f 351//369 323//370 347//368
f 353//371 345//364 348//366
f 355//372 348//366 352//336
f 357//373 353//371 354//374
f 3137//375 353//371 355//372
f 345//364 358//376 343//362
f 360//377 356//378 357//373
f 343//362 359//379 391//361
f 361//380 358//376 360//377
f 360//377 363//381 361//380
f 357//373 362//382 360//377
f 368//383 362//382 365//384
f 365//384 364//385 366//386
f 366//386 367//387 365//384
f 365//384 369//388 368//383
f 370//389 369//388 371//390
f 370//389 363//381 368//383
f 373//391 371//390 375//392
f 373//391 372//393 370//389
f 374//394 376//395 373//391
f 373//391 3188//396 374//394
f 377//397 378//398 380//399
f 388//400 376//395 377//397
f 380//399 379//401 381//402
f 3187//403 378//398 374//394
f 381//402 382//404 380//399
f 380//399 386//405 377//397
f 384//406 383//407 409//408
f 382//404 384//406 385//409
f 385//409 386//405 382//404
f 377//397 387//410 388//400
f 389//411 386//405 385//409
f 388//400 359//379 361//380
f 391//361 387//410 389//411
f 385//409 390//412 389//411
f 389//411 392//413 391//361
f 392//413 342//360 391//361
f 393//414 390//412 404//415
f 393//414 394//416 392//413
f 337//355 395//417 335//353
f 340//359 394//416 337//355
f 399//418 395//417 393//414
f 395//417 397//419 335//353
f 2624//420 396//421 398//422
f 398//422 399//418 400//423
f 393//414 401//424 399//418
f 399//418 402//425 400//423
f 2617//426 401//424 403//427
f 403//427 404//415 405//428
f 404//415 407//429 405//428
f 405//428 408//430 406//431
f 405//428 2616//432 403//427
f 384//406 407//429 385//409
f 409//408 410//433 408//430
f 408//430 384//406 409//408
f 406//431 410//433 411//434
f 413//435 410//433 409//408
f 411//434 412//436 414//437
f 412//436 413//435 416//438
f 414//437 415//439 466//440
f 416//438 415//439 412//436
f 416//438 419//441 417//442
f 417//442 415//439 416//438
f 413//435 418//443 416//438
f 429//444 418//443 420//445
f 420//445 421//446 422//447
f 422//447 383//407 381//402
f 409//408 421//446 413//435
f 381//402 423//448 422//447
f 422//447 425//449 420//445
f 424//450 379//401 3187//403
f 426//451 423//448 424//450
f 428//452 425//449 426//451
f 420//445 427//453 429//444
f 432//454 427//453 428//452
f 429//444 430//455 431//456
f 431//456 433//457 435//458
f 436//459 430//455 432//454
f 435//458 434//460 455//461
f 438//462 433//457 436//459
f 432//454 437//463 436//459
f 436//459 439//464 438//462
f 438//462 441//465 440//466
f 440//466 434//460 438//462
f 442//467 441//465 3310//468
f 442//467 443//469 440//466
f 455//461 443//469 444//470
f 444//470 445//471 447//472
f 446//473 445//471 442//467
f 447//472 446//473 448//474
f 448//474 449//475 447//472
f 447//472 452//476 444//470
f 453//477 449//475 450//478
f 450//478 451//479 3313//480
f 456//481 452//476 453//477
f 444//470 452//476 454//482
f 455//461 457//483 435//458
f 454//482 455//461 444//470
f 454//482 456//481 458//484
f 458//484 457//483 454//482
f 456//481 459//485 458//484
f 458//484 459//485 460//486
f 460//486 461//487 458//484
f 461//487 457//483 458//484
f 461//487 460//486 462//488
f 462//488 417//442 461//487
f 417//442 463//489 461//487
f 435//458 463//489 431//456
f 431//456 419//441 429//444
f 464//490 462//488 460//486
f 466//440 462//488 464//490
f 460//486 465//491 464//490
f 465//491 468//492 464//490
f 467//493 466//440 464//490
f 464//490 468//492 467//493
f 469//494 468//492 470//495
f 468//492 469//494 471//496
f 471//496 467//493 468//492
f 467//493 471//496 472//497
f 473//498 472//497 471//496
f 471//496 476//499 473//498
f 473//498 477//500 474//501
f 474//501 475//502 473//498
f 481//503 476//499 478//504
f 478//504 469//494 480//505
f 478//504 483//506 481//503
f 480//505 479//507 478//504
f 482//508 477//500 481//503
f 481//503 484//509 482//508
f 488//510 483//506 485//511
f 485//511 479//507 486//512
f 486//512 487//513 485//511
f 485//511 489//514 488//510
f 488//510 493//515 490//516
f 490//516 484//509 488//510
f 491//517 492//518 490//516
f 490//516 494//519 491//517
f 496//520 493//515 495//521
f 495//521 489//514 498//522
f 497//523 496//520 495//521
f 495//521 499//524 497//523
f 498//522 499//524 495//521
f 501//525 500//526 504//527
f 503//528 499//524 501//525
f 502//529 501//525 504//527
f 502//529 503//528 501//525
f 504//527 3246//530 505//531
f 505//531 506//532 504//527
f 504//527 506//532 502//529
f 508//533 507//534 510//535
f 502//529 506//532 508//533
f 508//533 509//536 502//529
f 509//536 511//537 512//538
f 514//539 508//533 510//535
f 512//538 511//537 513//540
f 517//541 511//537 514//539
f 514//539 516//542 515//543
f 515//543 517//541 514//539
f 510//535 516//542 514//539
f 517//541 521//544 513//540
f 515//543 518//545 517//541
f 524//546 518//545 519//547
f 519//547 520//548 556//549
f 521//544 522//550 523//551
f 527//552 521//544 524//546
f 523//551 513//540 521//544
f 519//547 525//553 524//546
f 524//546 525//553 526//554
f 526//554 527//552 524//546
f 527//552 529//555 522//550
f 526//554 528//556 527//552
f 2382//557 528//556 530//558
f 530//558 531//559 532//560
f 535//561 531//559 533//562
f 533//562 526//554 534//563
f 534//563 536//564 533//562
f 533//562 538//565 535//561
f 539//566 536//564 537//567
f 541//568 536//564 539//566
f 542//569 540//570 539//566
f 539//566 3056//571 541//568
f 537//567 542//569 539//566
f 544//572 543//573 542//569
f 542//569 547//574 544//572
f 546//575 545//576 544//572
f 548//577 546//575 544//572
f 544//572 547//574 548//577
f 546//575 549//578 855//579
f 553//580 548//577 550//581
f 550//581 547//574 552//582
f 550//581 551//583 554//584
f 552//582 551//583 550//581
f 554//584 553//580 550//581
f 554//584 849//585 553//580
f 557//586 554//584 556//549
f 556//549 551//583 519//547
f 556//549 559//587 557//586
f 555//588 557//586 558//589
f 557//586 561//590 558//589
f 560//591 520//548 515//543
f 563//592 559//587 560//591
f 562//593 564//594 561//590
f 561//590 563//592 562//593
f 558//589 561//590 564//594
f 568//595 564//594 562//593
f 564//594 565//596 558//589
f 565//596 564//594 566//597
f 566//597 567//598 565//596
f 567//598 566//597 569//599
f 571//600 566//597 568//595
f 570//601 573//602 569//599
f 569//599 571//600 570//601
f 569//599 572//603 567//598
f 572//603 573//602 574//604
f 574//604 575//605 578//606
f 577//607 573//602 570//601
f 3224//608 575//605 577//607
f 578//606 576//609 579//610
f 579//610 580//611 578//606
f 578//606 581//612 574//604
f 840//613 580//611 582//614
f 584//615 580//611 583//616
f 586//617 583//616 579//610
f 583//616 587//618 584//615
f 590//619 585//620 586//617
f 589//621 585//620 588//622
f 593//623 588//622 591//624
f 592//625 588//622 590//619
f 592//625 594//626 591//624
f 591//624 597//627 593//623
f 596//628 595//629 1378//630
f 598//631 594//626 596//628
f 593//623 599//632 602//633
f 601//634 597//627 598//631
f 604//635 599//632 600//636
f 599//632 1208//637 600//636
f 602//633 589//621 593//623
f 605//638 602//633 604//635
f 604//635 608//639 605//638
f 600//636 606//640 604//635
f 609//641 607//642 610//643
f 612//644 606//640 609//641
f 610//643 611//645 609//641
f 609//641 614//646 612//644
f 612//644 616//647 613//648
f 613//648 608//639 612//644
f 615//649 611//645 3385//650
f 618//651 614//646 615//649
f 619//652 616//647 618//651
f 613//648 617//653 828//654
f 618//651 621//655 619//652
f 615//649 620//656 618//651
f 654//657 620//656 622//658
f 622//658 623//659 625//660
f 625//660 624//661 627//662
f 3385//650 623//659 615//649
f 627//662 626//663 625//660
f 625//660 651//664 622//658
f 627//662 632//665 628//666
f 627//662 631//667 629//668
f 630//669 631//667 1196//670
f 634//671 629//668 630//669
f 628//666 633//672 646//673
f 636//674 632//665 634//671
f 630//669 635//675 634//671
f 634//671 637//676 636//674
f 638//677 633//672 636//674
f 636//674 640//678 638//677
f 639//679 641//680 638//677
f 638//677 1178//681 639//679
f 643//682 642//683 645//684
f 646//673 641//680 643//682
f 645//684 644//685 643//682
f 643//682 647//686 646//673
f 646//673 626//663 628//666
f 647//686 651//664 626//663
f 648//687 644//685 649//688
f 648//687 3392//689 650//690
f 650//690 651//664 648//687
f 622//658 652//691 654//657
f 654//657 653//692 655//693
f 664//694 652//691 650//690
f 655//693 621//655 654//657
f 657//695 656//696 655//693
f 655//693 660//697 657//695
f 659//698 658//699 657//695
f 657//695 661//700 659//698
f 663//701 660//697 662//702
f 662//702 653//692 664//694
f 662//702 668//703 663//701
f 664//694 665//704 662//702
f 1159//705 665//704 666//706
f 668//703 667//707 669//708
f 663//701 670//709 671//710
f 669//708 670//709 668//703
f 671//710 673//711 674//712
f 673//711 670//709 672//713
f 674//712 675//714 776//715
f 677//716 673//711 676//717
f 672//713 676//717 673//711
f 676//717 682//718 677//716
f 676//717 679//719 678//720
f 678//720 679//719 680//721
f 680//721 681//722 678//720
f 678//720 681//722 683//723
f 683//723 682//718 678//720
f 684//724 683//723 681//722
f 683//723 689//725 685//726
f 682//718 683//723 685//726
f 688//727 686//728 685//726
f 686//728 687//729 685//726
f 685//726 687//729 682//718
f 688//727 685//726 689//725
f 689//725 690//730 691//731
f 690//730 684//724 3422//732
f 691//731 692//733 689//725
f 689//725 692//733 688//727
f 693//734 692//733 691//731
f 688//727 692//733 693//734
f 693//734 694//735 688//727
f 693//734 699//736 694//735
f 691//731 695//737 693//734
f 695//737 696//738 693//734
f 698//739 697//740 3415//741
f 700//742 696//738 698//739
f 703//743 699//736 700//742
f 699//736 704//744 694//735
f 702//745 704//744 701//746
f 1103//747 701//746 703//743
f 707//748 704//744 705//749
f 694//735 706//750 688//727
f 686//728 707//748 708//751
f 712//752 707//748 705//749
f 708//751 709//753 710//754
f 710//754 711//755 757//756
f 713//757 709//753 712//752
f 715//758 713//757 712//752
f 712//752 714//759 715//758
f 705//749 714//759 712//752
f 720//760 715//758 717//761
f 713//757 716//762 3466//763
f 717//761 714//759 719//764
f 719//764 718//765 717//761
f 717//761 722//766 720//760
f 720//760 724//767 721//768
f 721//768 716//762 720//760
f 726//769 722//766 723//770
f 723//770 718//765 1101//771
f 721//768 725//772 742//773
f 728//774 724//767 726//769
f 727//775 728//774 726//769
f 726//769 3423//776 727//775
f 730//777 725//772 728//774
f 730//777 729//778 731//779
f 731//779 733//780 730//777
f 733//780 732//781 730//777
f 735//782 734//783 3435//784
f 735//782 736//785 733//780
f 741//786 736//785 738//787
f 738//787 737//788 739//789
f 739//789 740//790 738//787
f 738//787 743//791 741//786
f 742//773 732//781 741//786
f 741//786 744//792 742//773
f 748//793 743//791 745//794
f 745//794 740//790 747//795
f 746//796 745//794 747//795
f 745//794 750//797 748//793
f 748//793 752//798 749//799
f 749//799 744//792 748//793
f 751//800 746//796 3439//801
f 754//802 750//797 751//800
f 749//799 753//803 3466//763
f 756//804 752//798 754//802
f 754//802 3442//805 755//806
f 756//804 755//806 758//807
f 756//804 760//808 757//756
f 757//756 753//803 756//804
f 762//809 758//807 759//810
f 3444//811 758//807 755//806
f 764//812 760//808 762//809
f 757//756 761//813 710//754
f 762//809 766//814 764//812
f 762//809 3463//815 763//816
f 764//812 768//817 765//818
f 765//818 761//813 764//812
f 923//819 766//814 763//816
f 768//817 767//820 769//821
f 765//818 770//822 772//823
f 771//824 768//817 769//821
f 774//825 770//822 771//824
f 772//823 773//826 775//827
f 773//826 774//825 776//715
f 775//827 675//714 677//716
f 776//715 675//714 773//826
f 776//715 778//828 674//712
f 774//825 777//829 776//715
f 784//830 777//829 780//831
f 780//831 779//832 782//833
f 780//831 781//834 783//835
f 781//834 780//831 782//833
f 783//835 784//830 780//831
f 784//830 783//835 785//836
f 785//836 786//837 784//830
f 786//837 778//828 784//830
f 786//837 789//838 659//698
f 659//698 787//839 786//837
f 671//710 661//700 663//701
f 787//839 671//710 674//712
f 674//712 778//828 787//839
f 788//840 783//835 882//841
f 790//842 785//836 788//840
f 791//843 789//838 790//842
f 790//842 793//844 791//843
f 788//840 792//845 790//842
f 826//846 792//845 794//847
f 794//847 795//848 797//849
f 797//849 796//850 799//851
f 882//841 795//848 788//840
f 797//849 823//852 794//847
f 799//851 798//853 797//849
f 802//854 800//855 799//851
f 800//855 801//856 799//851
f 799//851 796//850 802//854
f 803//857 802//854 796//850
f 805//858 802//854 803//857
f 800//855 804//859 807//860
f 917//861 804//859 805//858
f 807//860 806//862 808//863
f 808//863 809//864 807//860
f 807//860 812//865 800//855
f 810//866 812//865 809//864
f 809//864 910//867 810//866
f 801//856 813//868 815//869
f 815//869 813//868 814//870
f 908//871 813//868 810//866
f 814//870 816//872 815//869
f 816//872 817//873 815//869
f 818//874 801//856 815//869
f 817//873 818//874 815//869
f 820//875 798//853 818//874
f 820//875 819//876 821//877
f 822//878 820//875 821//877
f 823//852 820//875 822//878
f 794//847 824//879 826//846
f 822//878 824//879 823//852
f 834//880 824//879 822//878
f 826//846 825//881 827//882
f 827//882 793//844 826//846
f 828//654 829//883 827//882
f 827//882 831//884 828//654
f 830//885 617//653 619//652
f 791//843 793//844 829//883
f 829//883 830//885 791//843
f 619//652 656//696 830//885
f 830//885 658//699 791//843
f 828//654 832//886 613//648
f 836//887 831//884 833//888
f 833//888 825//881 834//880
f 838//889 833//888 834//880
f 836//887 833//888 835//890
f 605//638 832//886 836//887
f 835//890 837//891 836//887
f 837//891 605//638 836//887
f 837//891 584//615 587//618
f 587//618 603//892 837//891
f 582//614 835//890 838//889
f 838//889 840//613 582//614
f 839//893 838//889 834//880
f 841//894 839//893 821//877
f 821//877 839//893 822//878
f 834//880 822//878 839//893
f 841//894 581//612 840//613
f 821//877 842//895 841//894
f 844//896 841//894 842//895
f 572//603 844//896 567//598
f 574//604 843//897 572//603
f 567//598 845//898 565//596
f 847//899 844//896 842//895
f 565//596 845//898 846//900
f 846//900 847//899 848//901
f 848//901 847//899 817//873
f 847//899 819//876 817//873
f 555//588 848//901 849//585
f 850//902 849//585 848//901
f 817//873 850//902 848//901
f 851//903 816//872 852//904
f 852//904 549//578 851//903
f 849//585 549//578 553//580
f 816//872 853//905 852//904
f 853//905 854//906 852//904
f 854//906 855//579 852//904
f 546//575 856//907 858//908
f 905//909 856//907 854//906
f 859//910 856//907 857//911
f 860//912 858//908 859//910
f 857//911 861//913 859//910
f 859//910 864//914 860//912
f 866//915 861//913 862//916
f 861//913 874//917 862//916
f 860//912 864//914 865//918
f 867//919 864//914 866//915
f 871//920 866//915 862//916
f 867//919 868//921 869//922
f 869//922 870//923 922//924
f 872//925 868//921 871//920
f 862//916 873//926 871//920
f 871//920 875//927 872//925
f 876//928 874//917 877//929
f 782//833 873//926 876//928
f 881//930 876//928 877//929
f 782//833 876//928 781//834
f 874//917 878//931 877//929
f 878//931 879//932 877//929
f 877//929 879//932 880//933
f 880//933 881//930 877//929
f 881//930 803//857 882//841
f 882//841 781//834 881//930
f 796//850 882//841 803//857
f 805//858 803//857 880//933
f 880//933 883//934 805//858
f 883//934 879//932 885//935
f 805//858 884//936 917//861
f 885//935 884//936 883//934
f 885//935 904//937 886//938
f 886//938 887//939 885//935
f 889//940 887//939 888//941
f 889//940 884//936 887//939
f 888//941 890//942 889//940
f 893//943 889//940 890//942
f 892//944 884//936 891//945
f 891//945 894//946 892//944
f 896//947 893//943 890//942
f 894//946 895//948 897//949
f 901//950 895//948 896//947
f 897//949 898//951 899//952
f 899//952 900//953 907//954
f 902//955 898//951 901//950
f 896//947 888//941 901//950
f 901//950 886//938 902//955
f 902//955 904//937 903//956
f 903//956 900//953 902//955
f 903//956 878//931 905//909
f 854//906 903//956 905//909
f 907//954 906//957 853//905
f 905//909 863//958 857//911
f 907//954 814//870 908//871
f 908//871 899//952 907//954
f 810//866 909//959 908//871
f 897//949 909//959 911//960
f 911//960 910//867 913//961
f 911//960 912//962 894//946
f 894//946 897//949 911//960
f 912//962 911//960 913//961
f 913//961 811//963 914//964
f 913//961 914//964 912//962
f 915//965 811//963 808//863
f 916//966 914//964 915//965
f 806//862 915//965 808//863
f 917//861 916//966 806//862
f 892//944 912//962 916//966
f 779//832 875//927 782//833
f 872//925 918//967 919//968
f 919//968 771//824 769//821
f 771//824 779//832 774//825
f 919//968 870//923 872//925
f 769//821 920//969 919//968
f 921//970 767//820 923//819
f 922//924 920//969 921//970
f 921//970 925//971 922//924
f 923//819 924//972 921//970
f 930//973 924//972 927//974
f 927//974 926//975 928//976
f 928//976 929//977 927//974
f 927//974 932//978 930//973
f 930//973 933//979 931//980
f 931//980 925//971 930//973
f 937//981 932//978 934//982
f 934//982 929//977 935//983
f 935//983 936//984 934//982
f 934//982 939//985 937//981
f 938//986 939//985 941//987
f 938//986 933//979 937//981
f 941//987 940//988 942//989
f 940//988 936//984 3455//990
f 941//987 944//991 938//986
f 942//989 943//992 941//987
f 947//993 943//992 946//994
f 946//994 945//995 949//996
f 946//994 3049//997 947//993
f 949//996 948//998 946//994
f 949//996 953//999 951//1000
f 949//996 3461//1001 950//1002
f 951//1000 956//1003 952//1004
f 952//1004 948//998 951//1000
f 954//1005 956//1003 953//999
f 953//999 955//1006 954//1005
f 950//1002 955//1006 953//999
f 954//1005 957//1007 956//1003
f 956//1003 958//1008 952//1004
f 3053//1009 957//1007 959//1010
f 959//1010 960//1011 961//1012
f 965//1013 960//1011 954//1005
f 961//1012 962//1014 964//1015
f 964//1015 963//1016 2029//1017
f 968//1018 962//1014 965//1013
f 965//1013 966//1019 967//1020
f 965//1013 955//1006 966//1019
f 967//1020 968//1018 965//1013
f 968//1018 972//1021 969//1022
f 963//1016 968//1018 969//1022
f 970//1023 971//1024 969//1022
f 969//1022 974//1025 970//1023
f 969//1022 971//1024 963//1016
f 973//1026 967//1020 991//1027
f 975//1028 972//1021 973//1026
f 978//1029 974//1025 975//1028
f 970//1023 976//1030 977//1031
f 977//1031 979//1032 980//1033
f 982//1034 976//1030 978//1029
f 980//1033 981//1035 2049//1036
f 983//1037 979//1032 982//1034
f 982//1034 986//1038 983//1037
f 985//1039 984//1040 983//1037
f 984//1040 981//1035 983//1037
f 983//1037 986//1038 985//1039
f 988//1041 986//1038 987//1042
f 987//1042 978//1029 975//1028
f 987//1042 990//1043 988//1041
f 973//1026 987//1042 975//1028
f 989//1044 973//1026 991//1027
f 990//1043 992//1045 993//1046
f 991//1027 992//1045 989//1044
f 996//1047 992//1045 991//1027
f 993//1046 994//1048 998//1049
f 994//1048 996//1047 995//1050
f 995//1050 997//1051 994//1048
f 999//1052 994//1048 997//1051
f 1001//1053 998//1049 999//1052
f 998//1049 1003//1054 993//1046
f 3459//1055 1000//1056 1001//1053
f 1000//1056 1005//1057 1003//1054
f 993//1046 1003//1054 1004//1058
f 1006//1059 1003//1054 1005//1057
f 1005//1057 1008//1060 1006//1059
f 1005//1057 1010//1061 1007//1062
f 2144//1063 1007//1062 1009//1064
f 1007//1062 1012//1065 1009//1064
f 1011//1066 1002//1067 3459//1055
f 1014//1068 1010//1061 1011//1066
f 1016//1069 1012//1065 1014//1068
f 1009//1064 1013//1070 2140//1071
f 1011//1066 1015//1072 1014//1068
f 1014//1068 1018//1073 1016//1069
f 1016//1069 1020//1074 1017//1075
f 1017//1075 1013//1070 1016//1069
f 1019//1076 1015//1072 3453//1077
f 1021//1078 1018//1073 1019//1076
f 1017//1075 1022//1079 1024//1080
f 1023//1081 1020//1074 1021//1078
f 1025//1082 1023//1081 1027//1083
f 1026//1084 1022//1079 1025//1082
f 1025//1082 1029//1085 1026//1084
f 1027//1083 1028//1086 1025//1082
f 1033//1087 1028//1086 1031//1088
f 1031//1088 1030//1089 1032//1090
f 1032//1090 1034//1091 1031//1088
f 1031//1088 1035//1092 1033//1087
f 1038//1093 1034//1091 1037//1094
f 1037//1094 1036//1095 739//789
f 1037//1094 1040//1096 1038//1093
f 739//789 1039//1097 1037//1094
f 1043//1098 1039//1097 1041//1099
f 1041//1099 737//788 735//782
f 3435//784 1041//1099 735//782
f 1041//1099 1045//1100 1043//1098
f 1044//1101 1040//1096 1043//1098
f 1043//1098 1046//1102 1044//1101
f 1047//1103 1046//1102 1045//1100
f 1045//1100 1049//1104 1047//1103
f 1047//1103 1061//1105 1048//1106
f 1048//1106 1050//1107 1047//1103
f 1051//1108 1052//1109 1053//1110
f 1051//1108 1046//1102 1050//1107
f 1053//1110 1054//1111 1055//1112
f 1057//1113 1052//1109 1048//1106
f 1055//1112 1056//1114 1259//1115
f 1058//1116 1054//1111 1057//1113
f 1057//1113 1062//1117 1058//1116
f 1048//1106 1059//1118 1057//1113
f 1064//1119 1059//1118 1060//1120
f 1060//1120 1061//1105 3433//1121
f 1058//1116 1063//1122 3374//1123
f 1065//1124 1062//1117 1064//1119
f 1064//1119 1069//1125 1065//1124
f 1060//1120 1066//1126 1064//1119
f 1067//1127 1068//1128 3430//1129
f 1071//1130 1066//1126 1067//1127
f 1065//1124 1070//1131 3382//1132
f 1072//1133 1069//1125 1071//1130
f 1071//1130 1075//1134 1072//1133
f 1073//1135 1071//1130 1067//1127
f 1074//1136 1076//1137 1078//1138
f 3386//1139 1073//1135 1074//1136
f 1067//1127 1076//1137 1073//1135
f 1078//1138 1077//1140 1080//1141
f 3430//1129 1076//1137 1067//1127
f 1080//1141 1079//1142 1078//1138
f 1078//1138 3389//1143 1074//1136
f 1077//1140 1081//1144 1080//1141
f 1081//1144 1082//1145 1080//1141
f 1084//1146 1083//1147 1085//1148
f 1086//1149 1082//1145 1084//1146
f 1085//1148 1087//1150 1084//1146
f 1087//1150 1086//1149 1084//1146
f 1089//1151 1088//1152 1087//1150
f 1090//1153 1089//1151 1087//1150
f 1091//1154 1092//1155 1094//1156
f 1093//1157 1090//1153 1085//1148
f 1096//1158 1092//1155 1093//1157
f 1094//1156 1095//1159 1097//1160
f 1101//771 1095//1159 1096//1158
f 1097//1160 1098//1161 1099//1162
f 1098//1161 1102//1163 1099//1162
f 1101//771 1100//1164 1098//1161
f 1096//1158 723//770 1101//771
f 1103//747 1100//1164 719//764
f 1099//1162 1104//1165 1106//1166
f 703//743 1102//1163 1103//747
f 1106//1166 1105//1167 1108//1168
f 700//742 1104//1165 703//743
f 1099//1162 1107//1169 1097//1160
f 1110//1170 1106//1166 1108//1168
f 1108//1168 3417//1171 1109//1172
f 1109//1172 1110//1170 1108//1168
f 1110//1170 1113//1173 1111//1174
f 1111//1174 1107//1169 1110//1170
f 1117//1175 1112//1176 1114//1177
f 1109//1172 1114//1177 1112//1176
f 1115//1178 1116//1179 1114//1177
f 1114//1177 1119//1180 1117//1175
f 1117//1175 1120//1181 1118//1182
f 1118//1182 1113//1173 1117//1175
f 1121//1183 1120//1181 1119//1180
f 1121//1183 1116//1179 1122//1184
f 1121//1183 1125//1185 1123//1186
f 1123//1186 1127//1187 1124//1188
f 1124//1188 1120//1181 1123//1186
f 1126//1189 1122//1184 3420//1190
f 1128//1191 1125//1185 1126//1189
f 1124//1188 1129//1192 1132//1193
f 1131//1194 1127//1187 1128//1191
f 1129//1192 1133//1195 1132//1193
f 3396//1196 1129//1192 1131//1194
f 1118//1182 1132//1193 1133//1195
f 1130//1197 1134//1198 1133//1195
f 1133//1195 1135//1199 1118//1182
f 1146//1200 1134//1198 1136//1201
f 1136//1201 1137//1202 1139//1203
f 1140//1204 1137//1202 1138//1205
f 3396//1196 1137//1202 1130//1197
f 1143//1206 1139//1203 1140//1204
f 1136//1201 1141//1207 1144//1208
f 1144//1208 1142//1209 1089//1151
f 1148//1210 1141//1207 1143//1206
f 1145//1211 1089//1151 1091//1154
f 1145//1211 1136//1201 1144//1208
f 1146//1200 1147//1212 1111//1174
f 1094//1156 1145//1211 1091//1154
f 1097//1160 1147//1212 1094//1156
f 1111//1174 1135//1199 1146//1200
f 1140//1204 1149//1213 1143//1206
f 1143//1206 1151//1214 1148//1210
f 681//722 1149//1213 1150//1215
f 1151//1214 680//721 1153//1216
f 1148//1210 1152//1217 3391//1218
f 1153//1216 1152//1217 1151//1214
f 1155//1219 1154//1220 1153//1216
f 1153//1216 679//719 1155//1219
f 1155//1219 672//713 669//708
f 669//708 1156//1221 1155//1219
f 1158//1222 1156//1221 1157//1223
f 1157//1223 667//707 1159//705
f 1157//1223 1161//1224 1158//1222
f 1159//705 1160//1225 1157//1223
f 1165//1226 1160//1225 1163//1227
f 1163//1227 1162//1228 1164//1229
f 1164//1229 1166//1230 1163//1227
f 1163//1227 1168//1231 1165//1226
f 1169//1232 1167//1233 645//684
f 1170//1234 1166//1230 1169//1232
f 1169//1232 1172//1235 1170//1234
f 645//684 1171//1236 1169//1232
f 1173//1237 642//683 639//679
f 1174//1238 1171//1236 1173//1237
f 1173//1237 1176//1239 1174//1238
f 639//679 1175//1240 1173//1237
f 3378//1241 1175//1240 1177//1242
f 1177//1242 1178//681 1179//1243
f 1179//1243 640//678 1180//1244
f 1180//1244 1181//1245 1179//1243
f 1179//1243 1182//1246 1177//1242
f 1183//1247 1182//1246 1181//1245
f 1183//1247 1184//1248 1185//1249
f 1185//1249 1186//1250 1187//1251
f 1189//1252 1184//1248 1180//1244
f 1187//1251 1188//1253 1244//1254
f 1190//1255 1186//1250 1189//1252
f 1189//1252 635//675 1190//1255
f 1180//1244 637//676 1189//1252
f 1190//1255 1194//1256 1191//1257
f 1191//1257 1188//1253 1190//1255
f 1191//1257 1195//1258 1192//1259
f 1192//1259 1193//1260 1191//1257
f 1196//670 1194//1256 630//669
f 1192//1259 1195//1258 1197//1261
f 1196//670 1197//1261 1195//1258
f 1197//1261 1201//1262 1198//1263
f 1198//1263 1199//1264 1197//1261
f 1197//1261 1199//1264 1192//1259
f 1200//1265 1201//1262 1197//1261
f 1203//1266 1202//1267 1206//1268
f 1198//1263 1203//1266 1205//1269
f 1207//1270 1203//1266 1206//1268
f 1205//1269 1204//1271 1211//1272
f 1206//1268 607//642 1207//1270
f 1206//1268 3383//1273 610//643
f 1208//637 1204//1271 1207//1270
f 1207//1270 600//636 1208//637
f 601//634 1209//1274 1208//637
f 1211//1272 1204//1271 1209//1274
f 1210//1275 1212//1276 1209//1274
f 1209//1274 1212//1276 1211//1272
f 1212//1276 1231//1277 1211//1272
f 1214//1278 1213//1279 1212//1276
f 1214//1278 1380//1280 1215//1281
f 1215//1281 1216//1282 1214//1278
f 1220//1283 1216//1282 1218//1284
f 1218//1284 1217//1285 1219//1286
f 1219//1286 1221//1287 1218//1284
f 1218//1284 1224//1288 1220//1283
f 1223//1289 1221//1287 1222//1290
f 1225//1291 1221//1287 1223//1289
f 1224//1288 1225//1291 1226//1292
f 1226//1292 1227//1293 1224//1288
f 1220//1283 1227//1293 1229//1294
f 1229//1294 1228//1295 1230//1296
f 3338//1297 1227//1293 1226//1292
f 1230//1296 1231//1277 1229//1294
f 1229//1294 1213//1279 1220//1283
f 1211//1272 1232//1298 1205//1269
f 1235//1299 1232//1298 1230//1296
f 1205//1269 1233//1300 1198//1263
f 1198//1263 1234//1301 1199//1264
f 1237//1302 1233//1300 1235//1299
f 1230//1296 1236//1303 1235//1299
f 1235//1299 1238//1304 1237//1302
f 1234//1301 1237//1302 1239//1305
f 1237//1302 1240//1306 1239//1305
f 1239//1305 1240//1306 1241//1307
f 1241//1307 1242//1308 1239//1305
f 1242//1308 1243//1309 1239//1305
f 1239//1305 1243//1309 1234//1301
f 1199//1264 1243//1309 1192//1259
f 1244//1254 1241//1307 1245//1310
f 1244//1254 1193//1260 1242//1308
f 1244//1254 1247//1311 1187//1251
f 1246//1312 1245//1310 1241//1307
f 1249//1313 1245//1310 1246//1312
f 1252//1314 1247//1311 1249//1313
f 1187//1251 1248//1315 1185//1249
f 1250//1316 1251//1317 1249//1313
f 1249//1313 3371//1318 1250//1316
f 1249//1313 1251//1317 1253//1319
f 1253//1319 1252//1314 1249//1313
f 1252//1314 1254//1320 3379//1321
f 1254//1320 1256//1322 1257//1323
f 1255//1324 1256//1322 1253//1319
f 1253//1319 1251//1317 1255//1324
f 1261//1325 1256//1322 1255//1324
f 1257//1323 1258//1326 1259//1115
f 1259//1115 1260//1327 1055//1112
f 1262//1328 1258//1326 1261//1325
f 1255//1324 1263//1329 1261//1325
f 1261//1325 1265//1330 1262//1328
f 1263//1329 1269//1331 1266//1332
f 1265//1330 1266//1332 1268//1333
f 1268//1333 1266//1332 1267//1334
f 1269//1331 1267//1334 1266//1332
f 1270//1335 1269//1331 1264//1336
f 1270//1335 1271//1337 1269//1331
f 1271//1337 1272//1338 1273//1339
f 1273//1339 1274//1340 1271//1337
f 1275//1341 1271//1337 1274//1340
f 1274//1340 3355//1342 1277//1343
f 1276//1344 1275//1341 1274//1340
f 1274//1340 1278//1345 1276//1344
f 1278//1345 1274//1340 1277//1343
f 1280//1346 1279//1347 1278//1345
f 2149//1348 1278//1345 1279//1347
f 1278//1345 1281//1349 1280//1346
f 1277//1343 1281//1349 1278//1345
f 1280//1346 1282//1350 1283//1351
f 1284//1352 1281//1349 1277//1343
f 1282//1350 1287//1353 1283//1351
f 1285//1354 1284//1352 1286//1355
f 1288//1356 1286//1355 1289//1357
f 1290//1358 1285//1354 1288//1356
f 1289//1357 1291//1359 1288//1356
f 1288//1356 1294//1360 1290//1358
f 1296//1361 1291//1359 1292//1362
f 1292//1362 1293//1363 3357//1364
f 1290//1358 1295//1365 2209//1366
f 1297//1367 1294//1360 1296//1361
f 1296//1361 1301//1368 1297//1367
f 1292//1362 1298//1369 1296//1361
f 1299//1370 1300//1371 1298//1369
f 1300//1371 1301//1368 1298//1369
f 1302//1372 1303//1373 1304//1374
f 2174//1375 1301//1368 1302//1372
f 1308//1376 1303//1373 1300//1371
f 1304//1374 1305//1377 1306//1378
f 1306//1378 1307//1379 2178//1380
f 1310//1381 1305//1377 1308//1376
f 1300//1371 1309//1382 1308//1376
f 1308//1376 1312//1383 1310//1381
f 1311//1384 1307//1379 1310//1381
f 1310//1381 1313//1385 1311//1384
f 1317//1386 1312//1383 1314//1387
f 1314//1387 1309//1382 1315//1388
f 1315//1388 1316//1389 1314//1387
f 1314//1387 1319//1390 1317//1386
f 1318//1391 1313//1385 1317//1386
f 1317//1386 1320//1392 1318//1391
f 1321//1393 1316//1389 1322//1394
f 1324//1395 1319//1390 1321//1393
f 1322//1394 1323//1396 1321//1393
f 1321//1393 1326//1397 1324//1395
f 1325//1398 1320//1392 1324//1395
f 1324//1395 1327//1399 1325//1398
f 1329//1400 1326//1397 1328//1401
f 1328//1401 1326//1397 1323//1396
f 1328//1401 1665//1402 1329//1400
f 1331//1403 1330//1404 1328//1401
f 1323//1396 1332//1405 1328//1401
f 1332//1405 1331//1403 1328//1401
f 1333//1406 1334//1407 1332//1405
f 1332//1405 3330//1408 1333//1406
f 1336//1409 1335//1410 1338//1411
f 1337//1412 1334//1407 1336//1409
f 1336//1409 1341//1413 1337//1412
f 1339//1414 1336//1409 1338//1411
f 1340//1415 1222//1290 1219//1286
f 1343//1416 1339//1414 1340//1415
f 1338//1411 1222//1290 1339//1414
f 1337//1412 1342//1417 1690//1418
f 1341//1413 1345//1419 1342//1417
f 1340//1415 1344//1420 1343//1416
f 1344//1420 1345//1419 1343//1416
f 1346//1421 1347//1422 1349//1423
f 1687//1424 1345//1419 1346//1421
f 1348//1425 1344//1420 1376//1426
f 1349//1423 1348//1425 1350//1427
f 1349//1423 1352//1428 1346//1421
f 1350//1427 1351//1429 1349//1423
f 1355//1430 1351//1429 1354//1431
f 1354//1431 1353//1432 1356//1433
f 1354//1431 1358//1434 1355//1430
f 1360//1435 1354//1431 1356//1433
f 1684//1436 1357//1437 1359//1438
f 1361//1439 1357//1437 1360//1435
f 1356//1433 1362//1440 1360//1435
f 1360//1435 1364//1441 1361//1439
f 1366//1442 1363//1443 1362//1440
f 1364//1441 1363//1443 1400//1444
f 1362//1440 1365//1445 1366//1442
f 1367//1446 1363//1443 1366//1442
f 1366//1442 1370//1447 1367//1446
f 1365//1445 1368//1448 1366//1442
f 1369//1449 1371//1450 1372//1451
f 1383//1452 1368//1448 1369//1449
f 1372//1451 1353//1432 1350//1427
f 1353//1432 1365//1445 1356//1433
f 1350//1427 1373//1453 1372//1451
f 1372//1451 1374//1454 1369//1449
f 1374//1454 1375//1455 1378//630
f 1376//1426 1373//1453 1348//1425
f 1379//1456 1375//1455 1376//1426
f 1378//630 1377//1457 596//628
f 1378//630 1382//1458 1374//1454
f 1215//1281 1377//1457 1379//1456
f 596//628 1380//1280 598//631
f 598//631 1210//1275 601//634
f 1376//1426 1381//1459 1379//1456
f 1379//1456 1217//1285 1215//1281
f 1219//1286 1381//1459 1340//1415
f 1369//1449 1382//1458 1383//1452
f 1383//1452 1384//1460 1385//1461
f 592//625 1382//1458 595//629
f 590//619 1384//1460 592//625
f 1385//1461 1386//1462 1388//1463
f 1388//1463 1387//1464 1389//1465
f 586//617 1386//1462 590//619
f 1389//1465 1390//1466 1388//1463
f 1388//1463 1391//1467 1385//1461
f 1397//1468 1390//1466 1393//1469
f 1393//1469 1392//1470 1394//1471
f 1394//1471 1395//1472 1393//1469
f 1393//1469 1395//1472 1396//1473
f 1396//1473 1397//1468 1393//1469
f 1397//1468 1396//1473 1398//1474
f 1398//1474 1367//1446 1397//1468
f 1367//1446 1391//1467 1397//1468
f 1400//1444 1398//1474 1399//1475
f 1399//1475 1396//1473 1401//1476
f 1399//1475 1405//1477 1400//1444
f 1401//1476 1402//1478 1399//1475
f 1404//1479 1403//1480 3200//1481
f 1406//1482 1402//1478 1404//1479
f 1400//1444 1407//1483 1364//1441
f 1409//1484 1405//1477 1406//1482
f 1364//1441 1408//1485 1361//1439
f 1410//1486 1407//1483 1409//1484
f 1409//1484 1412//1487 1410//1486
f 1406//1482 1411//1488 1409//1484
f 1414//1489 1412//1487 1411//1488
f 1415//1490 1413//1491 1417//1492
f 1411//1488 1415//1490 1414//1489
f 1415//1490 1634//1493 1414//1489
f 1419//1494 1415//1490 1417//1492
f 1417//1492 3201//1495 1418//1496
f 1417//1492 1421//1497 1419//1494
f 1419//1494 1423//1498 1420//1499
f 1432//1500 1419//1494 1420//1499
f 1422//1501 1421//1497 1418//1496
f 1424//1502 1421//1497 1422//1501
f 1424//1502 1425//1503 1423//1498
f 1423//1498 1428//1504 1420//1499
f 1427//1505 1426//1506 3176//1507
f 1429//1508 1425//1503 1427//1505
f 1433//1509 1428//1504 1429//1508
f 1420//1499 1430//1510 1432//1500
f 1432//1500 1431//1511 1633//1512
f 1434//1513 1430//1510 1433//1509
f 1429//1508 1435//1514 1433//1509
f 1433//1509 1436//1515 1434//1513
f 1616//1516 1435//1514 1437//1517
f 1437//1517 1438//1518 1440//1519
f 1427//1505 1438//1518 1429//1508
f 1440//1519 1439//1520 1441//1521
f 1442//1522 1441//1521 1443//1523
f 1440//1519 1445//1524 1437//1517
f 1444//1525 1443//1523 3171//1526
f 1447//1527 1442//1522 1444//1525
f 1437//1517 1446//1528 1616//1516
f 1445//1524 1448//1529 1446//1528
f 1447//1527 1452//1530 1448//1529
f 1444//1525 1449//1531 1447//1527
f 1450//1532 1451//1533 1462//1534
f 1454//1535 1449//1531 1450//1532
f 1448//1529 1453//1536 1614//1537
f 1455//1538 1452//1530 1454//1535
f 1454//1535 1457//1539 1455//1538
f 1450//1532 1456//1540 1454//1535
f 3075//1541 1456//1540 1458//1542
f 1458//1542 1459//1543 1460//1544
f 1462//1534 1459//1543 1450//1532
f 1460//1544 1461//1545 1464//1546
f 1472//1547 1461//1545 1462//1534
f 1464//1546 1461//1545 1463//1548
f 1465//1549 1460//1544 1464//1546
f 1464//1546 1468//1550 1465//1549
f 1463//1548 1466//1551 1464//1546
f 1469//1552 1467//1553 1466//1551
f 1484//1554 1466//1551 1467//1553
f 1466//1551 1463//1548 1469//1552
f 1474//1555 1469//1552 1471//1556
f 1467//1553 1470//1557 1480//1558
f 1471//1556 1463//1548 1472//1547
f 1472//1547 1473//1559 1471//1556
f 1471//1556 1476//1560 1474//1555
f 1477//1561 1470//1557 1474//1555
f 1474//1555 1476//1560 1475//1562
f 1475//1562 1477//1561 1474//1555
f 1477//1561 3188//396 375//392
f 375//392 1478//1563 1477//1561
f 1479//1564 371//390 369//388
f 1480//1558 1478//1563 1479//1564
f 369//388 1481//1565 1479//1564
f 1481//1565 1480//1558 1479//1564
f 1481//1565 3145//1566 1482//1567
f 1482//1567 1483//1568 1481//1565
f 1467//1553 1483//1568 1484//1554
f 1484//1554 1485//1569 1487//1570
f 1487//1570 1485//1569 1486//1571
f 3144//1572 1485//1569 1482//1567
f 1486//1571 1488//1573 1487//1570
f 1489//1574 1487//1570 1488//1573
f 1468//1550 1484//1554 1487//1570
f 1487//1570 1489//1574 1468//1550
f 1489//1574 1490//1575 1465//1549
f 1490//1575 1491//1576 1493//1577
f 1488//1573 1491//1576 1489//1574
f 1465//1549 1468//1550 1489//1574
f 1493//1577 1492//1578 1494//1579
f 3149//1580 1491//1576 1488//1573
f 1494//1579 1495//1581 1493//1577
f 1493//1577 1497//1582 1490//1575
f 1497//1582 1496//1583 3079//1584
f 1495//1581 1499//1585 1496//1583
f 1501//1586 1498//1587 1494//1579
f 1499//1585 1500//1588 1503//1589
f 3160//1590 1500//1588 1501//1586
f 1503//1589 1502//1591 1505//1592
f 1506//1593 1503//1589 1505//1592
f 1499//1585 1504//1594 3082//1595
f 1505//1592 1509//1596 1506//1593
f 1502//1591 1507//1597 1505//1592
f 1508//1598 1510//1599 1512//1600
f 1558//1601 1507//1597 1508//1598
f 1514//1602 1510//1599 1511//1603
f 1511//1603 1502//1591 3160//1590
f 1516//1604 1512//1600 1514//1602
f 1512//1600 1556//1605 1508//1598
f 1511//1603 1515//1606 1514//1602
f 1514//1602 1518//1607 1516//1604
f 1513//1608 1517//1609 1553//1610
f 1516//1604 1519//1611 1517//1609
f 1520//1612 1519//1611 1518//1607
f 1520//1612 1515//1606 1521//1613
f 1523//1614 1521//1613 1524//1615
f 1522//1616 1523//1614 1525//1617
f 1526//1618 1524//1615 1527//1619
f 1526//1618 1525//1617 1523//1614
f 1527//1619 1528//1620 1526//1618
f 1529//1621 1528//1620 1530//1622
f 1530//1622 1531//1623 1529//1621
f 1529//1621 1533//1624 1525//1617
f 1534//1625 1532//1626 186//200
f 1536//1627 1531//1623 1534//1625
f 1534//1625 1538//1628 1536//1627
f 186//200 1535//1629 1534//1625
f 1537//1630 1533//1624 1536//1627
f 1540//1631 1536//1627 1538//1628
f 3108//1632 1538//1628 1535//1629
f 1540//1631 1539//1633 1541//1634
f 1541//1634 1542//1635 1540//1631
f 1542//1635 1537//1630 1540//1631
f 1543//1636 1544//1637 1542//1635
f 1545//1638 1544//1637 1546//1639
f 1546//1639 1547//1640 1545//1638
f 1545//1638 1549//1641 1537//1630
f 1519//1611 1548//1642 1517//1609
f 1522//1616 1547//1640 1519//1611
f 1525//1617 1549//1641 1522//1616
f 1552//1643 1548//1642 1546//1639
f 1517//1609 1550//1644 1553//1610
f 1553//1610 1551//1645 1554//1646
f 3092//1647 1550//1644 1552//1643
f 1554//1646 1513//1608 1553//1610
f 1554//1646 3090//1648 1555//1649
f 1555//1649 1556//1605 1554//1646
f 1508//1598 1557//1650 1558//1601
f 1558//1601 1559//1651 1561//1652
f 1560//1653 1557//1650 1555//1649
f 1564//1654 1559//1651 1560//1653
f 1561//1652 1562//1655 1565//1656
f 1565//1656 1563//1657 1566//1658
f 3084//1659 1562//1655 1564//1654
f 1566//1658 1567//1660 1565//1656
f 1565//1656 1568//1661 1561//1652
f 1572//1662 1567//1660 1570//1663
f 1570//1663 1569//1664 1571//1665
f 1571//1665 1573//1666 1570//1663
f 1570//1663 1575//1667 1572//1662
f 1576//1668 1573//1666 1574//1669
f 1578//1670 1573//1666 1576//1668
f 1577//1671 1579//1672 1576//1668
f 1574//1669 1577//1671 1576//1668
f 1576//1668 1581//1673 1578//1670
f 3083//1674 1579//1672 1580//1675
f 1580//1675 1582//1676 1584//1677
f 1577//1671 1583//1678 1582//1676
f 1582//1676 1585//1679 1584//1677
f 1585//1679 1586//1680 1584//1677
f 1584//1677 1586//1680 1587//1681
f 1587//1681 1580//1675 1584//1677
f 1589//1682 1587//1681 1586//1680
f 1580//1675 1588//1683 3083//1674
f 1591//1684 1587//1681 1589//1682
f 1590//1685 1592//1686 1589//1682
f 1586//1680 1590//1685 1589//1682
f 1589//1682 1596//1687 1591//1684
f 1595//1688 1593//1689 1597//1690
f 1594//1691 1596//1687 1592//1686
f 1592//1686 1595//1688 1594//1691
f 1591//1684 1457//1539 3075//1541
f 1455//1538 1596//1687 1594//1691
f 1597//1690 1598//1692 1595//1688
f 1595//1688 1600//1693 1594//1691
f 1599//1694 1601//1695 1603//1696
f 1612//1697 1598//1692 1599//1694
f 2872//1698 1601//1695 1597//1690
f 1603//1696 1602//1699 1604//1700
f 1604//1700 1605//1701 1603//1696
f 1603//1696 1608//1702 1599//1694
f 1607//1703 1606//1704 3025//1705
f 1609//1706 1605//1701 1607//1703
f 1599//1694 1610//1707 1612//1697
f 1611//1708 1608//1702 1609//1706
f 1615//1709 1610//1707 1611//1708
f 1612//1697 1613//1710 1614//1537
f 1614//1537 1446//1528 1448//1529
f 1616//1516 1613//1710 1615//1709
f 1611//1708 1617//1711 1615//1709
f 1615//1709 1436//1515 1616//1516
f 1434//1513 1617//1711 1618//1712
f 1618//1712 1619//1713 1620//1714
f 1609//1706 1619//1713 1611//1708
f 1620//1714 1621//1715 1623//1716
f 1607//1703 1621//1715 1609//1706
f 1623//1716 1622//1717 1624//1718
f 1624//1718 1625//1719 1623//1716
f 1623//1716 1628//1720 1620//1714
f 1626//1721 1627//1722 1641//1723
f 1629//1724 1625//1719 1626//1721
f 1631//1725 1628//1720 1629//1724
f 1620//1714 1630//1726 1618//1712
f 1618//1712 1431//1511 1434//1513
f 1633//1512 1630//1726 1631//1725
f 1631//1725 1634//1493 1633//1512
f 1629//1724 1632//1727 1631//1725
f 1633//1512 1416//1728 1432//1500
f 1414//1489 1632//1727 1635//1729
f 1635//1729 1636//1730 1637//1731
f 1637//1731 1638//1732 1639//1733
f 1626//1721 1636//1730 1629//1724
f 1641//1723 1638//1732 1626//1721
f 1639//1733 1640//1734 1642//1735
f 1645//1736 1640//1734 1641//1723
f 1642//1735 1640//1734 1643//1737
f 1643//1737 1647//1738 1644//1739
f 1643//1737 1644//1739 1642//1735
f 1645//1736 1648//1740 1647//1738
f 1641//1723 1646//1741 1645//1736
f 1649//1742 1647//1738 1648//1740
f 1647//1738 1654//1743 1650//1744
f 1644//1739 1647//1738 1650//1744
f 1650//1744 1652//1745 1644//1739
f 1655//1746 1651//1747 1650//1744
f 1650//1744 1651//1747 1653//1748
f 1653//1748 1652//1745 1650//1744
f 1650//1744 1654//1743 1655//1746
f 1651//1747 1657//1749 1660//1750
f 1659//1751 1655//1746 1656//1752
f 1656//1752 1654//1743 1696//1753
f 1660//1750 1658//1754 1662//1755
f 1692//1756 1657//1749 1659//1751
f 1660//1750 1671//1757 1651//1747
f 1661//1758 1660//1750 1662//1755
f 1662//1755 1658//1754 1327//1399
f 1327//1399 1329//1400 1662//1755
f 1663//1759 1662//1755 1329//1400
f 1662//1755 1663//1759 1661//1758
f 1664//1760 1665//1402 1688//1761
f 1663//1759 1664//1760 1666//1762
f 1329//1400 1665//1402 1663//1759
f 1666//1762 1661//1758 1663//1759
f 1664//1760 1667//1763 1666//1762
f 1666//1762 1667//1763 1668//1764
f 1668//1764 1669//1765 1666//1762
f 1661//1758 1666//1762 1669//1765
f 1669//1765 1673//1766 1670//1767
f 1669//1765 1671//1757 1661//1758
f 1669//1765 1672//1768 1671//1757
f 1671//1757 1653//1748 1651//1747
f 1674//1769 1672//1768 1670//1767
f 1670//1767 1675//1770 1674//1769
f 1677//1771 1674//1769 1675//1770
f 1652//1745 1653//1748 1674//1769
f 1674//1769 1676//1772 1652//1745
f 1644//1739 1652//1745 1676//1772
f 1676//1772 1642//1735 1644//1739
f 1642//1735 1677//1771 1639//1733
f 1677//1771 1675//1770 1679//1773
f 1639//1733 1677//1771 1678//1774
f 1679//1773 1678//1774 1677//1771
f 1681//1775 1679//1773 1680//1776
f 1679//1773 1673//1766 1680//1776
f 1681//1775 1678//1774 1679//1773
f 1410//1486 1682//1777 1681//1775
f 1681//1775 1408//1485 1410//1486
f 1680//1776 1683//1778 1681//1775
f 1684//1436 1359//1438 1683//1778
f 1683//1778 1680//1776 1684//1436
f 1408//1485 1359//1438 1361//1439
f 1667//1763 1358//1434 1684//1436
f 1684//1436 1668//1764 1667//1763
f 1680//1776 1668//1764 1684//1436
f 1635//1729 1682//1777 1412//1487
f 1637//1731 1678//1774 1682//1777
f 1682//1777 1635//1729 1637//1731
f 1678//1774 1637//1731 1639//1733
f 1355//1430 1667//1763 1685//1779
f 1685//1779 1686//1780 1352//1428
f 1352//1428 1355//1430 1685//1779
f 1686//1780 1685//1779 1664//1760
f 1346//1421 1686//1780 1687//1424
f 1687//1424 1686//1780 1688//1761
f 1664//1760 1688//1761 1686//1780
f 1688//1761 1330//1404 1689//1781
f 1688//1761 1689//1781 1687//1424
f 1689//1781 1691//1782 1690//1418
f 1690//1418 1687//1424 1689//1781
f 1337//1412 1691//1782 1331//1403
f 1659//1751 1694//1783 1692//1756
f 1656//1752 1693//1784 1659//1751
f 2193//1785 1693//1784 1695//1786
f 1695//1786 1696//1753 1697//1787
f 1649//1742 1697//1787 1696//1753
f 1696//1753 1654//1743 1649//1742
f 1699//1788 1698//1789 1697//1787
f 1697//1787 2191//1790 1695//1786
f 1701//1791 1697//1787 1649//1742
f 1702//1792 1700//1793 1699//1788
f 1699//1788 1704//1794 1702//1792
f 1703//1795 1705//1796 1702//1792
f 1704//1794 1703//1795 1702//1792
f 1705//1796 1708//1797 1707//1798
f 1709//1799 1705//1796 1707//1798
f 1707//1798 1711//1800 1710//1801
f 1710//1801 1709//1799 1707//1798
f 1710//1801 2848//1802 1712//1803
f 1712//1803 1713//1804 1710//1801
f 1714//1805 1709//1799 1713//1804
f 1713//1804 1715//1806 1714//1805
f 1715//1806 1713//1804 1716//1807
f 1716//1807 1717//1808 1715//1806
f 1719//1809 1717//1808 1716//1807
f 1716//1807 1718//1810 1719//1809
f 2857//1811 1716//1807 1712//1803
f 1720//1812 1719//1809 1721//1813
f 1719//1809 1849//1814 1717//1808
f 1721//1813 1718//1810 1723//1815
f 1721//1813 1722//1816 1720//1812
f 1721//1813 1725//1817 1722//1816
f 1724//1818 1718//1810 2857//1811
f 1727//1819 1723//1815 1724//1818
f 1722//1816 1726//1820 3073//1821
f 1729//1822 1725//1817 1727//1819
f 1728//1823 1727//1819 1724//1818
f 1727//1819 1731//1824 1729//1822
f 1730//1825 1726//1820 1729//1822
f 1730//1825 1729//1822 1731//1824
f 1731//1824 1732//1826 1730//1825
f 1732//1826 1731//1824 1733//1827
f 1731//1824 1734//1828 1733//1827
f 1733//1827 2533//1829 1735//1830
f 1735//1830 1736//1831 1733//1827
f 1733//1827 1736//1831 1732//1826
f 1737//1832 1738//1833 1740//1834
f 1843//1835 1736//1831 1737//1832
f 3034//1836 1738//1833 1735//1830
f 1740//1834 1739//1837 1742//1838
f 1742//1838 1741//1839 1740//1834
f 1740//1834 1842//1840 1737//1832
f 1744//1841 1743//1842 1742//1838
f 1742//1838 1746//1843 1744//1841
f 1744//1841 1745//1844 1748//1845
f 1744//1841 3039//1846 1745//1844
f 1748//1845 1747//1847 1744//1841
f 1749//1848 1752//1849 1748//1845
f 1748//1845 1745//1844 1749//1848
f 1748//1845 1752//1849 1750//1850
f 1750//1850 1751//1851 1748//1845
f 1751//1851 1747//1847 1748//1845
f 1753//1852 1749//1848 1754//1853
f 1756//1854 1752//1849 1753//1852
f 1754//1853 1755//1855 1753//1852
f 1753//1852 1757//1856 1756//1854
f 1756//1854 1761//1857 1758//1858
f 1758//1858 1750//1850 1756//1854
f 1760//1859 1759//1860 1758//1858
f 1758//1858 1763//1861 1760//1859
f 1762//1862 1757//1856 1790//1863
f 1764//1864 1761//1857 1762//1862
f 1763//1861 1764//1864 1766//1865
f 1766//1865 1765//1866 1763//1861
f 1760//1859 1763//1861 1765//1866
f 1764//1864 1767//1867 1766//1865
f 1766//1865 1769//1868 1768//1869
f 1768//1869 1765//1866 1766//1865
f 1768//1869 1771//1870 1770//1871
f 1772//1872 1771//1870 1773//1873
f 1765//1866 1772//1872 1774//1874
f 1772//1872 1773//1873 1775//1875
f 1775//1875 1774//1874 1772//1872
f 1776//1876 1775//1875 1773//1873
f 1775//1875 1776//1876 1778//1877
f 1774//1874 1775//1875 1777//1878
f 1778//1877 1777//1878 1775//1875
f 1778//1877 1780//1879 1779//1880
f 1778//1877 1759//1860 1777//1878
f 1779//1880 1782//1881 1751//1851
f 1751//1851 1759//1860 1779//1880
f 1782//1881 1780//1879 1781//1882
f 3074//1883 1780//1879 1776//1876
f 1781//1882 1783//1884 1782//1881
f 1743//1842 1782//1881 1783//1884
f 1785//1885 1784//1886 1783//1884
f 1784//1886 1743//1842 1783//1884
f 1783//1884 1781//1882 1785//1885
f 3074//1883 1785//1885 1781//1882
f 1785//1885 1786//1887 1788//1888
f 1788//1888 1787//1889 1785//1885
f 1784//1886 1787//1889 1844//1890
f 1789//1891 1787//1889 1788//1888
f 1769//1868 1788//1888 1786//1887
f 1788//1888 1767//1867 1789//1891
f 1789//1891 1762//1862 1790//1863
f 1790//1863 1791//1892 1789//1891
f 1844//1890 1791//1892 1792//1893
f 1792//1893 1793//1894 1794//1895
f 1795//1896 1794//1895 1793//1894
f 1793//1894 1796//1897 1795//1896
f 1797//1898 1796//1897 1793//1894
f 1793//1894 1790//1863 1797//1898
f 1757//1856 1797//1898 1790//1863
f 1797//1898 1801//1899 1798//1900
f 1804//1901 1797//1898 1798//1900
f 1798//1900 1802//1902 1799//1903
f 1799//1903 1800//1904 1798//1900
f 1798//1900 1800//1904 1803//1905
f 1801//1899 1802//1902 1798//1900
f 1803//1905 1804//1901 1798//1900
f 1804//1901 1807//1906 1805//1907
f 1796//1897 1804//1901 1805//1907
f 1805//1907 1809//1908 1806//1909
f 1805//1907 1845//1910 1795//1896
f 1805//1907 1795//1896 1796//1897
f 1808//1911 1803//1905 1983//1912
f 1811//1913 1807//1906 1808//1911
f 1806//1909 1810//1914 1836//1915
f 1813//1916 1809//1908 1811//1913
f 1808//1911 1812//1917 1811//1913
f 1811//1913 1814//1918 1813//1916
f 1813//1916 1817//1919 1815//1920
f 1815//1920 1810//1914 1813//1916
f 1818//1921 1816//1922 1815//1920
f 1815//1920 1820//1923 1818//1921
f 1818//1921 1821//1924 1819//1925
f 1825//1926 1820//1923 1822//1927
f 1822//1927 1817//1919 1823//1928
f 1823//1928 1824//1929 1822//1927
f 1822//1927 1826//1930 1825//1926
f 1825//1926 1829//1931 1827//1932
f 1827//1932 1821//1924 1825//1926
f 1828//1933 1830//1934 1827//1932
f 1827//1932 1853//1935 1828//1933
f 1830//1934 1832//1936 1831//1937
f 1831//1937 1833//1938 1830//1934
f 1833//1938 1821//1924 1830//1934
f 1831//1937 1834//1939 1833//1938
f 1834//1939 1835//1940 1833//1938
f 1819//1925 1833//1938 1835//1940
f 1816//1922 1835//1940 1836//1915
f 1836//1915 1837//1941 1838//1942
f 1835//1940 1816//1922 1819//1925
f 1838//1942 1839//1943 1794//1895
f 1840//1944 1837//1941 1834//1939
f 1843//1835 1839//1943 1840//1944
f 1839//1943 1841//1945 1792//1893
f 1792//1893 1794//1895 1839//1943
f 1792//1893 1842//1840 1844//1890
f 1737//1832 1841//1945 1843//1835
f 1840//1944 1732//1826 1843//1835
f 1844//1890 1741//1839 1784//1886
f 1730//1825 1840//1944 1834//1939
f 1836//1915 1838//1942 1845//1910
f 1845//1910 1838//1942 1794//1895
f 1845//1910 1806//1909 1836//1915
f 1794//1895 1795//1896 1845//1910
f 1836//1915 1810//1914 1816//1922
f 1834//1939 1846//1946 1730//1825
f 3073//1821 1846//1946 1831//1937
f 1832//1936 1828//1933 1848//1947
f 1831//1937 1847//1948 3073//1821
f 1848//1947 1847//1948 1832//1936
f 1848//1947 1720//1812 1847//1948
f 1849//1814 1848//1947 1850//1949
f 1850//1949 1848//1947 1828//1933
f 1850//1949 1854//1950 1849//1814
f 1851//1951 1854//1950 1850//1949
f 1850//1949 1852//1952 1851//1951
f 1852//1952 1853//1935 1864//1953
f 1828//1933 1853//1935 1850//1949
f 1854//1950 1855//1954 1717//1808
f 1855//1954 1851//1951 1858//1955
f 1717//1808 1849//1814 1854//1950
f 1855//1954 1857//1956 1856//1957
f 1856//1957 1717//1808 1855//1954
f 1858//1955 1857//1956 1855//1954
f 1860//1958 1859//1959 1858//1955
f 1858//1955 1863//1960 1860//1958
f 1860//1958 1865//1961 1861//1962
f 1861//1962 1862//1963 1860//1958
f 1866//1964 1863//1960 1864//1953
f 1864//1953 1851//1951 1852//1952
f 1867//1965 1861//1962 1865//1961
f 1868//1966 1865//1961 1866//1964
f 1865//1961 1868//1966 1867//1965
f 1869//1967 1868//1966 1871//1968
f 1868//1966 1869//1967 1870//1969
f 1870//1969 1867//1965 1868//1966
f 1866//1964 1871//1968 1868//1966
f 1866//1964 1826//1930 1871//1968
f 1871//1968 1824//1929 1872//1970
f 1871//1968 1872//1970 1869//1967
f 1872//1970 1874//1971 1869//1967
f 1872//1970 1876//1972 1873//1973
f 2164//1974 1873//1973 1875//1975
f 1873//1973 1877//1976 1875//1975
f 1879//1977 1876//1972 1823//1928
f 1875//1975 1878//1978 2166//1979
f 1880//1980 1877//1976 1879//1977
f 1879//1977 1812//1917 1880//1980
f 1823//1928 1814//1918 1879//1977
f 1880//1980 1883//1981 1881//1982
f 1881//1982 1878//1978 1880//1980
f 1882//1983 1884//1984 1881//1982
f 1881//1982 1982//1985 1882//1983
f 1884//1984 1887//1986 1885//1987
f 2166//1979 1884//1984 1885//1987
f 1891//1988 1886//1989 1888//1990
f 1888//1990 1882//1983 1890//1991
f 1889//1992 1893//1993 1888//1990
f 1888//1990 1890//1991 1889//1992
f 1892//1994 1891//1988 1888//1990
f 1888//1990 1893//1993 1892//1994
f 1896//1995 1893//1993 1889//1992
f 1894//1996 1892//1994 1893//1993
f 1893//1993 1895//1997 1894//1996
f 1898//1998 1895//1997 1896//1995
f 1895//1997 1898//1998 1897//1999
f 1897//1999 1894//1996 1895//1997
f 1896//1995 1900//2000 1898//1998
f 2343//2001 1898//1998 1899//2002
f 1899//2002 1898//1998 1900//2000
f 1900//2000 1903//2003 1901//2004
f 1900//2000 1901//2004 1899//2002
f 1905//2005 1900//2000 1896//1995
f 1903//2003 1904//2006 3068//2007
f 1907//2008 1902//2009 1905//2005
f 1896//1995 1906//2010 1905//2005
f 1905//2005 1909//2011 1907//2008
f 1907//2008 3070//2012 1904//2006
f 1907//2008 1911//2013 1908//2014
f 1910//2015 1906//2010 1981//2016
f 1914//2017 1909//2011 1910//2015
f 1913//2018 1908//2014 1911//2013
f 1911//2013 1912//2019 1913//2018
f 1916//2020 1911//2013 1914//2017
f 1914//2017 1917//2021 1916//2020
f 1915//2022 1914//2017 1910//2015
f 1916//2020 1919//2023 1918//2024
f 1918//2024 1912//2019 1916//2020
f 1920//2025 1919//2023 1943//2026
f 1920//2025 1921//2027 1918//2024
f 1923//2028 1922//2029 1925//2030
f 1912//2019 1923//2028 1913//2018
f 1913//2018 1924//2031 3072//2032
f 1928//2033 1923//2028 1925//2030
f 1922//2029 1927//2034 1925//2030
f 1925//2030 1927//2034 1926//2035
f 1926//2035 1928//2033 1925//2030
f 1929//2036 1926//2035 1931//2037
f 1929//2036 1924//2031 1928//2033
f 1931//2037 1930//2038 1929//2036
f 1933//2039 1932//2040 1931//2037
f 1931//2037 1936//2041 1933//2039
f 1933//2039 1951//2042 1934//2043
f 1936//2041 1935//2044 1933//2039
f 1937//2045 1938//2046 1936//2041
f 1937//2045 1926//2035 1927//2034
f 1950//2047 1938//2046 1940//2048
f 1938//2046 1939//2049 1941//2050
f 1941//2050 1940//2048 1938//2046
f 1941//2050 1919//2023 1942//2051
f 1942//2051 1940//2048 1941//2050
f 1944//2052 1943//2026 1941//2050
f 1941//2050 1939//2049 1944//2052
f 1937//2045 1927//2034 1944//2052
f 1944//2052 1939//2049 1937//2045
f 1920//2025 1944//2052 1922//2029
f 1942//2051 1917//2021 1945//2053
f 1945//2053 1946//2054 1942//2051
f 1948//2055 1947//2056 1949//2057
f 1950//2047 1946//2054 1948//2055
f 1949//2057 1951//2042 1948//2055
f 1950//2047 1951//2042 1935//2044
f 1954//2058 1951//2042 1952//2059
f 1973//2060 1952//2059 1949//2057
f 1952//2059 1956//2061 1954//2058
f 1955//2062 1934//2043 1954//2058
f 1954//2058 1957//2063 1955//2062
f 1959//2064 1956//2061 1958//2065
f 1953//2066 1958//2065 1956//2061
f 1961//2067 1959//2064 1958//2065
f 1964//2068 1958//2065 1960//2069
f 1961//2067 1965//2070 1962//2071
f 1962//2071 1963//2072 1961//2067
f 1966//2073 1965//2070 1964//2068
f 1964//2068 1967//2074 1966//2073
f 1967//2074 1964//2068 1960//2069
f 1967//2074 1968//2075 1970//2076
f 1960//2069 1968//2075 1967//2074
f 1967//2074 1979//2077 1966//2073
f 1970//2076 1969//2078 1967//2074
f 1968//2075 1972//2079 1970//2076
f 1971//2080 1969//2078 1970//2076
f 1971//2080 1970//2076 1972//2079
f 1949//2057 1972//2079 1973//2060
f 1972//2079 1974//2081 1971//2080
f 1974//2081 1947//2056 1945//2053
f 1974//2081 1975//2082 1971//2080
f 1945//2053 1915//2022 1974//2081
f 1953//2066 1973//2060 1968//2075
f 1971//2080 1978//2083 1976//2084
f 1976//2084 1980//2085 1977//2086
f 1976//2084 1977//2086 1979//2077
f 1979//2077 1969//2078 1976//2084
f 1966//2073 1799//1903 1984//2087
f 1800//1904 1979//2077 1977//2086
f 1981//2016 1978//2083 1975//2082
f 1890//1991 1978//2083 1981//2016
f 1975//2082 1910//2015 1981//2016
f 1981//2016 1889//1992 1890//1991
f 1977//2086 1980//2085 1982//1985
f 1882//1983 1980//2085 1890//1991
f 1982//1985 1983//1912 1977//2086
f 1983//1912 1883//1981 1808//1911
f 1983//1912 1800//1904 1977//2086
f 1910//2015 1975//2082 1915//2022
f 1968//2075 1960//2069 1953//2066
f 1965//2070 1966//2073 1985//2088
f 1985//2088 1966//2073 1984//2087
f 1985//2088 1986//2089 1965//2070
f 1986//2089 1985//2088 1987//2090
f 1988//2091 1987//2090 1985//2088
f 1984//2087 1988//2091 1985//2088
f 1991//2092 1988//2091 1984//2087
f 1989//2093 1990//2094 1992//2095
f 1990//2094 1991//2092 1994//2096
f 1992//2095 1993//2097 1996//2098
f 1994//2096 1993//2097 1990//2094
f 1991//2092 1995//2099 1994//2096
f 1995//2099 1754//1853 1994//2096
f 1754//1853 1993//2097 1994//2096
f 1996//2098 1749//1848 1745//1844
f 1999//2100 1996//2098 1745//1844
f 1992//2095 1996//2098 1997//2101
f 1998//2102 2000//2103 2041//2104
f 1997//2101 1998//2102 1992//2095
f 1997//2101 1999//2100 2001//2105
f 2001//2105 2000//2103 1997//2101
f 2001//2105 3040//2106 2002//2107
f 2001//2105 2004//2108 2003//2109
f 2003//2109 2000//2103 2001//2105
f 2003//2109 2008//2110 2006//2111
f 2005//2112 2003//2109 2006//2111
f 2007//2113 2009//2114 2006//2111
f 2006//2111 2516//2115 2007//2113
f 2006//2111 2009//2114 2005//2112
f 2040//2116 2009//2114 2010//2117
f 2010//2117 2011//2118 2014//2119
f 2013//2120 2012//2121 2011//2118
f 2014//2119 2012//2121 2016//2122
f 2011//2118 2007//2113 2013//2120
f 2015//2123 2014//2119 2016//2122
f 2014//2119 2036//2124 2010//2117
f 2017//2125 2019//2126 2016//2122
f 2018//2127 2017//2125 2016//2122
f 2016//2122 2012//2121 2018//2127
f 2016//2122 2019//2126 2015//2123
f 2036//2124 2019//2126 2020//2128
f 2020//2128 2021//2129 2023//2130
f 2511//2131 2021//2129 2017//2125
f 2023//2130 2022//2132 2024//2133
f 2024//2133 2025//2134 2023//2130
f 2023//2130 2026//2135 2020//2128
f 2031//2136 2025//2134 2028//2137
f 2028//2137 2027//2138 2029//1017
f 2029//1017 971//1024 2028//2137
f 2028//2137 971//1024 2030//2139
f 2030//2139 2031//2136 2028//2137
f 2026//2135 2031//2136 2032//2140
f 2031//2136 2034//2141 2032//2140
f 2032//2140 2035//2142 2026//2135
f 2037//2143 2032//2140 2033//2144
f 2032//2140 2354//2145 2033//2144
f 2020//2128 2026//2135 2035//2142
f 2035//2142 2036//2124 2020//2128
f 2036//2124 2035//2142 2037//2143
f 2010//2117 2038//2146 2040//2116
f 2038//2146 2037//2143 2033//2144
f 2037//2143 2010//2117 2036//2124
f 2033//2144 2039//2147 2038//2146
f 2040//2116 2039//2147 2041//2104
f 2005//2112 2040//2116 2041//2104
f 2039//2147 2043//2148 2041//2104
f 2041//2104 2043//2148 2042//2149
f 2042//2149 1998//2102 2041//2104
f 2041//2104 2000//2103 2005//2112
f 2045//2150 2043//2148 2044//2151
f 2047//2152 2043//2148 2045//2150
f 2048//2153 2045//2150 2046//2154
f 2049//1036 2046//2154 2045//2150
f 2047//2152 2045//2150 2048//2153
f 2044//2151 2049//1036 2045//2150
f 2049//1036 2354//2145 980//1033
f 2048//2153 2050//2155 2047//2152
f 2050//2155 2048//2153 2051//2156
f 2048//2153 2053//2157 2051//2156
f 2046//2154 2052//2158 2048//2153
f 2053//2157 2054//2159 2055//2160
f 2054//2159 2046//2154 984//1040
f 2056//2161 2054//2159 984//1040
f 2054//2159 2058//2162 2055//2160
f 2057//2163 2056//2161 985//1039
f 984//1040 985//1039 2056//2161
f 2061//2164 2056//2161 2057//2163
f 2060//2165 2059//2166 2058//2162
f 2059//2166 2055//2160 2058//2162
f 2058//2162 2061//2164 2060//2165
f 2057//2163 2062//2167 2061//2164
f 2061//2164 2065//2168 2060//2165
f 2064//2169 2063//2170 2351//2171
f 2066//2172 2062//2167 2064//2169
f 2065//2168 2068//2173 2067//2174
f 2060//2165 2067//2174 2070//2175
f 2124//2176 2067//2174 2068//2173
f 2070//2175 2069//2177 2072//2178
f 2070//2175 2059//2166 2060//2165
f 2072//2178 2071//2179 2070//2175
f 2072//2178 2069//2177 2073//2180
f 2073//2180 2074//2181 2072//2178
f 2074//2181 2075//2182 2072//2178
f 2055//2160 2075//2182 2053//2157
f 2053//2157 2076//2183 2051//2156
f 2077//2184 2076//2183 2074//2181
f 2078//2185 2051//2156 2076//2183
f 2076//2183 2077//2184 2078//2185
f 2079//2186 2077//2184 2089//2187
f 2078//2185 2350//2188 2051//2156
f 2078//2185 2079//2186 2081//2189
f 2081//2189 2080//2190 2078//2185
f 2347//2191 2081//2189 2082//2192
f 2081//2189 2085//2193 2082//2192
f 2079//2186 2083//2194 2081//2189
f 2084//2195 2085//2193 2083//2194
f 2083//2194 2086//2196 2084//2195
f 2084//2195 2087//2197 2090//2198
f 2089//2187 2086//2196 2079//2186
f 2090//2198 2088//2199 2093//2200
f 2118//2201 2087//2197 2089//2187
f 2091//2202 2092//2203 2090//2198
f 2090//2198 2093//2200 2091//2202
f 2090//2198 2158//2204 2084//2195
f 2088//2199 2094//2205 2093//2200
f 2094//2205 2095//2206 2093//2200
f 2091//2202 2093//2200 2095//2206
f 2095//2206 2096//2207 2091//2202
f 2149//1348 2095//2206 2097//2208
f 2097//2208 2098//2209 2099//2210
f 2099//2210 2100//2211 2102//2212
f 2101//2213 2098//2209 2094//2205
f 2104//2214 2100//2211 2101//2213
f 2102//2212 2103//2215 2105//2216
f 2107//2217 2103//2215 2104//2214
f 2105//2216 2106//2218 1051//1108
f 1044//1101 2106//2218 2107//2217
f 2108//2219 1044//1101 2107//2217
f 2107//2217 2111//2220 2108//2219
f 2135//2221 2108//2219 2110//2222
f 2108//2219 2112//2223 2110//2222
f 2115//2224 2111//2220 2113//2225
f 2113//2225 2104//2214 2101//2213
f 2101//2213 2114//2226 2113//2225
f 2113//2225 2117//2227 2115//2224
f 2115//2224 2121//2228 2112//2223
f 2117//2227 2116//2229 2115//2224
f 2118//2201 2114//2226 2088//2199
f 2118//2201 2119//2230 2117//2227
f 2073//2180 2120//2231 2074//2181
f 2122//2232 2119//2230 2073//2180
f 2120//2231 2118//2201 2089//2187
f 2074//2181 2120//2231 2077//2184
f 2089//2187 2077//2184 2120//2231
f 2123//2233 2116//2229 2122//2232
f 2122//2232 2125//2234 2123//2233
f 2073//2180 2124//2176 2122//2232
f 2068//2173 2125//2234 2124//2176
f 2127//2235 2125//2234 2126//2236
f 2123//2233 2125//2234 2127//2235
f 2127//2235 2128//2237 2123//2233
f 2128//2237 2127//2235 2130//2238
f 2126//2236 2129//2239 2127//2235
f 2129//2239 2130//2238 2127//2235
f 2132//2240 1029//1085 1033//1087
f 1026//1084 2130//2238 2131//2241
f 2130//2238 2132//2240 2128//2237
f 2133//2242 2128//2237 2132//2240
f 2132//2240 2134//2243 2133//2242
f 2134//2243 2132//2240 1033//1087
f 1033//1087 1035//1092 2134//2243
f 2135//2221 2134//2243 1035//1092
f 2110//2222 2134//2243 2135//2221
f 1035//1092 1038//1093 2135//2221
f 1038//1093 2109//2244 2135//2221
f 2112//2223 2133//2242 2110//2222
f 2128//2237 2121//2228 2123//2233
f 2137//2245 2131//2241 2129//2239
f 2131//2241 1024//1080 1026//1084
f 1024//1080 2138//2246 1017//1075
f 2138//2246 2137//2245 2139//2247
f 2140//1071 2138//2246 2139//2247
f 2139//2247 2143//2248 2140//1071
f 2139//2247 2142//2249 2141//2250
f 2141//2250 2126//2236 2068//2173
f 2068//2173 2143//2248 2141//2250
f 2064//2169 2143//2248 2066//2172
f 2140//1071 2144//1063 1009//1064
f 2064//2169 1008//1060 2144//1063
f 2129//2239 2142//2249 2137//2245
f 2105//2216 2146//2251 2102//2212
f 1051//1108 2145//2252 2105//2216
f 1055//1112 2145//2252 1053//1110
f 2146//2251 1260//1327 1262//1328
f 2102//2212 2147//2253 2099//2210
f 1265//1330 2146//2251 1262//1328
f 2099//2210 2148//2254 2097//2208
f 1268//1333 2147//2253 1265//1330
f 2097//2208 2148//2254 1276//1344
f 1275//1341 2148//2254 1268//1333
f 1276//1344 2149//1348 2097//2208
f 2096//2207 2149//1348 1279//1347
f 1279//1347 2150//2255 2096//2207
f 2153//2256 2096//2207 2150//2255
f 2152//2257 2151//2258 2150//2255
f 2153//2256 2151//2258 2154//2259
f 2150//2255 1279//1347 2152//2257
f 2154//2259 2091//2202 2153//2256
f 2092//2203 2154//2259 2155//2260
f 2154//2259 2156//2261 2155//2260
f 2155//2260 2156//2261 2159//2262
f 2155//2260 2158//2204 2092//2203
f 2155//2260 2160//2263 2157//2264
f 2157//2264 2158//2204 2155//2260
f 2159//2262 2160//2263 2155//2260
f 2215//2265 2160//2263 1885//1987
f 2161//2266 1885//1987 2160//2263
f 2160//2263 2159//2262 2161//2266
f 2161//2266 2166//1979 1885//1987
f 2162//2267 2161//2266 2159//2262
f 2162//2267 2163//2268 2161//2266
f 2164//1974 2165//2269 2167//2270
f 1875//1975 2163//2268 2164//1974
f 2162//2267 2168//2271 2165//2269
f 2167//2270 2168//2271 2171//2272
f 2169//2273 2170//2274 2199//2275
f 2174//1375 2168//2271 2169//2273
f 2171//2272 2173//2276 2172//2277
f 2172//2277 2167//2270 2171//2272
f 2174//1375 2173//2276 2171//2272
f 2174//1375 1295//1365 1297//1367
f 1870//1969 2173//2276 2175//2278
f 2175//2278 1302//1372 1304//1374
f 2175//2278 1867//1965 1870//1969
f 1306//1378 2175//2278 1304//1374
f 2178//1380 2176//2279 1306//1378
f 1867//1965 2177//2280 1861//1962
f 2179//2281 2177//2280 2178//1380
f 2178//1380 2180//2282 2179//2281
f 2179//2281 2183//2283 2181//2284
f 2181//2284 1862//1963 2179//2281
f 2182//2285 1859//1959 2181//2284
f 2184//2286 2182//2285 2181//2284
f 2181//2284 2183//2283 2184//2286
f 2184//2286 2185//2287 2186//2288
f 2185//2287 2183//2283 2198//2289
f 2186//2288 2187//2290 2184//2286
f 2182//2285 2187//2290 2188//2291
f 2188//2291 2187//2290 2190//2292
f 2189//2293 2190//2292 2187//2290
f 2187//2290 2186//2288 2189//2293
f 2190//2292 1856//1957 2188//2291
f 1856//1957 2190//2292 1715//1806
f 1714//1805 2190//2292 2189//2293
f 2189//2293 1698//1789 1714//1805
f 2186//2288 2191//1790 2189//2293
f 1695//1786 2192//2294 2193//1785
f 2193//1785 2194//2295 2196//2296
f 2185//2287 2192//2294 2186//2288
f 2196//2296 2195//2297 1318//1391
f 2198//2289 2194//2295 2185//2287
f 1318//1391 2197//2298 2196//2296
f 2196//2296 1694//1783 2193//1785
f 1692//1756 2197//2298 1325//1398
f 1311//1384 2195//2297 2198//2289
f 2198//2289 2180//2282 1311//1384
f 2188//2291 1857//1956 2182//2285
f 1869//1967 1874//1971 2172//2277
f 2172//2277 1870//1969 1869//1967
f 2167//2270 1874//1971 2164//1974
f 2170//2274 2201//2299 2199//2275
f 2203//2300 2170//2274 2162//2267
f 2205//2301 2200//2302 2202//2303
f 2204//2304 2200//2302 2203//2300
f 2203//2300 2159//2262 2156//2261
f 2159//2262 2203//2300 2162//2267
f 2156//2261 2204//2304 2203//2300
f 2204//2304 2151//2258 2152//2257
f 2152//2257 2202//2303 2204//2304
f 2205//2301 2206//2305 2207//2306
f 1280//1346 2206//2305 2152//2257
f 2207//2306 2206//2305 1280//1346
f 2207//2306 2201//2299 2205//2301
f 1283//1351 2208//2307 2207//2306
f 1280//1346 1283//1351 2207//2306
f 2209//1366 1287//1353 1290//1358
f 2199//2275 2208//2307 2209//1366
f 2209//1366 2169//2273 2199//2275
f 2210//2308 2084//2195 2158//2204
f 2158//2204 2157//2264 2210//2308
f 2210//2308 2085//2193 2084//2195
f 2212//2309 2157//2264 2215//2265
f 2212//2309 2211//2310 2210//2308
f 2212//2309 2216//2311 2213//2312
f 2213//2312 2214//2313 2212//2309
f 2217//2314 2215//2265 1885//1987
f 2216//2311 2217//2314 2219//2315
f 2219//2315 2218//2316 2216//2311
f 2213//2312 2218//2316 2332//2317
f 2219//2315 2330//2318 2218//2316
f 2221//2319 2220//2320 2219//2315
f 2222//2321 2221//2319 2219//2315
f 2219//2315 2217//2314 2222//2321
f 2221//2319 2222//2321 2223//2322
f 2223//2322 1887//1986 1891//1988
f 1887//1986 2217//2314 1885//1987
f 2225//2323 2223//2322 1891//1988
f 2223//2322 2224//2324 2221//2319
f 2223//2322 2226//2325 2224//2324
f 2229//2326 2225//2323 2227//2327
f 2227//2327 1892//1994 1894//1996
f 1891//1988 1892//1994 2225//2323
f 1894//1996 2228//2328 2227//2327
f 2227//2327 2231//2329 2229//2326
f 2230//2330 2226//2325 2229//2326
f 2229//2326 2232//2331 2230//2330
f 2236//2332 2231//2329 2233//2333
f 2233//2333 2228//2328 2235//2334
f 2235//2334 2234//2335 2233//2333
f 2233//2333 2238//2336 2236//2332
f 2236//2332 2240//2337 2237//2338
f 2237//2338 2232//2331 2236//2332
f 2239//2339 2234//2335 2334//2340
f 2242//2341 2238//2336 2239//2339
f 2237//2338 2241//2342 2274//2343
f 2243//2344 2240//2337 2242//2341
f 2242//2341 2247//2345 2243//2344
f 2239//2339 2244//2346 2242//2341
f 2245//2347 2246//2348 2331//2349
f 2247//2345 2245//2347 2249//2350
f 2243//2344 2248//2351 2329//2352
f 2248//2351 2249//2350 2251//2353
f 2261//2354 2249//2350 2245//2347
f 2251//2353 2249//2350 2250//2355
f 2251//2353 2288//2356 2248//2351
f 2252//2357 2251//2353 2253//2358
f 2250//2355 2253//2358 2251//2353
f 2253//2358 2254//2359 2252//2357
f 2255//2360 2254//2359 2253//2358
f 2253//2358 2258//2361 2255//2360
f 2257//2362 2256//2363 2255//2360
f 2255//2360 2259//2364 2257//2362
f 2262//2365 2258//2361 2260//2366
f 2260//2366 2250//2355 2261//2354
f 2261//2354 2220//2320 2260//2366
f 2260//2366 2264//2367 2262//2365
f 2263//2368 2259//2364 2262//2365
f 2262//2365 2265//2369 2263//2368
f 2224//2324 2264//2367 2221//2319
f 2263//2368 2266//2370 2267//2371
f 2226//2325 2265//2369 2224//2324
f 2267//2371 2230//2330 2269//2372
f 2267//2371 2307//2373 2263//2368
f 2269//2372 2268//2374 2267//2371
f 2269//2372 2272//2375 2270//2376
f 2230//2330 2271//2377 2269//2372
f 2274//2343 2271//2377 2237//2338
f 2270//2376 2273//2378 2308//2379
f 2275//2380 2272//2375 2274//2343
f 2274//2343 2276//2381 2275//2380
f 2277//2382 2273//2378 2275//2380
f 2275//2380 2280//2383 2277//2382
f 2277//2382 2282//2384 2278//2385
f 2278//2385 2279//2386 2277//2382
f 2281//2387 2276//2381 2329//2352
f 2284//2388 2280//2383 2281//2387
f 2285//2389 2282//2384 2284//2388
f 2278//2385 2283//2390 2327//2391
f 2286//2392 2285//2389 2284//2388
f 2284//2388 2288//2356 2286//2392
f 2287//2393 2289//2394 2286//2392
f 2286//2392 2252//2357 2287//2393
f 2290//2395 2291//2396 2292//2397
f 2328//2398 2289//2394 2290//2395
f 2292//2397 2293//2399 2295//2400
f 2294//2401 2291//2396 2287//2393
f 2299//2402 2293//2399 2294//2401
f 2295//2400 2296//2403 2297//2404
f 2297//2404 2298//2405 2320//2406
f 2300//2407 2296//2403 2299//2402
f 2299//2402 2302//2408 2300//2407
f 2294//2401 2256//2363 2299//2402
f 2300//2407 2303//2409 2301//2410
f 2301//2410 2298//2405 2300//2407
f 2305//2411 2302//2408 2257//2362
f 2305//2411 2304//2412 2303//2409
f 2303//2409 2313//2413 2301//2410
f 2257//2362 2307//2373 2305//2411
f 2305//2411 2268//2374 2306//2414
f 2309//2415 2306//2414 2308//2379
f 2268//2374 2308//2379 2306//2414
f 2279//2386 2309//2415 2308//2379
f 2308//2379 2273//2378 2279//2386
f 2304//2412 2309//2415 2310//2416
f 2309//2415 2312//2417 2310//2416
f 2311//2418 2313//2413 2310//2416
f 2310//2416 2326//2419 2311//2418
f 2310//2416 2313//2413 2304//2412
f 2301//2410 2314//2420 2315//2421
f 2317//2422 2314//2420 2311//2418
f 2319//2423 2314//2420 2316//2424
f 2321//2425 2316//2424 2317//2422
f 2319//2423 2318//2426 2320//2406
f 2320//2406 2315//2421 2319//2423
f 2318//2426 2297//2404 2320//2406
f 2295//2400 2321//2425 2292//2397
f 2292//2397 2321//2425 2322//2427
f 2317//2422 2322//2427 2321//2425
f 2290//2395 2323//2428 2328//2398
f 2325//2429 2322//2427 2324//2430
f 2322//2427 2290//2395 2292//2397
f 2325//2429 2326//2419 2327//2391
f 2311//2418 2324//2430 2317//2422
f 2327//2391 2312//2417 2278//2385
f 2327//2391 2323//2428 2325//2429
f 2328//2398 2283//2390 2285//2389
f 2287//2393 2254//2359 2294//2401
f 2248//2351 2281//2387 2329//2352
f 2329//2352 2241//2342 2243//2344
f 2245//2347 2330//2318 2261//2354
f 2330//2318 2332//2317 2218//2316
f 2331//2349 2333//2431 2332//2317
f 2332//2317 2335//2432 2213//2312
f 2336//2433 2333//2431 2334//2340
f 2334//2340 2246//2348 2239//2339
f 2338//2434 2335//2432 2336//2433
f 2334//2340 2337//2435 2336//2433
f 2336//2433 2339//2436 2338//2434
f 2339//2436 2340//2437 2338//2434
f 2214//2313 2338//2434 2340//2437
f 2085//2193 2211//2310 2340//2437
f 2340//2437 2082//2192 2085//2193
f 2341//2438 2082//2192 2340//2437
f 2340//2437 2211//2310 2214//2313
f 2341//2438 2339//2436 2343//2001
f 2342//2439 1899//2002 1901//2004
f 2343//2001 1899//2002 2341//2438
f 2235//2334 1897//1999 2343//2001
f 2343//2001 2337//2435 2235//2334
f 1901//2004 2344//2440 2342//2439
f 2342//2439 2347//2191 2082//2192
f 2346//2441 2345//2442 1962//2071
f 2347//2191 2346//2441 2348//2443
f 2348//2443 2080//2190 2347//2191
f 2350//2188 2348//2443 2349//2444
f 2346//2441 2349//2444 2348//2443
f 2349//2444 2050//2155 2350//2188
f 2051//2156 2350//2188 2050//2155
f 2050//2155 2349//2444 1987//2090
f 1987//2090 2349//2444 1986//2089
f 1962//2071 1986//2089 2346//2441
f 1903//2003 2345//2442 1901//2004
f 2152//2257 1279//1347 1280//1346
f 2352//2445 1008//1060 2351//2171
f 2351//2171 2353//2446 2352//2445
f 2352//2445 1004//1058 1006//1059
f 988//1041 2063//2170 2057//2163
f 990//1043 2353//2446 988//1041
f 985//1039 988//1041 2057//2163
f 1987//2090 2047//2152 2050//2155
f 1989//2093 2042//2149 2047//2152
f 2047//2152 1987//2090 1989//2093
f 2354//2145 2044//2151 2039//2147
f 980//1033 2354//2145 2034//2141
f 2039//2147 2033//2144 2354//2145
f 1998//2102 2042//2149 1989//2093
f 2034//2141 977//1031 980//1033
f 977//1031 2030//2139 970//1023
f 2029//1017 2355//2447 964//1015
f 2357//2448 2027//2138 2024//2133
f 964//1015 2356//2449 961//1012
f 2359//2450 2355//2447 2357//2448
f 2024//2133 2358//2451 2357//2448
f 2357//2448 2361//2452 2359//2450
f 2360//2453 2356//2449 2359//2450
f 2359//2450 2363//2454 2360//2453
f 2365//2455 2361//2452 2362//2456
f 2362//2456 2358//2451 2510//2457
f 2360//2453 2364//2458 2375//2459
f 2367//2460 2363//2454 2365//2455
f 2507//2461 2365//2455 2362//2456
f 2367//2460 2366//2462 2368//2463
f 2368//2463 2369//2464 2367//2460
f 2369//2464 2364//2458 2367//2460
f 2373//2465 2369//2464 2370//2466
f 2370//2466 2371//2467 2388//2468
f 2372//2469 2377//2470 2374//2471
f 2375//2459 2372//2469 2374//2471
f 2374//2471 3054//2472 2375//2459
f 2377//2470 2376//2473 2374//2471
f 2377//2470 2380//2474 2378//2475
f 2373//2465 2379//2476 2377//2470
f 530//558 2381//2477 2382//557
f 532//560 2379//2476 530//558
f 2382//557 2383//2478 2384//2479
f 2370//2466 2381//2477 2373//2465
f 2384//2479 2385//2480 2386//2481
f 2388//2468 2383//2478 2370//2466
f 2386//2481 2387//2482 2434//2483
f 2389//2484 2385//2480 2388//2468
f 2390//2485 2389//2484 2388//2468
f 2388//2468 2371//2467 2390//2485
f 2395//2486 2390//2485 2391//2487
f 2391//2487 2371//2467 2368//2463
f 2389//2484 2390//2485 2392//2488
f 2392//2488 2393//2489 2389//2484
f 2427//2490 2392//2488 2394//2491
f 2394//2491 2395//2486 2397//2492
f 2391//2487 2396//2493 2395//2486
f 2397//2492 2395//2486 2396//2493
f 2397//2492 2428//2494 2394//2491
f 2399//2495 2398//2496 2397//2492
f 2396//2493 2399//2495 2397//2492
f 2400//2497 2396//2493 2508//2498
f 2400//2497 2401//2499 2399//2495
f 2405//2500 2401//2499 2403//2501
f 2403//2501 2402//2502 2406//2503
f 2403//2501 2404//2504 2407//2505
f 2406//2503 2404//2504 2403//2501
f 2407//2505 2405//2500 2403//2501
f 2412//2506 2407//2505 2409//2507
f 2405//2500 2408//2508 2429//2509
f 2409//2507 2404//2504 2410//2510
f 2410//2510 2411//2511 2409//2507
f 2409//2507 2413//2512 2412//2506
f 2414//2513 2408//2508 2412//2506
f 2412//2506 2416//2514 2414//2513
f 2415//2515 2417//2516 2414//2513
f 2414//2513 2441//2517 2415//2515
f 2429//2509 2417//2516 2418//2518
f 2418//2518 2417//2516 2419//2519
f 2421//2520 2420//2521 2422//2522
f 2438//2523 2419//2519 2415//2515
f 2419//2519 2421//2520 2418//2518
f 2422//2522 2423//2524 2421//2520
f 2421//2520 2426//2525 2418//2518
f 2425//2526 2424//2527 2430//2528
f 2427//2490 2423//2524 2425//2526
f 2394//2491 2426//2525 2427//2490
f 2418//2518 2428//2494 2429//2509
f 2429//2509 2398//2496 2405//2500
f 2427//2490 2431//2529 2393//2489
f 2432//2530 2425//2526 2430//2528
f 2393//2489 2387//2482 2389//2484
f 2434//2483 2431//2529 2432//2530
f 2430//2528 2433//2531 2432//2530
f 2432//2530 2435//2532 2434//2483
f 2434//2483 2436//2533 2386//2481
f 512//538 2435//2532 509//536
f 509//536 2433//2531 502//529
f 2386//2481 2437//2534 2384//2479
f 523//551 2436//2533 512//538
f 522//550 2437//2534 523//551
f 2384//2479 529//555 2382//557
f 2430//2528 2424//2527 497//523
f 497//523 503//528 2430//2528
f 496//520 2424//2527 2422//2522
f 2422//2522 494//519 496//520
f 491//517 2420//2521 2438//2523
f 2438//2523 2440//2535 491//517
f 2415//2515 2439//2536 2438//2523
f 2445//2537 2439//2536 2442//2538
f 2442//2538 2441//2517 2444//2539
f 2442//2538 2446//2540 2445//2537
f 2444//2539 2443//2541 2442//2538
f 2445//2537 2448//2542 2447//2543
f 2447//2543 2440//2535 2445//2537
f 482//508 492//518 2447//2543
f 2447//2543 2450//2544 482//508
f 2449//2545 2446//2540 2459//2546
f 2451//2547 2448//2542 2449//2545
f 474//501 2450//2544 2451//2547
f 2451//2547 2454//2548 474//501
f 2449//2545 2452//2549 2451//2547
f 2612//2550 2452//2549 2453//2551
f 2453//2551 2455//2552 2456//2553
f 2456//2553 2457//2554 2458//2555
f 2459//2546 2455//2552 2449//2545
f 2458//2555 2460//2556 2461//2557
f 2463//2558 2457//2554 2459//2546
f 2461//2557 2462//2559 2577//2560
f 2464//2561 2460//2556 2463//2558
f 2463//2558 2466//2562 2464//2561
f 2459//2546 2443//2541 2463//2558
f 2464//2561 2467//2563 2465//2564
f 2465//2564 2462//2559 2464//2561
f 2468//2565 2466//2562 2444//2539
f 2472//2566 2467//2563 2468//2565
f 2465//2564 2469//2567 2471//2568
f 2471//2568 2470//2569 2562//2570
f 2473//2571 2469//2567 2472//2566
f 2472//2566 2411//2511 2473//2571
f 2468//2565 2413//2512 2472//2566
f 2474//2572 2470//2569 2473//2571
f 2473//2571 2477//2573 2474//2572
f 2474//2572 2478//2574 2475//2575
f 2475//2575 2476//2576 2474//2572
f 2479//2577 2477//2573 2410//2510
f 2483//2578 2478//2574 2479//2577
f 2480//2579 2475//2575 2478//2574
f 2547//2580 2480//2579 2482//2581
f 2482//2581 2483//2578 2485//2582
f 3041//2583 2483//2578 2479//2577
f 2485//2582 2484//2584 2487//2585
f 2485//2582 2529//2586 2482//2581
f 2487//2585 2486//2587 2485//2582
f 2488//2588 2487//2585 2489//2589
f 2487//2585 2492//2590 2489//2589
f 2489//2589 2490//2591 2488//2588
f 2497//2592 2489//2589 2491//2593
f 2489//2589 2493//2594 2491//2593
f 2484//2584 2406//2503 2492//2590
f 2406//2503 2493//2594 2492//2590
f 2402//2502 2494//2595 2493//2594
f 2491//2593 2494//2595 2496//2596
f 2508//2498 2494//2595 2400//2497
f 2496//2596 2495//2597 2499//2598
f 2496//2596 2498//2599 2497//2592
f 2497//2592 2491//2593 2496//2596
f 2498//2599 2496//2596 2499//2598
f 2499//2598 2500//2600 2498//2599
f 2501//2601 2500//2600 2499//2598
f 2499//2598 2504//2602 2501//2601
f 2502//2603 2501//2601 2503//2604
f 2501//2601 2505//2605 2503//2604
f 2507//2461 2504//2602 2506//2606
f 2506//2606 2495//2597 2508//2498
f 2366//2462 2507//2461 2506//2606
f 2506//2606 2509//2607 2366//2462
f 2508//2498 2509//2607 2506//2606
f 2509//2607 2391//2487 2368//2463
f 2368//2463 2366//2462 2509//2607
f 2362//2456 2505//2605 2507//2461
f 2503//2604 2510//2457 2511//2131
f 2510//2457 2022//2132 2511//2131
f 2017//2125 2503//2604 2511//2131
f 2503//2604 2018//2127 2502//2603
f 2500//2600 2502//2603 2013//2120
f 2502//2603 2012//2121 2013//2120
f 2013//2120 2512//2608 2500//2600
f 2500//2600 2512//2608 2513//2609
f 2513//2609 2498//2599 2500//2600
f 2514//2610 2513//2609 2515//2611
f 2513//2609 2497//2592 2498//2599
f 2513//2609 2512//2608 2516//2115
f 2516//2115 2515//2611 2513//2609
f 2007//2113 2516//2115 2512//2608
f 2515//2611 2516//2115 2008//2110
f 2008//2110 2517//2612 2515//2611
f 2517//2612 2518//2613 2515//2611
f 2515//2611 2518//2613 2514//2610
f 2518//2613 2519//2614 2520//2615
f 2514//2610 2518//2613 2521//2616
f 2520//2615 2521//2616 2518//2613
f 2521//2616 2522//2617 2514//2610
f 2522//2617 2524//2618 2525//2619
f 2523//2620 2524//2618 2521//2616
f 2521//2616 2520//2615 2523//2620
f 2526//2621 2524//2618 2523//2620
f 2525//2619 2490//2591 2522//2617
f 2526//2621 2488//2588 2525//2619
f 2526//2621 2530//2622 2527//2623
f 2527//2623 2486//2587 2526//2621
f 2527//2623 2531//2624 2528//2625
f 2528//2625 2529//2586 2527//2623
f 2534//2626 2530//2622 2532//2627
f 2532//2627 2523//2620 2520//2615
f 2520//2615 2533//1829 2532//2627
f 2532//2627 1734//1828 2534//2626
f 1728//1823 2535//2628 2534//2626
f 2535//2628 2536//2629 2534//2626
f 2536//2629 2531//2624 2534//2626
f 2534//2626 1734//1828 1728//1823
f 2536//2629 2855//2630 2538//2631
f 2538//2631 2539//2632 2536//2629
f 2528//2625 2539//2632 2541//2633
f 2541//2633 2540//2634 2542//2635
f 2541//2633 2546//2636 2528//2625
f 2542//2635 2543//2637 2541//2633
f 2545//2638 2544//2639 2548//2640
f 2547//2580 2543//2637 2545//2638
f 2482//2581 2546//2636 2547//2580
f 2545//2638 2481//2641 2547//2580
f 2548//2640 2549//2642 2545//2638
f 2550//2643 2551//2644 2552//2645
f 2475//2575 2549//2642 2550//2643
f 2551//2644 2556//2646 2552//2645
f 2554//2647 2551//2644 2548//2640
f 2555//2648 2554//2647 2720//2649
f 2557//2650 2553//2651 2555//2648
f 2560//2652 2556//2646 2557//2650
f 2552//2645 2558//2653 2561//2654
f 2561//2654 2559//2655 2562//2570
f 2563//2656 2558//2653 2560//2652
f 2561//2654 2550//2643 2552//2645
f 2562//2570 2476//2576 2561//2654
f 2562//2570 2578//2657 2471//2568
f 2557//2650 2564//2658 2560//2652
f 2560//2652 2567//2659 2563//2656
f 2565//2660 2566//2661 2715//2662
f 2568//2663 2564//2658 2565//2660
f 2563//2656 2569//2664 2571//2665
f 2570//2666 2567//2659 2568//2663
f 2572//2667 2570//2666 2573//2668
f 2572//2667 2571//2665 2569//2664
f 2573//2668 2574//2669 2572//2667
f 2572//2667 2577//2560 2575//2670
f 2575//2670 2578//2657 2571//2665
f 2577//2560 2576//2671 2575//2670
f 2577//2560 2580//2672 2461//2557
f 2471//2568 2576//2671 2465//2564
f 2571//2665 2559//2655 2563//2656
f 2580//2672 2579//2673 2581//2674
f 2584//2675 2580//2672 2581//2674
f 2461//2557 2582//2676 2458//2555
f 2458//2555 2583//2677 2456//2553
f 2585//2678 2582//2676 2584//2675
f 2581//2674 2586//2679 2584//2675
f 2584//2675 2587//2680 2585//2678
f 2586//2679 2598//2681 2587//2680
f 2591//2682 2586//2679 2589//2683
f 2581//2674 2590//2684 2589//2683
f 2589//2683 2592//2685 2591//2682
f 2591//2682 2594//2686 2593//2687
f 2593//2687 2588//2688 2591//2682
f 2593//2687 2629//2689 2595//2690
f 2595//2690 2596//2691 2593//2687
f 2596//2691 2597//2692 2598//2681
f 2597//2692 2599//2693 272//290
f 2598//2681 2588//2688 2596//2691
f 2628//2694 2599//2693 2595//2690
f 2597//2692 2600//2695 2598//2681
f 2598//2681 2603//2696 2587//2680
f 2602//2697 2600//2695 2601//2698
f 2605//2699 2600//2695 2602//2697
f 2603//2696 2604//2700 2585//2678
f 2604//2700 2605//2699 2607//2701
f 2585//2678 2587//2680 2603//2696
f 2602//2697 2606//2702 2605//2699
f 2607//2701 2606//2702 2608//2703
f 2608//2703 2609//2704 2607//2701
f 2607//2701 2611//2705 2604//2700
f 2612//2550 2609//2704 2610//2706
f 2453//2551 2609//2704 2612//2550
f 2610//2706 2613//2707 2612//2550
f 2613//2707 2454//2548 2612//2550
f 2615//2708 2614//2709 2613//2707
f 2614//2709 475//502 2613//2707
f 2613//2707 2610//2706 2615//2708
f 2614//2709 2616//432 2618//2710
f 403//427 2615//2708 2617//426
f 2617//426 2615//2708 2610//2706
f 2608//2703 402//425 2617//426
f 2610//2706 2608//2703 2617//426
f 2618//2710 2616//432 406//431
f 2618//2710 472//497 2614//2709
f 406//431 411//434 2618//2710
f 2619//2711 2618//2710 411//434
f 466//440 467//493 2619//2711
f 2619//2711 414//437 466//440
f 411//434 414//437 2619//2711
f 472//497 2619//2711 467//493
f 2604//2700 2611//2705 2583//2677
f 2456//2553 2611//2705 2453//2551
f 400//423 2606//2702 2620//2712
f 2622//2713 2620//2712 2602//2697
f 400//423 2621//2714 398//422
f 398//422 2623//2715 2624//420
f 2626//295 2621//2714 2622//2713
f 2624//420 2625//2716 2627//349
f 275//294 2623//2715 2626//295
f 273//291 2626//295 2622//2713
f 331//300 2625//2716 277//297
f 2627//349 397//419 2624//420
f 2622//2713 2601//2698 273//291
f 2601//2698 2622//2713 2602//2697
f 2583//2677 2585//2678 2604//2700
f 2601//2698 2597//2692 272//290
f 272//290 273//291 2601//2698
f 2595//2690 2630//2717 2628//2694
f 2634//2718 2629//2689 2631//2719
f 2594//2686 2631//2719 2629//2689
f 2632//2720 2633//2721 2631//2719
f 2631//2719 2636//2722 2634//2718
f 2635//2723 2630//2717 2634//2718
f 2634//2718 2638//2724 2635//2723
f 2637//2725 2633//2721 2708//2726
f 2639//2727 2636//2722 2637//2725
f 2643//2728 2638//2724 2639//2727
f 2635//2723 2640//2729 2642//2730
f 2642//2730 2641//2731 2986//2732
f 2645//2733 2640//2729 2643//2728
f 2643//2728 2644//2734 2646//2735
f 2639//2727 2644//2734 2643//2728
f 2646//2735 2645//2733 2643//2728
f 2646//2735 2983//2736 2645//2733
f 2649//2737 2646//2735 2648//2738
f 2648//2738 2644//2734 2651//2739
f 2648//2738 2967//2740 2649//2737
f 2651//2739 2650//2741 2648//2738
f 2644//2734 2652//2742 2651//2739
f 2652//2742 2653//2743 2651//2739
f 2656//2744 2654//2745 2657//2746
f 2655//2747 2650//2741 2653//2743
f 2653//2743 2656//2744 2655//2747
f 2656//2744 2659//2748 2655//2747
f 2657//2746 2658//2749 2656//2744
f 2972//2750 2658//2749 2660//2751
f 2660//2751 2661//2752 2662//2753
f 2665//2754 2661//2752 2657//2746
f 2662//2753 2663//2755 2666//2756
f 2666//2756 2664//2757 2667//2758
f 2690//2759 2663//2755 2665//2754
f 2666//2756 2667//2758 2669//2760
f 2669//2760 2668//2761 2666//2756
f 2666//2756 2783//2762 2662//2753
f 2671//2763 2670//2764 2669//2760
f 2668//2761 2669//2760 2670//2764
f 2669//2760 2672//2765 2671//2763
f 2672//2765 2669//2760 2667//2758
f 2667//2758 2673//2766 2672//2765
f 2674//2767 2671//2763 2672//2765
f 2675//2768 2672//2765 2673//2766
f 2672//2765 2675//2768 2674//2767
f 2673//2766 2676//2769 2675//2768
f 2677//2770 2675//2768 2676//2769
f 2674//2767 2677//2770 2678//2771
f 2678//2771 2679//2772 3031//2773
f 2676//2769 2680//2774 2677//2770
f 2681//2775 2677//2770 2680//2774
f 2680//2774 2683//2776 2681//2775
f 2682//2777 2680//2774 2676//2769
f 2718//2778 2682//2777 2684//2779
f 2676//2769 2685//2780 2682//2777
f 2684//2779 2685//2780 2687//2781
f 2676//2769 2686//2782 2685//2780
f 2685//2780 2689//2783 2687//2781
f 2687//2781 2714//2784 2684//2779
f 2687//2781 2691//2785 2688//2786
f 2690//2759 2689//2783 2686//2782
f 2692//2787 2689//2783 2690//2759
f 2688//2786 2693//2788 2695//2789
f 2694//2790 2691//2785 2692//2787
f 2694//2790 2696//2791 2693//2788
f 2697//2792 2695//2789 2693//2788
f 2693//2788 2696//2791 2697//2792
f 2698//2793 2696//2791 2707//2794
f 2699//2795 2697//2792 2698//2793
f 2697//2792 2700//2796 2695//2789
f 2565//2660 2701//2797 2568//2663
f 2715//2662 2699//2795 2565//2660
f 2698//2793 2701//2797 2699//2795
f 2703//2798 2701//2797 2698//2793
f 2568//2663 2702//2799 2570//2666
f 2704//2800 2703//2798 2705//2801
f 2573//2668 2702//2799 2704//2800
f 2705//2801 2590//2684 2704//2800
f 2704//2800 2579//2673 2573//2668
f 2592//2685 2632//2720 2594//2686
f 2705//2801 2706//2802 2632//2720
f 2707//2794 2703//2798 2698//2793
f 2708//2726 2706//2802 2707//2794
f 2707//2794 2709//2803 2708//2726
f 2708//2726 2710//2804 2637//2725
f 2709//2803 2711//2805 2710//2804
f 2637//2725 2712//2806 2639//2727
f 2712//2806 2711//2805 2652//2742
f 2652//2742 2713//2807 2654//2745
f 2692//2787 2711//2805 2694//2790
f 2657//2746 2713//2807 2665//2754
f 2690//2759 2713//2807 2692//2787
f 2714//2784 2715//2662 2716//2808
f 2695//2789 2714//2784 2688//2786
f 2715//2662 2717//2809 2716//2808
f 2684//2779 2716//2808 2718//2778
f 2718//2778 2717//2809 2719//2810
f 2719//2810 2683//2776 2718//2778
f 2719//2810 2555//2648 2720//2649
f 2720//2649 2721//2811 2719//2810
f 2681//2775 2721//2811 2722//2812
f 2722//2812 2723//2813 2724//2814
f 2724//2814 2725//2815 2726//2816
f 2554//2647 2723//2813 2720//2649
f 2726//2816 2544//2639 2542//2635
f 2548//2640 2725//2815 2554//2647
f 2542//2635 2727//2817 2726//2816
f 2726//2816 2728//2818 2724//2814
f 2731//2819 2727//2817 2729//2820
f 2729//2820 2540//2634 2538//2631
f 2538//2631 2730//2821 2729//2820
f 2729//2820 2733//2822 2731//2819
f 2732//2823 2728//2818 2731//2819
f 2731//2819 2735//2824 2732//2823
f 2730//2821 2734//2825 2733//2822
f 2737//2826 2733//2822 2734//2825
f 2732//2823 2736//2827 3031//2773
f 2739//2828 2735//2824 2737//2826
f 2851//2829 2737//2826 2734//2825
f 2739//2828 2738//2830 2742//2831
f 2741//2832 2740//2833 2739//2828
f 2740//2833 2736//2827 2739//2828
f 2739//2828 2743//2834 2741//2832
f 2742//2831 2743//2834 2739//2828
f 2745//2835 2744//2836 2746//2837
f 2745//2835 2741//2832 2743//2834
f 2746//2837 2747//2838 2745//2835
f 2747//2838 2748//2839 2745//2835
f 2750//2840 2749//2841 2752//2842
f 2740//2833 2748//2839 2750//2840
f 2750//2840 3030//2843 2740//2833
f 2752//2842 2751//2844 2750//2840
f 2754//2845 2753//2846 2752//2842
f 2752//2842 2757//2847 2754//2845
f 2756//2848 2755//2849 2754//2845
f 2754//2845 2759//2850 2756//2848
f 2758//2851 2749//2841 2747//2838
f 2761//2852 2757//2847 2758//2851
f 2756//2848 2760//2853 2778//2854
f 2762//2855 2759//2850 2761//2852
f 2762//2855 2763//2856 2766//2857
f 2764//2858 2761//2852 2758//2851
f 2824//2859 2763//2856 2764//2858
f 2766//2857 2765//2860 2767//2861
f 2766//2857 2771//2862 2762//2855
f 2767//2861 2768//2863 2766//2857
f 2770//2864 2769//2865 2805//2866
f 2771//2862 2770//2864 2772//2867
f 2772//2867 2773//2868 2771//2862
f 2771//2862 2760//2853 2762//2855
f 2775//2869 2774//2870 2777//2871
f 2778//2854 2773//2868 2775//2869
f 2775//2869 2779//2872 2778//2854
f 2777//2871 2776//2873 2775//2869
f 2778//2854 2781//2874 2756//2848
f 2781//2874 2780//2875 2782//2876
f 2780//2875 2776//2873 2784//2877
f 2755//2849 2782//2876 2670//2764
f 2783//2762 2782//2876 2780//2875
f 2670//2764 2782//2876 2668//2761
f 2780//2875 2785//2878 2783//2762
f 2787//2879 2784//2877 2786//2880
f 2786//2880 2776//2873 2789//2881
f 2786//2880 2973//2882 2787//2879
f 2789//2881 2788//2883 2786//2880
f 2777//2871 2790//2884 2789//2881
f 2791//2885 2792//2886 2793//2887
f 2927//2888 2790//2884 2791//2885
f 2774//2870 2792//2886 2777//2871
f 2793//2887 2794//2889 2796//2890
f 2796//2890 2795//2891 2798//2892
f 2795//2891 2774//2870 2772//2867
f 2796//2890 2924//2893 2793//2887
f 2798//2892 2797//2894 2796//2890
f 2800//2895 2799//2896 2798//2892
f 2798//2892 2803//2897 2800//2895
f 2921//2898 2800//2895 2802//2899
f 2802//2899 2803//2897 2804//2900
f 2770//2864 2804//2900 2803//2897
f 2803//2897 2772//2867 2770//2864
f 2805//2866 2806//2901 2804//2900
f 2804//2900 2807//2902 2802//2899
f 2810//2903 2806//2901 2808//2904
f 2805//2866 2809//2905 2808//2904
f 2808//2904 2813//2906 2810//2903
f 2810//2903 2914//2907 2811//2908
f 2811//2908 2807//2902 2810//2903
f 2813//2906 2812//2909 2810//2903
f 2815//2910 2814//2911 2813//2906
f 2817//2912 2813//2906 2809//2905
f 2815//2910 2820//2913 2816//2914
f 2815//2910 2821//2915 2818//2916
f 2887//2917 2818//2916 2819//2918
f 2822//2919 2818//2916 2821//2915
f 2765//2860 2817//2912 2767//2861
f 2822//2919 2765//2860 2824//2859
f 2822//2919 2828//2920 2819//2918
f 2824//2859 2823//2921 2822//2919
f 2764//2858 2825//2922 2824//2859
f 2828//2920 2825//2922 2826//2923
f 2826//2923 2827//2924 2746//2837
f 2758//2851 2827//2924 2764//2858
f 2746//2837 2829//2925 2826//2923
f 2826//2923 2830//2926 2828//2920
f 2832//2927 2829//2925 2831//2928
f 2831//2928 2744//2836 2742//2831
f 2831//2928 2835//2929 2832//2927
f 2742//2831 2833//2930 2831//2928
f 2834//2931 2738//2830 2851//2829
f 2837//2932 2833//2930 2834//2931
f 2832//2927 2836//2933 2888//2934
f 2839//2935 2835//2929 2837//2932
f 2834//2931 2838//2936 2837//2932
f 2837//2932 2841//2937 2839//2935
f 2839//2935 2842//2938 2840//2939
f 2840//2939 2836//2933 2839//2935
f 2844//2940 2841//2937 2843//2941
f 2843//2941 2838//2936 2845//2942
f 2843//2941 1706//2943 2844//2940
f 2845//2942 1708//1797 2843//2941
f 2845//2942 2849//2944 2846//2945
f 2846//2945 1711//1800 2845//2942
f 2847//2946 2848//1802 2846//2945
f 2846//2945 2850//2947 2847//2946
f 2851//2829 2849//2944 2834//2931
f 2847//2946 2852//2948 2853//2949
f 2734//2825 2850//2947 2851//2829
f 2853//2949 2730//2821 2855//2630
f 2853//2949 2856//2950 2847//2946
f 2854//2951 2853//2949 2855//2630
f 2855//2630 2537//2952 2854//2951
f 2857//1811 2854//2951 1724//1818
f 2854//2951 2535//2628 1724//1818
f 1712//1803 2856//2950 2857//1811
f 2844//2940 1703//1795 2858//2953
f 2858//2953 2842//2938 2844//2940
f 2859//2954 2860//2955 2858//2953
f 2858//2953 3029//2956 2859//2954
f 2840//2939 2860//2955 2861//2957
f 2861//2957 2862//2958 2863//2959
f 2865//2960 2862//2958 2859//2954
f 2863//2959 2864//2961 2866//2962
f 3025//1705 2864//2961 2865//2960
f 2866//2962 1606//1704 1604//1700
f 1604//1700 2867//2963 2866//2962
f 2866//2962 2868//2964 2863//2959
f 2870//2965 2867//2963 2869//2966
f 2869//2966 1602//1699 2872//1698
f 2869//2966 2881//2967 2870//2965
f 2872//1698 2871//2968 2869//2966
f 1597//1690 2873//2969 2872//1698
f 2877//2970 2873//2969 2874//2971
f 2874//2971 1593//1689 1590//1685
f 1590//1685 2875//2972 2874//2971
f 2874//2971 2875//2972 2876//2973
f 2876//2973 2877//2970 2874//2971
f 2877//2970 2876//2973 2878//2974
f 2878//2974 2879//2975 2877//2970
f 2879//2975 2871//2968 2877//2970
f 2879//2975 2891//2976 2880//2977
f 2880//2977 2881//2967 2879//2975
f 2870//2965 2882//2978 2883//2979
f 2883//2979 2884//2980 2885//2981
f 2887//2917 2882//2978 2880//2977
f 2885//2981 2886//2982 2888//2934
f 2819//2918 2884//2980 2887//2917
f 2880//2977 2820//2913 2887//2917
f 2828//2920 2886//2982 2819//2918
f 2888//2934 2830//2926 2832//2927
f 2888//2934 2889//2983 2885//2981
f 2885//2981 2890//2984 2883//2979
f 2861//2957 2889//2983 2840//2939
f 2863//2959 2890//2984 2861//2957
f 2883//2979 2868//2964 2870//2965
f 2816//2914 2891//2976 2892//2985
f 2892//2985 2878//2974 2894//2986
f 2892//2985 2814//2911 2816//2914
f 2894//2986 2893//2987 2892//2985
f 2876//2973 2894//2986 2878//2974
f 2895//2988 2896//2989 2894//2986
f 3023//2990 2896//2989 2897//2991
f 2897//2991 2898//2992 2899//2993
f 2898//2992 2901//2994 2899//2993
f 2895//2988 1583//1678 2898//2992
f 2900//2995 2897//2991 2899//2993
f 2899//2993 2902//2996 2900//2995
f 2902//2996 2901//2994 1577//1671
f 2900//2995 2903//2997 2904//2998
f 1571//1665 2902//2996 1574//1669
f 1577//1671 1574//1669 2902//2996
f 1571//1665 2905//2999 2903//2997
f 2904//2998 2905//2999 2//1
f 4//2 1569//1664 1566//1658
f 2904//2998 2908//3000 2900//2995
f 2//1 2906//3001 2904//2998
f 3022//3002 2906//3001 2907//3003
f 2907//3003 2909//4 2910//3004
f 2910//3004 3//5 2911//13
f 2911//13 2912//3005 2910//3004
f 2910//3004 2913//3006 2907//3003
f 2915//3007 2912//3005 35//42
f 2811//2908 2913//3006 2915//3007
f 2907//3003 2914//2907 3022//3002
f 2915//3007 2917//3008 2811//2908
f 35//42 2916//3009 2915//3007
f 2921//2898 2916//3009 2918//3010
f 2918//3010 34//41 2919//45
f 2919//45 2920//3011 2918//3010
f 2918//3010 2801//3012 2921//2898
f 2802//2899 2917//3008 2921//2898
f 2920//3011 79//87 2922//3013
f 2801//3012 2920//3011 2922//3013
f 82//91 2922//3013 79//87
f 2923//3014 2924//2893 2922//3013
f 2924//2893 2799//2896 2922//3013
f 2922//3013 2799//2896 2801//3012
f 2793//2887 2925//3015 2791//2885
f 2929//3016 2925//3015 2923//3014
f 2791//2885 2926//3017 2927//2888
f 2927//2888 2928//3018 2976//3019
f 2930//3020 2926//3017 2929//3016
f 2929//3016 2932//3021 2930//3020
f 2923//3014 2931//3022 2929//3016
f 2933//94 2931//3022 81//90
f 2930//3020 2934//3023 2936//3024
f 2937//3025 2932//3021 2933//94
f 2938//3026 2934//3023 2937//3025
f 2936//3024 2935//3027 2978//3028
f 2937//3025 2941//3029 2938//3026
f 2933//94 2939//3030 2937//3025
f 2940//3031 86//93 88//95
f 123//135 2939//3030 2940//3031
f 2944//3032 2941//3029 122//134
f 2940//3031 2943//103 2942//3033
f 2942//3033 123//135 2940//3031
f 2942//3033 94//104 100//108
f 100//108 120//131 2942//3033
f 89//96 2943//103 88//95
f 2944//3032 2935//3027 2938//3026
f 2944//3032 2947//3034 2945//3035
f 122//134 2946//3036 2944//3032
f 2949//3037 2946//3036 2948//3038
f 2948//3038 125//133 127//136
f 2948//3038 2953//3039 2949//3037
f 127//136 2950//3040 2948//3038
f 2951//3041 2952//138 3011//3042
f 2954//3043 2950//3040 2951//3041
f 2949//3037 2955//3044 2957//3045
f 2956//3046 2953//3039 2954//3043
f 2959//3047 2955//3044 2956//3046
f 2957//3045 2958//3048 2960//3049
f 2962//3050 2958//3048 2959//3047
f 2960//3049 2961//3051 2963//3052
f 2961//3051 2983//2736 2647//3053
f 2963//3052 2647//3053 2649//2737
f 2963//3052 2965//3054 2960//3049
f 2649//2737 2964//3055 2963//3052
f 2964//3055 2979//3056 2965//3054
f 2966//3057 2967//2740 2968//3058
f 2968//3058 2967//2740 2650//2741
f 2968//3058 2970//3059 2966//3057
f 2969//3060 2968//3058 2655//2747
f 2650//2741 2655//2747 2968//3058
f 2970//3059 2971//3061 2974//3062
f 2971//3061 2969//3060 2659//2748
f 2655//2747 2659//2748 2969//3060
f 2659//2748 2972//2750 2971//3061
f 2787//2879 2971//3061 2972//2750
f 2974//3062 2973//2882 2976//3019
f 2974//3062 2977//3063 2970//3059
f 2976//3019 2975//3064 2974//3062
f 2976//3019 2788//2883 2927//2888
f 2978//3028 2975//3064 2936//3024
f 2936//3024 2928//3018 2930//3020
f 2970//3059 2979//3056 2966//3057
f 2980//3065 2977//3063 2978//3028
f 2965//3054 2980//3065 2981//3066
f 2978//3028 2945//3035 2980//3065
f 2945//3035 2981//3066 2980//3065
f 2960//3049 2981//3066 2957//3045
f 2957//3045 2947//3034 2949//3037
f 2660//2751 2787//2879 2972//2750
f 2959//3047 2982//3067 2962//3050
f 2982//3067 2983//2736 2962//3050
f 2645//2733 2983//2736 2984//3068
f 2984//3068 2986//2732 2641//2731
f 2989//3069 2984//3068 2982//3067
f 2984//3068 2641//2731 2645//2733
f 2987//3070 2986//2732 2985//3071
f 2985//3071 2988//3072 2987//3070
f 2989//3069 2988//3072 2985//3071
f 2990//3073 2991//3074 2989//3069
f 2989//3069 3000//3075 2990//3073
f 2992//269 2988//3072 2991//3074
f 2991//3074 249//264 2992//269
f 2996//3076 2993//3077 2990//3073
f 246//263 2993//3077 2994//3078
f 2995//3079 246//263 2994//3078
f 2997//3080 2994//3078 2996//3076
f 2996//3076 2999//3081 2997//3080
f 2990//3073 2998//3082 2996//3076
f 2954//3043 2998//3082 2956//3046
f 2956//3046 3000//3075 2959//3047
f 2997//3080 3001//3083 3003//3084
f 2951//3041 2999//3081 2954//3043
f 3011//3042 3001//3083 2951//3041
f 3003//3084 3002//3085 3005//3086
f 3003//3084 2995//3079 2997//3080
f 3005//3086 3004//3087 3003//3084
f 3007//159 3006//3088 3005//3086
f 3005//3086 3008//3089 3007//159
f 3007//159 3010//145 141//153
f 131//142 3008//3089 3009//141
f 3009//141 3002//3085 3011//3042
f 3011//3042 128//139 3009//141
f 3014//262 3006//3088 3012//3090
f 3012//3090 145//158 147//160
f 147//160 3013//3091 3012//3090
f 3014//262 3013//3091 240//256
f 244//261 3004//3087 3014//262
f 153//164 3013//3091 149//161
f 248//266 3015//3092 2992//269
f 2987//3070 3015//3092 3016//3093
f 3016//3093 3017//3094 264//283
f 251//268 3017//3094 248//266
f 3018//3095 2987//3070 3016//3093
f 264//283 3018//3095 3016//3093
f 3019//3096 266//284 268//285
f 3019//3096 3020//3097 3018//3095
f 2642//2730 3021//3098 2635//2723
f 2986//2732 3020//3097 2642//2730
f 2628//2694 3021//3098 3019//3096
f 268//285 2628//2694 3019//3096
f 3022//3002 2812//2909 3023//2990
f 2908//3000 3023//2990 2897//2991
f 3023//2990 2814//2911 2893//2987
f 9//14 36//43 2911//13
f 2895//2988 2875//2972 1585//1679
f 2865//2960 3026//3099 3025//1705
f 2859//2954 3024//3100 2865//2960
f 3025//1705 1622//1717 1607//1703
f 3027//3101 3024//3100 3028//3102
f 1624//1718 3026//3099 3027//3101
f 3027//3101 1627//1722 1624//1718
f 3028//3102 1646//1741 3027//3101
f 1704//1794 1648//1740 3028//3102
f 3028//3102 3029//2956 1704//1794
f 2817//2912 2769//2865 2767//2861
f 2662//2753 2785//2878 2660//2751
f 2670//2764 2753//2846 2755//2849
f 2674//2767 2753//2846 2671//2763
f 2678//2771 2751//2844 2674//2767
f 3031//2773 3030//2843 2678//2771
f 3031//2773 3032//3103 2732//2823
f 2724//2814 3032//3103 2722//2812
f 2722//2812 2679//2772 2681//2775
f 2555//2648 2566//2661 2557//2650
f 2686//2782 2664//2757 2690//2759
f 2664//2757 2686//2782 2673//2766
f 2673//2766 2667//2758 2664//2757
f 1724//1818 2535//2628 1728//1823
f 1735//1830 3033//3104 3034//1836
f 3034//1836 3035//3105 3037//3106
f 2519//2614 3033//3104 2520//2615
f 3036//3107 2519//2614 2517//2612
f 3037//3106 3036//3107 3038//3108
f 3037//3106 1739//1837 3034//1836
f 3038//3108 1746//1843 3037//3106
f 3038//3108 2004//2108 2002//2107
f 2002//2107 3039//1846 3038//3108
f 3040//2106 1745//1844 3039//1846
f 2004//2108 3036//3107 2517//2612
f 2522//2617 2490//2591 2497//2592
f 2497//2592 2514//2610 2522//2617
f 2517//2612 2008//2110 2004//2108
f 2512//2608 2013//2120 2007//2113
f 2410//2510 3041//2583 2479//2577
f 2444//2539 2416//2514 2468//2565
f 3043//3109 2380//2474 3042//3110
f 3042//3110 532//560 535//561
f 535//561 3044//3111 3042//3110
f 3042//3110 3045//3112 3043//3109
f 3046//3113 538//565 541//568
f 3048//3114 3044//3111 3046//3113
f 3046//3113 3049//997 3048//3114
f 541//568 3047//3115 3046//3113
f 3050//3116 3045//3112 3048//3114
f 3048//3114 948//998 3050//3116
f 952//1004 3051//3117 3050//3116
f 3052//3118 958//1008 3053//1009
f 3043//3109 3051//3117 3052//3118
f 3052//3118 2378//2475 3043//3109
f 3053//1009 2376//2473 3052//3118
f 959//1010 3054//2472 3053//1009
f 2375//2459 3055//3119 2360//2453
f 961//1012 3055//3119 959//1010
f 947//993 3047//3115 3057//3120
f 3057//3120 3056//571 3058//3121
f 3059//3122 3057//3120 3058//3121
f 3057//3120 944//991 947//993
f 3058//3121 3060//3123 3059//3122
f 3062//3124 3059//3122 3060//3123
f 938//986 3059//3122 3061//3125
f 931//980 3061//3125 3062//3124
f 3062//3124 3064//3126 931//980
f 3062//3124 3065//3127 3063//3128
f 869//922 3063//3128 867//919
f 3063//3128 865//918 867//919
f 3066//3129 3060//3123 3058//3121
f 3067//3130 3065//3127 3066//3129
f 3058//3121 540//570 3066//3129
f 3066//3129 543//573 3067//3130
f 3067//3130 545//576 860//912
f 865//918 3067//3130 860//912
f 922//924 3064//3126 869//922
f 1989//2093 1992//2095 1998//2102
f 1984//2087 1802//1902 1991//2092
f 3068//2007 1963//2072 1903//2003
f 3068//2007 1957//2063 1959//2064
f 1904//2006 3069//3131 3068//2007
f 1955//2062 3069//3131 3071//3132
f 3071//3132 3070//2012 3072//2032
f 3072//2032 1930//2038 3071//3132
f 3071//3132 1932//2040 1955//2062
f 3072//2032 1908//2014 1913//2018
f 1864//1953 1829//1931 1866//1964
f 1715//1806 1717//1808 1856//1957
f 1847//1948 1722//1816 3073//1821
f 1773//1873 1786//1887 3074//1883
f 1786//1887 1771//1870 1769//1868
f 1773//1873 3074//1883 1776//1876
f 1777//1878 1760//1859 1774//1874
f 1765//1866 1774//1874 1760//1859
f 1714//1805 1700//1793 1709//1799
f 1648//1740 1701//1791 1649//1742
f 1325//1398 1658//1754 1692//1756
f 1412//1487 1414//1489 1635//1729
f 1614//1537 1600//1693 1612//1697
f 1594//1691 1453//1536 1455//1538
f 3075//1541 1588//1683 1591//1684
f 1458//1542 3076//3133 3075//1541
f 3077//3134 3078//3135 3079//1584
f 3083//1674 3076//3133 3077//3134
f 1460//1544 3078//3135 1458//1542
f 3079//1584 3080//3136 1497//1582
f 1490//1575 3080//3136 1465//1549
f 3079//1584 1496//1583 3081//3137
f 3081//3137 3077//3134 3079//1584
f 3082//1595 1496//1583 1499//1585
f 3077//3134 1581//1673 3083//1674
f 1578//1670 3081//3137 3082//1595
f 3082//1595 1575//1667 1578//1670
f 1572//1662 1504//1594 1506//1593
f 1506//1593 1568//1661 1572//1662
f 1561//1652 1509//1596 1558//1601
f 6//7 4//2 1566//1658
f 1566//1658 1563//1657 6//7
f 1564//1654 3086//3138 3084//1659
f 1560//1653 3085//3139 1564//1654
f 3118//3140 3085//3139 3087//3141
f 3087//3141 3088//3142 3089//3143
f 3089//3143 3090//1648 3091//3144
f 1555//1649 3088//3142 1560//1653
f 3091//3144 1551//1645 3092//1647
f 3091//3144 3096//3145 3089//3143
f 3092//1647 3093//3146 3091//3144
f 3097//3147 3093//3146 3094//3148
f 3094//3148 3095//3149 3104//3150
f 3100//3151 3096//3145 3097//3147
f 3089//3143 3098//3152 3087//3141
f 3087//3141 3099//3153 3118//3140
f 3101//3154 3098//3152 3100//3151
f 109//120 3100//3151 3097//3147
f 3102//116 3101//3154 3100//3151
f 3094//3148 109//120 3097//3147
f 3103//178 3094//3148 3104//3150
f 3104//3150 3105//3155 3103//178
f 3104//3150 3107//3156 3105//3155
f 3105//3155 1544//1637 3106//3157
f 3103//178 3105//3155 3106//3157
f 1546//1639 3107//3156 1552//1643
f 1552//1643 3095//3149 3092//1647
f 3106//3157 1543//1636 3103//178
f 3103//178 1543//1636 1541//1634
f 1541//1634 164//3158 3103//178
f 164//3158 1539//1633 3108//1632
f 3108//1632 182//198 164//3158
f 1535//1629 182//198 3108//1632
f 3109//3159 3101//3154 3102//116
f 3110//3160 3109//3159 3102//116
f 3102//116 103//68 3110//3160
f 103//68 3111//3161 3110//3160
f 103//68 3112//3162 3111//3161
f 103//68 3113//3163 3112//3162
f 103//68 3114//3164 3113//3163
f 57//65 3114//3164 103//68
f 57//65 58//66 3115//3165
f 24//27 58//66 55//30
f 21//26 3115//3165 24//27
f 19//21 3114//3164 21//26
f 16//20 3113//3163 19//21
f 14//17 3112//3162 16//20
f 3116//19 3111//3161 14//17
f 3109//3159 3110//3160 3116//19
f 3116//19 3117//3166 3109//3159
f 3117//3166 3116//19 13//18
f 3118//3140 3109//3159 3117//3166
f 3117//3166 3086//3138 3118//3140
f 13//18 3119//3167 3117//3166
f 3084//1659 3119//3167 3120//8
f 3119//3167 13//18 7//9
f 7//9 3120//8 3119//3167
f 3120//8 1563//1657 3084//1659
f 193//206 1532//1626 1530//1622
f 193//206 1528//1620 3122//209
f 3122//209 3121//3168 3123//3169
f 3123//3169 194//210 3122//209
f 3124//3170 3121//3168 3162//3171
f 3124//3170 3125//3172 3123//3169
f 196//211 3125//3172 3126//3173
f 3126//3173 3127//3174 3129//3175
f 3129//3175 3128//3176 3130//3177
f 3127//3174 3164//3178 3128//3176
f 3130//3177 3131//3179 3129//3175
f 3129//3175 3133//3180 3126//3173
f 310//330 3132//3181 312//329
f 307//324 3131//3179 310//330
f 3126//3173 199//216 196//211
f 307//324 199//216 3133//3180
f 3135//3182 3132//3181 3130//3177
f 312//329 3134//3183 316//335
f 316//335 355//372 352//336
f 3137//375 3134//3183 3135//3182
f 3130//3177 3136//3184 3135//3182
f 3135//3182 3138//3185 3137//375
f 3137//375 3140//3186 354//374
f 3141//3187 3138//3185 3139//3188
f 3139//3188 3136//3184 3166//3189
f 354//374 364//385 357//373
f 366//386 3140//3186 3141//3187
f 3139//3188 3142//3190 3141//3187
f 3141//3187 3145//1566 366//386
f 3144//1572 3143//3191 3146//3192
f 1482//1567 3142//3190 3144//1572
f 3146//3192 1486//1571 3144//1572
f 3150//3193 3146//3192 3147//3194
f 3143//3191 3147//3194 3146//3192
f 1488//1573 3148//3195 3149//1580
f 3149//1580 3150//3193 3151//3196
f 3152//3197 3147//3194 3153//3198
f 3151//3196 3152//3197 3154//3199
f 3153//3198 3155//3200 3152//3197
f 3154//3199 3155//3200 3157//3201
f 3156//3202 1524//1615 3155//3200
f 1521//1613 3155//3200 1524//1615
f 3157//3201 3159//3203 3154//3199
f 3158//3204 1521//1613 1515//1606
f 3160//1590 3158//3204 1511//1603
f 3154//3199 3161//3205 3151//3196
f 1501//1586 3159//3203 3160//1590
f 3151//3196 1492//1578 3149//1580
f 1494//1579 3161//3205 1501//1586
f 3163//3206 3156//3202 3153//3198
f 3162//3171 1527//1619 3156//3202
f 3164//3178 3162//3171 3163//3206
f 3164//3178 3165//3207 3166//3189
f 3153//3198 3165//3207 3163//3206
f 3166//3189 3143//3191 3139//3188
f 3166//3189 3128//3176 3164//3178
f 3169//3208 1476//1560 3167//3209
f 3167//3209 1473//1559 3170//3210
f 3167//3209 3172//3211 3168//3212
f 3169//3208 3168//3212 3183//3213
f 3170//3210 3323//3214 3171//1526
f 3171//1526 3172//3211 3170//3210
f 1441//1521 3172//3211 1443//1523
f 3173//3215 3168//3212 3172//3211
f 3173//3215 3177//3216 3174//3217
f 1441//1521 3175//3218 3173//3215
f 3176//1507 1439//1520 1427//1505
f 3178//3219 3175//3218 3176//1507
f 3179//3220 3178//3219 3180//3221
f 3182//3222 3177//3216 3179//3220
f 3180//3221 3181//3223 3179//3220
f 3179//3220 3184//3224 3182//3222
f 3183//3213 3174//3217 3182//3222
f 3182//3222 3185//3225 3183//3213
f 424//450 3184//3224 426//451
f 426//451 3181//3223 428//452
f 3183//3213 3186//3226 3169//3208
f 3187//403 3185//3225 424//450
f 374//394 3186//3226 3187//403
f 3169//3208 3188//396 1475//1562
f 428//452 3189//3227 432//454
f 3190//3228 3189//3227 3180//3221
f 3180//3221 3192//3229 3190//3228
f 3191//3230 437//463 3190//3228
f 3190//3228 3193//3231 3191//3230
f 1424//1502 3192//3229 1426//1506
f 1426//1506 3178//3219 3176//1507
f 1422//1501 3193//3231 1424//1502
f 3191//3230 3194//3232 3195//3233
f 3195//3233 3196//3234 3311//3235
f 3197//3236 3196//3234 3194//3232
f 3194//3232 1422//1501 3197//3236
f 1418//1496 3198//3237 3197//3236
f 3198//3237 3196//3234 3197//3236
f 1418//1496 3197//3236 1422//1501
f 3202//3238 3198//3237 3200//1481
f 3200//1481 3201//1495 1404//1479
f 1404//1479 1413//1491 1406//1482
f 3200//1481 3204//3239 3202//3238
f 3203//3240 3199//3241 3202//3238
f 3202//3238 3205//3242 3203//3240
f 3207//3243 3204//3239 3206//3244
f 3206//3244 1403//1480 1401//1476
f 1401//1476 1395//1472 3206//3244
f 3206//3244 3209//3245 3207//3243
f 3208//3246 3205//3242 3207//3243
f 3207//3243 3211//3247 3208//3246
f 3210//3248 3211//3247 3209//3245
f 3209//3245 1394//1471 3210//3248
f 3213//3249 3211//3247 3210//3248
f 3208//3246 3212//3250 3214//3251
f 3215//3252 3212//3250 3213//3249
f 3212//3250 3216//3253 3214//3251
f 3297//3254 3215//3252 3217//3255
f 3217//3255 3215//3252 3218//3256
f 3213//3249 3218//3256 3215//3252
f 3222//3257 3218//3256 3213//3249
f 3218//3256 3219//3258 3217//3255
f 3219//3258 3218//3256 3220//3259
f 571//600 3220//3259 570//601
f 570//601 3222//3257 577//607
f 3220//3259 3221//3260 3219//3258
f 577//607 3223//3261 3224//608
f 3210//3248 3222//3257 3213//3249
f 1394//1471 3223//3261 3210//3248
f 3224//608 1392//1470 1389//1465
f 1389//1465 576//609 3224//608
f 568//595 3221//3260 571//600
f 3221//3260 3227//3262 3219//3258
f 3229//3263 3225//3264 3226//3265
f 562//593 3225//3264 568//595
f 3230//3266 3227//3262 3229//3263
f 3219//3258 3228//3267 3217//3255
f 3230//3266 3229//3263 3231//3268
f 3232//3269 3231//3268 3229//3263
f 3229//3263 3233//3270 3232//3269
f 3226//3265 3233//3270 3229//3263
f 3235//3271 3234//3272 3233//3270
f 3238//3273 3233//3270 3234//3272
f 3233//3270 3236//3274 3235//3271
f 563//592 3236//3274 3226//3265
f 560//591 3236//3274 563//592
f 3235//3271 3239//3275 3234//3272
f 560//591 516//542 3235//3271
f 3239//3275 3237//3276 3234//3272
f 3237//3276 3238//3273 3234//3272
f 3240//3277 3239//3275 510//535
f 3242//3278 3240//3277 3241//3279
f 510//535 507//534 3240//3277
f 3241//3279 507//534 505//531
f 505//531 3243//3280 3241//3279
f 3241//3279 3244//3281 3242//3278
f 3248//3282 3243//3280 3245//3283
f 3245//3283 3246//530 3247//3284
f 3247//3284 500//526 498//522
f 498//522 487//513 3247//3284
f 3247//3284 3249//3285 3245//3283
f 3245//3283 3250//3286 3248//3282
f 3252//3287 3249//3285 486//512
f 3248//3282 3251//3288 3265//3289
f 3253//3290 3250//3286 3252//3287
f 3252//3287 3255//3291 3253//3290
f 486//512 3254//3292 3252//3287
f 480//505 3255//3291 3254//3292
f 3256//3293 3253//3290 3255//3291
f 3256//3293 470//495 465//491
f 465//491 459//485 3256//3293
f 3256//3293 3259//3294 3257//3295
f 3257//3295 3251//3288 3253//3290
f 3257//3295 3260//3296 3258//3297
f 453//477 3259//3294 456//481
f 450//478 3261//3298 3260//3296
f 3258//3297 3261//3298 3264//3299
f 3260//3296 453//477 450//478
f 3263//3300 3262//3301 3261//3298
f 3264//3299 3262//3301 3266//3302
f 3261//3298 450//478 3263//3300
f 3265//3289 3258//3297 3264//3299
f 3264//3299 3268//3303 3265//3289
f 3267//3304 3262//3301 3318//3305
f 3269//3306 3266//3302 3267//3304
f 3272//3307 3268//3303 3269//3306
f 3265//3289 3268//3303 3270//3308
f 3272//3307 3271//3309 3270//3308
f 3270//3308 3244//3281 3248//3282
f 3270//3308 3248//3282 3265//3289
f 3269//3306 3273//3310 3272//3307
f 3273//3310 3277//3311 3274//3312
f 3322//3313 3273//3310 3274//3312
f 3278//3314 3275//3315 3276//3316
f 3276//3316 3269//3306 3267//3304
f 3274//3312 3279//3317 3280//3318
f 3282//3319 3277//3311 3278//3314
f 3280//3318 3281//3320 3320//3321
f 3283//3322 3279//3317 3282//3319
f 3283//3322 3284//3323 3286//3324
f 3278//3314 3284//3323 3282//3319
f 3284//3323 3288//3325 3287//3326
f 3286//3324 3287//3326 3289//3327
f 3288//3325 3290//3328 3287//3326
f 3287//3326 3291//3329 3289//3327
f 3295//3330 3290//3328 3293//3331
f 3293//3331 3292//3332 3294//3333
f 3294//3333 3296//3334 3293//3331
f 3293//3331 3300//3335 3295//3330
f 3297//3254 3300//3335 3296//3334
f 3296//3334 3299//3336 3297//3254
f 3299//3336 3298//3337 3301//3338
f 3300//3335 3297//3254 3217//3255
f 3295//3330 3228//3267 3230//3266
f 3217//3255 3228//3267 3300//3335
f 3304//3339 3299//3336 3301//3338
f 3299//3336 3216//3253 3297//3254
f 3302//3340 3214//3251 3216//3253
f 3305//3341 3302//3340 3304//3339
f 3304//3339 3301//3338 448//474
f 448//474 446//473 3304//3339
f 3304//3339 3307//3342 3305//3341
f 3305//3341 3308//3343 3306//3344
f 3306//3344 3303//3345 3305//3341
f 442//467 3307//3342 446//473
f 3310//468 3307//3342 442//467
f 3306//3344 3308//3343 3309//3346
f 3311//3235 3308//3343 3310//468
f 3311//3235 441//465 3195//3233
f 3311//3235 3199//3241 3309//3346
f 3309//3346 3203//3240 3306//3344
f 3203//3240 3312//3347 3306//3344
f 3214//3251 3312//3347 3208//3246
f 3301//3338 451//479 448//474
f 3313//480 3298//3337 3294//3333
f 3291//3329 3295//3330 3230//3266
f 3294//3333 3314//3348 3313//480
f 3313//480 3263//3300 450//478
f 3315//3349 3292//3332 3288//3325
f 3317//3350 3314//3348 3315//3349
f 3288//3325 3316//3351 3315//3349
f 3315//3349 3318//3305 3317//3350
f 3317//3350 3262//3301 3263//3300
f 3267//3304 3316//3351 3276//3316
f 3276//3316 3285//3352 3278//3314
f 3289//3327 3319//3353 3286//3324
f 3230//3266 3319//3353 3291//3329
f 3286//3324 3231//3268 3283//3322
f 3231//3268 3319//3353 3230//3266
f 3231//3268 3281//3320 3283//3322
f 3320//3321 3232//3269 3238//3273
f 3320//3321 3321//3354 3280//3318
f 3280//3318 3322//3313 3274//3312
f 3322//3313 3237//3276 3242//3278
f 3242//3278 3271//3309 3322//3313
f 3226//3265 562//593 563//592
f 3195//3233 439//464 3191//3230
f 3171//1526 1451//1533 1444//1525
f 1462//1534 3323//3214 1472//1547
f 1385//1461 1370//1447 1383//1452
f 579//610 1387//1464 586//617
f 1338//1411 1335//1410 3324//3355
f 3324//3355 1223//1289 1338//1411
f 1222//1290 1338//1411 1223//1289
f 3326//3356 1335//1410 1333//1406
f 1223//1289 3325//3357 1225//1291
f 3325//3357 3326//3356 3327//3358
f 3327//3358 3328//3359 3329//3360
f 1333//1406 3328//3359 3326//3356
f 3329//3360 3330//1408 1322//1394
f 3329//3360 3334//3361 3327//3358
f 1322//1394 3331//3362 3329//3360
f 3334//3361 3332//3363 3335//3364
f 3363//3365 3331//3362 3333//3366
f 3335//3364 3336//3367 3334//3361
f 3327//3358 3336//3367 3325//3357
f 1225//1291 3336//3367 1226//1292
f 1226//1292 3337//3368 3338//1297
f 3342//3369 3337//3368 3335//3364
f 3338//1297 3339//3370 3340//3371
f 3340//3371 3341//3372 3372//3373
f 3344//3374 3339//3370 3342//3369
f 3335//3364 3343//3375 3342//3369
f 3342//3369 3345//3376 3344//3374
f 3344//3374 3349//3377 3346//3378
f 3346//3378 3341//3372 3344//3374
f 3347//3379 3346//3378 3348//3380
f 3346//3378 3351//3381 3348//3380
f 3352//3382 3349//3377 3350//3383
f 3350//3383 3345//3376 3358//3384
f 1272//1338 3351//3381 3352//3382
f 3351//3381 1270//1335 3348//3380
f 3353//3385 1273//1339 3352//3382
f 3352//3382 3354//3386 3353//3385
f 3352//3382 1273//1339 1272//1338
f 3353//3385 1293//1363 1289//1357
f 3355//1342 3353//3385 1289//1357
f 1277//1343 3355//1342 1286//1355
f 1289//1357 1286//1355 3355//1342
f 3357//1364 3354//3386 3356//3387
f 3358//3384 3354//3386 3350//3383
f 3356//3387 3360//3388 3357//1364
f 3361//3389 3356//3387 3358//3384
f 3362//3390 3360//3388 3359//3391
f 3363//3365 3359//3391 3361//3389
f 3333//3366 3362//3390 3363//3365
f 3364//3392 3365//3393 1315//1388
f 1316//1389 3333//3366 1322//1394
f 1309//1382 3364//3392 1315//1388
f 3366//3394 3360//3388 3364//3392
f 3361//3389 3332//3363 3363//3365
f 3358//3384 3343//3375 3361//3389
f 3357//1364 1299//1370 1292//1362
f 3348//3380 3367//3395 3347//3379
f 3368//3396 1250//1316 3348//3380
f 1250//1316 3367//3395 3348//3380
f 3348//3380 1270//1335 3368//3396
f 1264//1336 3368//3396 1270//1335
f 1251//1317 3368//3396 1264//1336
f 3369//3397 3347//3379 3367//3395
f 3367//3395 3370//3398 3369//3397
f 3370//3398 3371//1318 1246//1312
f 1240//1306 3369//3397 3370//3398
f 3370//3398 1241//1307 1240//1306
f 1241//1307 3370//3398 1246//1312
f 3372//3373 3347//3379 3369//3397
f 3369//3397 1238//1304 3372//3373
f 3372//3373 1236//1303 3340//3371
f 3340//3371 1228//1295 3338//1297
f 1286//1355 1284//1352 1277//1343
f 1267//1334 1275//1341 1268//1333
f 1264//1336 1255//1324 1251//1317
f 1259//1115 3373//3399 1257//1323
f 1257//1323 3375//3400 1254//1320
f 3376//3401 3373//3399 3374//1123
f 3374//1123 1056//1114 1058//1116
f 3377//3402 1254//1320 3375//3400
f 3378//1241 3375//3400 3376//3401
f 1177//1242 3377//3402 3378//1241
f 3377//3402 3380//3403 3379//1321
f 3379//1321 1248//1315 1252//1314
f 1185//1249 3380//3403 1183//1247
f 1176//1239 3378//1241 3376//3401
f 3374//1123 3381//3404 3376//3401
f 3376//3401 3381//3404 1176//1239
f 1174//1238 3381//3404 3382//1132
f 3382//1132 1063//1122 1065//1124
f 3382//1132 1172//1235 1174//1238
f 3384//3405 1202//1267 1200//1265
f 3385//650 3383//1273 3384//3405
f 3384//3405 631//667 624//661
f 624//661 3385//650 3384//3405
f 631//667 3384//3405 1200//1265
f 1200//1265 1196//670 631//667
f 1170//1234 1172//1235 1070//1131
f 1070//1131 1072//1133 1170//1234
f 1072//1133 1168//1231 1170//1234
f 1165//1226 1075//1134 3386//1139
f 649//688 1167//1233 1164//1229
f 3386//1139 1161//1224 1165//1226
f 1074//1136 3387//3406 3386//1139
f 1158//1222 3387//3406 3388//3407
f 3388//3407 3389//1143 3390//3408
f 3390//3408 1079//1142 1086//1149
f 3390//3408 1088//1152 3391//1218
f 3391//1218 3388//3407 3390//3408
f 3391//1218 1142//1209 1148//1210
f 3388//3407 1154//1220 1158//1222
f 1164//1229 3392//689 649//688
f 666//706 1162//1228 1159//705
f 650//690 666//706 664//694
f 3393//3409 681//722 1150//1215
f 1138//1205 1150//1215 1140//1204
f 1150//1215 3394//3410 3393//3409
f 3397//3411 3394//3410 3395//3412
f 3396//1196 3394//3410 1138//1205
f 1131//1194 3395//3412 3396//1196
f 3395//3412 3400//3413 3397//3411
f 1128//1191 3398//3414 1131//1194
f 3400//3413 3399//3415 3403//3416
f 3401//3417 3402//3418 3400//3413
f 3400//3413 3403//3416 3401//3417
f 3397//3411 3402//3418 3422//732
f 3408//3419 3403//3416 3404//3420
f 3403//3416 3421//3421 3404//3420
f 3405//3422 3401//3417 3403//3416
f 3405//3422 3409//3423 3406//3424
f 3406//3424 3407//3425 3405//3422
f 3410//3426 3408//3419 3404//3420
f 3412//3427 3409//3423 3410//3426
f 3406//3424 3411//3428 3413//3429
f 3413//3429 697//740 695//737
f 3415//741 3411//3428 3412//3427
f 691//731 3413//3429 695//737
f 3410//3426 3414//3430 3412//3427
f 3412//3427 3416//3431 3415//741
f 3415//741 3417//1171 698//739
f 1115//1178 3414//3430 3418//3432
f 1109//1172 3416//3431 1115//1178
f 698//739 1105//1167 700//742
f 3418//3432 3419//3433 3420//1190
f 3420//1190 3421//3421 1126//1189
f 3404//3420 3419//3433 3410//3426
f 1126//1189 3399//3415 1128//1191
f 3420//1190 1116//1179 3418//3432
f 690//730 3407//3425 691//731
f 3422//732 3401//3417 690//730
f 3422//732 684//724 3393//3409
f 3393//3409 3397//3411 3422//732
f 681//722 3393//3409 684//724
f 719//764 702//745 1103//747
f 1093//1157 3423//776 1096//1158
f 727//775 3424//3434 3425//3435
f 1085//1148 3424//3434 1093//1157
f 3425//3435 1083//1147 1081//1144
f 3425//3435 729//778 727//775
f 3425//3435 3428//3436 3426//3437
f 731//779 3426//3437 3427//3438
f 3427//3438 3428//3436 3429//3439
f 1077//1140 3429//3439 3428//3436
f 3430//1129 3431//3440 3429//3439
f 3429//3439 3432//3441 3427//3438
f 3434//3442 3431//3440 3433//1121
f 3433//1121 1068//1128 1060//1120
f 3433//1121 1049//1104 3434//3442
f 3435//784 3432//3441 3434//3442
f 3434//3442 1042//3443 3435//784
f 3427//3438 734//783 731//779
f 747//795 1036//1095 1032//1090
f 1032//1090 3436//3444 747//795
f 3437//3445 1030//1089 1027//1083
f 747//795 3436//3444 746//796
f 3439//801 3436//3444 3437//3445
f 1027//1083 3438//3446 3437//3445
f 3437//3445 3440//3447 3439//801
f 3442//805 3439//801 3440//3447
f 3441//3448 3442//805 3440//3447
f 3440//3447 3462//3449 3441//3448
f 755//806 3443//3450 3444//811
f 3448//3451 3443//3450 3441//3448
f 3444//811 3445//3452 3446//3453
f 3446//3453 3447//3454 928//976
f 3450//3455 3445//3452 3448//3451
f 3441//3448 3449//3456 3448//3451
f 3448//3451 3451//3457 3450//3455
f 935//983 3447//3454 3450//3455
f 3450//3455 3452//3458 935//983
f 3454//3459 3451//3457 3453//1077
f 3453//1077 3449//3456 1019//1076
f 3453//1077 3456//3460 3454//3459
f 3455//990 3452//3458 3454//3459
f 3454//3459 3457//3461 3455//990
f 3459//1055 3456//3460 1011//1066
f 1001//1053 3458//3462 3457//3461
f 3455//990 3458//3462 940//988
f 3457//3461 3459//1055 1001//1053
f 999//1052 3460//3463 3458//3462
f 3458//3462 1001//1053 999//1052
f 942//989 3458//3462 3460//3463
f 997//1051 3460//3463 999//1052
f 3460//3463 945//995 942//989
f 950//1002 997//1051 995//1050
f 1019//1076 3462//3449 1021//1078
f 1021//1078 3438//3446 1023//1081
f 3446//3453 759//810 3444//811
f 928//976 3463//815 3446//3453
f 763//816 926//975 923//819
f 1004//1058 990//1043 993//1046
f 955//1006 996//1047 966//1019
f 991//1027 966//1019 996//1047
f 846//900 558//589 565//596
f 558//589 846//900 555//588
f 775//827 3464//3464 772//823
f 687//729 775//827 677//716
f 772//823 3465//3465 765//818
f 708//751 3464//3464 686//728
f 710//754 3465//3465 708//751
f 3466//763 711//755 713//757
f 3466//763 3467//3466 749//799
f 742//773 3467//3466 721//768
f 677//716 682//718 687//729
f 552//582 547//574 537//567
f 537//567 534//563 552//582
f 534//563 525//553 552//582
f 513//540 523//551 512//538
f 470//495 480//505 469//494
f 361//380 372//393 388//400
f 352//336 323//370 315//334
f 321//338 284//303 286//305
f 318//337 321//338 286//305
f 318//337 294//316 313//327
f 286//305 288//307 318//337
f 294//316 309//325 313//327
f 302//321 309//325 297//315
f 305//231 201//214 198//215
f 297//315 296//317 302//321
f 238//253 223//240 299//314
f 114//124 102//113 107//115
f 18//23 9//14 11//11
f 2//1 2905//2999 4//2
f 1//3 3//5 2909//4
f 1//3 4//2 6//7
f 5//6 6//7 3120//8
f 11//11 9//14 8//10
f 2911//13 3//5 8//10
f 10//12 12//16 15//15
f 7//9 13//18 12//16
f 14//17 12//16 13//18
f 16//20 15//15 12//16
f 19//21 17//22 15//15
f 11//11 15//15 17//22
f 18//23 17//22 20//24
f 21//26 20//24 17//22
f 24//27 23//28 20//24
f 22//25 20//24 23//28
f 55//30 25//31 23//28
f 30//33 28//34 26//29
f 42//37 29//36 28//34
f 22//25 31//35 32//39
f 35//42 2912//3005 36//43
f 33//38 29//36 39//44
f 2919//45 34//41 37//40
f 38//46 37//40 39//44
f 40//47 39//44 41//48
f 29//36 42//37 41//48
f 42//37 47//54 44//50
f 43//49 41//48 44//50
f 45//51 44//50 46//52
f 46//52 44//50 47//54
f 30//33 49//56 47//54
f 48//55 47//54 49//56
f 27//32 51//58 49//56
f 50//57 49//56 51//58
f 52//59 51//58 53//60
f 53//60 51//58 27//32
f 54//61 53//60 25//31
f 55//30 58//66 56//62
f 54//61 56//62 59//63
f 61//64 59//63 56//62
f 52//59 59//63 60//67
f 48//55 62//70 63//69
f 62//70 48//55 50//57
f 46//52 63//69 64//71
f 67//53 64//71 66//73
f 70//75 45//51 67//53
f 71//76 70//75 68//74
f 69//77 68//74 66//73
f 45//51 70//75 72//79
f 73//80 72//79 70//75
f 73//80 75//83 74//81
f 43//49 72//79 74//81
f 38//46 40//47 74//81
f 78//84 79//87 77//85
f 76//82 77//85 2919//45
f 80//86 82//91 79//87
f 78//84 75//83 83//88
f 80//86 83//88 85//89
f 81//90 2931//3022 82//91
f 83//88 84//98 87//92
f 73//80 84//98 83//88
f 81//90 85//89 86//93
f 88//95 86//93 85//89
f 71//76 90//97 84//98
f 89//96 90//97 91//99
f 69//77 91//99 90//97
f 105//78 92//101 91//99
f 93//100 91//99 92//101
f 93//100 94//104 2943//103
f 95//102 96//107 94//104
f 95//102 92//101 104//105
f 100//108 94//104 96//107
f 98//109 96//107 97//106
f 101//110 102//113 99//111
f 98//109 99//111 118//112
f 105//78 66//73 106//114
f 108//117 109//120 112//118
f 110//119 113//122 107//115
f 111//121 115//125 113//122
f 110//119 112//118 132//123
f 114//124 113//122 115//125
f 129//127 116//128 115//125
f 117//126 115//125 116//128
f 117//126 118//112 99//111
f 119//129 120//131 118//112
f 121//130 123//135 120//131
f 119//129 116//128 124//132
f 121//130 124//132 125//133
f 122//134 2941//3029 123//135
f 127//136 125//133 124//132
f 126//137 124//132 116//128
f 126//137 128//139 2952//138
f 129//127 130//140 128//139
f 111//121 132//123 130//140
f 3009//141 128//139 130//140
f 131//142 130//140 132//123
f 133//143 132//123 112//118
f 133//143 134//146 3010//145
f 135//144 136//147 134//146
f 138//150 139//149 142//151
f 140//152 134//146 136//147
f 141//153 3010//145 134//146
f 140//152 142//151 144//154
f 143//155 142//151 139//149
f 146//157 144//154 142//151
f 141//153 144//154 145//158
f 147//160 145//158 144//154
f 146//157 148//162 149//161
f 143//155 150//166 148//162
f 149//161 148//162 151//163
f 154//165 151//163 148//162
f 155//167 152//168 151//163
f 153//164 151//163 152//168
f 154//165 156//171 157//170
f 150//166 158//174 156//171
f 160//172 157//170 156//171
f 159//173 156//171 158//174
f 159//173 162//177 163//176
f 161//175 164//3158 162//177
f 3103//178 164//3158 161//175
f 137//148 109//120 3103//178
f 139//149 137//148 165//179
f 165//179 161//175 158//174
f 166//156 158//174 150//166
f 160//172 163//176 167//180
f 168//181 167//180 169//182
f 174//187 173//186 171//184
f 167//180 175//189 174//187
f 178//191 177//190 163//176
f 183//194 180//195 179//192
f 178//191 179//192 180//195
f 181//193 182//198 184//197
f 162//177 164//3158 182//198
f 185//199 183//194 184//197
f 185//199 188//203 180//195
f 186//200 1532//1626 187//201
f 185//199 187//201 190//202
f 189//204 188//203 190//202
f 205//196 180//195 188//203
f 193//206 192//207 190//202
f 191//205 190//202 192//207
f 3122//209 194//210 192//207
f 195//208 192//207 194//210
f 196//211 199//216 197//212
f 195//208 197//212 200//213
f 201//214 200//213 197//212
f 198//215 197//212 199//216
f 203//218 202//219 200//213
f 191//205 200//213 202//219
f 206//220 204//221 202//219
f 189//204 202//219 204//221
f 205//196 204//221 177//190
f 176//188 177//190 204//221
f 206//220 207//222 175//189
f 203//218 209//225 207//222
f 175//189 207//222 208//223
f 211//224 208//223 207//222
f 209//225 210//230 213//226
f 201//214 210//230 209//225
f 212//227 233//249 208//223
f 211//224 213//226 215//228
f 214//229 213//226 210//230
f 216//232 215//228 213//226
f 220//234 217//233 215//228
f 218//235 217//233 219//236
f 222//238 219//236 217//233
f 216//232 300//319 221//239
f 220//234 221//239 223//240
f 222//238 223//240 225//241
f 224//242 227//244 219//236
f 224//242 225//241 234//243
f 226//169 152//168 227//244
f 229//237 219//236 227//244
f 228//245 227//244 152//168
f 228//245 230//247 231//246
f 155//167 157//170 230//247
f 168//181 230//247 157//170
f 170//183 231//246 230//247
f 172//185 232//248 231//246
f 229//237 231//246 232//248
f 173//186 233//249 232//248
f 174//187 208//223 233//249
f 226//169 234//243 235//250
f 239//251 235//250 234//243
f 236//252 234//243 225//241
f 236//252 237//255 241//254
f 238//253 293//313 237//255
f 240//256 3013//3091 235//250
f 239//251 241//254 243//257
f 242//258 241//254 237//255
f 245//260 243//257 241//254
f 240//256 243//257 244//261
f 246//263 244//261 243//257
f 245//260 247//265 249//264
f 242//258 250//267 247//265
f 248//266 247//265 250//267
f 2992//269 249//264 247//265
f 253//259 252//270 250//267
f 251//268 250//267 252//270
f 292//272 254//273 252//270
f 255//271 252//270 254//273
f 256//274 258//278 257//275
f 255//271 257//275 259//276
f 260//277 257//275 258//278
f 263//280 259//276 257//275
f 261//279 278//296 262//281
f 260//277 262//281 265//282
f 264//283 3017//3094 259//276
f 263//280 265//282 266//284
f 268//285 266//284 265//282
f 267//286 265//282 262//281
f 270//287 274//292 271//289
f 272//290 2599//2693 269//288
f 2626//295 273//291 274//292
f 270//287 262//281 278//296
f 277//297 2625//2716 275//294
f 276//293 278//296 279//298
f 281//299 279//298 278//296
f 331//300 277//297 279//298
f 282//302 280//301 279//298
f 281//299 283//304 284//303
f 261//279 258//278 283//304
f 286//305 284//303 283//304
f 285//306 283//304 258//278
f 285//306 287//308 288//307
f 256//274 254//273 287//308
f 291//309 288//307 287//308
f 289//310 287//308 254//273
f 289//310 290//311 295//312
f 253//259 237//255 293//313
f 299//314 290//311 293//313
f 291//309 295//312 297//315
f 294//316 318//337 288//307
f 299//314 223//240 221//239
f 296//317 300//319 301//320
f 214//229 301//320 300//319
f 305//231 303//322 301//320
f 302//321 301//320 303//322
f 306//323 303//322 304//217
f 198//215 304//217 303//322
f 306//323 308//326 309//325
f 307//324 310//330 308//326
f 313//327 309//325 308//326
f 312//329 311//328 308//326
f 312//329 316//335 314//331
f 311//328 314//331 317//332
f 319//333 317//332 314//331
f 315//334 314//331 316//335
f 321//338 318//337 317//332
f 315//334 323//370 322//339
f 322//339 323//370 326//341
f 327//343 320//340 322//339
f 324//342 325//346 328//344
f 324//342 326//341 350//345
f 327//343 328//344 280//301
f 282//302 284//303 320//340
f 329//347 328//344 325//346
f 328//344 329//347 331//300
f 329//347 330//350 2627//349
f 332//348 334//354 330//350
f 325//346 350//345 333//351
f 336//352 334//354 332//348
f 335//353 397//419 330//350
f 335//353 334//354 336//352
f 338//356 336//352 333//351
f 339//357 344//363 341//358
f 338//356 341//358 342//360
f 391//361 342//360 341//358
f 343//362 341//358 344//363
f 345//364 344//363 346//365
f 349//367 346//365 344//363
f 348//366 346//365 347//368
f 347//368 346//365 349//367
f 339//357 333//351 350//345
f 350//345 326//341 351//369
f 351//369 326//341 323//370
f 353//371 356//378 345//364
f 355//372 353//371 348//366
f 357//373 356//378 353//371
f 3137//375 354//374 353//371
f 345//364 356//378 358//376
f 360//377 358//376 356//378
f 343//362 358//376 359//379
f 361//380 359//379 358//376
f 360//377 362//382 363//381
f 357//373 364//385 362//382
f 368//383 363//381 362//382
f 365//384 362//382 364//385
f 366//386 3145//1566 367//387
f 365//384 367//387 369//388
f 370//389 368//383 369//388
f 370//389 372//393 363//381
f 373//391 370//389 371//390
f 373//391 376//395 372//393
f 374//394 378//398 376//395
f 373//391 375//392 3188//396
f 377//397 376//395 378//398
f 388//400 372//393 376//395
f 380//399 378//398 379//401
f 3187//403 379//401 378//398
f 381//402 383//407 382//404
f 380//399 382//404 386//405
f 384//406 382//404 383//407
f 377//397 386//405 387//410
f 389//411 387//410 386//405
f 388//400 387//410 359//379
f 391//361 359//379 387//410
f 385//409 407//429 390//412
f 389//411 390//412 392//413
f 392//413 394//416 342//360
f 393//414 392//413 390//412
f 393//414 395//417 394//416
f 337//355 394//416 395//417
f 340//359 342//360 394//416
f 399//418 396//421 395//417
f 395//417 396//421 397//419
f 2624//420 397//419 396//421
f 398//422 396//421 399//418
f 393//414 404//415 401//424
f 399//418 401//424 402//425
f 2617//426 402//425 401//424
f 403//427 401//424 404//415
f 404//415 390//412 407//429
f 405//428 407//429 408//430
f 405//428 406//431 2616//432
f 384//406 408//430 407//429
f 406//431 408//430 410//433
f 413//435 412//436 410//433
f 411//434 410//433 412//436
f 414//437 412//436 415//439
f 416//438 418//443 419//441
f 417//442 462//488 415//439
f 413//435 421//446 418//443
f 429//444 419//441 418//443
f 420//445 418//443 421//446
f 422//447 421//446 383//407
f 409//408 383//407 421//446
f 381//402 379//401 423//448
f 422//447 423//448 425//449
f 424//450 423//448 379//401
f 426//451 425//449 423//448
f 428//452 427//453 425//449
f 420//445 425//449 427//453
f 432//454 430//455 427//453
f 429//444 427//453 430//455
f 431//456 430//455 433//457
f 436//459 433//457 430//455
f 435//458 433//457 434//460
f 438//462 434//460 433//457
f 432//454 3189//3227 437//463
f 436//459 437//463 439//464
f 438//462 439//464 441//465
f 440//466 443//469 434//460
f 442//467 440//466 441//465
f 442//467 445//471 443//469
f 455//461 434//460 443//469
f 444//470 443//469 445//471
f 447//472 445//471 446//473
f 448//474 451//479 449//475
f 447//472 449//475 452//476
f 453//477 452//476 449//475
f 450//478 449//475 451//479
f 456//481 454//482 452//476
f 455//461 454//482 457//483
f 456//481 3259//3294 459//485
f 461//487 463//489 457//483
f 417//442 419//441 463//489
f 435//458 457//483 463//489
f 431//456 463//489 419//441
f 466//440 415//439 462//488
f 465//491 470//495 468//492
f 473//498 475//502 472//497
f 471//496 469//494 476//499
f 473//498 476//499 477//500
f 474//501 2454//2548 475//502
f 481//503 477//500 476//499
f 478//504 476//499 469//494
f 478//504 479//507 483//506
f 480//505 3254//3292 479//507
f 482//508 2450//2544 477//500
f 481//503 483//506 484//509
f 488//510 484//509 483//506
f 485//511 483//506 479//507
f 486//512 3249//3285 487//513
f 485//511 487//513 489//514
f 488//510 489//514 493//515
f 490//516 492//518 484//509
f 491//517 2440//2535 492//518
f 490//516 493//515 494//519
f 496//520 494//519 493//515
f 495//521 493//515 489//514
f 498//522 500//526 499//524
f 501//525 499//524 500//526
f 503//528 497//523 499//524
f 502//529 2433//2531 503//528
f 504//527 500//526 3246//530
f 505//531 507//534 506//532
f 508//533 506//532 507//534
f 509//536 508//533 511//537
f 514//539 511//537 508//533
f 517//541 513//540 511//537
f 510//535 3239//3275 516//542
f 517//541 518//545 521//544
f 515//543 520//548 518//545
f 524//546 521//544 518//545
f 519//547 518//545 520//548
f 527//552 522//550 521//544
f 519//547 551//583 525//553
f 527//552 528//556 529//555
f 526//554 531//559 528//556
f 2382//557 529//555 528//556
f 530//558 528//556 531//559
f 535//561 532//560 531//559
f 533//562 531//559 526//554
f 534//563 537//567 536//564
f 533//562 536//564 538//565
f 541//568 538//565 536//564
f 542//569 543//573 540//570
f 539//566 540//570 3056//571
f 544//572 545//576 543//573
f 542//569 537//567 547//574
f 546//575 858//908 545//576
f 546//575 548//577 549//578
f 553//580 549//578 548//577
f 550//581 548//577 547//574
f 552//582 525//553 551//583
f 554//584 555//588 849//585
f 557//586 555//588 554//584
f 556//549 554//584 551//583
f 556//549 520//548 559//587
f 557//586 559//587 561//590
f 560//591 559//587 520//548
f 563//592 561//590 559//587
f 568//595 566//597 564//594
f 571//600 569//599 566//597
f 572//603 569//599 573//602
f 574//604 573//602 575//605
f 577//607 575//605 573//602
f 3224//608 576//609 575//605
f 578//606 575//605 576//609
f 579//610 583//616 580//611
f 578//606 580//611 581//612
f 840//613 581//612 580//611
f 584//615 582//614 580//611
f 586//617 585//620 583//616
f 583//616 585//620 587//618
f 590//619 588//622 585//620
f 589//621 587//618 585//620
f 593//623 589//621 588//622
f 592//625 591//624 588//622
f 592//625 595//629 594//626
f 591//624 594//626 597//627
f 596//628 594//626 595//629
f 598//631 597//627 594//626
f 593//623 597//627 599//632
f 601//634 599//632 597//627
f 604//635 602//633 599//632
f 599//632 601//634 1208//637
f 602//633 603//892 589//621
f 605//638 603//892 602//633
f 604//635 606//640 608//639
f 600//636 607//642 606//640
f 609//641 606//640 607//642
f 612//644 608//639 606//640
f 610//643 3383//1273 611//645
f 609//641 611//645 614//646
f 612//644 614//646 616//647
f 613//648 832//886 608//639
f 615//649 614//646 611//645
f 618//651 616//647 614//646
f 619//652 617//653 616//647
f 613//648 616//647 617//653
f 618//651 620//656 621//655
f 615//649 623//659 620//656
f 654//657 621//655 620//656
f 622//658 620//656 623//659
f 625//660 623//659 624//661
f 3385//650 624//661 623//659
f 627//662 628//666 626//663
f 625//660 626//663 651//664
f 627//662 629//668 632//665
f 627//662 624//661 631//667
f 630//669 629//668 631//667
f 634//671 632//665 629//668
f 628//666 632//665 633//672
f 636//674 633//672 632//665
f 630//669 1194//1256 635//675
f 634//671 635//675 637//676
f 638//677 641//680 633//672
f 636//674 637//676 640//678
f 639//679 642//683 641//680
f 638//677 640//678 1178//681
f 643//682 641//680 642//683
f 646//673 633//672 641//680
f 645//684 1167//1233 644//685
f 643//682 644//685 647//686
f 646//673 647//686 626//663
f 647//686 648//687 651//664
f 648//687 647//686 644//685
f 648//687 649//688 3392//689
f 650//690 652//691 651//664
f 622//658 651//664 652//691
f 654//657 652//691 653//692
f 664//694 653//692 652//691
f 655//693 656//696 621//655
f 657//695 658//699 656//696
f 655//693 653//692 660//697
f 659//698 789//838 658//699
f 657//695 660//697 661//700
f 663//701 661//700 660//697
f 662//702 660//697 653//692
f 662//702 665//704 668//703
f 664//694 666//706 665//704
f 1159//705 667//707 665//704
f 668//703 665//704 667//707
f 663//701 668//703 670//709
f 669//708 672//713 670//709
f 671//710 670//709 673//711
f 674//712 673//711 675//714
f 677//716 675//714 673//711
f 676//717 678//720 682//718
f 676//717 672//713 679//719
f 683//723 684//724 689//725
f 688//727 706//750 686//728
f 686//728 3464//3464 687//729
f 690//730 689//725 684//724
f 693//734 696//738 699//736
f 695//737 697//740 696//738
f 698//739 696//738 697//740
f 700//742 699//736 696//738
f 703//743 701//746 699//736
f 699//736 701//746 704//744
f 702//745 705//749 704//744
f 1103//747 702//745 701//746
f 707//748 706//750 704//744
f 694//735 704//744 706//750
f 686//728 706//750 707//748
f 712//752 709//753 707//748
f 708//751 707//748 709//753
f 710//754 709//753 711//755
f 713//757 711//755 709//753
f 705//749 702//745 714//759
f 720//760 716//762 715//758
f 713//757 715//758 716//762
f 717//761 715//758 714//759
f 719//764 1100//1164 718//765
f 717//761 718//765 722//766
f 720//760 722//766 724//767
f 721//768 3467//3466 716//762
f 726//769 724//767 722//766
f 723//770 722//766 718//765
f 721//768 724//767 725//772
f 728//774 725//772 724//767
f 727//775 729//778 728//774
f 726//769 723//770 3423//776
f 730//777 732//781 725//772
f 730//777 728//774 729//778
f 731//779 734//783 733//780
f 733//780 736//785 732//781
f 735//782 733//780 734//783
f 735//782 737//788 736//785
f 741//786 732//781 736//785
f 738//787 736//785 737//788
f 739//789 1036//1095 740//790
f 738//787 740//790 743//791
f 742//773 725//772 732//781
f 741//786 743//791 744//792
f 748//793 744//792 743//791
f 745//794 743//791 740//790
f 745//794 746//796 750//797
f 748//793 750//797 752//798
f 749//799 3467//3466 744//792
f 751//800 750//797 746//796
f 754//802 752//798 750//797
f 749//799 752//798 753//803
f 756//804 753//803 752//798
f 754//802 751//800 3442//805
f 756//804 754//802 755//806
f 756//804 758//807 760//808
f 757//756 711//755 753//803
f 762//809 760//808 758//807
f 3444//811 759//810 758//807
f 764//812 761//813 760//808
f 757//756 760//808 761//813
f 762//809 763//816 766//814
f 762//809 759//810 3463//815
f 764//812 766//814 768//817
f 765//818 3465//3465 761//813
f 923//819 767//820 766//814
f 768//817 766//814 767//820
f 765//818 768//817 770//822
f 771//824 770//822 768//817
f 774//825 773//826 770//822
f 772//823 770//822 773//826
f 775//827 773//826 675//714
f 776//715 777//829 778//828
f 774//825 779//832 777//829
f 784//830 778//828 777//829
f 780//831 777//829 779//832
f 786//837 787//839 778//828
f 786//837 785//836 789//838
f 659//698 661//700 787//839
f 671//710 787//839 661//700
f 788//840 785//836 783//835
f 790//842 789//838 785//836
f 791//843 658//699 789//838
f 790//842 792//845 793//844
f 788//840 795//848 792//845
f 826//846 793//844 792//845
f 794//847 792//845 795//848
f 797//849 795//848 796//850
f 882//841 796//850 795//848
f 797//849 798//853 823//852
f 799//851 801//856 798//853
f 800//855 812//865 801//856
f 805//858 804//859 802//854
f 800//855 802//854 804//859
f 917//861 806//862 804//859
f 807//860 804//859 806//862
f 808//863 811//963 809//864
f 807//860 809//864 812//865
f 810//866 813//868 812//865
f 809//864 811//963 910//867
f 801//856 812//865 813//868
f 908//871 814//870 813//868
f 816//872 850//902 817//873
f 818//874 798//853 801//856
f 817//873 819//876 818//874
f 820//875 823//852 798//853
f 820//875 818//874 819//876
f 794//847 823//852 824//879
f 834//880 825//881 824//879
f 826//846 824//879 825//881
f 827//882 829//883 793//844
f 828//654 617//653 829//883
f 827//882 825//881 831//884
f 830//885 829//883 617//653
f 619//652 621//655 656//696
f 830//885 656//696 658//699
f 828//654 831//884 832//886
f 836//887 832//886 831//884
f 833//888 831//884 825//881
f 838//889 835//890 833//888
f 605//638 608//639 832//886
f 837//891 603//892 605//638
f 837//891 835//890 584//615
f 587//618 589//621 603//892
f 582//614 584//615 835//890
f 838//889 839//893 840//613
f 841//894 840//613 839//893
f 841//894 843//897 581//612
f 821//877 819//876 842//895
f 844//896 843//897 841//894
f 572//603 843//897 844//896
f 574//604 581//612 843//897
f 567//598 844//896 845//898
f 847//899 845//898 844//896
f 846//900 845//898 847//899
f 847//899 842//895 819//876
f 555//588 846//900 848//901
f 850//902 851//903 849//585
f 851//903 850//902 816//872
f 852//904 855//579 549//578
f 849//585 851//903 549//578
f 816//872 814//870 853//905
f 853//905 906//957 854//906
f 854//906 856//907 855//579
f 546//575 855//579 856//907
f 905//909 857//911 856//907
f 859//910 858//908 856//907
f 860//912 545//576 858//908
f 857//911 863//958 861//913
f 859//910 861//913 864//914
f 866//915 864//914 861//913
f 861//913 863//958 874//917
f 867//919 865//918 864//914
f 871//920 868//921 866//915
f 867//919 866//915 868//921
f 869//922 868//921 870//923
f 872//925 870//923 868//921
f 862//916 874//917 873//926
f 871//920 873//926 875//927
f 876//928 873//926 874//917
f 782//833 875//927 873//926
f 881//930 781//834 876//928
f 874//917 863//958 878//931
f 878//931 904//937 879//932
f 881//930 880//933 803//857
f 882//841 783//835 781//834
f 883//934 880//933 879//932
f 805//858 883//934 884//936
f 885//935 887//939 884//936
f 885//935 879//932 904//937
f 886//938 888//941 887//939
f 889//940 891//945 884//936
f 893//943 891//945 889//940
f 892//944 917//861 884//936
f 891//945 893//943 894//946
f 896//947 895//948 893//943
f 894//946 893//943 895//948
f 901//950 898//951 895//948
f 897//949 895//948 898//951
f 899//952 898//951 900//953
f 902//955 900//953 898//951
f 896//947 890//942 888//941
f 901//950 888//941 886//938
f 902//955 886//938 904//937
f 903//956 906//957 900//953
f 903//956 904//937 878//931
f 854//906 906//957 903//956
f 907//954 900//953 906//957
f 905//909 878//931 863//958
f 907//954 853//905 814//870
f 908//871 909//959 899//952
f 810//866 910//867 909//959
f 897//949 899//952 909//959
f 911//960 909//959 910//867
f 913//961 910//867 811//963
f 915//965 914//964 811//963
f 916//966 912//962 914//964
f 806//862 916//966 915//965
f 917//861 892//944 916//966
f 892//944 894//946 912//962
f 779//832 918//967 875//927
f 872//925 875//927 918//967
f 919//968 918//967 771//824
f 771//824 918//967 779//832
f 919//968 920//969 870//923
f 769//821 767//820 920//969
f 921//970 920//969 767//820
f 922//924 870//923 920//969
f 921//970 924//972 925//971
f 923//819 926//975 924//972
f 930//973 925//971 924//972
f 927//974 924//972 926//975
f 928//976 3447//3454 929//977
f 927//974 929//977 932//978
f 930//973 932//978 933//979
f 931//980 3064//3126 925//971
f 937//981 933//979 932//978
f 934//982 932//978 929//977
f 935//983 3452//3458 936//984
f 934//982 936//984 939//985
f 938//986 937//981 939//985
f 938//986 3061//3125 933//979
f 941//987 939//985 940//988
f 940//988 939//985 936//984
f 941//987 943//992 944//991
f 942//989 945//995 943//992
f 947//993 944//991 943//992
f 946//994 943//992 945//995
f 946//994 948//998 3049//997
f 949//996 951//1000 948//998
f 949//996 950//1002 953//999
f 949//996 945//995 3461//1001
f 951//1000 953//999 956//1003
f 952//1004 3050//3116 948//998
f 950//1002 995//1050 955//1006
f 954//1005 960//1011 957//1007
f 956//1003 957//1007 958//1008
f 3053//1009 958//1008 957//1007
f 959//1010 957//1007 960//1011
f 965//1013 962//1014 960//1011
f 961//1012 960//1011 962//1014
f 964//1015 962//1014 963//1016
f 968//1018 963//1016 962//1014
f 965//1013 954//1005 955//1006
f 968//1018 967//1020 972//1021
f 970//1023 2030//2139 971//1024
f 969//1022 972//1021 974//1025
f 973//1026 972//1021 967//1020
f 975//1028 974//1025 972//1021
f 978//1029 976//1030 974//1025
f 970//1023 974//1025 976//1030
f 977//1031 976//1030 979//1032
f 982//1034 979//1032 976//1030
f 980//1033 979//1032 981//1035
f 983//1037 981//1035 979//1032
f 982//1034 978//1029 986//1038
f 984//1040 2046//2154 981//1035
f 988//1041 985//1039 986//1038
f 987//1042 986//1038 978//1029
f 987//1042 989//1044 990//1043
f 973//1026 989//1044 987//1042
f 990//1043 989//1044 992//1045
f 996//1047 994//1048 992//1045
f 993//1046 992//1045 994//1048
f 999//1052 998//1049 994//1048
f 1001//1053 1000//1056 998//1049
f 998//1049 1000//1056 1003//1054
f 3459//1055 1002//1067 1000//1056
f 1000//1056 1002//1067 1005//1057
f 1006//1059 1004//1058 1003//1054
f 1005//1057 1007//1062 1008//1060
f 1005//1057 1002//1067 1010//1061
f 2144//1063 1008//1060 1007//1062
f 1007//1062 1010//1061 1012//1065
f 1011//1066 1010//1061 1002//1067
f 1014//1068 1012//1065 1010//1061
f 1016//1069 1013//1070 1012//1065
f 1009//1064 1012//1065 1013//1070
f 1011//1066 3456//3460 1015//1072
f 1014//1068 1015//1072 1018//1073
f 1016//1069 1018//1073 1020//1074
f 1017//1075 2138//2246 1013//1070
f 1019//1076 1018//1073 1015//1072
f 1021//1078 1020//1074 1018//1073
f 1017//1075 1020//1074 1022//1079
f 1023//1081 1022//1079 1020//1074
f 1025//1082 1022//1079 1023//1081
f 1026//1084 1024//1080 1022//1079
f 1025//1082 1028//1086 1029//1085
f 1027//1083 1030//1089 1028//1086
f 1033//1087 1029//1085 1028//1086
f 1031//1088 1028//1086 1030//1089
f 1032//1090 1036//1095 1034//1091
f 1031//1088 1034//1091 1035//1092
f 1038//1093 1035//1092 1034//1091
f 1037//1094 1034//1091 1036//1095
f 1037//1094 1039//1097 1040//1096
f 739//789 737//788 1039//1097
f 1043//1098 1040//1096 1039//1097
f 1041//1099 1039//1097 737//788
f 3435//784 1042//3443 1041//1099
f 1041//1099 1042//3443 1045//1100
f 1044//1101 2109//2244 1040//1096
f 1043//1098 1045//1100 1046//1102
f 1047//1103 1050//1107 1046//1102
f 1045//1100 1042//3443 1049//1104
f 1047//1103 1049//1104 1061//1105
f 1048//1106 1052//1109 1050//1107
f 1051//1108 1050//1107 1052//1109
f 1051//1108 2106//2218 1046//1102
f 1053//1110 1052//1109 1054//1111
f 1057//1113 1054//1111 1052//1109
f 1055//1112 1054//1111 1056//1114
f 1058//1116 1056//1114 1054//1111
f 1057//1113 1059//1118 1062//1117
f 1048//1106 1061//1105 1059//1118
f 1064//1119 1062//1117 1059//1118
f 1060//1120 1059//1118 1061//1105
f 1058//1116 1062//1117 1063//1122
f 1065//1124 1063//1122 1062//1117
f 1064//1119 1066//1126 1069//1125
f 1060//1120 1068//1128 1066//1126
f 1067//1127 1066//1126 1068//1128
f 1071//1130 1069//1125 1066//1126
f 1065//1124 1069//1125 1070//1131
f 1072//1133 1070//1131 1069//1125
f 1071//1130 1073//1135 1075//1134
f 1074//1136 1073//1135 1076//1137
f 3386//1139 1075//1134 1073//1135
f 1078//1138 1076//1137 1077//1140
f 3430//1129 1077//1140 1076//1137
f 1080//1141 1082//1145 1079//1142
f 1078//1138 1079//1142 3389//1143
f 1077//1140 3428//3436 1081//1144
f 1081//1144 1083//1147 1082//1145
f 1084//1146 1082//1145 1083//1147
f 1086//1149 1079//1142 1082//1145
f 1085//1148 1090//1153 1087//1150
f 1087//1150 1088//1152 1086//1149
f 1089//1151 1142//1209 1088//1152
f 1090//1153 1091//1154 1089//1151
f 1091//1154 1090//1153 1092//1155
f 1093//1157 1092//1155 1090//1153
f 1096//1158 1095//1159 1092//1155
f 1094//1156 1092//1155 1095//1159
f 1101//771 1098//1161 1095//1159
f 1097//1160 1095//1159 1098//1161
f 1098//1161 1100//1164 1102//1163
f 1101//771 718//765 1100//1164
f 1096//1158 3423//776 723//770
f 1103//747 1102//1163 1100//1164
f 1099//1162 1102//1163 1104//1165
f 703//743 1104//1165 1102//1163
f 1106//1166 1104//1165 1105//1167
f 700//742 1105//1167 1104//1165
f 1099//1162 1106//1166 1107//1169
f 1110//1170 1107//1169 1106//1166
f 1108//1168 1105//1167 3417//1171
f 1109//1172 1112//1176 1110//1170
f 1110//1170 1112//1176 1113//1173
f 1111//1174 1147//1212 1107//1169
f 1117//1175 1113//1173 1112//1176
f 1109//1172 1115//1178 1114//1177
f 1115//1178 3418//3432 1116//1179
f 1114//1177 1116//1179 1119//1180
f 1117//1175 1119//1180 1120//1181
f 1118//1182 1135//1199 1113//1173
f 1121//1183 1123//1186 1120//1181
f 1121//1183 1119//1180 1116//1179
f 1121//1183 1122//1184 1125//1185
f 1123//1186 1125//1185 1127//1187
f 1124//1188 1132//1193 1120//1181
f 1126//1189 1125//1185 1122//1184
f 1128//1191 1127//1187 1125//1185
f 1124//1188 1127//1187 1129//1192
f 1131//1194 1129//1192 1127//1187
f 1129//1192 1130//1197 1133//1195
f 3396//1196 1130//1197 1129//1192
f 1118//1182 1120//1181 1132//1193
f 1130//1197 1137//1202 1134//1198
f 1133//1195 1134//1198 1135//1199
f 1146//1200 1135//1199 1134//1198
f 1136//1201 1134//1198 1137//1202
f 1140//1204 1139//1203 1137//1202
f 3396//1196 1138//1205 1137//1202
f 1143//1206 1141//1207 1139//1203
f 1136//1201 1139//1203 1141//1207
f 1144//1208 1141//1207 1142//1209
f 1148//1210 1142//1209 1141//1207
f 1145//1211 1144//1208 1089//1151
f 1145//1211 1146//1200 1136//1201
f 1146//1200 1145//1211 1147//1212
f 1094//1156 1147//1212 1145//1211
f 1097//1160 1107//1169 1147//1212
f 1111//1174 1113//1173 1135//1199
f 1140//1204 1150//1215 1149//1213
f 1143//1206 1149//1213 1151//1214
f 681//722 680//721 1149//1213
f 1151//1214 1149//1213 680//721
f 1148//1210 1151//1214 1152//1217
f 1153//1216 1154//1220 1152//1217
f 1155//1219 1156//1221 1154//1220
f 1153//1216 680//721 679//719
f 1155//1219 679//719 672//713
f 669//708 667//707 1156//1221
f 1158//1222 1154//1220 1156//1221
f 1157//1223 1156//1221 667//707
f 1157//1223 1160//1225 1161//1224
f 1159//705 1162//1228 1160//1225
f 1165//1226 1161//1224 1160//1225
f 1163//1227 1160//1225 1162//1228
f 1164//1229 1167//1233 1166//1230
f 1163//1227 1166//1230 1168//1231
f 1169//1232 1166//1230 1167//1233
f 1170//1234 1168//1231 1166//1230
f 1169//1232 1171//1236 1172//1235
f 645//684 642//683 1171//1236
f 1173//1237 1171//1236 642//683
f 1174//1238 1172//1235 1171//1236
f 1173//1237 1175//1240 1176//1239
f 639//679 1178//681 1175//1240
f 3378//1241 1176//1239 1175//1240
f 1177//1242 1175//1240 1178//681
f 1179//1243 1178//681 640//678
f 1180//1244 1184//1248 1181//1245
f 1179//1243 1181//1245 1182//1246
f 1183//1247 3380//3403 1182//1246
f 1183//1247 1181//1245 1184//1248
f 1185//1249 1184//1248 1186//1250
f 1189//1252 1186//1250 1184//1248
f 1187//1251 1186//1250 1188//1253
f 1190//1255 1188//1253 1186//1250
f 1189//1252 637//676 635//675
f 1180//1244 640//678 637//676
f 1190//1255 635//675 1194//1256
f 1191//1257 1193//1260 1188//1253
f 1191//1257 1194//1256 1195//1258
f 1192//1259 1243//1309 1193//1260
f 1196//670 1195//1258 1194//1256
f 1196//670 1200//1265 1197//1261
f 1200//1265 1202//1267 1201//1262
f 1203//1266 1201//1262 1202//1267
f 1198//1263 1201//1262 1203//1266
f 1207//1270 1204//1271 1203//1266
f 1205//1269 1203//1266 1204//1271
f 1206//1268 610//643 607//642
f 1206//1268 1202//1267 3383//1273
f 1208//637 1209//1274 1204//1271
f 1207//1270 607//642 600//636
f 601//634 1210//1275 1209//1274
f 1210//1275 1214//1278 1212//1276
f 1212//1276 1213//1279 1231//1277
f 1214//1278 1216//1282 1213//1279
f 1214//1278 1210//1275 1380//1280
f 1215//1281 1217//1285 1216//1282
f 1220//1283 1213//1279 1216//1282
f 1218//1284 1216//1282 1217//1285
f 1219//1286 1222//1290 1221//1287
f 1218//1284 1221//1287 1224//1288
f 1225//1291 1224//1288 1221//1287
f 1220//1283 1224//1288 1227//1293
f 1229//1294 1227//1293 1228//1295
f 3338//1297 1228//1295 1227//1293
f 1230//1296 1232//1298 1231//1277
f 1229//1294 1231//1277 1213//1279
f 1211//1272 1231//1277 1232//1298
f 1235//1299 1233//1300 1232//1298
f 1205//1269 1232//1298 1233//1300
f 1198//1263 1233//1300 1234//1301
f 1237//1302 1234//1301 1233//1300
f 1230//1296 1228//1295 1236//1303
f 1235//1299 1236//1303 1238//1304
f 1237//1302 1238//1304 1240//1306
f 1242//1308 1193//1260 1243//1309
f 1199//1264 1234//1301 1243//1309
f 1244//1254 1242//1308 1241//1307
f 1244//1254 1188//1253 1193//1260
f 1244//1254 1245//1310 1247//1311
f 1249//1313 1247//1311 1245//1310
f 1252//1314 1248//1315 1247//1311
f 1187//1251 1247//1311 1248//1315
f 1250//1316 3368//3396 1251//1317
f 1249//1313 1246//1312 3371//1318
f 1252//1314 1253//1319 1254//1320
f 1254//1320 1253//1319 1256//1322
f 1261//1325 1258//1326 1256//1322
f 1257//1323 1256//1322 1258//1326
f 1259//1115 1258//1326 1260//1327
f 1262//1328 1260//1327 1258//1326
f 1255//1324 1264//1336 1263//1329
f 1261//1325 1263//1329 1265//1330
f 1263//1329 1264//1336 1269//1331
f 1265//1330 1263//1329 1266//1332
f 1269//1331 1271//1337 1267//1334
f 1270//1335 1272//1338 1271//1337
f 1275//1341 1267//1334 1271//1337
f 1274//1340 1273//1339 3355//1342
f 2149//1348 1276//1344 1278//1345
f 1280//1346 1281//1349 1282//1350
f 1284//1352 1282//1350 1281//1349
f 1282//1350 1285//1354 1287//1353
f 1285//1354 1282//1350 1284//1352
f 1288//1356 1285//1354 1286//1355
f 1290//1358 1287//1353 1285//1354
f 1289//1357 1293//1363 1291//1359
f 1288//1356 1291//1359 1294//1360
f 1296//1361 1294//1360 1291//1359
f 1292//1362 1291//1359 1293//1363
f 1290//1358 1294//1360 1295//1365
f 1297//1367 1295//1365 1294//1360
f 1296//1361 1298//1369 1301//1368
f 1292//1362 1299//1370 1298//1369
f 1299//1370 3366//3394 1300//1371
f 1300//1371 1303//1373 1301//1368
f 1302//1372 1301//1368 1303//1373
f 2174//1375 1297//1367 1301//1368
f 1308//1376 1305//1377 1303//1373
f 1304//1374 1303//1373 1305//1377
f 1306//1378 1305//1377 1307//1379
f 1310//1381 1307//1379 1305//1377
f 1300//1371 3366//3394 1309//1382
f 1308//1376 1309//1382 1312//1383
f 1311//1384 2180//2282 1307//1379
f 1310//1381 1312//1383 1313//1385
f 1317//1386 1313//1385 1312//1383
f 1314//1387 1312//1383 1309//1382
f 1315//1388 3365//3393 1316//1389
f 1314//1387 1316//1389 1319//1390
f 1318//1391 2195//2297 1313//1385
f 1317//1386 1319//1390 1320//1392
f 1321//1393 1319//1390 1316//1389
f 1324//1395 1320//1392 1319//1390
f 1322//1394 3330//1408 1323//1396
f 1321//1393 1323//1396 1326//1397
f 1325//1398 2197//2298 1320//1392
f 1324//1395 1326//1397 1327//1399
f 1329//1400 1327//1399 1326//1397
f 1328//1401 1330//1404 1665//1402
f 1331//1403 1691//1782 1330//1404
f 1332//1405 1334//1407 1331//1403
f 1333//1406 1335//1410 1334//1407
f 1332//1405 1323//1396 3330//1408
f 1336//1409 1334//1407 1335//1410
f 1337//1412 1331//1403 1334//1407
f 1336//1409 1339//1414 1341//1413
f 1340//1415 1339//1414 1222//1290
f 1343//1416 1341//1413 1339//1414
f 1337//1412 1341//1413 1342//1417
f 1341//1413 1343//1416 1345//1419
f 1340//1415 1381//1459 1344//1420
f 1344//1420 1347//1422 1345//1419
f 1346//1421 1345//1419 1347//1422
f 1687//1424 1342//1417 1345//1419
f 1348//1425 1347//1422 1344//1420
f 1349//1423 1347//1422 1348//1425
f 1349//1423 1351//1429 1352//1428
f 1350//1427 1353//1432 1351//1429
f 1355//1430 1352//1428 1351//1429
f 1354//1431 1351//1429 1353//1432
f 1354//1431 1357//1437 1358//1434
f 1360//1435 1357//1437 1354//1431
f 1684//1436 1358//1434 1357//1437
f 1361//1439 1359//1438 1357//1437
f 1356//1433 1365//1445 1362//1440
f 1360//1435 1362//1440 1364//1441
f 1364//1441 1362//1440 1363//1443
f 1367//1446 1398//1474 1363//1443
f 1366//1442 1368//1448 1370//1447
f 1365//1445 1371//1450 1368//1448
f 1369//1449 1368//1448 1371//1450
f 1383//1452 1370//1447 1368//1448
f 1372//1451 1371//1450 1353//1432
f 1353//1432 1371//1450 1365//1445
f 1350//1427 1348//1425 1373//1453
f 1372//1451 1373//1453 1374//1454
f 1374//1454 1373//1453 1375//1455
f 1376//1426 1375//1455 1373//1453
f 1379//1456 1377//1457 1375//1455
f 1378//630 1375//1455 1377//1457
f 1378//630 595//629 1382//1458
f 1215//1281 1380//1280 1377//1457
f 596//628 1377//1457 1380//1280
f 598//631 1380//1280 1210//1275
f 1376//1426 1344//1420 1381//1459
f 1379//1456 1381//1459 1217//1285
f 1219//1286 1217//1285 1381//1459
f 1369//1449 1374//1454 1382//1458
f 1383//1452 1382//1458 1384//1460
f 592//625 1384//1460 1382//1458
f 590//619 1386//1462 1384//1460
f 1385//1461 1384//1460 1386//1462
f 1388//1463 1386//1462 1387//1464
f 586//617 1387//1464 1386//1462
f 1389//1465 1392//1470 1390//1466
f 1388//1463 1390//1466 1391//1467
f 1397//1468 1391//1467 1390//1466
f 1393//1469 1390//1466 1392//1470
f 1394//1471 3209//3245 1395//1472
f 1367//1446 1370//1447 1391//1467
f 1400//1444 1363//1443 1398//1474
f 1399//1475 1398//1474 1396//1473
f 1399//1475 1402//1478 1405//1477
f 1401//1476 1403//1480 1402//1478
f 1404//1479 1402//1478 1403//1480
f 1406//1482 1405//1477 1402//1478
f 1400//1444 1405//1477 1407//1483
f 1409//1484 1407//1483 1405//1477
f 1364//1441 1407//1483 1408//1485
f 1410//1486 1408//1485 1407//1483
f 1409//1484 1411//1488 1412//1487
f 1406//1482 1413//1491 1411//1488
f 1415//1490 1411//1488 1413//1491
f 1415//1490 1416//1728 1634//1493
f 1419//1494 1416//1728 1415//1490
f 1417//1492 1413//1491 3201//1495
f 1417//1492 1418//1496 1421//1497
f 1419//1494 1421//1497 1423//1498
f 1432//1500 1416//1728 1419//1494
f 1424//1502 1423//1498 1421//1497
f 1424//1502 1426//1506 1425//1503
f 1423//1498 1425//1503 1428//1504
f 1427//1505 1425//1503 1426//1506
f 1429//1508 1428//1504 1425//1503
f 1433//1509 1430//1510 1428//1504
f 1420//1499 1428//1504 1430//1510
f 1432//1500 1430//1510 1431//1511
f 1434//1513 1431//1511 1430//1510
f 1429//1508 1438//1518 1435//1514
f 1433//1509 1435//1514 1436//1515
f 1616//1516 1436//1515 1435//1514
f 1437//1517 1435//1514 1438//1518
f 1427//1505 1439//1520 1438//1518
f 1440//1519 1438//1518 1439//1520
f 1442//1522 1440//1519 1441//1521
f 1440//1519 1442//1522 1445//1524
f 1444//1525 1442//1522 1443//1523
f 1447//1527 1445//1524 1442//1522
f 1437//1517 1445//1524 1446//1528
f 1445//1524 1447//1527 1448//1529
f 1447//1527 1449//1531 1452//1530
f 1444//1525 1451//1533 1449//1531
f 1450//1532 1449//1531 1451//1533
f 1454//1535 1452//1530 1449//1531
f 1448//1529 1452//1530 1453//1536
f 1455//1538 1453//1536 1452//1530
f 1454//1535 1456//1540 1457//1539
f 1450//1532 1459//1543 1456//1540
f 3075//1541 1457//1539 1456//1540
f 1458//1542 1456//1540 1459//1543
f 1462//1534 1461//1545 1459//1543
f 1460//1544 1459//1543 1461//1545
f 1472//1547 1463//1548 1461//1545
f 1465//1549 3080//3136 1460//1544
f 1464//1546 1466//1551 1468//1550
f 1484//1554 1468//1550 1466//1551
f 1474//1555 1470//1557 1469//1552
f 1467//1553 1469//1552 1470//1557
f 1471//1556 1469//1552 1463//1548
f 1472//1547 3323//3214 1473//1559
f 1471//1556 1473//1559 1476//1560
f 1477//1561 1478//1563 1470//1557
f 1477//1561 1475//1562 3188//396
f 375//392 371//390 1478//1563
f 1479//1564 1478//1563 371//390
f 1480//1558 1470//1557 1478//1563
f 369//388 367//387 1481//1565
f 1481//1565 1483//1568 1480//1558
f 1481//1565 367//387 3145//1566
f 1482//1567 1485//1569 1483//1568
f 1467//1553 1480//1558 1483//1568
f 1484//1554 1483//1568 1485//1569
f 3144//1572 1486//1571 1485//1569
f 1490//1575 1489//1574 1491//1576
f 1493//1577 1491//1576 1492//1578
f 3149//1580 1492//1578 1491//1576
f 1494//1579 1498//1587 1495//1581
f 1493//1577 1495//1581 1497//1582
f 1497//1582 1495//1581 1496//1583
f 1495//1581 1498//1587 1499//1585
f 1501//1586 1500//1588 1498//1587
f 1499//1585 1498//1587 1500//1588
f 3160//1590 1502//1591 1500//1588
f 1503//1589 1500//1588 1502//1591
f 1506//1593 1504//1594 1503//1589
f 1499//1585 1503//1589 1504//1594
f 1505//1592 1507//1597 1509//1596
f 1502//1591 1510//1599 1507//1597
f 1508//1598 1507//1597 1510//1599
f 1558//1601 1509//1596 1507//1597
f 1514//1602 1512//1600 1510//1599
f 1511//1603 1510//1599 1502//1591
f 1516//1604 1513//1608 1512//1600
f 1512//1600 1513//1608 1556//1605
f 1511//1603 3158//3204 1515//1606
f 1514//1602 1515//1606 1518//1607
f 1513//1608 1516//1604 1517//1609
f 1516//1604 1518//1607 1519//1611
f 1520//1612 1522//1616 1519//1611
f 1520//1612 1518//1607 1515//1606
f 1523//1614 1520//1612 1521//1613
f 1522//1616 1520//1612 1523//1614
f 1526//1618 1523//1614 1524//1615
f 1526//1618 1529//1621 1525//1617
f 1527//1619 3121//3168 1528//1620
f 1529//1621 1526//1618 1528//1620
f 1530//1622 1532//1626 1531//1623
f 1529//1621 1531//1623 1533//1624
f 1534//1625 1531//1623 1532//1626
f 1536//1627 1533//1624 1531//1623
f 1534//1625 1535//1629 1538//1628
f 186//200 184//197 1535//1629
f 1537//1630 1549//1641 1533//1624
f 1540//1631 1537//1630 1536//1627
f 3108//1632 1539//1633 1538//1628
f 1540//1631 1538//1628 1539//1633
f 1541//1634 1543//1636 1542//1635
f 1542//1635 1545//1638 1537//1630
f 1543//1636 3106//3157 1544//1637
f 1545//1638 1542//1635 1544//1637
f 1546//1639 1548//1642 1547//1640
f 1545//1638 1547//1640 1549//1641
f 1519//1611 1547//1640 1548//1642
f 1522//1616 1549//1641 1547//1640
f 1525//1617 1533//1624 1549//1641
f 1552//1643 1550//1644 1548//1642
f 1517//1609 1548//1642 1550//1644
f 1553//1610 1550//1644 1551//1645
f 3092//1647 1551//1645 1550//1644
f 1554//1646 1556//1605 1513//1608
f 1554//1646 1551//1645 3090//1648
f 1555//1649 1557//1650 1556//1605
f 1508//1598 1556//1605 1557//1650
f 1558//1601 1557//1650 1559//1651
f 1560//1653 1559//1651 1557//1650
f 1564//1654 1562//1655 1559//1651
f 1561//1652 1559//1651 1562//1655
f 1565//1656 1562//1655 1563//1657
f 3084//1659 1563//1657 1562//1655
f 1566//1658 1569//1664 1567//1660
f 1565//1656 1567//1660 1568//1661
f 1572//1662 1568//1661 1567//1660
f 1570//1663 1567//1660 1569//1664
f 1571//1665 1574//1669 1573//1666
f 1570//1663 1573//1666 1575//1667
f 1578//1670 1575//1667 1573//1666
f 1577//1671 1582//1676 1579//1672
f 1576//1668 1579//1672 1581//1673
f 3083//1674 1581//1673 1579//1672
f 1580//1675 1579//1672 1582//1676
f 1577//1671 2901//2994 1583//1678
f 1582//1676 1583//1678 1585//1679
f 1585//1679 2875//2972 1586//1680
f 1580//1675 1587//1681 1588//1683
f 1591//1684 1588//1683 1587//1681
f 1590//1685 1593//1689 1592//1686
f 1589//1682 1592//1686 1596//1687
f 1595//1688 1592//1686 1593//1689
f 1591//1684 1596//1687 1457//1539
f 1455//1538 1457//1539 1596//1687
f 1597//1690 1601//1695 1598//1692
f 1595//1688 1598//1692 1600//1693
f 1599//1694 1598//1692 1601//1695
f 1612//1697 1600//1693 1598//1692
f 2872//1698 1602//1699 1601//1695
f 1603//1696 1601//1695 1602//1699
f 1604//1700 1606//1704 1605//1701
f 1603//1696 1605//1701 1608//1702
f 1607//1703 1605//1701 1606//1704
f 1609//1706 1608//1702 1605//1701
f 1599//1694 1608//1702 1610//1707
f 1611//1708 1610//1707 1608//1702
f 1615//1709 1613//1710 1610//1707
f 1612//1697 1610//1707 1613//1710
f 1614//1537 1613//1710 1446//1528
f 1616//1516 1446//1528 1613//1710
f 1611//1708 1619//1713 1617//1711
f 1615//1709 1617//1711 1436//1515
f 1434//1513 1436//1515 1617//1711
f 1618//1712 1617//1711 1619//1713
f 1609//1706 1621//1715 1619//1713
f 1620//1714 1619//1713 1621//1715
f 1607//1703 1622//1717 1621//1715
f 1623//1716 1621//1715 1622//1717
f 1624//1718 1627//1722 1625//1719
f 1623//1716 1625//1719 1628//1720
f 1626//1721 1625//1719 1627//1722
f 1629//1724 1628//1720 1625//1719
f 1631//1725 1630//1726 1628//1720
f 1620//1714 1628//1720 1630//1726
f 1618//1712 1630//1726 1431//1511
f 1633//1512 1431//1511 1630//1726
f 1631//1725 1632//1727 1634//1493
f 1629//1724 1636//1730 1632//1727
f 1633//1512 1634//1493 1416//1728
f 1414//1489 1634//1493 1632//1727
f 1635//1729 1632//1727 1636//1730
f 1637//1731 1636//1730 1638//1732
f 1626//1721 1638//1732 1636//1730
f 1641//1723 1640//1734 1638//1732
f 1639//1733 1638//1732 1640//1734
f 1645//1736 1643//1737 1640//1734
f 1643//1737 1645//1736 1647//1738
f 1645//1736 1646//1741 1648//1740
f 1641//1723 1627//1722 1646//1741
f 1647//1738 1649//1742 1654//1743
f 1651//1747 1655//1746 1657//1749
f 1659//1751 1657//1749 1655//1746
f 1656//1752 1655//1746 1654//1743
f 1660//1750 1657//1749 1658//1754
f 1692//1756 1658//1754 1657//1749
f 1660//1750 1661//1758 1671//1757
f 1664//1760 1663//1759 1665//1402
f 1664//1760 1685//1779 1667//1763
f 1669//1765 1668//1764 1673//1766
f 1669//1765 1670//1767 1672//1768
f 1671//1757 1672//1768 1653//1748
f 1674//1769 1653//1748 1672//1768
f 1670//1767 1673//1766 1675//1770
f 1677//1771 1676//1772 1674//1769
f 1642//1735 1676//1772 1677//1771
f 1679//1773 1675//1770 1673//1766
f 1681//1775 1682//1777 1678//1774
f 1410//1486 1412//1487 1682//1777
f 1681//1775 1683//1778 1408//1485
f 1408//1485 1683//1778 1359//1438
f 1680//1776 1673//1766 1668//1764
f 1355//1430 1358//1434 1667//1763
f 1346//1421 1352//1428 1686//1780
f 1688//1761 1665//1402 1330//1404
f 1689//1781 1330//1404 1691//1782
f 1690//1418 1342//1417 1687//1424
f 1337//1412 1690//1418 1691//1782
f 1659//1751 1693//1784 1694//1783
f 1656//1752 1696//1753 1693//1784
f 2193//1785 1694//1783 1693//1784
f 1695//1786 1693//1784 1696//1753
f 1699//1788 1700//1793 1698//1789
f 1697//1787 1698//1789 2191//1790
f 1701//1791 1699//1788 1697//1787
f 1702//1792 1705//1796 1700//1793
f 1699//1788 1701//1791 1704//1794
f 1703//1795 1706//2943 1705//1796
f 1704//1794 3029//2956 1703//1795
f 1705//1796 1706//2943 1708//1797
f 1709//1799 1700//1793 1705//1796
f 1707//1798 1708//1797 1711//1800
f 1710//1801 1713//1804 1709//1799
f 1710//1801 1711//1800 2848//1802
f 1712//1803 1716//1807 1713//1804
f 2857//1811 1718//1810 1716//1807
f 1719//1809 1720//1812 1849//1814
f 1721//1813 1719//1809 1718//1810
f 1721//1813 1723//1815 1725//1817
f 1724//1818 1723//1815 1718//1810
f 1727//1819 1725//1817 1723//1815
f 1722//1816 1725//1817 1726//1820
f 1729//1822 1726//1820 1725//1817
f 1727//1819 1728//1823 1731//1824
f 1730//1825 1846//1946 1726//1820
f 1731//1824 1728//1823 1734//1828
f 1733//1827 1734//1828 2533//1829
f 1735//1830 1738//1833 1736//1831
f 1737//1832 1736//1831 1738//1833
f 1843//1835 1732//1826 1736//1831
f 3034//1836 1739//1837 1738//1833
f 1740//1834 1738//1833 1739//1837
f 1742//1838 1743//1842 1741//1839
f 1740//1834 1741//1839 1842//1840
f 1744//1841 1747//1847 1743//1842
f 1742//1838 1739//1837 1746//1843
f 1744//1841 1746//1843 3039//1846
f 1751//1851 1782//1881 1747//1847
f 1753//1852 1752//1849 1749//1848
f 1756//1854 1750//1850 1752//1849
f 1754//1853 1801//1899 1755//1855
f 1753//1852 1755//1855 1757//1856
f 1756//1854 1757//1856 1761//1857
f 1758//1858 1759//1860 1750//1850
f 1760//1859 1777//1878 1759//1860
f 1758//1858 1761//1857 1763//1861
f 1762//1862 1761//1857 1757//1856
f 1764//1864 1763//1861 1761//1857
f 1764//1864 1762//1862 1767//1867
f 1766//1865 1767//1867 1769//1868
f 1768//1869 1770//1871 1765//1866
f 1768//1869 1769//1868 1771//1870
f 1772//1872 1770//1871 1771//1870
f 1765//1866 1770//1871 1772//1872
f 1778//1877 1776//1876 1780//1879
f 1778//1877 1779//1880 1759//1860
f 1779//1880 1780//1879 1782//1881
f 1751//1851 1750//1850 1759//1860
f 3074//1883 1781//1882 1780//1879
f 1743//1842 1747//1847 1782//1881
f 1784//1886 1741//1839 1743//1842
f 3074//1883 1786//1887 1785//1885
f 1784//1886 1785//1885 1787//1889
f 1789//1891 1791//1892 1787//1889
f 1788//1888 1769//1868 1767//1867
f 1789//1891 1767//1867 1762//1862
f 1790//1863 1793//1894 1791//1892
f 1844//1890 1787//1889 1791//1892
f 1792//1893 1791//1892 1793//1894
f 1757//1856 1755//1855 1797//1898
f 1797//1898 1755//1855 1801//1899
f 1804//1901 1796//1897 1797//1898
f 1801//1899 1995//2099 1802//1902
f 1804//1901 1803//1905 1807//1906
f 1805//1907 1807//1906 1809//1908
f 1805//1907 1806//1909 1845//1910
f 1808//1911 1807//1906 1803//1905
f 1811//1913 1809//1908 1807//1906
f 1806//1909 1809//1908 1810//1914
f 1813//1916 1810//1914 1809//1908
f 1808//1911 1883//1981 1812//1917
f 1811//1913 1812//1917 1814//1918
f 1813//1916 1814//1918 1817//1919
f 1815//1920 1816//1922 1810//1914
f 1818//1921 1819//1925 1816//1922
f 1815//1920 1817//1919 1820//1923
f 1818//1921 1820//1923 1821//1924
f 1825//1926 1821//1924 1820//1923
f 1822//1927 1820//1923 1817//1919
f 1823//1928 1876//1972 1824//1929
f 1822//1927 1824//1929 1826//1930
f 1825//1926 1826//1930 1829//1931
f 1827//1932 1830//1934 1821//1924
f 1828//1933 1832//1936 1830//1934
f 1827//1932 1829//1931 1853//1935
f 1833//1938 1819//1925 1821//1924
f 1831//1937 1846//1946 1834//1939
f 1834//1939 1837//1941 1835//1940
f 1836//1915 1835//1940 1837//1941
f 1838//1942 1837//1941 1839//1943
f 1840//1944 1839//1943 1837//1941
f 1843//1835 1841//1945 1839//1943
f 1792//1893 1841//1945 1842//1840
f 1737//1832 1842//1840 1841//1945
f 1840//1944 1730//1825 1732//1826
f 1844//1890 1842//1840 1741//1839
f 3073//1821 1726//1820 1846//1946
f 1831//1937 1832//1936 1847//1948
f 1848//1947 1849//1814 1720//1812
f 1852//1952 1850//1949 1853//1935
f 1855//1954 1854//1950 1851//1951
f 1858//1955 1859//1959 1857//1956
f 1860//1958 1862//1963 1859//1959
f 1858//1955 1851//1951 1863//1960
f 1860//1958 1863//1960 1865//1961
f 1861//1962 2177//2280 1862//1963
f 1866//1964 1865//1961 1863//1960
f 1864//1953 1863//1960 1851//1951
f 1866//1964 1829//1931 1826//1930
f 1871//1968 1826//1930 1824//1929
f 1872//1970 1873//1973 1874//1971
f 1872//1970 1824//1929 1876//1972
f 2164//1974 1874//1971 1873//1973
f 1873//1973 1876//1972 1877//1976
f 1879//1977 1877//1976 1876//1972
f 1875//1975 1877//1976 1878//1978
f 1880//1980 1878//1978 1877//1976
f 1879//1977 1814//1918 1812//1917
f 1823//1928 1817//1919 1814//1918
f 1880//1980 1812//1917 1883//1981
f 1881//1982 1884//1984 1878//1978
f 1882//1983 1886//1989 1884//1984
f 1881//1982 1883//1981 1982//1985
f 1884//1984 1886//1989 1887//1986
f 2166//1979 1878//1978 1884//1984
f 1891//1988 1887//1986 1886//1989
f 1888//1990 1886//1989 1882//1983
f 1896//1995 1895//1997 1893//1993
f 2343//2001 1897//1999 1898//1998
f 1900//2000 1902//2009 1903//2003
f 1905//2005 1902//2009 1900//2000
f 1903//2003 1902//2009 1904//2006
f 1907//2008 1904//2006 1902//2009
f 1896//1995 1889//1992 1906//2010
f 1905//2005 1906//2010 1909//2011
f 1907//2008 1908//2014 3070//2012
f 1907//2008 1909//2011 1911//2013
f 1910//2015 1909//2011 1906//2010
f 1914//2017 1911//2013 1909//2011
f 1916//2020 1912//2019 1911//2013
f 1914//2017 1915//2022 1917//2021
f 1916//2020 1917//2021 1919//2023
f 1918//2024 1921//2027 1912//2019
f 1920//2025 1918//2024 1919//2023
f 1920//2025 1922//2029 1921//2027
f 1923//2028 1921//2027 1922//2029
f 1912//2019 1921//2027 1923//2028
f 1913//2018 1923//2028 1924//2031
f 1928//2033 1924//2031 1923//2028
f 1922//2029 1944//2052 1927//2034
f 1929//2036 1928//2033 1926//2035
f 1929//2036 1930//2038 1924//2031
f 1931//2037 1932//2040 1930//2038
f 1933//2039 1934//2043 1932//2040
f 1931//2037 1926//2035 1936//2041
f 1933//2039 1935//2044 1951//2042
f 1936//2041 1938//2046 1935//2044
f 1937//2045 1939//2049 1938//2046
f 1937//2045 1936//2041 1926//2035
f 1950//2047 1935//2044 1938//2046
f 1941//2050 1943//2026 1919//2023
f 1942//2051 1946//2054 1940//2048
f 1920//2025 1943//2026 1944//2052
f 1942//2051 1919//2023 1917//2021
f 1945//2053 1947//2056 1946//2054
f 1948//2055 1946//2054 1947//2056
f 1950//2047 1940//2048 1946//2054
f 1949//2057 1952//2059 1951//2042
f 1950//2047 1948//2055 1951//2042
f 1954//2058 1934//2043 1951//2042
f 1973//2060 1953//2066 1952//2059
f 1952//2059 1953//2066 1956//2061
f 1955//2062 1932//2040 1934//2043
f 1954//2058 1956//2061 1957//2063
f 1959//2064 1957//2063 1956//2061
f 1953//2066 1960//2069 1958//2065
f 1961//2067 1963//2072 1959//2064
f 1964//2068 1961//2067 1958//2065
f 1961//2067 1964//2068 1965//2070
f 1962//2071 2345//2442 1963//2072
f 1967//2074 1969//2078 1979//2077
f 1968//2075 1973//2060 1972//2079
f 1971//2080 1976//2084 1969//2078
f 1949//2057 1947//2056 1972//2079
f 1974//2081 1972//2079 1947//2056
f 1974//2081 1915//2022 1975//2082
f 1945//2053 1917//2021 1915//2022
f 1971//2080 1975//2082 1978//2083
f 1976//2084 1978//2083 1980//2085
f 1966//2073 1979//2077 1799//1903
f 1800//1904 1799//1903 1979//2077
f 1890//1991 1980//2085 1978//2083
f 1981//2016 1906//2010 1889//1992
f 1882//1983 1982//1985 1980//2085
f 1983//1912 1982//1985 1883//1981
f 1983//1912 1803//1905 1800//1904
f 1988//2091 1989//2093 1987//2090
f 1991//2092 1990//2094 1988//2091
f 1989//2093 1988//2091 1990//2094
f 1992//2095 1990//2094 1993//2097
f 1991//2092 1802//1902 1995//2099
f 1995//2099 1801//1899 1754//1853
f 1754//1853 1749//1848 1993//2097
f 1996//2098 1993//2097 1749//1848
f 1999//2100 1997//2101 1996//2098
f 1998//2102 1997//2101 2000//2103
f 2001//2105 1999//2100 3040//2106
f 2001//2105 2002//2107 2004//2108
f 2003//2109 2005//2112 2000//2103
f 2003//2109 2004//2108 2008//2110
f 2007//2113 2011//2118 2009//2114
f 2006//2111 2008//2110 2516//2115
f 2040//2116 2005//2112 2009//2114
f 2010//2117 2009//2114 2011//2118
f 2014//2119 2011//2118 2012//2121
f 2014//2119 2015//2123 2036//2124
f 2017//2125 2021//2129 2019//2126
f 2036//2124 2015//2123 2019//2126
f 2020//2128 2019//2126 2021//2129
f 2511//2131 2022//2132 2021//2129
f 2023//2130 2021//2129 2022//2132
f 2024//2133 2027//2138 2025//2134
f 2023//2130 2025//2134 2026//2135
f 2031//2136 2026//2135 2025//2134
f 2028//2137 2025//2134 2027//2138
f 2029//1017 963//1016 971//1024
f 2031//2136 2030//2139 2034//2141
f 2037//2143 2035//2142 2032//2140
f 2032//2140 2034//2141 2354//2145
f 2010//2117 2037//2143 2038//2146
f 2040//2116 2038//2146 2039//2147
f 2039//2147 2044//2151 2043//2148
f 2047//2152 2042//2149 2043//2148
f 2049//1036 981//1035 2046//2154
f 2049//1036 2044//2151 2354//2145
f 2048//2153 2052//2158 2053//2157
f 2053//2157 2052//2158 2054//2159
f 2054//2159 2052//2158 2046//2154
f 2054//2159 2056//2161 2058//2162
f 2061//2164 2058//2162 2056//2161
f 2059//2166 2071//2179 2055//2160
f 2057//2163 2063//2170 2062//2167
f 2061//2164 2062//2167 2065//2168
f 2064//2169 2062//2167 2063//2170
f 2066//2172 2065//2168 2062//2167
f 2065//2168 2066//2172 2068//2173
f 2060//2165 2065//2168 2067//2174
f 2124//2176 2069//2177 2067//2174
f 2070//2175 2067//2174 2069//2177
f 2070//2175 2071//2179 2059//2166
f 2072//2178 2075//2182 2071//2179
f 2074//2181 2076//2183 2075//2182
f 2055//2160 2071//2179 2075//2182
f 2053//2157 2075//2182 2076//2183
f 2079//2186 2078//2185 2077//2184
f 2078//2185 2080//2190 2350//2188
f 2347//2191 2080//2190 2081//2189
f 2081//2189 2083//2194 2085//2193
f 2079//2186 2086//2196 2083//2194
f 2084//2195 2086//2196 2087//2197
f 2089//2187 2087//2197 2086//2196
f 2090//2198 2087//2197 2088//2199
f 2118//2201 2088//2199 2087//2197
f 2090//2198 2092//2203 2158//2204
f 2088//2199 2114//2226 2094//2205
f 2094//2205 2098//2209 2095//2206
f 2149//1348 2096//2207 2095//2206
f 2097//2208 2095//2206 2098//2209
f 2099//2210 2098//2209 2100//2211
f 2101//2213 2100//2211 2098//2209
f 2104//2214 2103//2215 2100//2211
f 2102//2212 2100//2211 2103//2215
f 2107//2217 2106//2218 2103//2215
f 2105//2216 2103//2215 2106//2218
f 1044//1101 1046//1102 2106//2218
f 2108//2219 2109//2244 1044//1101
f 2107//2217 2104//2214 2111//2220
f 2135//2221 2109//2244 2108//2219
f 2108//2219 2111//2220 2112//2223
f 2115//2224 2112//2223 2111//2220
f 2113//2225 2111//2220 2104//2214
f 2101//2213 2094//2205 2114//2226
f 2113//2225 2114//2226 2117//2227
f 2115//2224 2116//2229 2121//2228
f 2117//2227 2119//2230 2116//2229
f 2118//2201 2117//2227 2114//2226
f 2118//2201 2120//2231 2119//2230
f 2073//2180 2119//2230 2120//2231
f 2122//2232 2116//2229 2119//2230
f 2123//2233 2121//2228 2116//2229
f 2122//2232 2124//2176 2125//2234
f 2073//2180 2069//2177 2124//2176
f 2068//2173 2126//2236 2125//2234
f 2129//2239 2131//2241 2130//2238
f 2132//2240 2130//2238 1029//1085
f 1026//1084 1029//1085 2130//2238
f 2110//2222 2133//2242 2134//2243
f 1038//1093 1040//1096 2109//2244
f 2112//2223 2121//2228 2133//2242
f 2128//2237 2133//2242 2121//2228
f 2137//2245 2136//3467 2131//2241
f 2131//2241 2136//3467 1024//1080
f 1024//1080 2136//3467 2138//2246
f 2138//2246 2136//3467 2137//2245
f 2140//1071 1013//1070 2138//2246
f 2139//2247 2141//2250 2143//2248
f 2139//2247 2137//2245 2142//2249
f 2141//2250 2142//2249 2126//2236
f 2068//2173 2066//2172 2143//2248
f 2064//2169 2144//1063 2143//2248
f 2140//1071 2143//2248 2144//1063
f 2064//2169 2351//2171 1008//1060
f 2129//2239 2126//2236 2142//2249
f 2105//2216 2145//2252 2146//2251
f 1051//1108 1053//1110 2145//2252
f 1055//1112 1260//1327 2145//2252
f 2146//2251 2145//2252 1260//1327
f 2102//2212 2146//2251 2147//2253
f 1265//1330 2147//2253 2146//2251
f 2099//2210 2147//2253 2148//2254
f 1268//1333 2148//2254 2147//2253
f 1275//1341 1276//1344 2148//2254
f 2153//2256 2091//2202 2096//2207
f 2153//2256 2150//2255 2151//2258
f 2154//2259 2092//2203 2091//2202
f 2154//2259 2151//2258 2156//2261
f 2215//2265 2157//2264 2160//2263
f 2161//2266 2163//2268 2166//1979
f 2162//2267 2165//2269 2163//2268
f 2164//1974 2163//2268 2165//2269
f 1875//1975 2166//1979 2163//2268
f 2162//2267 2170//2274 2168//2271
f 2167//2270 2165//2269 2168//2271
f 2169//2273 2168//2271 2170//2274
f 2174//1375 2171//2272 2168//2271
f 2174//1375 1302//1372 2173//2276
f 2174//1375 2169//2273 1295//1365
f 1870//1969 2172//2277 2173//2276
f 2175//2278 2173//2276 1302//1372
f 2175//2278 2176//2279 1867//1965
f 1306//1378 2176//2279 2175//2278
f 2178//1380 2177//2280 2176//2279
f 1867//1965 2176//2279 2177//2280
f 2179//2281 1862//1963 2177//2280
f 2178//1380 1307//1379 2180//2282
f 2179//2281 2180//2282 2183//2283
f 2181//2284 1859//1959 1862//1963
f 2182//2285 1857//1956 1859//1959
f 2185//2287 2184//2286 2183//2283
f 2182//2285 2184//2286 2187//2290
f 1714//1805 1715//1806 2190//2292
f 2189//2293 2191//1790 1698//1789
f 2186//2288 2192//2294 2191//1790
f 1695//1786 2191//1790 2192//2294
f 2193//1785 2192//2294 2194//2295
f 2185//2287 2194//2295 2192//2294
f 2196//2296 2194//2295 2195//2297
f 2198//2289 2195//2297 2194//2295
f 1318//1391 1320//1392 2197//2298
f 2196//2296 2197//2298 1694//1783
f 1692//1756 1694//1783 2197//2298
f 1311//1384 1313//1385 2195//2297
f 2198//2289 2183//2283 2180//2282
f 2188//2291 1856//1957 1857//1956
f 2167//2270 2172//2277 1874//1971
f 2170//2274 2200//2302 2201//2299
f 2203//2300 2200//2302 2170//2274
f 2205//2301 2201//2299 2200//2302
f 2204//2304 2202//2303 2200//2302
f 2204//2304 2156//2261 2151//2258
f 2152//2257 2206//2305 2202//2303
f 2205//2301 2202//2303 2206//2305
f 2207//2306 2208//2307 2201//2299
f 1283//1351 1287//1353 2208//2307
f 2209//1366 2208//2307 1287//1353
f 2199//2275 2201//2299 2208//2307
f 2209//1366 1295//1365 2169//2273
f 2210//2308 2211//2310 2085//2193
f 2212//2309 2210//2308 2157//2264
f 2212//2309 2214//2313 2211//2310
f 2212//2309 2215//2265 2216//2311
f 2213//2312 2335//2432 2214//2313
f 2217//2314 2216//2311 2215//2265
f 2213//2312 2216//2311 2218//2316
f 2219//2315 2220//2320 2330//2318
f 2221//2319 2264//2367 2220//2320
f 2223//2322 2222//2321 1887//1986
f 1887//1986 2222//2321 2217//2314
f 2223//2322 2225//2323 2226//2325
f 2229//2326 2226//2325 2225//2323
f 2227//2327 2225//2323 1892//1994
f 1894//1996 1897//1999 2228//2328
f 2227//2327 2228//2328 2231//2329
f 2230//2330 2266//2370 2226//2325
f 2229//2326 2231//2329 2232//2331
f 2236//2332 2232//2331 2231//2329
f 2233//2333 2231//2329 2228//2328
f 2235//2334 2337//2435 2234//2335
f 2233//2333 2234//2335 2238//2336
f 2236//2332 2238//2336 2240//2337
f 2237//2338 2271//2377 2232//2331
f 2239//2339 2238//2336 2234//2335
f 2242//2341 2240//2337 2238//2336
f 2237//2338 2240//2337 2241//2342
f 2243//2344 2241//2342 2240//2337
f 2242//2341 2244//2346 2247//2345
f 2239//2339 2246//2348 2244//2346
f 2245//2347 2244//2346 2246//2348
f 2247//2345 2244//2346 2245//2347
f 2243//2344 2247//2345 2248//2351
f 2248//2351 2247//2345 2249//2350
f 2261//2354 2250//2355 2249//2350
f 2251//2353 2252//2357 2288//2356
f 2255//2360 2256//2363 2254//2359
f 2253//2358 2250//2355 2258//2361
f 2257//2362 2302//2408 2256//2363
f 2255//2360 2258//2361 2259//2364
f 2262//2365 2259//2364 2258//2361
f 2260//2366 2258//2361 2250//2355
f 2261//2354 2330//2318 2220//2320
f 2260//2366 2220//2320 2264//2367
f 2263//2368 2307//2373 2259//2364
f 2262//2365 2264//2367 2265//2369
f 2224//2324 2265//2369 2264//2367
f 2263//2368 2265//2369 2266//2370
f 2226//2325 2266//2370 2265//2369
f 2267//2371 2266//2370 2230//2330
f 2267//2371 2268//2374 2307//2373
f 2269//2372 2270//2376 2268//2374
f 2269//2372 2271//2377 2272//2375
f 2230//2330 2232//2331 2271//2377
f 2274//2343 2272//2375 2271//2377
f 2270//2376 2272//2375 2273//2378
f 2275//2380 2273//2378 2272//2375
f 2274//2343 2241//2342 2276//2381
f 2277//2382 2279//2386 2273//2378
f 2275//2380 2276//2381 2280//2383
f 2277//2382 2280//2383 2282//2384
f 2278//2385 2312//2417 2279//2386
f 2281//2387 2280//2383 2276//2381
f 2284//2388 2282//2384 2280//2383
f 2285//2389 2283//2390 2282//2384
f 2278//2385 2282//2384 2283//2390
f 2286//2392 2289//2394 2285//2389
f 2284//2388 2281//2387 2288//2356
f 2287//2393 2291//2396 2289//2394
f 2286//2392 2288//2356 2252//2357
f 2290//2395 2289//2394 2291//2396
f 2328//2398 2285//2389 2289//2394
f 2292//2397 2291//2396 2293//2399
f 2294//2401 2293//2399 2291//2396
f 2299//2402 2296//2403 2293//2399
f 2295//2400 2293//2399 2296//2403
f 2297//2404 2296//2403 2298//2405
f 2300//2407 2298//2405 2296//2403
f 2299//2402 2256//2363 2302//2408
f 2294//2401 2254//2359 2256//2363
f 2300//2407 2302//2408 2303//2409
f 2301//2410 2315//2421 2298//2405
f 2305//2411 2303//2409 2302//2408
f 2305//2411 2306//2414 2304//2412
f 2303//2409 2304//2412 2313//2413
f 2257//2362 2259//2364 2307//2373
f 2305//2411 2307//2373 2268//2374
f 2309//2415 2304//2412 2306//2414
f 2268//2374 2270//2376 2308//2379
f 2309//2415 2279//2386 2312//2417
f 2311//2418 2314//2420 2313//2413
f 2310//2416 2312//2417 2326//2419
f 2301//2410 2313//2413 2314//2420
f 2317//2422 2316//2424 2314//2420
f 2319//2423 2315//2421 2314//2420
f 2321//2425 2318//2426 2316//2424
f 2319//2423 2316//2424 2318//2426
f 2320//2406 2298//2405 2315//2421
f 2318//2426 2295//2400 2297//2404
f 2295//2400 2318//2426 2321//2425
f 2317//2422 2324//2430 2322//2427
f 2290//2395 2322//2427 2323//2428
f 2325//2429 2323//2428 2322//2427
f 2325//2429 2324//2430 2326//2419
f 2311//2418 2326//2419 2324//2430
f 2327//2391 2326//2419 2312//2417
f 2327//2391 2283//2390 2323//2428
f 2328//2398 2323//2428 2283//2390
f 2287//2393 2252//2357 2254//2359
f 2248//2351 2288//2356 2281//2387
f 2329//2352 2276//2381 2241//2342
f 2245//2347 2331//2349 2330//2318
f 2330//2318 2331//2349 2332//2317
f 2331//2349 2246//2348 2333//2431
f 2332//2317 2333//2431 2335//2432
f 2336//2433 2335//2432 2333//2431
f 2334//2340 2333//2431 2246//2348
f 2338//2434 2214//2313 2335//2432
f 2334//2340 2234//2335 2337//2435
f 2336//2433 2337//2435 2339//2436
f 2339//2436 2341//2438 2340//2437
f 2341//2438 2342//2439 2082//2192
f 2342//2439 2341//2438 1899//2002
f 2235//2334 2228//2328 1897//1999
f 2343//2001 2339//2436 2337//2435
f 1901//2004 2345//2442 2344//2440
f 2342//2439 2344//2440 2347//2191
f 2346//2441 2344//2440 2345//2442
f 2347//2191 2344//2440 2346//2441
f 2348//2443 2350//2188 2080//2190
f 2346//2441 1986//2089 2349//2444
f 1962//2071 1965//2070 1986//2089
f 1903//2003 1963//2072 2345//2442
f 2352//2445 1006//1059 1008//1060
f 2351//2171 2063//2170 2353//2446
f 2352//2445 2353//2446 1004//1058
f 988//1041 2353//2446 2063//2170
f 990//1043 1004//1058 2353//2446
f 977//1031 2034//2141 2030//2139
f 2029//1017 2027//2138 2355//2447
f 2357//2448 2355//2447 2027//2138
f 964//1015 2355//2447 2356//2449
f 2359//2450 2356//2449 2355//2447
f 2024//2133 2022//2132 2358//2451
f 2357//2448 2358//2451 2361//2452
f 2360//2453 3055//3119 2356//2449
f 2359//2450 2361//2452 2363//2454
f 2365//2455 2363//2454 2361//2452
f 2362//2456 2361//2452 2358//2451
f 2360//2453 2363//2454 2364//2458
f 2367//2460 2364//2458 2363//2454
f 2507//2461 2366//2462 2365//2455
f 2367//2460 2365//2455 2366//2462
f 2368//2463 2371//2467 2369//2464
f 2369//2464 2372//2469 2364//2458
f 2373//2465 2372//2469 2369//2464
f 2370//2466 2369//2464 2371//2467
f 2372//2469 2373//2465 2377//2470
f 2375//2459 2364//2458 2372//2469
f 2374//2471 2376//2473 3054//2472
f 2377//2470 2378//2475 2376//2473
f 2377//2470 2379//2476 2380//2474
f 2373//2465 2381//2477 2379//2476
f 530//558 2379//2476 2381//2477
f 532//560 2380//2474 2379//2476
f 2382//557 2381//2477 2383//2478
f 2370//2466 2383//2478 2381//2477
f 2384//2479 2383//2478 2385//2480
f 2388//2468 2385//2480 2383//2478
f 2386//2481 2385//2480 2387//2482
f 2389//2484 2387//2482 2385//2480
f 2395//2486 2392//2488 2390//2485
f 2391//2487 2390//2485 2371//2467
f 2427//2490 2393//2489 2392//2488
f 2394//2491 2392//2488 2395//2486
f 2391//2487 2509//2607 2396//2493
f 2397//2492 2398//2496 2428//2494
f 2399//2495 2401//2499 2398//2496
f 2400//2497 2399//2495 2396//2493
f 2400//2497 2402//2502 2401//2499
f 2405//2500 2398//2496 2401//2499
f 2403//2501 2401//2499 2402//2502
f 2406//2503 3041//2583 2404//2504
f 2412//2506 2408//2508 2407//2505
f 2405//2500 2407//2505 2408//2508
f 2409//2507 2407//2505 2404//2504
f 2410//2510 2477//2573 2411//2511
f 2409//2507 2411//2511 2413//2512
f 2414//2513 2417//2516 2408//2508
f 2412//2506 2413//2512 2416//2514
f 2415//2515 2419//2519 2417//2516
f 2414//2513 2416//2514 2441//2517
f 2429//2509 2408//2508 2417//2516
f 2421//2520 2419//2519 2420//2521
f 2438//2523 2420//2521 2419//2519
f 2422//2522 2424//2527 2423//2524
f 2421//2520 2423//2524 2426//2525
f 2425//2526 2423//2524 2424//2527
f 2427//2490 2426//2525 2423//2524
f 2394//2491 2428//2494 2426//2525
f 2418//2518 2426//2525 2428//2494
f 2429//2509 2428//2494 2398//2496
f 2427//2490 2425//2526 2431//2529
f 2432//2530 2431//2529 2425//2526
f 2393//2489 2431//2529 2387//2482
f 2434//2483 2387//2482 2431//2529
f 2430//2528 503//528 2433//2531
f 2432//2530 2433//2531 2435//2532
f 2434//2483 2435//2532 2436//2533
f 512//538 2436//2533 2435//2532
f 509//536 2435//2532 2433//2531
f 2386//2481 2436//2533 2437//2534
f 523//551 2437//2534 2436//2533
f 522//550 529//555 2437//2534
f 2384//2479 2437//2534 529//555
f 496//520 497//523 2424//2527
f 2422//2522 2420//2521 494//519
f 491//517 494//519 2420//2521
f 2438//2523 2439//2536 2440//2535
f 2415//2515 2441//2517 2439//2536
f 2445//2537 2440//2535 2439//2536
f 2442//2538 2439//2536 2441//2517
f 2442//2538 2443//2541 2446//2540
f 2444//2539 2466//2562 2443//2541
f 2445//2537 2446//2540 2448//2542
f 2447//2543 492//518 2440//2535
f 482//508 484//509 492//518
f 2447//2543 2448//2542 2450//2544
f 2449//2545 2448//2542 2446//2540
f 2451//2547 2450//2544 2448//2542
f 474//501 477//500 2450//2544
f 2451//2547 2452//2549 2454//2548
f 2449//2545 2455//2552 2452//2549
f 2612//2550 2454//2548 2452//2549
f 2453//2551 2452//2549 2455//2552
f 2456//2553 2455//2552 2457//2554
f 2459//2546 2457//2554 2455//2552
f 2458//2555 2457//2554 2460//2556
f 2463//2558 2460//2556 2457//2554
f 2461//2557 2460//2556 2462//2559
f 2464//2561 2462//2559 2460//2556
f 2463//2558 2443//2541 2466//2562
f 2459//2546 2446//2540 2443//2541
f 2464//2561 2466//2562 2467//2563
f 2465//2564 2576//2671 2462//2559
f 2468//2565 2467//2563 2466//2562
f 2472//2566 2469//2567 2467//2563
f 2465//2564 2467//2563 2469//2567
f 2471//2568 2469//2567 2470//2569
f 2473//2571 2470//2569 2469//2567
f 2472//2566 2413//2512 2411//2511
f 2468//2565 2416//2514 2413//2512
f 2474//2572 2476//2576 2470//2569
f 2473//2571 2411//2511 2477//2573
f 2474//2572 2477//2573 2478//2574
f 2475//2575 2550//2643 2476//2576
f 2479//2577 2478//2574 2477//2573
f 2483//2578 2480//2579 2478//2574
f 2480//2579 2481//2641 2475//2575
f 2547//2580 2481//2641 2480//2579
f 2482//2581 2480//2579 2483//2578
f 3041//2583 2484//2584 2483//2578
f 2485//2582 2483//2578 2484//2584
f 2485//2582 2486//2587 2529//2586
f 2487//2585 2488//2588 2486//2587
f 2487//2585 2484//2584 2492//2590
f 2497//2592 2490//2591 2489//2589
f 2489//2589 2492//2590 2493//2594
f 2484//2584 3041//2583 2406//2503
f 2406//2503 2402//2502 2493//2594
f 2402//2502 2400//2497 2494//2595
f 2491//2593 2493//2594 2494//2595
f 2508//2498 2495//2597 2494//2595
f 2496//2596 2494//2595 2495//2597
f 2501//2601 2502//2603 2500//2600
f 2499//2598 2495//2597 2504//2602
f 2501//2601 2504//2602 2505//2605
f 2507//2461 2505//2605 2504//2602
f 2506//2606 2504//2602 2495//2597
f 2508//2498 2396//2493 2509//2607
f 2362//2456 2510//2457 2505//2605
f 2503//2604 2505//2605 2510//2457
f 2510//2457 2358//2451 2022//2132
f 2017//2125 2018//2127 2503//2604
f 2502//2603 2018//2127 2012//2121
f 2513//2609 2514//2610 2497//2592
f 2517//2612 2519//2614 2518//2613
f 2522//2617 2521//2616 2524//2618
f 2526//2621 2525//2619 2524//2618
f 2525//2619 2488//2588 2490//2591
f 2526//2621 2486//2587 2488//2588
f 2526//2621 2523//2620 2530//2622
f 2527//2623 2529//2586 2486//2587
f 2527//2623 2530//2622 2531//2624
f 2528//2625 2546//2636 2529//2586
f 2534//2626 2531//2624 2530//2622
f 2532//2627 2530//2622 2523//2620
f 2520//2615 3033//3104 2533//1829
f 2532//2627 2533//1829 1734//1828
f 2535//2628 2537//2952 2536//2629
f 2536//2629 2539//2632 2531//2624
f 2536//2629 2537//2952 2855//2630
f 2538//2631 2540//2634 2539//2632
f 2528//2625 2531//2624 2539//2632
f 2541//2633 2539//2632 2540//2634
f 2541//2633 2543//2637 2546//2636
f 2542//2635 2544//2639 2543//2637
f 2545//2638 2543//2637 2544//2639
f 2547//2580 2546//2636 2543//2637
f 2482//2581 2529//2586 2546//2636
f 2545//2638 2549//2642 2481//2641
f 2548//2640 2551//2644 2549//2642
f 2550//2643 2549//2642 2551//2644
f 2475//2575 2481//2641 2549//2642
f 2551//2644 2553//2651 2556//2646
f 2554//2647 2553//2651 2551//2644
f 2555//2648 2553//2651 2554//2647
f 2557//2650 2556//2646 2553//2651
f 2560//2652 2558//2653 2556//2646
f 2552//2645 2556//2646 2558//2653
f 2561//2654 2558//2653 2559//2655
f 2563//2656 2559//2655 2558//2653
f 2561//2654 2476//2576 2550//2643
f 2562//2570 2470//2569 2476//2576
f 2562//2570 2559//2655 2578//2657
f 2557//2650 2566//2661 2564//2658
f 2560//2652 2564//2658 2567//2659
f 2565//2660 2564//2658 2566//2661
f 2568//2663 2567//2659 2564//2658
f 2563//2656 2567//2659 2569//2664
f 2570//2666 2569//2664 2567//2659
f 2572//2667 2569//2664 2570//2666
f 2572//2667 2575//2670 2571//2665
f 2573//2668 2579//2673 2574//2669
f 2572//2667 2574//2669 2577//2560
f 2575//2670 2576//2671 2578//2657
f 2577//2560 2462//2559 2576//2671
f 2577//2560 2574//2669 2580//2672
f 2471//2568 2578//2657 2576//2671
f 2571//2665 2578//2657 2559//2655
f 2580//2672 2574//2669 2579//2673
f 2584//2675 2582//2676 2580//2672
f 2461//2557 2580//2672 2582//2676
f 2458//2555 2582//2676 2583//2677
f 2585//2678 2583//2677 2582//2676
f 2581//2674 2589//2683 2586//2679
f 2584//2675 2586//2679 2587//2680
f 2586//2679 2588//2688 2598//2681
f 2591//2682 2588//2688 2586//2679
f 2581//2674 2579//2673 2590//2684
f 2589//2683 2590//2684 2592//2685
f 2591//2682 2592//2685 2594//2686
f 2593//2687 2596//2691 2588//2688
f 2593//2687 2594//2686 2629//2689
f 2595//2690 2599//2693 2596//2691
f 2597//2692 2596//2691 2599//2693
f 2628//2694 269//288 2599//2693
f 2597//2692 2601//2698 2600//2695
f 2598//2681 2600//2695 2603//2696
f 2605//2699 2603//2696 2600//2695
f 2604//2700 2603//2696 2605//2699
f 2602//2697 2620//2712 2606//2702
f 2607//2701 2605//2699 2606//2702
f 2608//2703 2610//2706 2609//2704
f 2607//2701 2609//2704 2611//2705
f 2453//2551 2611//2705 2609//2704
f 2613//2707 475//502 2454//2548
f 2614//2709 472//497 475//502
f 2614//2709 2615//2708 2616//432
f 403//427 2616//432 2615//2708
f 2608//2703 2606//2702 402//425
f 2618//2710 2619//2711 472//497
f 2456//2553 2583//2677 2611//2705
f 400//423 402//425 2606//2702
f 2622//2713 2621//2714 2620//2712
f 400//423 2620//2712 2621//2714
f 398//422 2621//2714 2623//2715
f 2626//295 2623//2715 2621//2714
f 2624//420 2623//2715 2625//2716
f 275//294 2625//2716 2623//2715
f 331//300 2627//349 2625//2716
f 2627//349 330//350 397//419
f 2595//2690 2629//2689 2630//2717
f 2634//2718 2630//2717 2629//2689
f 2594//2686 2632//2720 2631//2719
f 2632//2720 2706//2802 2633//2721
f 2631//2719 2633//2721 2636//2722
f 2635//2723 3021//3098 2630//2717
f 2634//2718 2636//2722 2638//2724
f 2637//2725 2636//2722 2633//2721
f 2639//2727 2638//2724 2636//2722
f 2643//2728 2640//2729 2638//2724
f 2635//2723 2638//2724 2640//2729
f 2642//2730 2640//2729 2641//2731
f 2645//2733 2641//2731 2640//2729
f 2639//2727 2712//2806 2644//2734
f 2646//2735 2647//3053 2983//2736
f 2649//2737 2647//3053 2646//2735
f 2648//2738 2646//2735 2644//2734
f 2648//2738 2650//2741 2967//2740
f 2651//2739 2653//2743 2650//2741
f 2644//2734 2712//2806 2652//2742
f 2652//2742 2654//2745 2653//2743
f 2656//2744 2653//2743 2654//2745
f 2656//2744 2658//2749 2659//2748
f 2657//2746 2661//2752 2658//2749
f 2972//2750 2659//2748 2658//2749
f 2660//2751 2658//2749 2661//2752
f 2665//2754 2663//2755 2661//2752
f 2662//2753 2661//2752 2663//2755
f 2666//2756 2663//2755 2664//2757
f 2690//2759 2664//2757 2663//2755
f 2666//2756 2668//2761 2783//2762
f 2674//2767 2675//2768 2677//2770
f 2678//2771 2677//2770 2679//2772
f 2681//2775 2679//2772 2677//2770
f 2680//2774 2682//2777 2683//2776
f 2718//2778 2683//2776 2682//2777
f 2684//2779 2682//2777 2685//2780
f 2676//2769 2673//2766 2686//2782
f 2685//2780 2686//2782 2689//2783
f 2687//2781 2688//2786 2714//2784
f 2687//2781 2689//2783 2691//2785
f 2692//2787 2691//2785 2689//2783
f 2688//2786 2691//2785 2693//2788
f 2694//2790 2693//2788 2691//2785
f 2694//2790 2709//2803 2696//2791
f 2698//2793 2697//2792 2696//2791
f 2697//2792 2699//2795 2700//2796
f 2565//2660 2699//2795 2701//2797
f 2715//2662 2700//2796 2699//2795
f 2703//2798 2702//2799 2701//2797
f 2568//2663 2701//2797 2702//2799
f 2704//2800 2702//2799 2703//2798
f 2573//2668 2570//2666 2702//2799
f 2705//2801 2592//2685 2590//2684
f 2704//2800 2590//2684 2579//2673
f 2592//2685 2705//2801 2632//2720
f 2705//2801 2703//2798 2706//2802
f 2707//2794 2706//2802 2703//2798
f 2708//2726 2633//2721 2706//2802
f 2707//2794 2696//2791 2709//2803
f 2708//2726 2709//2803 2710//2804
f 2709//2803 2694//2790 2711//2805
f 2637//2725 2710//2804 2712//2806
f 2712//2806 2710//2804 2711//2805
f 2652//2742 2711//2805 2713//2807
f 2692//2787 2713//2807 2711//2805
f 2657//2746 2654//2745 2713//2807
f 2690//2759 2665//2754 2713//2807
f 2714//2784 2700//2796 2715//2662
f 2695//2789 2700//2796 2714//2784
f 2715//2662 2566//2661 2717//2809
f 2684//2779 2714//2784 2716//2808
f 2718//2778 2716//2808 2717//2809
f 2719//2810 2721//2811 2683//2776
f 2719//2810 2717//2809 2555//2648
f 2720//2649 2723//2813 2721//2811
f 2681//2775 2683//2776 2721//2811
f 2722//2812 2721//2811 2723//2813
f 2724//2814 2723//2813 2725//2815
f 2554//2647 2725//2815 2723//2813
f 2726//2816 2725//2815 2544//2639
f 2548//2640 2544//2639 2725//2815
f 2542//2635 2540//2634 2727//2817
f 2726//2816 2727//2817 2728//2818
f 2731//2819 2728//2818 2727//2817
f 2729//2820 2727//2817 2540//2634
f 2538//2631 2855//2630 2730//2821
f 2729//2820 2730//2821 2733//2822
f 2732//2823 3032//3103 2728//2818
f 2731//2819 2733//2822 2735//2824
f 2730//2821 2852//2948 2734//2825
f 2737//2826 2735//2824 2733//2822
f 2732//2823 2735//2824 2736//2827
f 2739//2828 2736//2827 2735//2824
f 2851//2829 2738//2830 2737//2826
f 2739//2828 2737//2826 2738//2830
f 2740//2833 3030//2843 2736//2827
f 2742//2831 2744//2836 2743//2834
f 2745//2835 2743//2834 2744//2836
f 2745//2835 2748//2839 2741//2832
f 2746//2837 2827//2924 2747//2838
f 2747//2838 2749//2841 2748//2839
f 2750//2840 2748//2839 2749//2841
f 2740//2833 2741//2832 2748//2839
f 2750//2840 2751//2844 3030//2843
f 2752//2842 2753//2846 2751//2844
f 2754//2845 2755//2849 2753//2846
f 2752//2842 2749//2841 2757//2847
f 2756//2848 2781//2874 2755//2849
f 2754//2845 2757//2847 2759//2850
f 2758//2851 2757//2847 2749//2841
f 2761//2852 2759//2850 2757//2847
f 2756//2848 2759//2850 2760//2853
f 2762//2855 2760//2853 2759//2850
f 2762//2855 2761//2852 2763//2856
f 2764//2858 2763//2856 2761//2852
f 2824//2859 2765//2860 2763//2856
f 2766//2857 2763//2856 2765//2860
f 2766//2857 2768//2863 2771//2862
f 2767//2861 2769//2865 2768//2863
f 2770//2864 2768//2863 2769//2865
f 2771//2862 2768//2863 2770//2864
f 2772//2867 2774//2870 2773//2868
f 2771//2862 2773//2868 2760//2853
f 2775//2869 2773//2868 2774//2870
f 2778//2854 2760//2853 2773//2868
f 2775//2869 2776//2873 2779//2872
f 2777//2871 2789//2881 2776//2873
f 2778//2854 2779//2872 2781//2874
f 2781//2874 2779//2872 2780//2875
f 2780//2875 2779//2872 2776//2873
f 2755//2849 2781//2874 2782//2876
f 2783//2762 2668//2761 2782//2876
f 2780//2875 2784//2877 2785//2878
f 2787//2879 2785//2878 2784//2877
f 2786//2880 2784//2877 2776//2873
f 2786//2880 2788//2883 2973//2882
f 2789//2881 2790//2884 2788//2883
f 2777//2871 2792//2886 2790//2884
f 2791//2885 2790//2884 2792//2886
f 2927//2888 2788//2883 2790//2884
f 2774//2870 2794//2889 2792//2886
f 2793//2887 2792//2886 2794//2889
f 2796//2890 2794//2889 2795//2891
f 2795//2891 2794//2889 2774//2870
f 2796//2890 2797//2894 2924//2893
f 2798//2892 2799//2896 2797//2894
f 2800//2895 2801//3012 2799//2896
f 2798//2892 2795//2891 2803//2897
f 2921//2898 2801//3012 2800//2895
f 2802//2899 2800//2895 2803//2897
f 2770//2864 2805//2866 2804//2900
f 2803//2897 2795//2891 2772//2867
f 2805//2866 2808//2904 2806//2901
f 2804//2900 2806//2901 2807//2902
f 2810//2903 2807//2902 2806//2901
f 2805//2866 2769//2865 2809//2905
f 2808//2904 2809//2905 2813//2906
f 2810//2903 2812//2909 2914//2907
f 2811//2908 2917//3008 2807//2902
f 2813//2906 2814//2911 2812//2909
f 2815//2910 2816//2914 2814//2911
f 2817//2912 2815//2910 2813//2906
f 2815//2910 2818//2916 2820//2913
f 2815//2910 2817//2912 2821//2915
f 2887//2917 2820//2913 2818//2916
f 2822//2919 2819//2918 2818//2916
f 2765//2860 2821//2915 2817//2912
f 2822//2919 2821//2915 2765//2860
f 2822//2919 2823//2921 2828//2920
f 2824//2859 2825//2922 2823//2921
f 2764//2858 2827//2924 2825//2922
f 2828//2920 2823//2921 2825//2922
f 2826//2923 2825//2922 2827//2924
f 2758//2851 2747//2838 2827//2924
f 2746//2837 2744//2836 2829//2925
f 2826//2923 2829//2925 2830//2926
f 2832//2927 2830//2926 2829//2925
f 2831//2928 2829//2925 2744//2836
f 2831//2928 2833//2930 2835//2929
f 2742//2831 2738//2830 2833//2930
f 2834//2931 2833//2930 2738//2830
f 2837//2932 2835//2929 2833//2930
f 2832//2927 2835//2929 2836//2933
f 2839//2935 2836//2933 2835//2929
f 2834//2931 2849//2944 2838//2936
f 2837//2932 2838//2936 2841//2937
f 2839//2935 2841//2937 2842//2938
f 2840//2939 2889//2983 2836//2933
f 2844//2940 2842//2938 2841//2937
f 2843//2941 2841//2937 2838//2936
f 2843//2941 1708//1797 1706//2943
f 2845//2942 1711//1800 1708//1797
f 2845//2942 2838//2936 2849//2944
f 2846//2945 2848//1802 1711//1800
f 2847//2946 2856//2950 2848//1802
f 2846//2945 2849//2944 2850//2947
f 2851//2829 2850//2947 2849//2944
f 2847//2946 2850//2947 2852//2948
f 2734//2825 2852//2948 2850//2947
f 2853//2949 2852//2948 2730//2821
f 2853//2949 2854//2951 2856//2950
f 2857//1811 2856//2950 2854//2951
f 2854//2951 2537//2952 2535//2628
f 1712//1803 2848//1802 2856//2950
f 2844//2940 1706//2943 1703//1795
f 2858//2953 2860//2955 2842//2938
f 2859//2954 2862//2958 2860//2955
f 2858//2953 1703//1795 3029//2956
f 2840//2939 2842//2938 2860//2955
f 2861//2957 2860//2955 2862//2958
f 2865//2960 2864//2961 2862//2958
f 2863//2959 2862//2958 2864//2961
f 3025//1705 1606//1704 2864//2961
f 2866//2962 2864//2961 1606//1704
f 1604//1700 1602//1699 2867//2963
f 2866//2962 2867//2963 2868//2964
f 2870//2965 2868//2964 2867//2963
f 2869//2966 2867//2963 1602//1699
f 2869//2966 2871//2968 2881//2967
f 2872//1698 2873//2969 2871//2968
f 1597//1690 1593//1689 2873//2969
f 2877//2970 2871//2968 2873//2969
f 2874//2971 2873//2969 1593//1689
f 1590//1685 1586//1680 2875//2972
f 2879//2975 2881//2967 2871//2968
f 2879//2975 2878//2974 2891//2976
f 2880//2977 2882//2978 2881//2967
f 2870//2965 2881//2967 2882//2978
f 2883//2979 2882//2978 2884//2980
f 2887//2917 2884//2980 2882//2978
f 2885//2981 2884//2980 2886//2982
f 2819//2918 2886//2982 2884//2980
f 2880//2977 2891//2976 2820//2913
f 2828//2920 2830//2926 2886//2982
f 2888//2934 2886//2982 2830//2926
f 2888//2934 2836//2933 2889//2983
f 2885//2981 2889//2983 2890//2984
f 2861//2957 2890//2984 2889//2983
f 2863//2959 2868//2964 2890//2984
f 2883//2979 2890//2984 2868//2964
f 2816//2914 2820//2913 2891//2976
f 2892//2985 2891//2976 2878//2974
f 2892//2985 2893//2987 2814//2911
f 2894//2986 2896//2989 2893//2987
f 2876//2973 2895//2988 2894//2986
f 2895//2988 2898//2992 2896//2989
f 3023//2990 2893//2987 2896//2989
f 2897//2991 2896//2989 2898//2992
f 2898//2992 1583//1678 2901//2994
f 2895//2988 1585//1679 1583//1678
f 2900//2995 2908//3000 2897//2991
f 2899//2993 2901//2994 2902//2996
f 2900//2995 2902//2996 2903//2997
f 1571//1665 2903//2997 2902//2996
f 1571//1665 1569//1664 2905//2999
f 2904//2998 2903//2997 2905//2999
f 4//2 2905//2999 1569//1664
f 2904//2998 2906//3001 2908//3000
f 2//1 2909//4 2906//3001
f 3022//3002 2908//3000 2906//3001
f 2907//3003 2906//3001 2909//4
f 2910//3004 2909//4 3//5
f 2911//13 36//43 2912//3005
f 2910//3004 2912//3005 2913//3006
f 2915//3007 2913//3006 2912//3005
f 2811//2908 2914//2907 2913//3006
f 2907//3003 2913//3006 2914//2907
f 2915//3007 2916//3009 2917//3008
f 35//42 34//41 2916//3009
f 2921//2898 2917//3008 2916//3009
f 2918//3010 2916//3009 34//41
f 2919//45 77//85 2920//3011
f 2918//3010 2920//3011 2801//3012
f 2802//2899 2807//2902 2917//3008
f 2920//3011 77//85 79//87
f 82//91 2923//3014 2922//3013
f 2923//3014 2925//3015 2924//2893
f 2924//2893 2797//2894 2799//2896
f 2793//2887 2924//2893 2925//3015
f 2929//3016 2926//3017 2925//3015
f 2791//2885 2925//3015 2926//3017
f 2927//2888 2926//3017 2928//3018
f 2930//3020 2928//3018 2926//3017
f 2929//3016 2931//3022 2932//3021
f 2923//3014 82//91 2931//3022
f 2933//94 2932//3021 2931//3022
f 2930//3020 2932//3021 2934//3023
f 2937//3025 2934//3023 2932//3021
f 2938//3026 2935//3027 2934//3023
f 2936//3024 2934//3023 2935//3027
f 2937//3025 2939//3030 2941//3029
f 2933//94 86//93 2939//3030
f 2940//3031 2939//3030 86//93
f 123//135 2941//3029 2939//3030
f 2944//3032 2938//3026 2941//3029
f 2940//3031 88//95 2943//103
f 2942//3033 120//131 123//135
f 2942//3033 2943//103 94//104
f 100//108 118//112 120//131
f 2944//3032 2945//3035 2935//3027
f 2944//3032 2946//3036 2947//3034
f 122//134 125//133 2946//3036
f 2949//3037 2947//3034 2946//3036
f 2948//3038 2946//3036 125//133
f 2948//3038 2950//3040 2953//3039
f 127//136 2952//138 2950//3040
f 2951//3041 2950//3040 2952//138
f 2954//3043 2953//3039 2950//3040
f 2949//3037 2953//3039 2955//3044
f 2956//3046 2955//3044 2953//3039
f 2959//3047 2958//3048 2955//3044
f 2957//3045 2955//3044 2958//3048
f 2962//3050 2961//3051 2958//3048
f 2960//3049 2958//3048 2961//3051
f 2961//3051 2962//3050 2983//2736
f 2963//3052 2961//3051 2647//3053
f 2963//3052 2964//3055 2965//3054
f 2649//2737 2967//2740 2964//3055
f 2964//3055 2966//3057 2979//3056
f 2966//3057 2964//3055 2967//2740
f 2968//3058 2969//3060 2970//3059
f 2970//3059 2969//3060 2971//3061
f 2787//2879 2973//2882 2971//3061
f 2974//3062 2971//3061 2973//2882
f 2974//3062 2975//3064 2977//3063
f 2976//3019 2928//3018 2975//3064
f 2976//3019 2973//2882 2788//2883
f 2978//3028 2977//3063 2975//3064
f 2936//3024 2975//3064 2928//3018
f 2970//3059 2977//3063 2979//3056
f 2980//3065 2979//3056 2977//3063
f 2965//3054 2979//3056 2980//3065
f 2978//3028 2935//3027 2945//3035
f 2945//3035 2947//3034 2981//3066
f 2960//3049 2965//3054 2981//3066
f 2957//3045 2981//3066 2947//3034
f 2660//2751 2785//2878 2787//2879
f 2959//3047 3000//3075 2982//3067
f 2982//3067 2984//3068 2983//2736
f 2984//3068 2985//3071 2986//2732
f 2989//3069 2985//3071 2984//3068
f 2989//3069 2991//3074 2988//3072
f 2990//3073 2993//3077 2991//3074
f 2989//3069 2982//3067 3000//3075
f 2992//269 3015//3092 2988//3072
f 2991//3074 2993//3077 249//264
f 2996//3076 2994//3078 2993//3077
f 246//263 249//264 2993//3077
f 2995//3079 244//261 246//263
f 2997//3080 2995//3079 2994//3078
f 2996//3076 2998//3082 2999//3081
f 2990//3073 3000//3075 2998//3082
f 2954//3043 2999//3081 2998//3082
f 2956//3046 2998//3082 3000//3075
f 2997//3080 2999//3081 3001//3083
f 2951//3041 3001//3083 2999//3081
f 3011//3042 3002//3085 3001//3083
f 3003//3084 3001//3083 3002//3085
f 3003//3084 3004//3087 2995//3079
f 3005//3086 3006//3088 3004//3087
f 3007//159 145//158 3006//3088
f 3005//3086 3002//3085 3008//3089
f 3007//159 3008//3089 3010//145
f 131//142 3010//145 3008//3089
f 3009//141 3008//3089 3002//3085
f 3011//3042 2952//138 128//139
f 3014//262 3004//3087 3006//3088
f 3012//3090 3006//3088 145//158
f 147//160 149//161 3013//3091
f 3014//262 3012//3090 3013//3091
f 244//261 2995//3079 3004//3087
f 153//164 235//250 3013//3091
f 248//266 3017//3094 3015//3092
f 2987//3070 2988//3072 3015//3092
f 3016//3093 3015//3092 3017//3094
f 251//268 259//276 3017//3094
f 3018//3095 3020//3097 2987//3070
f 264//283 266//284 3018//3095
f 3019//3096 3018//3095 266//284
f 3019//3096 3021//3098 3020//3097
f 2642//2730 3020//3097 3021//3098
f 2986//2732 2987//3070 3020//3097
f 2628//2694 2630//2717 3021//3098
f 268//285 269//288 2628//2694
f 3022//3002 2914//2907 2812//2909
f 2908//3000 3022//3002 3023//2990
f 3023//2990 2812//2909 2814//2911
f 9//14 32//39 36//43
f 2895//2988 2876//2973 2875//2972
f 2865//2960 3024//3100 3026//3099
f 2859//2954 3029//2956 3024//3100
f 3025//1705 3026//3099 1622//1717
f 3027//3101 3026//3099 3024//3100
f 1624//1718 1622//1717 3026//3099
f 3027//3101 1646//1741 1627//1722
f 3028//3102 1648//1740 1646//1741
f 1704//1794 1701//1791 1648//1740
f 3028//3102 3024//3100 3029//2956
f 2817//2912 2809//2905 2769//2865
f 2662//2753 2783//2762 2785//2878
f 2670//2764 2671//2763 2753//2846
f 2674//2767 2751//2844 2753//2846
f 2678//2771 3030//2843 2751//2844
f 3031//2773 2736//2827 3030//2843
f 3031//2773 2679//2772 3032//3103
f 2724//2814 2728//2818 3032//3103
f 2722//2812 3032//3103 2679//2772
f 2555//2648 2717//2809 2566//2661
f 1735//1830 2533//1829 3033//3104
f 3034//1836 3033//3104 3035//3105
f 2519//2614 3035//3105 3033//3104
f 3036//3107 3035//3105 2519//2614
f 3037//3106 3035//3105 3036//3107
f 3037//3106 1746//1843 1739//1837
f 3038//3108 3039//1846 1746//1843
f 3038//3108 3036//3107 2004//2108
f 2002//2107 3040//2106 3039//1846
f 3040//2106 1999//2100 1745//1844
f 2410//2510 2404//2504 3041//2583
f 2444//2539 2441//2517 2416//2514
f 3043//3109 2378//2475 2380//2474
f 3042//3110 2380//2474 532//560
f 535//561 538//565 3044//3111
f 3042//3110 3044//3111 3045//3112
f 3046//3113 3044//3111 538//565
f 3048//3114 3045//3112 3044//3111
f 3046//3113 3047//3115 3049//997
f 541//568 3056//571 3047//3115
f 3050//3116 3051//3117 3045//3112
f 3048//3114 3049//997 948//998
f 952//1004 958//1008 3051//3117
f 3052//3118 3051//3117 958//1008
f 3043//3109 3045//3112 3051//3117
f 3052//3118 2376//2473 2378//2475
f 3053//1009 3054//2472 2376//2473
f 959//1010 3055//3119 3054//2472
f 2375//2459 3054//2472 3055//3119
f 961//1012 2356//2449 3055//3119
f 947//993 3049//997 3047//3115
f 3057//3120 3047//3115 3056//571
f 3057//3120 3059//3122 944//991
f 3062//3124 3061//3125 3059//3122
f 938//986 944//991 3059//3122
f 931//980 933//979 3061//3125
f 3062//3124 3063//3128 3064//3126
f 3062//3124 3060//3123 3065//3127
f 869//922 3064//3126 3063//3128
f 3063//3128 3065//3127 865//918
f 3066//3129 3065//3127 3060//3123
f 3067//3130 865//918 3065//3127
f 3058//3121 3056//571 540//570
f 3066//3129 540//570 543//573
f 3067//3130 543//573 545//576
f 922//924 925//971 3064//3126
f 1984//2087 1799//1903 1802//1902
f 3068//2007 1959//2064 1963//2072
f 3068//2007 3069//3131 1957//2063
f 1904//2006 3070//2012 3069//3131
f 1955//2062 1957//2063 3069//3131
f 3071//3132 3069//3131 3070//2012
f 3072//2032 1924//2031 1930//2038
f 3071//3132 1930//2038 1932//2040
f 3072//2032 3070//2012 1908//2014
f 1864//1953 1853//1935 1829//1931
f 1847//1948 1720//1812 1722//1816
f 1773//1873 1771//1870 1786//1887
f 1714//1805 1698//1789 1700//1793
f 1325//1398 1327//1399 1658//1754
f 1614//1537 1453//1536 1600//1693
f 1594//1691 1600//1693 1453//1536
f 3075//1541 3076//3133 1588//1683
f 1458//1542 3078//3135 3076//3133
f 3077//3134 3076//3133 3078//3135
f 3083//1674 1588//1683 3076//3133
f 1460//1544 3080//3136 3078//3135
f 3079//1584 3078//3135 3080//3136
f 1490//1575 1497//1582 3080//3136
f 3082//1595 3081//3137 1496//1583
f 3077//3134 3081//3137 1581//1673
f 1578//1670 1581//1673 3081//3137
f 3082//1595 1504//1594 1575//1667
f 1572//1662 1575//1667 1504//1594
f 1506//1593 1509//1596 1568//1661
f 1561//1652 1568//1661 1509//1596
f 1564//1654 3085//3139 3086//3138
f 1560//1653 3088//3142 3085//3139
f 3118//3140 3086//3138 3085//3139
f 3087//3141 3085//3139 3088//3142
f 3089//3143 3088//3142 3090//1648
f 1555//1649 3090//1648 3088//3142
f 3091//3144 3090//1648 1551//1645
f 3091//3144 3093//3146 3096//3145
f 3092//1647 3095//3149 3093//3146
f 3097//3147 3096//3145 3093//3146
f 3094//3148 3093//3146 3095//3149
f 3100//3151 3098//3152 3096//3145
f 3089//3143 3096//3145 3098//3152
f 3087//3141 3098//3152 3099//3153
f 3101//3154 3099//3153 3098//3152
f 109//120 3102//116 3100//3151
f 3094//3148 3103//178 109//120
f 3104//3150 3095//3149 3107//3156
f 3105//3155 3107//3156 1544//1637
f 1546//1639 1544//1637 3107//3156
f 1552//1643 3107//3156 3095//3149
f 1541//1634 1539//1633 164//3158
f 1535//1629 184//197 182//198
f 3109//3159 3099//3153 3101//3154
f 57//65 3115//3165 3114//3164
f 24//27 3115//3165 58//66
f 21//26 3114//3164 3115//3165
f 19//21 3113//3163 3114//3164
f 16//20 3112//3162 3113//3163
f 14//17 3111//3161 3112//3162
f 3116//19 3110//3160 3111//3161
f 3118//3140 3099//3153 3109//3159
f 3117//3166 3119//3167 3086//3138
f 3084//1659 3086//3138 3119//3167
f 3120//8 6//7 1563//1657
f 193//206 187//201 1532//1626
f 193//206 1530//1622 1528//1620
f 3122//209 1528//1620 3121//3168
f 3123//3169 3125//3172 194//210
f 3124//3170 3123//3169 3121//3168
f 3124//3170 3127//3174 3125//3172
f 196//211 194//210 3125//3172
f 3126//3173 3125//3172 3127//3174
f 3129//3175 3127//3174 3128//3176
f 3127//3174 3124//3170 3164//3178
f 3130//3177 3132//3181 3131//3179
f 3129//3175 3131//3179 3133//3180
f 310//330 3131//3179 3132//3181
f 307//324 3133//3180 3131//3179
f 3126//3173 3133//3180 199//216
f 307//324 304//217 199//216
f 3135//3182 3134//3183 3132//3181
f 312//329 3132//3181 3134//3183
f 316//335 3134//3183 355//372
f 3137//375 355//372 3134//3183
f 3130//3177 3128//3176 3136//3184
f 3135//3182 3136//3184 3138//3185
f 3137//375 3138//3185 3140//3186
f 3141//3187 3140//3186 3138//3185
f 3139//3188 3138//3185 3136//3184
f 354//374 3140//3186 364//385
f 366//386 364//385 3140//3186
f 3139//3188 3143//3191 3142//3190
f 3141//3187 3142//3190 3145//1566
f 3144//1572 3142//3190 3143//3191
f 1482//1567 3145//1566 3142//3190
f 3146//3192 3148//3195 1486//1571
f 3150//3193 3148//3195 3146//3192
f 3143//3191 3165//3207 3147//3194
f 1488//1573 1486//1571 3148//3195
f 3149//1580 3148//3195 3150//3193
f 3152//3197 3150//3193 3147//3194
f 3151//3196 3150//3193 3152//3197
f 3153//3198 3156//3202 3155//3200
f 3154//3199 3152//3197 3155//3200
f 3156//3202 1527//1619 1524//1615
f 1521//1613 3157//3201 3155//3200
f 3157//3201 3158//3204 3159//3203
f 3158//3204 3157//3201 1521//1613
f 3160//1590 3159//3203 3158//3204
f 3154//3199 3159//3203 3161//3205
f 1501//1586 3161//3205 3159//3203
f 3151//3196 3161//3205 1492//1578
f 1494//1579 1492//1578 3161//3205
f 3163//3206 3162//3171 3156//3202
f 3162//3171 3121//3168 1527//1619
f 3164//3178 3124//3170 3162//3171
f 3164//3178 3163//3206 3165//3207
f 3153//3198 3147//3194 3165//3207
f 3166//3189 3165//3207 3143//3191
f 3166//3189 3136//3184 3128//3176
f 3169//3208 1475//1562 1476//1560
f 3167//3209 1476//1560 1473//1559
f 3167//3209 3170//3210 3172//3211
f 3169//3208 3167//3209 3168//3212
f 3170//3210 1473//1559 3323//3214
f 3171//1526 1443//1523 3172//3211
f 1441//1521 3173//3215 3172//3211
f 3173//3215 3174//3217 3168//3212
f 3173//3215 3175//3218 3177//3216
f 1441//1521 1439//1520 3175//3218
f 3176//1507 3175//3218 1439//1520
f 3178//3219 3177//3216 3175//3218
f 3179//3220 3177//3216 3178//3219
f 3182//3222 3174//3217 3177//3216
f 3180//3221 3189//3227 3181//3223
f 3179//3220 3181//3223 3184//3224
f 3183//3213 3168//3212 3174//3217
f 3182//3222 3184//3224 3185//3225
f 424//450 3185//3225 3184//3224
f 426//451 3184//3224 3181//3223
f 3183//3213 3185//3225 3186//3226
f 3187//403 3186//3226 3185//3225
f 374//394 3188//396 3186//3226
f 3169//3208 3186//3226 3188//396
f 428//452 3181//3223 3189//3227
f 3190//3228 437//463 3189//3227
f 3180//3221 3178//3219 3192//3229
f 3191//3230 439//464 437//463
f 3190//3228 3192//3229 3193//3231
f 1424//1502 3193//3231 3192//3229
f 1426//1506 3192//3229 3178//3219
f 1422//1501 3194//3232 3193//3231
f 3191//3230 3193//3231 3194//3232
f 3195//3233 3194//3232 3196//3234
f 1418//1496 3201//1495 3198//3237
f 3198//3237 3199//3241 3196//3234
f 3202//3238 3199//3241 3198//3237
f 3200//1481 3198//3237 3201//1495
f 1404//1479 3201//1495 1413//1491
f 3200//1481 1403//1480 3204//3239
f 3203//3240 3309//3346 3199//3241
f 3202//3238 3204//3239 3205//3242
f 3207//3243 3205//3242 3204//3239
f 3206//3244 3204//3239 1403//1480
f 1401//1476 1396//1473 1395//1472
f 3206//3244 1395//1472 3209//3245
f 3208//3246 3312//3347 3205//3242
f 3207//3243 3209//3245 3211//3247
f 3213//3249 3212//3250 3211//3247
f 3208//3246 3211//3247 3212//3250
f 3212//3250 3215//3252 3216//3253
f 3297//3254 3216//3253 3215//3252
f 3222//3257 3220//3259 3218//3256
f 571//600 3221//3260 3220//3259
f 570//601 3220//3259 3222//3257
f 577//607 3222//3257 3223//3261
f 3210//3248 3223//3261 3222//3257
f 1394//1471 1392//1470 3223//3261
f 3224//608 3223//3261 1392//1470
f 1389//1465 1387//1464 576//609
f 568//595 3225//3264 3221//3260
f 3221//3260 3225//3264 3227//3262
f 3229//3263 3227//3262 3225//3264
f 562//593 3226//3265 3225//3264
f 3230//3266 3228//3267 3227//3262
f 3219//3258 3227//3262 3228//3267
f 3226//3265 3236//3274 3233//3270
f 3238//3273 3232//3269 3233//3270
f 560//591 3235//3271 3236//3274
f 3235//3271 516//542 3239//3275
f 560//591 515//543 516//542
f 3239//3275 3240//3277 3237//3276
f 3237//3276 3321//3354 3238//3273
f 3242//3278 3237//3276 3240//3277
f 3241//3279 3240//3277 507//534
f 505//531 3246//530 3243//3280
f 3241//3279 3243//3280 3244//3281
f 3248//3282 3244//3281 3243//3280
f 3245//3283 3243//3280 3246//530
f 3247//3284 3246//530 500//526
f 498//522 489//514 487//513
f 3247//3284 487//513 3249//3285
f 3245//3283 3249//3285 3250//3286
f 3252//3287 3250//3286 3249//3285
f 3248//3282 3250//3286 3251//3288
f 3253//3290 3251//3288 3250//3286
f 3252//3287 3254//3292 3255//3291
f 486//512 479//507 3254//3292
f 480//505 470//495 3255//3291
f 3256//3293 3257//3295 3253//3290
f 3256//3293 3255//3291 470//495
f 465//491 460//486 459//485
f 3256//3293 459//485 3259//3294
f 3257//3295 3258//3297 3251//3288
f 3257//3295 3259//3294 3260//3296
f 453//477 3260//3296 3259//3294
f 3258//3297 3260//3296 3261//3298
f 3264//3299 3261//3298 3262//3301
f 3265//3289 3251//3288 3258//3297
f 3264//3299 3266//3302 3268//3303
f 3267//3304 3266//3302 3262//3301
f 3269//3306 3268//3303 3266//3302
f 3272//3307 3270//3308 3268//3303
f 3272//3307 3273//3310 3271//3309
f 3270//3308 3271//3309 3244//3281
f 3269//3306 3275//3315 3273//3310
f 3273//3310 3275//3315 3277//3311
f 3322//3313 3271//3309 3273//3310
f 3278//3314 3277//3311 3275//3315
f 3276//3316 3275//3315 3269//3306
f 3274//3312 3277//3311 3279//3317
f 3282//3319 3279//3317 3277//3311
f 3280//3318 3279//3317 3281//3320
f 3283//3322 3281//3320 3279//3317
f 3283//3322 3282//3319 3284//3323
f 3278//3314 3285//3352 3284//3323
f 3284//3323 3285//3352 3288//3325
f 3286//3324 3284//3323 3287//3326
f 3288//3325 3292//3332 3290//3328
f 3287//3326 3290//3328 3291//3329
f 3295//3330 3291//3329 3290//3328
f 3293//3331 3290//3328 3292//3332
f 3294//3333 3298//3337 3296//3334
f 3293//3331 3296//3334 3300//3335
f 3299//3336 3296//3334 3298//3337
f 3295//3330 3300//3335 3228//3267
f 3304//3339 3302//3340 3299//3336
f 3299//3336 3302//3340 3216//3253
f 3302//3340 3303//3345 3214//3251
f 3305//3341 3303//3345 3302//3340
f 3304//3339 446//473 3307//3342
f 3305//3341 3307//3342 3308//3343
f 3306//3344 3312//3347 3303//3345
f 3310//468 3308//3343 3307//3342
f 3311//3235 3309//3346 3308//3343
f 3311//3235 3310//468 441//465
f 3311//3235 3196//3234 3199//3241
f 3203//3240 3205//3242 3312//3347
f 3214//3251 3303//3345 3312//3347
f 3301//3338 3298//3337 451//479
f 3313//480 451//479 3298//3337
f 3294//3333 3292//3332 3314//3348
f 3313//480 3314//3348 3263//3300
f 3315//3349 3314//3348 3292//3332
f 3317//3350 3263//3300 3314//3348
f 3288//3325 3285//3352 3316//3351
f 3315//3349 3316//3351 3318//3305
f 3317//3350 3318//3305 3262//3301
f 3267//3304 3318//3305 3316//3351
f 3276//3316 3316//3351 3285//3352
f 3289//3327 3291//3329 3319//3353
f 3286//3324 3319//3353 3231//3268
f 3231//3268 3232//3269 3281//3320
f 3320//3321 3281//3320 3232//3269
f 3320//3321 3238//3273 3321//3354
f 3280//3318 3321//3354 3322//3313
f 3322//3313 3321//3354 3237//3276
f 3242//3278 3244//3281 3271//3309
f 3195//3233 441//465 439//464
f 3171//1526 3323//3214 1451//1533
f 1462//1534 1451//1533 3323//3214
f 1385//1461 1391//1467 1370//1447
f 579//610 576//609 1387//1464
f 3326//3356 3324//3355 1335//1410
f 1223//1289 3324//3355 3325//3357
f 3325//3357 3324//3355 3326//3356
f 3327//3358 3326//3356 3328//3359
f 1333//1406 3330//1408 3328//3359
f 3329//3360 3328//3359 3330//1408
f 3329//3360 3331//3362 3334//3361
f 1322//1394 3333//3366 3331//3362
f 3334//3361 3331//3362 3332//3363
f 3363//3365 3332//3363 3331//3362
f 3335//3364 3337//3368 3336//3367
f 3327//3358 3334//3361 3336//3367
f 1225//1291 3325//3357 3336//3367
f 1226//1292 3336//3367 3337//3368
f 3342//3369 3339//3370 3337//3368
f 3338//1297 3337//3368 3339//3370
f 3340//3371 3339//3370 3341//3372
f 3344//3374 3341//3372 3339//3370
f 3335//3364 3332//3363 3343//3375
f 3342//3369 3343//3375 3345//3376
f 3344//3374 3345//3376 3349//3377
f 3346//3378 3347//3379 3341//3372
f 3346//3378 3349//3377 3351//3381
f 3352//3382 3351//3381 3349//3377
f 3350//3383 3349//3377 3345//3376
f 3351//3381 1272//1338 1270//1335
f 3353//3385 3355//1342 1273//1339
f 3352//3382 3350//3383 3354//3386
f 3353//3385 3354//3386 1293//1363
f 3357//1364 1293//1363 3354//3386
f 3358//3384 3356//3387 3354//3386
f 3356//3387 3359//3391 3360//3388
f 3361//3389 3359//3391 3356//3387
f 3362//3390 3364//3392 3360//3388
f 3363//3365 3362//3390 3359//3391
f 3333//3366 3365//3393 3362//3390
f 3364//3392 3362//3390 3365//3393
f 1316//1389 3365//3393 3333//3366
f 1309//1382 3366//3394 3364//3392
f 3366//3394 1299//1370 3360//3388
f 3361//3389 3343//3375 3332//3363
f 3358//3384 3345//3376 3343//3375
f 3357//1364 3360//3388 1299//1370
f 1250//1316 3371//1318 3367//3395
f 3370//3398 3367//3395 3371//1318
f 3372//3373 3341//3372 3347//3379
f 3369//3397 1240//1306 1238//1304
f 3372//3373 1238//1304 1236//1303
f 3340//3371 1236//1303 1228//1295
f 1259//1115 1056//1114 3373//3399
f 1257//1323 3373//3399 3375//3400
f 3376//3401 3375//3400 3373//3399
f 3374//1123 3373//3399 1056//1114
f 3377//3402 3379//1321 1254//1320
f 3378//1241 3377//3402 3375//3400
f 1177//1242 1182//1246 3377//3402
f 3377//3402 1182//1246 3380//3403
f 3379//1321 3380//3403 1248//1315
f 1185//1249 1248//1315 3380//3403
f 3374//1123 1063//1122 3381//3404
f 1174//1238 1176//1239 3381//3404
f 3382//1132 3381//3404 1063//1122
f 3382//1132 1070//1131 1172//1235
f 3384//3405 3383//1273 1202//1267
f 3385//650 611//645 3383//1273
f 1072//1133 1075//1134 1168//1231
f 1165//1226 1168//1231 1075//1134
f 649//688 644//685 1167//1233
f 3386//1139 3387//3406 1161//1224
f 1074//1136 3389//1143 3387//3406
f 1158//1222 1161//1224 3387//3406
f 3388//3407 3387//3406 3389//1143
f 3390//3408 3389//1143 1079//1142
f 3390//3408 1086//1149 1088//1152
f 3391//1218 1152//1217 3388//3407
f 3391//1218 1088//1152 1142//1209
f 3388//3407 1152//1217 1154//1220
f 1164//1229 1162//1228 3392//689
f 666//706 3392//689 1162//1228
f 650//690 3392//689 666//706
f 1138//1205 3394//3410 1150//1215
f 3397//3411 3393//3409 3394//3410
f 3396//1196 3395//3412 3394//3410
f 1131//1194 3398//3414 3395//3412
f 3395//3412 3398//3414 3400//3413
f 1128//1191 3399//3415 3398//3414
f 3400//3413 3398//3414 3399//3415
f 3397//3411 3400//3413 3402//3418
f 3408//3419 3405//3422 3403//3416
f 3403//3416 3399//3415 3421//3421
f 3405//3422 3407//3425 3401//3417
f 3405//3422 3408//3419 3409//3423
f 3406//3424 3413//3429 3407//3425
f 3410//3426 3409//3423 3408//3419
f 3412//3427 3411//3428 3409//3423
f 3406//3424 3409//3423 3411//3428
f 3413//3429 3411//3428 697//740
f 3415//741 697//740 3411//3428
f 691//731 3407//3425 3413//3429
f 3410//3426 3419//3433 3414//3430
f 3412//3427 3414//3430 3416//3431
f 3415//741 3416//3431 3417//1171
f 1115//1178 3416//3431 3414//3430
f 1109//1172 3417//1171 3416//3431
f 698//739 3417//1171 1105//1167
f 3418//3432 3414//3430 3419//3433
f 3420//1190 3419//3433 3421//3421
f 3404//3420 3421//3421 3419//3433
f 1126//1189 3421//3421 3399//3415
f 3420//1190 1122//1184 1116//1179
f 690//730 3401//3417 3407//3425
f 3422//732 3402//3418 3401//3417
f 719//764 714//759 702//745
f 1093//1157 3424//3434 3423//776
f 727//775 3423//776 3424//3434
f 1085//1148 1083//1147 3424//3434
f 3425//3435 3424//3434 1083//1147
f 3425//3435 3426//3437 729//778
f 3425//3435 1081//1144 3428//3436
f 731//779 729//778 3426//3437
f 3427//3438 3426//3437 3428//3436
f 1077//1140 3430//1129 3429//3439
f 3430//1129 1068//1128 3431//3440
f 3429//3439 3431//3440 3432//3441
f 3434//3442 3432//3441 3431//3440
f 3433//1121 3431//3440 1068//1128
f 3433//1121 1061//1105 1049//1104
f 3435//784 734//783 3432//3441
f 3434//3442 1049//1104 1042//3443
f 3427//3438 3432//3441 734//783
f 747//795 740//790 1036//1095
f 1032//1090 1030//1089 3436//3444
f 3437//3445 3436//3444 1030//1089
f 3439//801 746//796 3436//3444
f 1027//1083 1023//1081 3438//3446
f 3437//3445 3438//3446 3440//3447
f 3442//805 751//800 3439//801
f 3441//3448 3443//3450 3442//805
f 3440//3447 3438//3446 3462//3449
f 755//806 3442//805 3443//3450
f 3448//3451 3445//3452 3443//3450
f 3444//811 3443//3450 3445//3452
f 3446//3453 3445//3452 3447//3454
f 3450//3455 3447//3454 3445//3452
f 3441//3448 3462//3449 3449//3456
f 3448//3451 3449//3456 3451//3457
f 935//983 929//977 3447//3454
f 3450//3455 3451//3457 3452//3458
f 3454//3459 3452//3458 3451//3457
f 3453//1077 3451//3457 3449//3456
f 3453//1077 1015//1072 3456//3460
f 3455//990 936//984 3452//3458
f 3454//3459 3456//3460 3457//3461
f 3459//1055 3457//3461 3456//3460
f 3455//990 3457//3461 3458//3462
f 942//989 940//988 3458//3462
f 997//1051 3461//1001 3460//3463
f 3460//3463 3461//1001 945//995
f 950//1002 3461//1001 997//1051
f 1019//1076 3449//3456 3462//3449
f 1021//1078 3462//3449 3438//3446
f 3446//3453 3463//815 759//810
f 928//976 926//975 3463//815
f 763//816 3463//815 926//975
f 955//1006 995//1050 996//1047
f 991//1027 967//1020 966//1019
f 775//827 687//729 3464//3464
f 772//823 3464//3464 3465//3465
f 708//751 3465//3465 3464//3464
f 710//754 761//813 3465//3465
f 3466//763 753//803 711//755
f 3466//763 716//762 3467//3466
f 742//773 744//792 3467//3466
f 534//563 526//554 525//553
f 361//380 363//381 372//393
f 352//336 347//368 323//370
f 321//338 320//340 284//303
f 294//316 297//315 309//325
f 305//231 210//230 201//214
f 238//253 225//241 223//240
f 114//124 99//111 102//113
f 18//23 32//39 9//14
